Rank,Score,Autonomous Coding Skills,Driver Skills,Highest Autonomous Coding Skills,Highest Driver Skills,Highest Autonomous Score Timestamp,Highest Driver Score Timestamp,Highest Autonomous Score Stop Time,Highest Driver Score Stop Time,Team Number,Team Name,Organization,Event Region,Country / Region
1,229,113,116,113,116,2026-01-25 00:43:33,2026-01-25 01:26:03,0,0,3588Y,Cyber Spacers,Edubot Inc.,California - Region 4,United States
2,198,98,100,98,100,2026-03-01 15:58:40,2026-03-01 14:50:11,5,0,252A,And I Wonder,I Wonder Nexus,Ontario,Canada
3,196,96,100,96,103,2026-03-07 15:56:10,2026-02-16 18:58:04,0,3,2577X,Funky Monkeys,Monkey Business Incorporated,Alabama,United States
4,195,99,96,99,96,2026-03-08 16:19:29,2026-03-08 16:54:45,0,0,90696C,Rice Brothers,Private,California - Region 2,United States
5,189,88,101,89,101,2026-03-01 18:14:16,2026-01-28 14:41:44,0,0,1590A,Blue Army,Innovagine Robotics,California - Region 4,United States
6,188,77,111,78,111,2026-02-16 19:28:26,2026-02-14 13:36:02,0,0,91233A,IRVINE RUIGUAN,IRVINE RUIGUAN,California - Region 4,United States
7,184,82,102,82,102,2026-02-16 03:07:39,2026-02-16 02:38:07,0,0,10012Y,Ten Ton Robotics,West Vancouver School District,British Columbia (BC),Canada
8,183,79,104,79,104,2026-03-07 00:59:52,2026-03-07 01:21:31,0,0,1840A,Eclipse,Timberline Middle School,Washington,United States
9,182,91,91,91,94,2025-10-25 05:59:10,2026-02-02 08:03:00,0,0,88825H,ROACH,Shanghai Koller Foreign Language School,East China,China
10,182,85,97,85,98,2026-03-01 18:17:29,2025-12-29 17:12:59,0,0,2429A,Blockbot - Radiant,Radiant,California - Region 4,United States
11,181,80,101,80,101,2026-03-01 18:51:01,2026-02-28 18:25:12,0,0,24580A,Inferno,AI & Robotics Youth Foundation,California - Region 4,United States
12,180,88,92,88,95,2025-11-22 05:51:55,2026-01-07 08:18:09,0,0,45000A,HeFei X-Free A,Hefei No.45 middle school,Middle China,China
13,179,86,93,86,93,2025-12-29 18:14:01,2025-12-29 23:51:32,0,0,9123Y,Shanghai RuiGuan Team 9123Y,ShangHai RuiGuan Robotics Activity Center,East China,China
14,178,84,94,84,94,2025-11-22 05:45:31,2025-11-22 08:15:17,0,0,55555A,HeFei USTC A,X.USTC,Middle China,China
15,178,75,103,76,103,2025-12-30 00:44:29,2026-01-17 16:11:07,0,5,8838D,Robohawks - Amirite,ORCHARD HILLS,California - Region 4,United States
16,178,71,107,71,107,2026-02-16 16:21:38,2026-02-16 01:14:49,0,4,88864A,Ape Party,BayBotics,California - Region 2,United States
17,177,78,99,78,103,2026-03-01 16:10:43,2026-01-22 15:06:31,0,0,57999D,Delta,Independent,Ontario,Canada
18,176,80,96,80,100,2026-01-17 16:57:43,2026-03-01 19:24:34,8,3,471B,Moonshot,robotics is ez,California - Region 4,United States
19,175,85,90,85,102,2026-03-08 16:36:27,2026-02-21 21:45:39,0,0,68699A,Driving Nuggets,Ustar STEM Lab,California - Region 2,United States
20,175,77,98,84,98,2026-02-16 03:28:41,2026-03-07 20:01:25,0,2,19091A,Smilodon,Smilodon,California - Region 2,United States
21,174,76,98,76,98,2025-12-05 08:26:05,2025-12-05 07:28:11,0,0,8193D,Shanghai Yongchang D,Shanghai Yongchang Private School,East China,China
22,173,76,97,76,97,2026-03-01 16:44:21,2026-03-01 15:10:29,0,0,16610G,Good Gravy,Techblazers,Ontario,Canada
23,172,72,100,72,100,2026-03-08 18:30:27,2026-03-07 20:02:12,0,0,99182E,No Way,Cupertino STEM,California - Region 2,United States
24,171,70,101,70,101,2026-03-14 17:35:56,2026-03-14 18:06:51,0,0,20850Z,Full Throttle,"AOE Robotics Club ",Maryland,United States
25,171,69,102,69,103,2026-01-28 20:14:17,2026-03-01 14:25:26,0,0,3150D,Double Or Nothing,Silver Owl Robotics Inc.,Ontario,Canada
26,171,69,102,69,102,2026-01-02 07:21:52,2026-01-02 06:50:56,0,0,88825B,Alt+F4,Shanghai Koller Foreign Language School,East China,China
27,170,80,90,80,90,2026-03-08 15:13:10,2026-03-07 19:13:34,0,0,1806S,Apricity,InoBotics,California - Region 2,United States
28,170,74,96,74,96,2026-03-01 14:49:55,2026-03-01 14:58:02,0,0,12520C,Curiosity,I Wonder Robotics Education Inc.,Ontario,Canada
29,169,76,93,76,93,2026-03-01 01:40:26,2026-02-28 23:51:06,0,0,4863A,APEX,Irving STEAM Magnet,California - Region 4,United States
30,167,70,97,70,97,2026-02-28 01:58:02,2026-02-28 16:49:54,0,0,16688A,Blue See 123,Vexkan Robotics Club,Alberta/Saskatchewan,Canada
31,166,84,82,84,84,2025-12-28 23:31:35,2026-02-16 19:48:37,0,0,1698A,Limited Edition,1698,California - Region 2,United States
32,166,79,87,79,95,2026-01-18 01:40:09,2026-02-08 00:50:58,0,0,9568W,Alt-W,RoboPlanet Education and Community Society,British Columbia (BC),Canada
33,166,78,88,78,95,2026-02-16 03:16:03,2026-01-11 20:57:12,2,0,2899A,Shooting Stars,Shooting Stars USA Corp.,California - Region 4,United States
34,166,75,91,75,91,2026-02-03 01:53:04,2026-02-02 08:05:04,0,0,3219A,Astral,Shanghai High School International Division,East China,China
35,166,69,97,69,97,2026-03-07 03:33:41,2026-03-07 19:16:14,0,0,16689D,Dracobots/FireBirds,Dracobots,Oregon,United States
36,166,67,99,67,99,2026-03-01 13:52:30,2026-03-01 14:01:25,0,0,2055X,Red Pandas,Mi3L School,Ontario,Canada
37,166,58,108,58,108,2026-02-16 23:54:44,2026-02-16 23:45:38,0,0,9123K,Shanghai RuiGuan Team 9123K,ShangHai RuiGuan Robotics Activity Center,East China,China
38,165,75,90,75,90,2026-03-14 18:25:30,2026-03-14 16:07:45,0,0,20850S,Skylight,"AOE Robotics Club ",Maryland,United States
39,164,84,80,84,94,2026-02-16 03:18:23,2026-02-07 03:28:51,2,0,68678M,HAPPY HIPPO,Fancy Robotics International,Chinese Taipei,Taiwan
40,163,73,90,73,90,2026-01-02 06:12:55,2026-01-01 06:41:02,0,0,3219Y,Revolters,Shanghai High School International Division,East China,China
41,163,63,100,63,100,2026-03-07 23:04:09,2026-03-08 20:20:05,0,0,10012W,Ten Ton Robotics,West Vancouver School District,British Columbia (BC),Canada
42,161,68,93,68,93,2026-03-08 17:11:18,2026-03-07 22:20:30,0,0,9568V,Voltage,RoboPlanet Education and Community Society,British Columbia (BC),Canada
43,160,68,92,68,92,2026-02-14 16:53:27,2026-02-14 13:29:27,0,0,10698V,Optimus Prim3,Newton Robotics,Massachusetts,United States
44,159,75,84,75,84,2026-02-13 19:51:20,2026-02-13 20:47:22,2,0,40994E,Obsidian Outlaws,Dr. Phinnize J. Fisher Middle School,South Carolina,United States
45,159,75,84,75,84,2026-02-27 12:04:36,2026-02-27 13:08:29,0,0,13765P,MTS_MAVER1CKS,Merchant Taylors' School,United Kingdom,United Kingdom
46,158,75,83,75,83,2026-03-07 01:04:14,2026-03-07 01:28:22,0,0,938A,Blaze Last Minute,Blaze Robotics Academy,Washington,United States
47,158,69,89,71,89,2026-01-22 15:53:28,2026-02-08 18:43:05,0,0,16699Y,Overclock MS,Overclock Robotics,New York-South,United States
48,157,74,83,74,83,2026-02-07 18:16:36,2026-02-07 19:14:29,0,0,1281B,To Be Determined(TBD) - Radiant,Radiant Robot,California - Region 4,United States
49,157,69,88,69,88,2026-01-28 19:20:22,2026-01-28 19:43:41,0,0,1089X,lunar Forge,Forge Robotics,Pennsylvania - East,United States
50,156,70,86,70,91,2026-02-22 21:38:09,2026-03-08 18:55:05,0,4,9537S,Cyber Cowboys S,WILLMA CAVITT JUNIOR HIGH,California - Region 2,United States
51,155,76,79,76,80,2026-03-01 17:19:41,2026-02-16 02:25:55,0,0,1281U,Pull Forward - Radiant,Radiant Robotics,California - Region 4,United States
52,154,58,96,89,96,2026-02-21 18:22:31,2026-02-13 00:44:43,0,0,6210H,Halapeños,HERITAGE CHRISTIAN SCHOOL,Indiana - Region 2 - Central,United States
53,154,69,85,72,95,2025-10-12 01:53:14,2025-12-28 23:32:52,0,0,2499V,Vortex,Irvine Robotics,California - Region 4,United States
54,154,57,97,57,97,2026-02-21 18:15:06,2026-03-13 23:14:56,6,5,57152B,Blackout,CABOT JUNIOR HIGH NORTH,Arkansas,United States
55,153,75,78,75,78,2025-11-22 07:02:44,2025-11-22 04:08:32,7,11,81988W,81988w,虹口机器人社Hongkou Robotics Club,East China,China
56,153,72,81,72,81,2026-01-06 07:46:11,2026-01-07 08:04:20,0,0,38000A,Hefei No.38 MS A,Hefei No.38 middle school,Middle China,China
57,153,68,85,68,85,2026-01-22 15:25:10,2026-01-21 21:28:56,0,0,3150N,Nighthawks,Silver Owl Robotics Club,Ontario,Canada
58,150,67,83,67,83,2026-03-07 02:45:44,2026-03-07 03:37:55,6,1,16689X,Dracobots/Toothless,Dracobots,Oregon,United States
59,149,70,79,70,79,2026-02-21 13:13:50,2026-02-20 22:13:33,0,0,1829A,Phantom,Independent,Michigan,United States
60,149,63,86,63,93,2025-10-25 11:40:59,2026-01-01 06:07:48,0,0,44A,Last Dance,上海市世界外国语中学,East China,China
61,148,68,80,69,80,2025-10-24 08:07:35,2025-08-23 06:58:32,0,2,2731P,Rainstorm VEX Team,"Qing'shao'niang, Shangcheng District, Hangzhou",East China,China
62,148,62,86,62,86,2026-02-16 19:49:50,2026-02-16 03:25:23,0,0,1806Y,Catalyst,InoBotics,California - Region 2,United States
63,148,51,97,61,97,2026-01-25 06:17:12,2026-02-06 07:23:45,0,0,89089Y,Muffin,Pacific American School--Middle School,Chinese Taipei,Taiwan
64,147,65,82,65,82,2026-03-08 17:38:20,2026-03-07 23:56:43,0,0,9568Z,Ctrl Z,RoboPlanet Education and Community Society,British Columbia (BC),Canada
65,147,48,99,48,99,2026-03-08 18:08:23,2026-03-08 21:24:36,0,0,886M,Milk & Cookies | WPRA,Western Pacific Robotics Academy,British Columbia (BC),Canada
66,146,61,85,61,85,2026-03-07 17:54:06,2026-03-07 20:01:01,0,0,87867B,Mechabyte,AI Robotics Academy LLC,Texas - Region 5,United States
67,145,78,67,78,67,2025-11-22 03:12:04,2025-11-23 00:50:28,0,0,55555C,X-Swordman,HF MS No.50,Middle China,China
68,145,62,83,62,83,2025-12-20 02:44:06,2025-12-20 02:49:11,0,0,15167A,SWITCH,Brighton College Vietnam,Vietnam,Vietnam
69,145,54,91,54,93,2026-03-01 18:05:22,2026-02-07 21:02:50,0,6,8838E,Robohawks - Eclipse,ORCHARD HILLS,California - Region 4,United States
70,145,48,97,48,97,2026-03-01 16:55:37,2026-02-28 21:22:36,0,0,3515X,GOGO BOBA,"Irvine Robotics        ",California - Region 4,United States
71,144,69,75,69,75,2026-02-28 18:19:03,2026-02-28 20:00:09,0,0,10702Y,Andromeda Apes,Galaxy Robotics,Texas - Region 4,United States
72,144,68,76,68,89,2026-02-16 21:19:22,2026-02-07 22:42:32,0,0,3457Z,Robolabs ZBOT,Robolabs,California - Region 2,United States
73,144,67,77,67,77,2025-11-15 03:12:16,2025-11-14 07:11:08,0,0,54008A,TIEYI MS-A,XIAN TIEYI MS,West China,China
74,144,66,78,66,78,2026-02-21 21:54:38,2026-02-21 22:46:43,0,0,99198H,Robot Go,Magikid Pleasanton Lab,California - Region 2,United States
75,144,65,79,65,79,2026-01-31 18:40:10,2025-12-28 22:35:06,0,3,8838B,Robohawks - Century,ORCHARD HILLS,California - Region 4,United States
76,144,61,83,61,83,2025-11-08 08:04:31,2025-11-08 06:21:13,0,0,54009A,XIAN FULUN MS,XIAN FULUN MS,West China,China
77,144,60,84,60,86,2026-03-13 21:36:14,2026-02-28 20:38:22,0,0,74074B,Brainstorm,Pioneer Robotics,Oklahoma,United States
78,144,59,85,59,85,2026-03-07 02:31:17,2026-03-07 17:26:27,0,0,938G,Blaze Good Game,Blaze Robotics Academy,Washington,United States
79,144,57,87,57,87,2026-02-02 09:29:47,2026-02-02 06:57:01,0,0,2731K,Dragoncore,Hangzhou Dipont School of Arts and Science,East China,China
80,143,42,101,53,101,2026-03-07 20:53:18,2026-02-07 19:05:51,0,0,1523E,Everytime,Steamoji Robotics,Washington,United States
81,143,50,93,50,93,2026-03-01 19:16:48,2026-02-28 22:43:54,0,0,462V,HWR Vengeance,HARVARD-WESTLAKE,California - Region 4,United States
82,141,72,69,72,69,2026-02-27 06:56:27,2026-02-26 09:52:35,0,0,11088A,Sunrise,上海新华初级中学,East China,China
83,141,61,80,61,90,2026-02-07 16:45:11,2026-03-07 17:20:23,1,0,10066A,Harvest,RoboRoots,Texas - Region 2,United States
84,140,73,67,73,67,2026-01-02 05:35:31,2026-01-01 07:40:34,0,0,51000A,Wuyi Future Exporimontal Primary School Team A,"Wuyi Future Exporimontal Primary School,Haidian Distrlct,Beijing1",North China,China
85,140,70,70,70,70,2025-12-06 08:55:44,2025-12-06 01:38:18,0,0,88613R,88613R,Middle school affiliated to Beijing Normal University,North China,China
86,140,62,78,62,78,2026-03-08 18:15:07,2026-03-07 23:09:46,0,0,1806V,OLYMPUS,InoBotics,California - Region 2,United States
87,140,53,87,53,87,2026-03-07 14:11:20,2026-03-07 21:01:11,0,0,80508X,¡Korvex!,Korvex,Virginia,United States
88,139,67,72,67,72,2026-03-01 17:44:56,2026-02-28 19:41:13,0,0,28660B,Bread,Magikid Tustin,California - Region 4,United States
89,139,64,75,64,75,2026-03-14 17:32:59,2026-03-14 18:14:06,0,0,74074E,Eclipse,Pioneer Robotics,Oklahoma,United States
90,139,59,80,61,82,2026-02-21 16:45:01,2026-03-08 17:15:12,0,0,295W,Eclipse,Placer Robotics (PART),California - Region 2,United States
91,139,60,79,60,79,2026-02-16 02:30:00,2026-02-16 22:11:33,0,0,2838A,Kopter Pros,Red house,California - Region 2,United States
92,139,55,84,55,84,2026-01-02 06:43:42,2026-01-02 02:38:45,0,0,13701S,摸鱼队,兰州市城关区零壹科技培训学校有限公司,West China,China
93,139,54,85,54,85,2026-03-01 14:26:46,2026-03-01 15:29:57,0,0,9651A,Hopes and Dreams,Upper Canada College,Ontario,Canada
94,138,65,73,65,77,2026-03-08 19:02:16,2025-11-24 19:44:33,0,0,2137A,Iron Paw,The Wild Robots,California - Region 2,United States
95,138,62,76,62,76,2026-02-06 01:20:05,2026-02-07 01:45:55,0,0,10004X,Simply Lovely,Pu Tai senior high school with junior department,Chinese Taipei,Taiwan
96,138,62,76,62,76,2026-02-07 18:13:22,2026-02-07 21:00:13,0,0,82777X,High Priority,Magikid Cupertino Robotics Lab,California - Region 2,United States
97,138,40,98,56,98,2026-01-25 05:20:01,2026-02-07 03:41:02,0,0,3866F,▰ 1 ▰,Curious X-Lab,Chinese Taipei,Taiwan
98,137,56,81,56,81,2026-02-27 23:39:32,2026-02-28 02:00:42,10,0,79298X,Nexus,Altona Middle School,Colorado,United States
99,137,53,84,53,84,2026-02-21 17:55:28,2026-02-21 13:30:24,0,0,67411T,Tactical Error,Hodges Private Team,Georgia,United States
100,136,64,72,64,72,2026-02-06 09:12:35,2026-02-06 09:06:52,0,0,4815A,CPC TEAM A,WEO CHANG PUI CHUNG MEMORIAL SCHOOL,Hong Kong,Hong Kong
101,136,44,92,44,92,2026-02-28 20:39:47,2026-02-28 18:24:06,2,0,2088U,Uranium-237/238,Western Mechatronics Robotics Club,Alberta/Saskatchewan,Canada
102,135,70,65,70,65,2026-02-28 16:47:40,2026-02-28 16:19:53,0,0,50316Z,Zenith,COMMODORE JOHN RODGERS ELEMENTARY/MIDDLE,Maryland,United States
103,135,62,73,62,73,2026-01-31 20:47:43,2026-01-31 21:10:12,0,0,16689S,Dracobots/Symmetric,Dracobots,Oregon,United States
104,135,47,88,61,88,2026-02-14 01:11:18,2026-03-08 19:49:38,0,0,9652N,Southpointe Academy,Southpointe Academy,British Columbia (BC),Canada
105,135,50,85,50,85,2025-12-20 01:50:16,2025-12-19 06:48:06,0,3,1940B,Axis,Knox Grammar School,Australia,Australia
106,134,62,72,64,83,2026-02-16 01:04:43,2026-01-04 21:45:43,1,0,10688V,Gravity Defiers,Private,California - Region 2,United States
107,134,61,73,61,78,2026-02-07 21:14:36,2026-01-31 18:58:03,0,0,94927H,Vex Velocity,St Catherine Catholic School,California - Region 2,United States
108,134,53,81,53,81,2025-12-14 01:14:56,2025-12-14 06:20:36,0,3,12181C,LUNAR,IBSH-Curious Robotics,Chinese Taipei,Taiwan
109,133,42,91,65,91,2025-10-25 05:55:56,2026-02-06 09:01:12,0,0,17022J,Otter,Happy Robot,Chinese Taipei,Taiwan
110,133,60,73,60,79,2026-03-08 20:46:57,2026-02-07 20:00:04,0,0,9568G,floor(5×10^-12 · G(10^3(η + 1))) + 99,RoboPlanet Education and Community Society,British Columbia (BC),Canada
111,133,56,77,58,77,2026-02-14 18:16:34,2026-03-01 17:08:07,0,3,39333Y,Legacy Yummy Chicken,Legacy Magnet Academy,California - Region 4,United States
112,133,58,75,58,75,2026-03-14 15:07:53,2026-03-14 14:40:58,1,0,99009B,The Big Blue Wildebeest,RGB bots,Pennsylvania - East,United States
113,133,57,76,57,76,2025-12-20 02:14:29,2025-12-20 02:08:29,0,0,61B,Beijing No.19 High School,Beijing No.19 High School,North China,China
114,133,51,82,51,88,2026-02-16 02:13:35,2026-01-31 19:43:27,0,2,95070B,Redwood Robotics,Redwood PTA,California - Region 2,United States
115,133,49,84,49,84,2026-01-21 20:08:13,2026-01-21 14:56:11,0,0,16610B,Be Happy,Techblazers,Ontario,Canada
116,133,36,97,36,97,2026-03-08 16:44:53,2026-03-08 17:37:45,12,7,1468A,_Underscore,1468A,California - Region 2,United States
117,132,75,57,75,57,2025-11-22 02:47:47,2025-11-22 08:51:15,0,0,33333B,X-Robo B,Hefei Luyang Garden School B,Middle China,China
118,132,62,70,62,79,2025-12-30 15:07:20,2025-11-21 15:32:46,0,0,13889X,ELIXIR,EDUCATION EMPOWERMENT ASIA,California - Region 4,United States
119,132,51,81,51,81,2026-02-28 19:26:33,2026-02-28 20:00:04,21,0,69414X,All 'N',ANNIE CAMP JR. HIGH SCHOOL,Arkansas,United States
120,132,50,82,50,82,2025-10-24 07:17:47,2025-10-25 11:45:00,0,0,8193C,Shanghai Yongchang C,Shanghai Yongchang Private School,East China,China
121,132,50,82,50,82,2026-01-02 05:40:19,2026-01-02 05:35:50,0,0,61801X,pr0phet,兰州市城关区零壹科技培训学校有限公司,West China,China
122,132,35,97,37,97,2025-12-28 23:12:18,2026-02-28 19:57:18,0,0,7899G,Rolling Robots - Raptors,Rolling Robots,California - Region 4,United States
123,131,63,68,63,68,2025-10-04 03:34:02,2025-10-04 10:39:04,0,0,54845A,ArkDynamics,明日方舟科技（深圳）有限公司,South China,China
124,130,48,82,48,82,2026-02-23 15:29:38,2026-02-23 17:59:37,0,0,77774W,Fusion,Madison Middle School,Mississippi,United States
125,130,47,83,47,83,2026-03-08 20:12:24,2026-03-08 20:32:03,0,0,886E,Excel | WPRA,Western Pacific Robotics Academy,British Columbia (BC),Canada
126,129,49,80,62,80,2026-01-28 21:03:32,2026-03-14 16:05:33,0,1,20850V,Octobots,"AOE Robotics Club ",Maryland,United States
127,128,55,73,58,78,2025-12-20 20:49:07,2026-01-31 18:37:05,0,7,10606A,10th Gear,10th gear,California - Region 2,United States
128,128,53,75,55,87,2025-10-25 06:47:32,2026-02-03 03:07:47,0,0,1677X,宁波鄞州赫德实验学校,宁波鄞州赫德实验学校,East China,China
129,127,63,64,63,66,2026-03-01 14:30:46,2026-01-28 16:01:18,0,0,8889C,98%,Numberosity Academy,Massachusetts,United States
130,127,59,68,59,68,2025-08-23 09:02:59,2025-08-23 06:13:37,0,0,50550A,Holy Sword VEX Team,Hangzhou Jianlan Middle School,East China,China
131,127,54,73,54,73,2026-03-01 16:18:31,2026-03-01 16:38:20,0,0,1140X,Discobots,XM Robotics,Ontario,Canada
132,127,51,76,51,76,2026-02-28 02:02:38,2026-02-28 16:23:44,0,0,7481F,Surge,LEAGUE CITY INT,Texas - Region 3,United States
133,126,46,80,71,80,2025-07-19 02:01:24,2025-11-08 05:25:41,0,0,66666A,Hefei X-Nanmen A,HF NanMen Primary,Middle China,China
134,126,55,71,55,75,2026-03-14 16:36:55,2026-03-01 15:42:45,0,0,90X,VEXMEN: Professor X,Brandywine Robotics Inc.,Pennsylvania - East,United States
135,126,55,71,55,71,2026-01-07 08:18:24,2026-01-07 08:01:45,0,0,20360C,North of Aquarius @SHSSIP,suzhou high school SIP,East China,China
136,125,52,73,52,73,2026-03-07 17:29:43,2026-03-07 16:38:31,0,0,106D,Dum-Dums,Excel-Robotic Lab LLC,Texas - Region 2,United States
137,125,48,77,48,77,2026-02-21 22:10:45,2026-02-21 21:59:45,0,0,24500A,CCRMS Lions,RAVENSWOOD MIDDLE,California - Region 2,United States
138,124,60,64,60,64,2025-10-25 06:44:50,2025-10-25 10:42:09,0,0,10055A,HSch Attached to BUT-A,New Start Robot Activity Center,North China,China
139,124,50,74,50,74,2025-10-04 06:24:09,2025-10-04 06:28:31,0,0,32288A,xk,广州市海珠区六中珠江中学（万胜围校区）,South China,China
140,124,45,79,45,79,2026-03-07 17:49:14,2026-03-07 17:59:13,0,0,28006C,Metal Megabots,NextGen Robotics Association,Texas - Region 5,United States
141,124,43,81,43,81,2026-03-08 16:06:06,2026-03-07 18:31:36,0,0,95008X,IRA - Rob0tnix,Private,California - Region 2,United States
142,123,54,69,62,79,2026-02-14 18:13:48,2026-02-27 21:16:16,1,0,62628A,Energy Sprout,Energy Sprout,Arizona,United States
143,123,43,80,55,82,2025-12-30 00:40:54,2026-01-17 15:19:28,5,0,2145Y,Pink Spanglee Unicorns,Pink Unicorns,Virginia,United States
144,123,53,70,53,73,2026-03-07 16:10:33,2026-02-19 02:38:52,0,0,938M,Blaze MegaByte,Blaze Robotics Academy,Washington,United States
145,123,48,75,48,75,2026-02-16 03:40:55,2026-02-16 02:30:14,6,0,7700H,Rolling Robots Humuhumunukunukuapua,Rolling Robots,California - Region 4,United States
146,123,39,84,40,84,2026-02-21 17:14:50,2026-03-07 20:43:25,0,3,2821C,Bobcats,Bobcats Robotics,Texas - Region 2,United States
147,123,38,85,40,85,2025-08-15 08:20:00,2026-02-02 06:05:08,0,0,88825A,Only My Railgun,Shanghai Koller Foreign Language School,East China,China
148,122,48,74,48,75,2025-11-24 00:09:18,2026-02-21 19:37:07,0,7,85869A,The Eliminators,Garage Robotics,California - Region 2,United States
149,122,41,81,41,81,2026-02-08 18:01:20,2026-02-08 18:59:47,0,0,2827A,Japan's Piezoelectric Tiles,Chasewood Learning,Illinois,United States
150,122,31,91,31,91,2026-03-01 14:15:54,2026-03-01 15:14:57,0,0,2982A,AVERAGE INTELLIGENCE,Robotfun Academy,Massachusetts,United States
151,121,61,60,61,74,2025-10-25 07:59:35,2026-02-02 07:04:08,0,0,19001A,ACE,STEMSTAR,East China,China
152,121,41,80,52,80,2025-10-25 05:28:57,2025-12-20 02:31:50,0,0,61X,北京大学附属中学X队,Beijing Chenjinglun High School Jiaming Branch,North China,China
153,121,52,69,52,69,2025-10-25 06:01:26,2025-10-25 09:58:04,0,0,3036A,Bad Robot Team 3036A,Bad Robot,North China,China
154,121,47,74,47,74,2026-03-01 16:57:12,2026-03-01 16:48:54,0,0,11270A,◕CSAA◕ Angus Beef,CSAAFuture,Ontario,Canada
155,120,66,54,66,54,2026-02-07 01:19:49,2026-02-07 03:51:39,0,0,66996X,Capstone,Dr. Player Robotics Lab. Taipei,Chinese Taipei,Taiwan
156,120,54,66,54,66,2025-10-24 08:46:08,2025-10-25 11:48:51,0,0,20111A,Luck Star Team,Hangzhou Middle School,East China,China
157,119,49,70,49,70,2026-02-06 07:54:31,2026-02-06 08:31:24,0,0,15383K,OverSize,TWGHs Yau Tze Tin Memorial College,Hong Kong,Hong Kong
158,119,25,94,43,94,2026-03-08 17:31:44,2026-02-07 01:07:59,0,0,886R,Richmond Learns to Drive | WPRA,Western Pacific Robotics Academy,British Columbia (BC),Canada
159,119,42,77,42,77,2026-02-14 16:09:49,2026-02-14 18:58:36,0,2,30518A,Little Einsteins,NORTH GWINNETT MIDDLE SCHOOL,Georgia,United States
160,119,39,80,42,80,2026-01-21 14:47:49,2026-03-14 18:08:01,0,0,77727H,Home-field Advantage,Magnus Robotics,Pennsylvania - East,United States
161,119,41,78,41,78,2025-12-13 20:55:37,2025-12-13 18:23:47,29,0,96140A,TeamA,WOODCREST SCHOOL,California - Region 4,United States
162,118,57,61,57,76,2026-02-08 16:19:21,2026-03-14 14:33:34,0,0,20850C,Lucky Cats,"AOE Robotics Club ",Maryland,United States
163,118,57,61,57,75,2025-10-26 02:22:24,2025-12-06 03:55:30,0,0,8223Z,Team 8223Z of Beijing No.80 Middle School,Beijing No.80 High school,North China,China
164,118,49,69,56,70,2025-10-24 09:13:13,2025-08-16 09:04:35,0,0,2731Z,Joymate-Z,"Qing'shao'niang, Shangcheng District, Hangzhou",East China,China
165,118,51,67,51,67,2026-03-07 02:35:33,2026-02-07 18:35:43,0,2,938N,Blaze Nutter Butter,Blaze Robotics Academy,Washington,United States
166,118,48,70,48,73,2026-03-07 16:51:51,2026-02-21 19:16:43,0,0,76289X,Blazing Bees,Private,California - Region 2,United States
167,118,37,81,37,81,2026-02-08 18:22:29,2026-02-06 21:56:36,0,0,2088S,Shenanigans,Western Mechatronics Robotics Club,Alberta/Saskatchewan,Canada
168,118,27,91,27,91,2025-11-24 16:18:28,2025-11-24 00:56:46,0,6,91233X,Irvine Ruiguan,Irvine  Ruiguan,California - Region 4,United States
169,117,64,53,64,63,2026-01-24 19:43:54,2026-03-14 15:40:07,0,0,20850N,Nautilus,"AOE Robotics Club ",Maryland,United States
170,117,43,74,43,74,2026-03-14 15:41:10,2026-03-14 16:50:07,0,0,19085C,BRMS: Tank Engines,Black Rock Middle School,Pennsylvania - East,United States
171,117,41,76,41,76,2026-01-17 02:39:54,2026-01-17 03:30:25,0,0,8501A,Bullet,Nan Hua High School,Singapore,Singapore
172,117,37,80,37,86,2026-01-31 21:26:04,2025-12-13 19:39:03,6,0,8838C,Robohawks - Celestial,ORCHARD HILLS,California - Region 4,United States
173,116,53,63,53,63,2026-01-06 08:05:05,2026-01-07 08:43:49,0,0,10127A,杭州市建兰中学,中国杭州低碳科技馆,East China,China
174,116,35,81,44,81,2025-10-25 07:29:25,2025-12-19 07:15:27,0,0,71666A,Qi Yi A队,Beijing Qi Yi Primary School,North China,China
175,115,64,51,64,60,2025-11-08 03:59:09,2026-02-02 08:29:17,0,0,2773X,TIEYI MS,XIAN TIEYI MS,West China,China
176,115,55,60,55,78,2025-12-20 01:40:36,2026-02-02 07:38:22,0,0,61Z,北京大学附属中学Z队,The Affiliated High School to UIBE,North China,China
177,115,50,65,50,65,2025-10-04 09:28:03,2025-10-04 06:01:08,0,0,988K,ElectroDynamic,Unknown Club,South China,China
178,115,44,71,44,81,2025-12-20 20:04:13,2026-02-27 23:19:51,0,0,7686V,Vitality,Tiger Robotics (Harrisburg School District),South Dakota,United States
179,114,65,49,65,65,2026-01-06 08:57:31,2026-01-02 05:27:19,0,0,29566V,Chongqing Bashu Middle School Spanner Team,Chongqing Bashu Middle School,West China,China
180,114,40,74,45,74,2026-01-10 17:26:47,2026-01-24 21:58:11,0,0,95120A,REEVAAN,REEVAAN ROBOTICS,California - Region 2,United States
181,114,44,70,44,70,2026-02-28 12:01:10,2026-02-27 09:52:39,0,0,17711V,Vector,Independent,United Kingdom,United Kingdom
182,114,42,72,42,73,2026-01-31 20:41:57,2026-02-21 15:57:44,30,0,9039A,Quackshot,BrandywineBOTS,Delmarva,United States
183,114,41,73,41,89,2026-02-07 16:19:48,2026-02-23 15:04:57,1,0,77774Z,Zenith,Madison Middle School,Mississippi,United States
184,114,36,78,36,90,2026-02-16 19:25:09,2026-03-08 17:24:13,13,0,95070A,Redwood Robotics,Redwood PTA,California - Region 2,United States
185,113,69,44,69,44,2026-02-26 06:18:55,2026-02-26 08:12:33,0,0,80880X,robot city,Wahaha Bilingual School Hangzhou,East China,China
186,113,66,47,66,47,2026-01-06 07:31:53,2026-01-06 08:47:38,0,0,10127P,杭州市建兰中学,杭州市建兰中学,East China,China
187,113,49,64,49,79,2026-01-17 17:42:52,2026-03-08 00:55:38,6,0,99766B,The Aliens,North Kirkwood Middle School,Missouri,United States
188,113,46,67,46,76,2026-03-08 00:42:36,2026-01-31 20:14:28,0,0,95070D,Redwood Robotics,Redwood PTA,California - Region 2,United States
189,113,46,67,46,67,2025-12-06 02:18:00,2025-12-06 07:40:45,0,0,222A,Best Robotics Team A,Best Robotics,North China,China
190,113,45,68,45,68,2025-10-25 03:32:28,2025-10-25 03:36:11,0,0,88613Y,MSch Team of The HSch Aff. BNU,Middle school affiliated to Beijing Normal University,North China,China
191,113,41,72,41,72,2026-02-07 19:14:40,2026-02-07 17:07:17,0,0,69955A,Lemonkeys,LADUE MIDDLE,Missouri,United States
192,113,38,75,38,75,2026-02-16 16:27:25,2026-02-16 03:00:04,0,1,95070F,Redwood Robotics,Redwood PTA,California - Region 2,United States
193,113,37,76,37,77,2026-03-07 01:56:53,2026-02-19 02:45:26,12,0,938R,Blaze Reapers,Blaze Robotics Academy,Washington,United States
194,113,28,85,28,88,2026-02-07 20:48:33,2026-03-07 16:28:31,0,4,1840B,Singularity,Timberline Middle School,Washington,United States
195,112,39,73,39,73,2026-03-06 16:04:22,2026-03-06 00:55:56,0,0,7225G,Southland Gearbots,Southland Middle School,Minnesota,United States
196,112,29,83,29,83,2026-03-08 21:02:35,2026-03-07 23:18:18,0,0,9181P,Phantom,Seaquam Secondary,British Columbia (BC),Canada
197,111,62,49,62,49,2026-01-02 05:58:41,2026-01-01 06:20:44,0,0,5218B,BEIJING HAIDIAN FUTURE ACADEMY,BEIJING HAIDIAN FUTURE ACADEMY,North China,China
198,111,44,67,44,68,2026-02-07 18:52:21,2025-12-06 20:48:58,0,0,15486E,Vexalicious,VISTA SCHOOL,Utah,United States
199,111,41,70,41,70,2026-03-08 18:49:07,2026-03-07 20:08:52,7,0,2674A,Leboba-X,Magikid Fremont,California - Region 2,United States
200,111,37,74,37,74,2026-03-07 22:53:16,2026-03-08 15:42:44,10,0,95694B,Winters Robotics,WINTERS MIDDLE,California - Region 2,United States
201,111,37,74,37,78,2026-01-24 16:19:24,2026-03-14 13:21:00,0,0,6842A,Apollo,PARK TUDOR SCHOOL,Indiana - Region 2 - Central,United States
202,111,31,80,31,80,2026-03-08 17:06:57,2026-03-08 21:33:34,0,0,886T,Terminus | WPRA,Western Pacific Robotics Academy,British Columbia (BC),Canada
203,111,20,91,20,91,2026-02-28 19:01:46,2026-02-28 17:51:33,0,0,39333X,Legacy Xcelerate,Legacy Magnet Academy,California - Region 4,United States
204,110,41,69,41,78,2025-10-25 02:50:07,2026-01-01 07:51:41,0,0,7756Y,陈经纶中学分校,Branch of Beijing Chenjinglun Middle School,North China,China
205,110,36,74,36,76,2026-02-07 17:29:10,2026-02-08 19:16:13,0,0,1229M,Mangled Metal,Twelve Twenty Nine Robotics,Kentucky,United States
206,110,34,76,34,76,2026-02-28 01:07:23,2026-02-27 23:41:32,0,0,7481A,Penguinauts,LEAGUE CITY INT,Texas - Region 3,United States
207,110,26,84,26,84,2026-01-02 02:08:34,2026-01-01 05:50:17,0,0,2566C,STEMSTAR-Big Shaq,Dulwich College Shanghai Pudong,East China,China
208,109,53,56,53,58,2025-10-24 10:22:18,2025-11-22 07:14:20,0,0,12998A,12998A,上海华东师范大学附属进华中学,East China,China
209,109,45,64,45,68,2026-02-16 16:49:24,2026-03-07 22:31:29,0,0,295P,PART P [Phish],Placer Robotics (PART),California - Region 2,United States
210,108,43,65,43,65,2026-03-07 00:00:12,2026-03-06 23:22:52,0,0,1262C,OPS - Imperial Engineers,Bluestem Middle School,Nebraska,United States
211,108,40,68,40,68,2026-01-02 07:10:36,2026-01-02 07:08:52,0,0,7977A,CD No.7&CQ NanKai Liangjiang Secondary School,Chengdu Gaoxin Experimental School,West China,China
212,108,27,81,27,81,2026-03-15 15:08:56,2026-03-15 15:13:13,0,0,7517C,GVMS Robotics 7517C - Chaotic Kitties,GREAT VALLEY MIDDLE SCHOOL,Pennsylvania - East,United States
213,106,49,57,49,70,2025-10-25 07:51:36,2026-02-02 05:26:32,0,0,28F,北京市海淀区稻香湖学校,Tsinghua University Affiliated Middle School Wangjing School,North China,China
214,106,46,60,46,78,2026-02-28 22:08:36,2025-11-15 18:27:43,0,0,3324Y,Supernova yikes,SCIENCE ACADEMY STEM MAGNET,California - Region 4,United States
215,106,38,68,38,75,2026-01-21 14:34:38,2025-12-06 05:24:00,0,0,85659A,From New York,Lindfield Learning Village,Australia,Australia
216,106,35,71,35,75,2025-12-19 10:00:53,2026-02-03 01:18:27,0,0,8223B,Beijing No.80 Middle School 8223B,Beijing No.80 Middle School,North China,China
217,106,27,79,27,79,2026-03-01 16:55:33,2026-03-01 14:59:00,0,0,3150Y,Why?,Silver Owl Robotics Inc.,Ontario,Canada
218,106,26,80,26,80,2026-03-01 15:23:06,2026-03-01 14:41:00,45,0,2982B,Bagarre Bears,Robotfun Academy,Massachusetts,United States
219,105,53,52,58,83,2026-01-02 01:26:44,2026-02-03 07:10:45,3,0,2731M,Celestial Dragons,zhijiang&aoti school,East China,China
220,105,55,50,55,50,2026-02-28 01:49:05,2026-02-28 02:13:47,0,0,79298C,Circuit Breakers,Altona Middle School,Colorado,United States
221,105,38,67,42,67,2026-03-07 14:47:36,2026-01-17 17:15:25,0,0,74100A,Ambush,Concordia Lutheran Schools of Omaha,Nebraska,United States
222,105,40,65,40,79,2026-03-08 12:56:01,2026-01-22 14:59:27,0,0,99209X,Refract,1x Robotics,Virginia,United States
223,105,20,85,25,85,2026-02-15 00:35:59,2026-02-28 21:36:46,0,2,72202Z,QSE Robotics,CENTRAL HIGH SCHOOL,Arkansas,United States
224,104,48,56,48,68,2026-03-01 18:18:58,2026-02-01 01:56:47,0,0,3324Z,Circuit BreakerZ,SCIENCE ACADEMY STEM MAGNET,California - Region 4,United States
225,104,47,57,47,57,2025-12-06 01:09:20,2025-12-06 07:27:49,0,0,37775A,码高VRC一队,北京码高教育科技有限公司,North China,China
226,104,43,61,43,61,2025-10-25 05:09:44,2025-10-25 09:29:44,0,0,8796S,Powerful Team,"Qing'shao'niang, Shangcheng District, Hangzhou",East China,China
227,104,35,69,35,69,2026-02-07 18:18:31,2026-02-07 21:19:07,13,0,95070C,Redwood Robotics,Redwood PTA,California - Region 2,United States
228,104,23,81,23,81,2026-02-21 13:39:50,2026-02-21 14:28:27,15,8,23438C,marshmallows,FIVE FORKS MIDDLE SCHOOL,Georgia,United States
229,103,46,57,46,73,2026-02-10 08:17:12,2026-02-02 09:47:02,0,0,2052A,2052A,vex学苑苏州人民路校区,East China,China
230,103,46,57,46,57,2025-11-08 08:48:06,2025-11-08 11:24:51,0,0,78857V,Tsinglan V,Tsinglan shool,South China,China
231,103,41,62,41,62,2026-01-01 06:52:29,2026-01-01 06:56:29,0,0,88887A,ZHM王者队,北京佰立森教育科技有限公司,North China,China
232,103,38,65,38,65,2026-02-28 21:22:08,2026-03-01 01:01:08,0,3,7899A,Rolling Robots - Potato Fish,Rolling Robots,California - Region 4,United States
233,103,38,65,38,69,2025-10-25 03:08:14,2026-02-03 02:21:36,0,0,90555A,Mechanical storm,Shanghai Minhang Xinsong Middle School,East China,China
234,103,34,69,34,69,2026-02-07 15:33:15,2026-02-07 16:10:24,0,0,77774X,Nexus,Madison Middle School,Mississippi,United States
235,103,21,82,31,82,2025-12-20 08:25:53,2026-01-06 08:14:54,0,0,90677A,STEMSTAR-OMG,上海市市西初级中学,East China,China
236,103,31,72,31,72,2026-02-21 17:58:18,2026-02-21 15:21:44,0,0,9039K,Tiny Gladiator,BrandywineBOTS,Delmarva,United States
237,102,42,60,42,74,2026-02-28 20:30:43,2025-11-22 18:18:03,20,1,47510A,MangoBot,Robotics Edge,Arizona,United States
238,102,42,60,42,60,2026-03-08 15:31:36,2026-03-07 20:11:58,0,0,40280X,Extreme Axolotls,Axolotls Robotics,California - Region 2,United States
239,102,31,71,31,74,2026-03-14 16:29:19,2026-02-21 17:45:05,10,0,1089F,Forge Foxes,Forge Robotics,Pennsylvania - East,United States
240,102,31,71,31,72,2026-03-14 14:33:25,2026-02-28 18:48:27,0,0,54474X,Spicy Pepper,"Ardmore Robotic ",Pennsylvania - East,United States
241,102,22,80,22,80,2026-03-07 02:18:09,2026-03-07 02:01:39,0,0,7784T,C-Bots Tardigrades,CAVELERO MID HIGH SCHOOL,Washington,United States
242,102,20,82,20,82,2026-03-01 17:02:02,2026-03-01 16:33:54,0,0,839Y,// Caution Tape Yessirr //,Caution Tape Robotics ////,Ontario,Canada
243,102,19,83,19,83,2025-12-20 01:27:36,2025-12-19 07:09:50,0,0,521A,HG STEAM LAB-Team 521A,HG STEAM LAB,North China,China
244,101,37,64,37,73,2026-02-08 18:16:00,2026-03-13 20:00:30,0,4,2827Y,The Wind,Chasewood Learning,Illinois,United States
245,101,26,75,36,75,2025-10-05 08:11:17,2025-09-27 04:22:40,0,0,5218A,HAIDIAN FUTURE ACADEMY TEAM A,BEIJING HAIDIAN FUTURE ACADEMY,North China,China
246,101,36,65,36,65,2025-10-04 03:41:34,2025-10-04 03:55:43,0,0,89889K,xkk,华南师范大学附属中学,South China,China
247,101,32,69,32,69,2026-02-21 21:24:43,2026-02-21 21:43:21,15,0,74757J,Mythri - Jades,Mythri Academy,Nevada,United States
248,101,31,70,31,70,2026-03-01 19:28:08,2026-02-28 21:11:54,0,0,462Z,HWR ECRA,HARVARD-WESTLAKE,California - Region 4,United States
249,101,28,73,28,73,2026-01-02 05:43:55,2026-01-01 08:35:45,0,0,28111Z,GZZJ-Bumblebee,Guangzhou Baiyun Zhujiang Experimental School,South China,China
250,101,26,75,26,75,2026-03-06 23:48:41,2026-03-06 23:11:42,0,0,1028Y,The Botfather,Brownell Talbot College Preparatory School,Nebraska,United States
251,100,37,63,37,63,2026-03-07 01:22:20,2026-03-07 01:52:17,0,0,91416W,Coalition,Wahoo Robotics (Saunders Catholic Schools & Wahoo Public Schools),Nebraska,United States
252,100,33,67,35,67,2025-10-25 04:00:56,2025-12-05 07:00:45,0,0,8192C,Shanghai Huangpu C,Shanghai Huangpu Teenagers S&T Activity Center,East China,China
253,100,32,68,32,68,2026-02-07 21:20:50,2026-02-07 21:20:12,0,0,1135A,Go Go Gadget,Friends of Saratoga,California - Region 2,United States
254,100,21,79,21,79,2026-03-07 19:22:44,2026-03-07 15:46:36,0,0,3141R,Random Bits,Gross Catholic Robotics,Nebraska,United States
255,100,20,80,20,80,2026-03-14 13:54:59,2026-03-14 00:38:17,0,0,84260A,Nova,Cabot High School,Arkansas,United States
256,100,0,100,0,100,,2025-12-29 00:17:04,0,0,9123A,Shanghai RuiGuan Team 9123A,ShangHai RuiGuan Robotics Activity Center,East China,China
257,99,36,63,36,63,2026-01-31 14:28:13,2026-01-31 16:33:00,0,0,39792F,FOXTROT Aviators,ACADEMY FOR INNOVATIVE EDUCATION CHARTER SCHOOL,Florida - South,United States
258,99,32,67,32,67,2026-02-21 18:58:08,2026-02-21 18:24:00,15,4,74177E,Electric Surge,PINECREST ACADEMY OF NEVADA SLOAN CANYON,Nevada,United States
259,99,25,74,25,74,2026-02-07 03:04:18,2026-02-06 01:59:15,0,0,23083G,GOAT,臺北市私立薇閣高級中學,Chinese Taipei,Taiwan
260,99,22,77,23,77,2025-11-22 22:09:24,2026-02-28 17:14:27,11,2,2088H,Boopleanoot,Western Mechatronics Robotics Club,Alberta/Saskatchewan,Canada
261,99,20,79,20,79,2025-12-05 22:45:27,2026-02-20 21:46:56,47,0,3333D,Los Pollos Hermanos,Notre Dame Prep,Michigan,United States
262,98,31,67,31,67,2025-12-20 01:20:17,2025-12-19 07:49:46,5,0,52994A,STEMSTAR-CYBER WOLF,杭州学军教育集团文渊实验初级学校,East China,China
263,98,30,68,30,75,2025-11-24 19:59:28,2025-12-06 14:39:56,2,0,2211X,Islanders,Caribbean Robotics Academy,Puerto Rico,Puerto Rico
264,98,28,70,28,70,2026-02-06 08:40:30,2026-02-06 09:54:39,0,0,85202M,ฅ^>⩊<^ฅ My Cat is Rockstar,China Holiness College,Hong Kong,Hong Kong
265,98,25,73,25,73,2025-12-06 03:35:28,2025-12-06 04:16:18,27,0,4613R,Barker Redbacks,Barker College,Australia,Australia
266,98,20,78,20,78,2026-02-28 09:06:01,2026-02-27 14:51:41,0,0,9258X,UK Ruiguan X,RuiGuan UK,United Kingdom,United Kingdom
267,98,15,83,15,83,2026-03-07 20:45:33,2026-03-07 20:06:27,59,58,51566A,Rabid Raging Robots,GM Robotic Association,Texas - Region 5,United States
268,97,43,54,43,54,2025-11-07 06:40:13,2025-11-07 09:12:57,0,0,56668A,Fuzhou QianTang ES & TongPan ES,QIANTANG&RUANJIANYUAN&GUERSHI,South China,China
269,97,43,54,43,54,2026-01-17 06:46:25,2026-01-17 08:15:38,0,0,8076H,what the shucks,Hwa Chong Institution,Singapore,Singapore
270,97,37,60,37,75,2026-03-08 19:15:34,2026-02-21 22:03:05,0,0,3134W,Robolabs Wise,Robolabs,California - Region 2,United States
271,97,33,64,33,64,2026-02-22 04:52:39,2026-02-21 13:44:36,0,0,1737K,DoStar,International Robotics Academy,Kazakhstan,Kazakhstan
272,97,32,65,32,65,2026-01-02 07:08:09,2026-01-02 05:41:23,0,0,29599V,ChongqingNanKai Liangjiang Secondary School,ChongqingNanKai Liangjiang Secondary School,West China,China
273,97,31,66,31,68,2026-01-31 21:46:15,2026-03-08 19:11:19,0,0,55252G,Team Cassini,Local club,California - Region 2,United States
274,97,30,67,30,67,2026-02-28 15:04:52,2026-02-28 14:25:42,0,0,74801A,No Limits,Westwood,Florida - North/Central,United States
275,97,27,70,27,70,2026-03-08 17:03:58,2026-03-08 03:00:00,0,0,77174Y,Yabadabadon't,St. George's School,British Columbia (BC),Canada
276,96,42,54,42,54,2026-03-08 17:32:00,2026-03-07 20:07:12,27,0,95070R,Redwood Robotics,Redwood PTA,California - Region 2,United States
277,96,32,64,32,64,2026-03-14 16:39:04,2026-03-14 15:00:21,0,0,99905G,NAT 20 RoboGryphs,ST GEORGE'S INDEPENDENT SCHOOL,Tennessee,United States
278,96,22,74,22,75,2026-02-13 19:19:45,2026-02-07 15:15:50,1,4,73805G,The Goofy Goobers,GERMANTOWN MIDDLE SCHOOL,Mississippi,United States
279,96,21,75,21,75,2026-01-31 17:27:28,2026-01-31 17:30:46,38,0,10836X,Swift Eagles,Robostorm,British Columbia (BC),Canada
280,95,45,50,45,73,2026-01-31 15:36:21,2026-01-22 16:42:40,0,0,35016T,(AERO) The Legends,ARAB JUNIOR HIGH SCHOOL,Alabama,United States
281,95,41,54,41,54,2026-02-03 02:49:57,2026-02-03 06:08:57,0,0,7139J,Beijing Bayi School,Beijing Bayi School,North China,China
282,95,16,79,31,79,2025-12-07 21:19:31,2026-02-07 21:33:41,14,0,95070X,Redwood Robotics,Redwood PTA,California - Region 2,United States
283,95,15,80,15,80,2025-10-06 07:29:48,2025-10-06 03:48:19,0,0,7006E,Iron Talons,保定市第十七中学,North China,China
284,94,35,59,39,59,2026-02-14 19:27:50,2026-01-31 19:12:00,0,0,39333W,Legacy Wavebreakers,Legacy Magnet Academy,California - Region 4,United States
285,94,38,56,38,56,2025-11-15 02:38:00,2025-11-14 09:13:24,0,0,2783A,TIEYI MS,XIAN TIEYI MS,West China,China
286,94,24,70,24,70,2026-01-02 03:27:40,2026-01-02 03:38:10,0,0,66188A,66188A,北京佰立森教育科技有限公司,North China,China
287,94,20,74,20,74,2025-10-24 19:18:18,2026-02-27 20:41:41,52,0,673G,Waffle Warriors,East Valley Middle School,Idaho,United States
288,94,11,83,11,83,2025-10-06 06:48:48,2025-10-05 08:23:51,0,6,18569A,Beijing JiaoTong-A 交大附中,The High School Attached to Beijing Jiaotong University,North China,China
289,93,31,62,31,62,2026-03-06 14:30:41,2026-03-06 14:17:53,0,0,51191D,Angry Birdz,Level Up Robots,Kansas,United States
290,93,27,66,27,66,2026-01-24 16:25:36,2026-01-24 17:24:28,0,0,3660X,"I mean, it works",Barton Academy for Advanced World Studies,Alabama,United States
291,93,25,68,25,68,2026-03-15 16:10:25,2026-03-14 16:23:59,24,0,19072B,WVMS Dragons: 19072B,WELSH VALLEY MIDDLE SCHOOL,Pennsylvania - East,United States
292,93,22,71,22,71,2025-12-06 09:13:33,2025-12-06 05:36:45,0,0,52140B,STEMSTAR-Wolf,Shanghai Wenlai Middle School,East China,China
293,93,15,78,16,78,2026-01-17 22:17:02,2026-02-28 02:00:07,0,0,2088K,Shockwave,Western Mechatronics Robotics Club,Alberta/Saskatchewan,Canada
294,93,12,81,15,81,2026-01-17 21:32:01,2026-03-01 14:29:38,59,5,17924M,Bombshell,Boswin Robotics,Ontario,Canada
295,92,29,63,29,65,2026-02-14 20:42:37,2026-03-07 04:11:26,25,0,16689R,Dracobots/V=(RC)²,Dracobots,Oregon,United States
296,92,17,75,27,76,2026-02-28 01:15:29,2026-02-07 15:21:00,0,0,6356X,Extropy,Trail Ridge Middle School,Colorado,United States
297,92,22,70,22,70,2026-03-01 17:11:09,2026-02-28 16:35:29,15,0,33705X,★★★★★ Quantum Rabbit,5 STAR Robotics,Louisiana,United States
298,92,20,72,20,72,2026-03-14 18:08:22,2026-03-14 18:29:56,53,0,23382C,Fifth Dimension,Fifth Dimension Robotics,Maryland,United States
299,92,17,75,20,75,2026-01-10 15:22:12,2026-03-14 15:45:45,54,8,9061A,Aurora,The Mind Spark,Pennsylvania - East,United States
300,92,20,72,20,72,2026-02-21 14:56:29,2026-03-10 14:28:06,51,0,26003S,Clankers,SHERRARD MIDDLE SCHOOL,West Virginia,United States
301,91,26,65,44,67,2025-11-16 17:51:20,2026-02-07 19:25:15,0,8,1523Z,Zestfest,Steamoji Robotics,Washington,United States
302,91,32,59,32,62,2026-03-08 15:17:43,2026-02-21 21:30:33,0,2,295M,PART M,Placer Robotics (PART),California - Region 2,United States
303,91,27,64,27,64,2025-10-04 05:31:48,2025-10-04 06:53:42,0,0,13322C,simc,先锋实验室,South China,China
304,91,15,76,19,76,2026-03-01 16:48:18,2026-01-31 18:02:27,0,0,9805S,Clankers,Utt Middle School,California - Region 4,United States
305,91,15,76,15,76,2026-02-28 17:56:37,2026-02-28 02:07:17,56,0,6047A,The Airballers,WESTVIEW MIDDLE SCHOOL,Colorado,United States
306,90,43,47,43,47,2025-11-08 03:24:46,2025-11-08 07:45:41,0,0,33333A,HeFei  X-Robo A,X-Robo,Middle China,China
307,90,37,53,37,53,2026-03-01 14:44:08,2026-03-01 14:11:12,20,0,540B,Appleby,Appleby College,Ontario,Canada
308,90,35,55,35,55,2026-03-07 16:40:24,2026-03-08 15:28:18,4,0,2432X,BetaBotz,Ustar STEM Lab,California - Region 2,United States
309,90,31,59,31,66,2026-02-28 15:06:35,2026-02-14 19:04:27,35,3,7830C,ACP Noble Knights,Arizona College Prep Middle School,Arizona,United States
310,90,15,75,30,75,2025-11-08 17:14:48,2025-11-22 16:14:45,3,0,98861A,LOTECisdera,F & W,Texas - Region 5,United States
311,90,28,62,28,62,2026-02-21 22:44:44,2026-03-07 20:08:26,10,0,13777X,Power-Drive,Power-Drive,California - Region 2,United States
312,90,28,62,28,62,2026-03-01 16:32:19,2026-03-01 15:36:16,0,0,839X,// Caution Tape //,Caution Tape Robotics ////,Ontario,Canada
313,90,20,70,20,70,2026-02-28 01:21:08,2026-02-28 00:48:41,55,0,79298F,Fusion,Altona Middle School,Colorado,United States
314,90,20,70,20,70,2026-03-13 23:23:01,2026-03-13 23:34:52,45,10,16334B,CrossBots MS,CROSSPOINTE PREPARATORY,Arkansas,United States
315,90,20,70,20,70,2026-02-14 15:35:19,2026-03-04 19:34:57,54,0,41120A,Legendary Pickles,ZANESVILLE MIDDLE SCHOOL,Ohio,United States
316,90,15,75,15,75,2025-11-15 15:56:57,2026-02-14 18:07:28,59,0,4886B,Bepé,Thetford Academy,New Hampshire/Vermont,United States
317,90,15,75,15,75,2026-02-07 18:53:21,2026-03-07 18:37:26,54,0,28006D,Voltrix,NextGen Robotics Association,Texas - Region 5,United States
318,89,32,57,32,63,2025-12-11 11:44:45,2026-01-03 10:21:15,28,1,35993B,The Rockys 2,IGS Rockenhausen,Germany,Germany
319,89,27,62,27,62,2026-02-21 18:18:39,2026-02-20 22:18:31,0,0,38A,Shredder,CRANBROOK SCHOOLS,Michigan,United States
320,89,15,74,20,74,2026-02-08 11:24:02,2026-02-28 09:14:54,58,0,20785Z,Zenith,Queen Elizabeth's School,United Kingdom,United Kingdom
321,89,20,69,20,69,2026-03-01 16:39:18,2026-03-01 15:23:45,51,0,10102Y,[Vinci] Afterimage,iSTEAM Academy,Massachusetts,United States
322,89,16,73,20,73,2026-01-17 19:40:32,2026-03-07 14:54:30,54,0,6756X,Flying Pigs,Flying Pigs,Virginia,United States
323,89,20,69,20,69,2026-02-28 21:29:07,2026-02-28 21:16:50,0,0,77360J,Middlecat3,ONALASKA JR/SR HIGH,Texas - Region 3,United States
324,89,15,74,15,74,2026-03-08 21:48:45,2026-03-07 23:30:18,59,0,886A,ARPW | WPRA,Western Pacific Robotics Academy,British Columbia (BC),Canada
325,89,15,74,15,74,2026-01-17 16:32:41,2026-03-14 15:12:56,57,0,64410A,STEM SQUAD Robotics (A),HOWARD D. MCMILLAN MIDDLE SCHOOL,Florida - South,United States
326,88,30,58,30,58,2026-03-06 21:24:43,2026-03-06 16:15:41,23,0,13056A,Digital Destroyers,ROYALTON MIDDLE SCHOOL,Minnesota,United States
327,88,27,61,27,61,2026-01-31 19:55:21,2026-01-31 20:16:16,0,0,7899E,Rolling Robots E-Vengers,Rolling Robots,California - Region 4,United States
328,88,26,62,26,62,2026-03-07 21:41:49,2026-03-08 17:20:09,19,0,3730T,ten pen pen,Private,California - Region 2,United States
329,88,20,68,20,68,2026-02-21 20:49:42,2026-02-21 19:20:41,57,0,98548S,Saber,Bear River High School,Utah,United States
330,88,20,68,20,68,2026-02-14 18:08:40,2026-02-14 20:55:16,0,0,462A,HWR Arrival,HARVARD-WESTLAKE,California - Region 4,United States
331,87,28,59,28,59,2025-10-25 12:03:15,2025-10-25 04:14:05,0,0,8192A,Shanghai Huangpu A,Shanghai Huangpu Teenagers S&T Activity Center,East China,China
332,87,24,63,26,63,2026-01-17 15:51:37,2026-02-28 02:27:32,0,0,21352A,Vexterminator,Tointon Academy of Pre-Engineering,Colorado,United States
333,87,23,64,23,64,2026-01-24 03:30:46,2026-01-23 06:59:16,32,0,3668A,Sentient Robotics Club - Max Energy,Macau Artificial Intelligence Education Center,Macau,Macau
334,87,20,67,20,82,2025-12-13 19:16:41,2026-02-08 17:01:32,0,0,16699X,Overclock MS,Overclock Robotics,New York-South,United States
335,87,15,72,15,72,2026-01-06 08:09:20,2026-01-06 08:13:30,0,0,54011A,54011A,Dulwich College Shanghai Pudong,East China,China
336,87,15,72,15,72,2026-03-01 16:46:21,2026-02-28 18:54:24,0,0,7700N,Rolling Robots Noodle Fish,Rolling Robots,California - Region 4,United States
337,87,13,74,13,74,2026-02-21 21:54:11,2026-02-21 01:41:10,0,0,3168H,Tankbots,Skywalker Robotics,New Zealand,New Zealand
338,86,53,33,53,33,2025-12-05 05:16:59,2025-12-05 08:32:47,0,0,10127X,杭州市建兰中学,杭州市建兰中学,East China,China
339,86,29,57,29,57,2026-02-28 15:15:37,2026-02-28 01:23:17,0,0,7481C,Rodeo,LEAGUE CITY INT,Texas - Region 3,United States
340,86,28,58,28,58,2026-03-07 21:05:00,2026-03-07 21:59:59,0,0,938D,Blaze Dynamite,Blaze Robotics Academy,Washington,United States
341,86,21,65,21,65,2026-01-17 04:51:49,2026-01-17 05:20:26,0,0,65404E,SAS - Enigma,Singapore American School - Middle School Division,Singapore,Singapore
342,86,20,66,20,72,2026-02-28 16:47:57,2025-12-13 18:00:30,56,0,58399A,Velocity Vortex,Velocity Vortex,Massachusetts,United States
343,86,16,70,20,75,2025-11-22 16:42:56,2026-02-21 15:38:24,55,0,30518D,Dark Matter,NORTH GWINNETT MIDDLE SCHOOL,Georgia,United States
344,86,18,68,18,68,2026-02-10 08:12:47,2026-02-10 08:19:58,0,0,2052C,Transformers,vex学苑苏州人民路校区,East China,China
345,86,15,71,15,71,2026-02-06 06:56:19,2026-02-06 08:47:28,53,4,4275H,CCK Hero,CMA Choi Cheung Kok Secondary School,Hong Kong,Hong Kong
346,85,43,42,43,67,2025-10-25 09:06:01,2026-02-03 07:32:27,0,0,12985A,12985A,上海建平地杰中学,East China,China
347,85,43,42,43,60,2026-03-05 16:14:27,2026-02-03 22:56:22,8,0,67410E,Exothermic Prunners,PICKERINGTON RIDGEVIEW JUNIOR HIGH SCHOOL,Ohio,United States
348,85,39,46,39,48,2026-03-07 17:53:32,2025-12-30 00:52:07,0,0,3303H,Dublin Robotics Hubble,Robolabs Fremont,California - Region 2,United States
349,85,31,54,31,54,2026-01-24 03:21:55,2026-01-23 03:56:06,1,2,85301S,Serendipitous Lemons,The International School of Macao,Macau,Macau
350,85,12,73,21,73,2026-02-16 01:38:11,2026-03-08 17:28:27,0,0,82777C,Coin Toss,Magikid Cupertino Robotics Lab,California - Region 2,United States
351,85,20,65,20,65,2026-02-14 18:44:34,2026-02-14 17:49:41,52,0,938T,Blaze Robotics Qubits,Blaze Robotics Academy,Washington,United States
352,85,20,65,20,65,2026-02-03 05:31:07,2026-02-02 07:53:18,0,0,71030X,PNP-X,PNP studio,South China,China
353,85,12,73,12,73,2025-11-23 02:18:39,2025-11-22 09:37:46,0,0,62024A,Panda Robotics,Panda Robotics,Vietnam,Vietnam
354,84,46,38,46,42,2026-02-21 20:12:12,2026-02-07 21:32:35,0,8,34835Y,QBot,THE GIRLS MIDDLE SCHOOL,California - Region 2,United States
355,84,37,47,37,47,2025-08-23 07:43:18,2025-08-22 10:38:22,0,0,1677Z,宁波鄞州赫德实验学校,宁波鄞州赫德实验学校,East China,China
356,84,31,53,31,53,2026-02-14 15:54:07,2026-02-13 21:49:08,35,0,9773C,Phaze,The Lab Robotics,North Carolina,United States
357,84,25,59,25,59,2026-01-02 05:26:35,2026-01-01 05:09:25,0,0,3359B,Team 2 of Hangzhou Entel Foreign Language School,Hangzhou Entel Foreign Language School,East China,China
358,84,21,63,23,63,2026-01-02 16:58:19,2026-03-05 17:22:28,0,0,45432R,Aardvark Assassins,Beavercreek Robotics Club,Ohio,United States
359,84,9,75,20,75,2026-01-17 15:49:37,2026-03-07 00:26:03,0,0,1028K,Locked In,Brownell Talbot College Preparatory School,Nebraska,United States
360,84,15,69,20,69,2026-01-25 18:16:54,2026-03-07 22:57:11,0,0,886X,Xtra Fries | WPRA,Western Pacific Robotics Academy,British Columbia (BC),Canada
361,83,46,37,46,62,2025-10-05 07:08:41,2026-02-03 01:27:09,0,0,12808Z,新疆生产建设兵团第二中学Z队,新疆生产建设兵团第二中学,West China,China
362,83,39,44,39,44,2025-08-23 05:42:51,2025-08-22 10:30:17,0,0,1633X,宁波市鄞州区钟公庙第二初级中学,宁波市鄞州区钟公庙第二初级中学,East China,China
363,83,30,53,30,53,2025-10-25 08:51:12,2025-10-25 11:22:32,0,0,88825C,Artificial Unintelligence,Shanghai Koller Foreign Language School,East China,China
364,83,20,63,20,63,2026-02-13 19:47:56,2025-12-06 18:13:48,58,0,9364X,Iron Eagles - Xtra-Fries,Brentwood Academy,Tennessee,United States
365,83,15,68,20,68,2025-11-22 14:15:50,2026-02-28 10:17:41,50,0,10478C,Error 404,Greig City Academy,United Kingdom,United Kingdom
366,83,15,68,17,68,2025-08-23 09:04:39,2026-01-02 05:19:33,0,0,98868A,突破点,江西师范大学附属中学滨江校区,Middle China,China
367,83,15,68,15,68,2026-03-07 19:12:35,2026-02-07 13:34:24,59,6,47258A,All Geared Up!,Beck International Academy,South Carolina,United States
368,83,15,68,15,68,2026-01-31 18:42:29,2026-02-28 02:00:13,60,4,47510B,The Big Bananas,"Robotics Edge, LLC.",Arizona,United States
369,83,15,68,15,68,2026-03-07 15:28:33,2026-03-08 13:42:43,58,0,12350C,Celsius,LAKE RIDGE MIDDLE,Virginia,United States
370,83,15,68,15,68,2026-01-17 08:20:41,2026-01-17 08:01:29,56,0,81819C,The Mechanical Oratrice,Innovac Makerspace,Singapore,Singapore
371,83,12,71,15,71,2026-01-10 19:20:31,2026-03-01 17:36:47,52,0,3407R,Redemption,Tustin Area Robotics,California - Region 4,United States
372,82,33,49,38,49,2026-02-07 15:59:34,2026-02-28 01:37:57,0,0,57783A,Skrewd Up (MS),SPEARFISH MIDDLE SCHOOL - 05,South Dakota,United States
373,82,20,62,20,62,2026-01-31 17:50:25,2026-01-31 19:21:25,55,0,6722C,Pioneer Wildcats - Calypso,Pioneer Middle School,California - Region 4,United States
374,82,12,70,15,70,2025-07-29 08:40:04,2025-10-26 02:29:48,0,0,57000U,"Beijing 57 High School Team ",Beijing No57 High School,North China,China
375,82,15,67,15,67,2026-01-31 15:09:40,2026-03-14 17:07:16,16,0,6293D,CROCS  - Team D,PINECREST ACADEMY CHARTER MIDDLE SCHOOL,Florida - South,United States
376,82,4,78,4,78,2026-02-26 08:46:17,2026-02-26 09:02:33,32,0,98060A,Jing’an-1静安区少年宫,Shanghai Jing’an Children’s Palace,East China,China
377,81,27,54,33,54,2026-02-07 18:02:44,2026-03-13 23:03:41,0,0,6842U,Underscore,PARK TUDOR SCHOOL,Indiana - Region 2 - Central,United States
378,81,29,52,29,54,2026-02-28 20:48:58,2026-03-14 00:07:53,0,0,61542P,Techno Trash Pandas,Robo Dojo,Tennessee,United States
379,81,28,53,28,53,2025-12-06 03:13:52,2025-12-06 23:05:11,0,0,79419N,Golden Turtles,Carey Baptist College,Australia,Australia
380,81,26,55,27,55,2026-02-28 20:34:24,2026-03-13 23:48:30,0,0,65292B,Ctrl+Alt+Elite,Central Middle School,Oklahoma,United States
381,81,25,56,25,56,2025-10-04 05:50:33,2025-10-04 05:55:25,0,0,56787C,FuZhou NO.1 MS& PingDong MS,FuZhou NO.1& PingDong MS,South China,China
382,81,12,69,22,69,2026-02-14 20:28:22,2026-03-13 21:32:09,0,0,51174C,The Autobots: Code Blue,WEST COLLIERVILLE MIDDLE SCHOOL,Tennessee,United States
383,81,21,60,21,60,2026-03-07 20:09:21,2026-03-07 16:33:17,0,0,938C,Blaze Robotics Qubits,Blaze Robotics Academy,Washington,United States
384,81,20,61,20,66,2026-02-14 17:45:24,2026-03-07 18:34:16,55,0,938S,Blaze SubZero,Blaze Robotics Academy,Washington,United States
385,81,20,61,20,61,2026-02-01 20:41:04,2026-02-01 19:20:30,0,0,462Y,HWR Ytterbium,HARVARD-WESTLAKE SCHOOL,California - Region 4,United States
386,81,15,66,15,66,2026-01-31 22:02:29,2026-01-31 22:56:10,45,0,13465Z,IRA - Crescendo,Garage Team,California - Region 2,United States
387,81,15,66,15,66,2026-01-31 19:47:19,2026-01-31 18:56:57,0,0,1688X,Team X,Jedi Order,British Columbia (BC),Canada
388,80,38,42,38,46,2026-01-31 17:37:36,2026-03-08 16:39:02,0,0,34835Z,Colon Closing Parenthesis,THE GIRLS MIDDLE SCHOOL,California - Region 2,United States
389,80,37,43,37,67,2025-12-20 03:00:49,2025-11-23 02:24:34,0,0,62024N,Panda Robotics,Panda Robotics,Vietnam,Vietnam
390,80,29,51,29,54,2026-03-01 17:00:27,2025-12-13 19:25:00,0,0,2822A,Spartan Design Leonidas,Stauffer (Mary. R.) Middle School,California - Region 4,United States
391,80,28,52,28,52,2025-11-23 02:35:34,2025-11-23 02:11:03,0,0,27908V,LSTS SINGULARITY,Lawrence S.Ting School,Vietnam,Vietnam
392,80,28,52,28,52,2026-01-17 14:10:33,2026-01-17 18:29:00,0,0,32285D,Force Feeders,Hudsonville Christian School,Michigan,United States
393,80,26,54,26,57,2026-03-07 15:22:58,2026-01-10 16:20:14,0,0,9089B,Infinite Gear Ratio,BrandywineBOTS,Delmarva,United States
394,80,12,68,21,68,2025-12-30 01:16:17,2026-03-08 19:19:35,2,0,95070E,Redwood Robotics,Redwood PTA,California - Region 2,United States
395,80,20,60,20,61,2026-03-07 21:30:51,2026-02-07 16:32:35,56,0,76412H,Robo-Jackets,HENRY SCOTT MIDDLE,Texas - Region 5,United States
396,80,15,65,20,65,2026-01-11 19:40:52,2026-03-10 15:27:26,0,0,26003A,Lil' George,SHERRARD MIDDLE SCHOOL,West Virginia,United States
397,80,20,60,20,60,2026-02-15 19:41:05,2026-02-15 19:45:00,0,0,1037M,Molokai Robotics,MOLOKAI HIGH SCHOOL,Hawaii,United States
398,80,4,76,5,76,2026-01-06 08:17:51,2026-02-26 08:58:19,0,0,98060T,Jing’an-6静安区少年宫,Shanghai Jing’an Children’s Palace,East China,China
399,79,36,43,36,43,2026-01-24 03:46:23,2026-01-24 03:52:43,0,0,21533T,Thunderbots,Pitogo High School,Philippines,Philippines
400,79,31,48,31,48,2026-02-19 00:54:23,2026-02-19 01:32:47,12,0,938V,Blaze Velocity,Blaze Robotics Academy,Washington,United States
401,79,27,52,27,52,2026-02-22 16:33:46,2026-02-22 16:23:47,2,4,2390A,Nautical Nuts,Nebo Robotics,Indiana - Region 3 - South,United States
402,79,5,74,25,74,2026-01-24 02:09:47,2026-01-24 16:26:12,0,0,62880B,C2C -  Burnt Potatoes,Coast 2 Coast Robotics,New York-South,United States
403,79,20,59,20,59,2026-03-01 16:08:05,2026-03-01 16:24:44,57,3,10909Z,× EXCEED × GOLDEN CARROTS ×,Exceed Robotics,Ontario,Canada
404,79,20,59,20,59,2026-01-31 16:52:48,2026-01-31 17:06:07,55,0,10301C,The Blue Jays,DOTY MIDDLE,California - Region 4,United States
405,79,16,63,20,63,2025-12-21 16:09:11,2026-03-01 14:54:23,56,0,9791C,WalshBots - Cheese and Quackers,WALSH MIDDLE SCHOOL,Massachusetts,United States
406,79,5,74,20,74,2026-01-17 19:09:37,2026-03-08 01:43:40,53,0,886N,Nineball | WPRA,Western Pacific Robotics Academy,British Columbia (BC),Canada
407,79,20,59,20,59,2026-03-07 17:17:55,2026-03-07 19:20:55,0,0,3028Y,Owlbots,TAG IN PLEASANT GROVE,Texas - Region 2,United States
408,79,18,61,18,61,2025-11-07 06:27:48,2025-11-07 06:05:39,0,0,56789S,Fuzhou PingShan & QianTang RuanJianYuan ES,Fu Zhou PingShan&WuShan&QianTang,South China,China
409,79,17,62,17,62,2026-01-31 16:09:08,2026-01-31 16:42:59,5,0,39792K,KILO Aviators,ACADEMY FOR INNOVATIVE EDUCATION CHARTER SCHOOL,Florida - South,United States
410,79,15,64,16,64,2026-02-28 17:33:43,2026-02-01 23:53:07,27,0,79298Z,Impact,Altona Middle School,Colorado,United States
411,79,15,64,15,64,2026-03-05 16:39:28,2026-03-04 15:32:46,57,0,41120D,ZMS Robotics,ZANESVILLE MIDDLE SCHOOL,Ohio,United States
412,78,5,73,32,73,2025-10-25 07:03:31,2025-12-19 09:21:11,0,0,71666B,Qi Yi B队,Beijing Qi Yi Primary School,North China,China
413,78,15,63,23,63,2026-02-07 17:49:14,2026-03-07 16:48:27,0,0,938J,Blaze Gearforce,Blaze Robotics Academy,Washington,United States
414,78,22,56,22,56,2026-03-13 22:02:20,2026-03-14 00:09:04,33,0,6062B,Trigger,OOLOGAH-TALALA MIDDLE SCHOOL,Oklahoma,United States
415,78,22,56,22,56,2026-02-21 20:10:41,2026-02-21 20:22:41,0,0,10058C,Genesis Eagles,CORAL ACADEMY OF SCIENCE LAS VEGAS - Cadence,Nevada,United States
416,78,21,57,21,57,2026-03-14 00:28:42,2026-03-13 23:33:30,41,0,57152A,Apollo,CABOT JUNIOR HIGH NORTH,Arkansas,United States
417,78,20,58,20,58,2026-03-10 19:01:24,2026-03-10 15:58:11,53,0,24523A,JAMS - Team A,JOHN ADAMS MIDDLE SCHOOL,West Virginia,United States
418,78,15,63,20,63,2026-02-28 15:47:30,2026-01-24 16:57:48,0,0,3946N,Nexus,Kent Denver School,Colorado,United States
419,78,19,59,19,59,2026-01-17 03:54:39,2026-01-17 03:58:18,0,0,77789C,FA-MDM,Futurum Academy Singapore,Singapore,Singapore
420,78,15,63,15,63,2026-02-21 15:52:10,2026-02-21 17:27:16,57,0,30518C,Cooked,NORTH GWINNETT MIDDLE SCHOOL,Georgia,United States
421,78,12,66,12,66,2025-12-06 08:38:13,2025-12-06 08:28:07,0,0,11112S,Thunderbolts,夸克科学,South China,China
422,78,3,75,3,75,2026-01-02 07:25:10,2026-01-02 07:19:40,0,0,488C,Tencent Dreaming Plan Robot 488C,"Shenzhen Tencent Computer System Co., Ltd.",South China,China
423,77,41,36,41,36,2025-12-05 09:17:30,2025-12-06 02:29:16,0,0,10017A,中国杭州低碳科技馆,China Hangzhou Low-Carbon Science and Technolo,East China,China
424,77,9,68,29,68,2026-02-28 15:12:39,2026-02-14 21:57:17,0,0,33111A,Robot Mastery,Robot Mastery,Texas - Region 3,United States
425,77,28,49,28,49,2026-02-21 15:23:00,2026-02-07 19:17:39,0,10,65292D,Loose Chain,Central Middle School,Oklahoma,United States
426,77,24,53,24,53,2026-03-04 19:29:00,2026-03-04 20:44:14,0,0,98992A,Anonymous,Milford Robotics,Ohio,United States
427,77,22,55,22,55,2026-03-13 18:37:15,2026-03-14 14:05:00,1,0,18000G,Iron Patriots- Throwback,Sullivan East Middle School,Tennessee,United States
428,77,6,71,20,71,2026-02-16 00:00:34,2026-03-08 17:17:44,55,0,9181D,Donatello,Seaquam Secondary,British Columbia (BC),Canada
429,77,20,57,20,57,2026-02-15 22:00:42,2026-02-15 21:04:24,0,0,4400X,RoboVoyagers,KAIMUKI MIDDLE SCHOOL,Hawaii,United States
430,77,20,57,20,57,2026-03-13 22:44:28,2026-03-13 21:58:08,0,0,2568J,Porta-Botz! Jelly Roll,Portage Middle School,Indiana - Region 1 - North,United States
431,77,17,60,17,60,2026-03-14 18:11:19,2026-03-13 21:27:45,27,0,7368W,CCHS Intersteller,Covenant Christian High School,Indiana - Region 2 - Central,United States
432,77,15,62,15,62,2026-01-17 00:48:10,2026-02-28 21:17:53,54,0,61542X,Robo Dojo,Robo Dojo,Tennessee,United States
433,77,15,62,15,62,2026-01-25 22:25:15,2026-01-25 19:48:06,0,0,92821A,Titan A,WEL Education Group,California - Region 4,United States
434,76,32,44,32,44,2026-03-15 20:01:56,2026-03-15 17:40:17,0,0,18204G,SCS Gold,Stockdale Christian School,California - Region 3,United States
435,76,26,50,26,50,2025-10-06 02:19:17,2025-10-06 07:22:32,0,0,8009Z,八一战队,北京市八一学校保定分校,North China,China
436,76,19,57,19,57,2026-01-24 18:18:41,2026-01-24 16:44:04,0,0,58427C,Cyber Dragon,Cyber Dragon,Maryland,United States
437,76,15,61,15,61,2026-02-21 19:33:39,2026-02-21 15:02:04,57,0,87422A,Access_Denied,JONES MIDDLE SCHOOL,Georgia,United States
438,76,15,61,15,61,2026-01-10 19:09:25,2026-03-07 19:42:56,57,0,14Y,Y are we here?,Marsteller Middle School,Virginia,United States
439,76,15,61,15,61,2026-02-08 17:11:24,2025-11-22 15:51:30,60,0,38X,Absolute Zero,CRANBROOK SCHOOLS,Michigan,United States
440,76,15,61,15,66,2025-12-06 06:48:50,2026-02-02 07:44:18,0,0,88111A,88111A,上海宋庆龄学校,East China,China
441,76,13,63,13,63,2026-02-21 01:11:00,2026-02-21 21:04:23,0,0,22020C,Pixel,Kidwe Lab,New Zealand,New Zealand
442,75,32,43,32,51,2025-12-19 06:06:46,2026-01-01 05:39:28,0,0,29777A,Eclipse Pulse,上海市曹杨二中学附属学校,East China,China
443,75,26,49,26,49,2025-11-07 16:59:54,2025-11-07 20:50:04,0,0,673B,Silver Chariots,EAST VALLEY MIDDLE SCHOOL,Idaho,United States
444,75,23,52,23,62,2025-12-19 06:51:30,2026-02-02 07:32:36,0,0,7262Y,中国人民大学附属中学,The High School Affiliated to Renmin University of China,North China,China
445,75,23,52,23,52,2026-03-06 16:35:25,2026-03-06 21:13:34,0,0,81101C,Chaos,Mankato West Robotics,Minnesota,United States
446,75,20,55,20,55,2026-03-01 15:49:12,2026-02-28 15:46:28,57,0,35075X,[BHr] Latin Long Block,BELMONT HILL SCHOOL,Massachusetts,United States
447,75,20,55,20,55,2026-02-07 19:38:46,2026-02-28 00:45:20,58,0,79298M,Tums,Altona Middle School,Colorado,United States
448,75,17,58,20,58,2026-03-14 13:52:51,2026-02-07 17:19:01,0,0,57711M,G Money,Alchemy Global STEM Institute,Tennessee,United States
449,75,20,55,20,55,2026-01-31 21:30:54,2026-01-31 20:39:23,0,0,35016X,(AERO) Chopbotix,ARAB JUNIOR HIGH SCHOOL,Alabama,United States
450,75,15,60,15,60,2025-12-20 18:25:05,2026-02-28 17:16:07,58,0,2885K,Sleep Deprived,Next Robotics,Alberta/Saskatchewan,Canada
451,75,15,60,15,60,2025-11-08 15:11:12,2026-02-07 19:46:22,58,0,25918X,Tin Clanker,Christa Mcauliffe Academy,Kansas,United States
452,75,0,75,15,75,2026-02-21 22:31:29,2026-03-07 22:11:31,0,0,3134E,Robolabs Explorer,RLS,California - Region 2,United States
453,75,14,61,14,61,2026-01-17 03:03:14,2026-01-17 01:37:42,44,0,86254X,眀日香襲擊,Capmi,Hong Kong,Hong Kong
454,74,40,34,40,41,2025-11-15 03:54:13,2025-12-06 09:01:14,0,0,1388W,重庆南开（融侨）中学校,重庆南开（融侨）中学校,West China,China
455,74,29,45,29,45,2026-03-07 16:58:04,2026-03-07 17:02:54,0,0,16689Z,Dracobots/Zenith Star,Dracobots,Oregon,United States
456,74,27,47,27,47,2026-01-31 16:36:31,2026-01-31 16:44:20,0,0,64410D,STEM Squad Robotics (D),HOWARD D. MCMILLAN MIDDLE SCHOOL,Florida - South,United States
457,74,11,63,20,63,2025-12-06 18:26:28,2026-02-20 22:22:23,57,0,18279A,Get Back 2 Work,Independent,Michigan,United States
458,74,0,74,18,74,2025-10-06 04:00:46,2026-02-02 07:22:58,5,0,12466A,Lucky Koi,DALIAN GEZHI MIDDLE SCHOOL,North China,China
459,74,15,59,15,59,2025-09-06 01:38:01,2025-12-05 23:40:36,60,5,63331A,Ryde Secondary,Ryde Secondary College,Australia,Australia
460,74,15,59,15,59,2026-01-11 19:43:26,2026-02-01 19:13:13,59,0,7899C,Rolling Robots - Cataclysm,Rolling Robots,California - Region 4,United States
461,74,8,66,8,66,2025-10-05 06:30:52,2025-10-05 05:11:36,0,1,3023V,New Start Robotics Team 3023V,Nsw Start Robotics,North China,China
462,73,28,45,33,52,2026-01-31 16:53:40,2026-03-14 15:07:54,0,0,63544B,TKA Robotics,The King's Academy,Florida - South,United States
463,73,21,52,21,52,2026-02-15 21:49:26,2026-02-15 21:30:09,42,0,23696A,The Eagles,Washington Middle School,Hawaii,United States
464,73,20,53,20,53,2026-03-14 14:50:48,2026-03-14 18:08:05,57,0,491C,91' Chevrolet Camaro RS,PIONEER JR-SR HIGH SCHOOL,Indiana - Region 1 - North,United States
465,73,20,53,20,53,2026-02-06 08:53:30,2026-02-06 07:56:25,56,0,4815C,CPC TEAM C,WEO CHANG PUI CHUNG MEMORIAL SCHOOL,Hong Kong,Hong Kong
466,73,20,53,20,72,2026-01-10 22:40:55,2026-02-28 21:36:38,55,0,221T,Tyrants,Westwood Community High School,Alberta/Saskatchewan,Canada
467,73,20,53,20,53,2026-03-01 01:10:00,2026-03-01 19:50:54,55,0,68689V,Ixekizumab,BP STEM Academy,California - Region 4,United States
468,73,20,53,20,53,2026-01-23 07:20:17,2026-01-23 07:18:13,32,0,22200A,Lee Park Lee il,LogandSteam,South Korea,"Korea, Republic of"
469,73,20,53,20,53,2026-02-21 20:52:20,2026-02-21 21:25:24,16,0,66957X,TuringBots - Granite,Folsom-Rocklin HS Students,California - Region 2,United States
470,73,20,53,20,53,2026-01-10 18:15:46,2026-02-28 22:27:43,57,0,462M,Wolverines,HARVARD-WESTLAKE,California - Region 4,United States
471,73,20,53,20,53,2026-03-08 13:13:28,2026-03-08 01:04:19,0,0,99766F,ThunderGear,North Kirkwood Middle School,Missouri,United States
472,73,19,54,19,57,2025-08-22 09:55:58,2026-01-02 06:33:48,8,0,61103Y,杭州狄邦文理学校,Hangzhou Dipont School of Arts and Science,East China,China
473,73,15,58,15,58,2026-01-17 02:01:04,2026-01-17 02:10:06,55,0,8059F,Blank.,Anglo-Chinese School (Independent),Singapore,Singapore
474,73,15,58,15,58,2026-02-15 21:27:09,2026-01-10 18:25:09,59,0,96789S,Mecha Force,Mililani Mechs Robotics,Hawaii,United States
475,73,11,62,15,62,2026-02-11 00:49:40,2026-03-07 19:01:38,0,0,7784S,C-Bots Blue OX,CAVELERO MID HIGH SCHOOL,Washington,United States
476,73,15,58,15,58,2026-01-01 05:12:47,2026-01-02 01:56:20,0,0,6386A,KL-Kylin,Kids Life Children's Programming & Robot Club,South China,China
477,73,15,58,15,58,2026-03-07 01:01:58,2026-03-06 23:14:41,0,0,1028H,Clankers,Brownell Talbot College Preparatory School,Nebraska,United States
478,73,9,64,9,64,2025-10-04 04:02:44,2025-10-04 06:37:04,0,0,56333Z,Fuzhou Team,Fu Zhou No.19& PingDong MS,South China,China
479,73,0,73,0,73,,2026-02-03 05:27:32,0,0,3328B,"Light-Year  B ",Beijing Light-Year Traverse,North China,China
480,72,30,42,30,42,2026-02-28 20:53:38,2026-02-28 15:52:28,0,0,99008S,E-Knights,Chill Robotics,Texas - Region 4,United States
481,72,28,44,28,44,2026-02-08 09:05:40,2026-02-08 09:28:40,0,0,13176B,JeegRobot,Smilebots Academy,Switzerland,Switzerland
482,72,26,46,26,49,2026-02-28 21:54:26,2026-02-07 15:55:09,0,0,28466T,Those Guys,SPRINGS STUDIO FOR ACADEMIC EXCELLENCE,Colorado,United States
483,72,20,52,25,52,2026-03-06 14:24:04,2026-02-07 18:30:11,0,0,51191C,Keps Nut Consumers,Level Up Robots,Kansas,United States
484,72,22,50,22,50,2025-10-04 03:19:35,2025-10-04 03:07:38,0,0,23456V,机甲王Mecha King,Fuzhou No. 10 Middle School Create Future Robot,South China,China
485,72,20,52,20,52,2025-11-22 19:51:32,2025-11-22 17:43:24,58,0,10012X,Ten Ton Robotics,West Vancouver School District,British Columbia (BC),Canada
486,72,15,57,20,57,2026-02-21 19:22:40,2026-03-04 21:18:44,0,0,2011S,Sandwich Mafia,BRECKSVILLE-BROADVIEW HEIGHTS MIDDLE SCHOOL,Ohio,United States
487,72,5,67,18,67,2025-11-08 05:09:52,2025-12-05 09:58:43,0,0,13322A,sim,先锋实验室,South China,China
488,72,15,57,15,68,2025-12-06 23:30:54,2025-11-09 03:53:37,59,0,93601A,Reheated Polar Monkeys,Shore,Australia,Australia
489,72,15,57,15,57,2026-01-31 17:20:51,2026-01-31 17:04:13,57,0,34532C,Dragon Robotics,PINECREST GLADES PREPARATORY ACADEMY MIDDLE HIGH SCHOOL,Florida - South,United States
490,72,15,57,15,57,2026-02-28 15:09:23,2026-02-28 01:11:44,0,0,88077A,FutureTech,FutureTech,Texas - Region 3,United States
491,71,15,56,30,60,2026-01-31 17:14:17,2026-02-28 17:06:28,0,0,221J,Jett,Westwood Community High School,Alberta/Saskatchewan,Canada
492,71,29,42,29,42,2026-03-15 19:56:36,2026-03-15 01:06:33,6,0,18204B,SCS Blue,Stockdale Christian School,California - Region 3,United States
493,71,25,46,25,46,2026-02-04 08:00:38,2026-02-04 06:59:38,0,0,66009B,Jawatha Fighters,Jawatha Private Schools,Saudi Arabia,Saudi Arabia
494,71,20,51,24,55,2026-02-28 21:05:32,2026-02-07 19:15:29,28,0,71458A,Mustachios,Lakeway Robotics,Texas - Region 4,United States
495,71,16,55,16,55,2026-02-28 11:07:32,2026-02-28 12:39:29,0,3,39475K,RGS Robo Kai 10,The Royal Grammar School Newcastle Upon Tyne,United Kingdom,United Kingdom
496,71,15,56,15,56,2026-02-28 15:15:25,2026-02-28 15:21:05,59,0,47126A,I Can't Say It Out Loud,HENRYVILLE JR & SR HIGH SCHOOL,Indiana - Region 3 - South,United States
497,71,15,56,15,56,2026-03-04 18:55:10,2026-03-04 18:50:50,59,0,98992B,Banana Bandits,Milford Robotics,Ohio,United States
498,71,15,56,15,65,2026-02-07 19:25:25,2026-02-14 22:05:00,40,0,19109M,UTS Circuit Breakers,University of Toronto Schools,Ontario,Canada
499,71,14,57,14,57,2025-11-15 08:01:24,2025-11-15 05:22:10,0,0,2783B,TIEYI MS,XIAN TIEYI MS,West China,China
500,70,29,41,29,42,2025-11-07 16:57:09,2026-02-27 01:41:04,0,3,673F,Angry Apes,EAST VALLEY MIDDLE SCHOOL,Idaho,United States
501,70,27,43,27,44,2026-03-15 16:52:14,2026-02-28 15:33:55,0,0,83561A,Clovers,Penn State Extension/Chester County 4-H Program,Pennsylvania - East,United States
502,70,25,45,25,45,2025-12-06 15:24:08,2025-12-06 16:09:09,30,0,8860C,Uber Eats,Hudsonville Robotics - Baldwin MS,Michigan,United States
503,70,15,55,20,55,2026-01-24 23:44:26,2026-02-15 23:29:56,55,0,4400A,RoboVoyagers,KAIMUKI MIDDLE SCHOOL,Hawaii,United States
504,70,20,50,20,50,2026-02-27 17:18:47,2026-02-27 14:46:36,58,0,10743A,Cognition,City of London School,United Kingdom,United Kingdom
505,70,20,50,20,52,2026-01-31 19:23:09,2026-03-01 19:47:37,55,0,10301A,Rainstorm,DOTY MIDDLE,California - Region 4,United States
506,70,20,50,20,50,2026-03-07 18:16:49,2026-03-07 18:22:49,50,0,76412F,Chaos,HENRY SCOTT MIDDLE,Texas - Region 5,United States
507,70,20,50,20,50,2026-03-14 00:20:05,2026-03-14 13:35:02,25,0,72801D,Innovative Dollar,RUSSELLVILLE JR. HIGH SCHOOL,Arkansas,United States
508,70,20,50,20,50,2026-03-05 17:31:51,2026-03-04 21:51:38,0,0,9185B,Banana Boys,BELLEFONTAINE MIDDLE SCHOOL,Ohio,United States
509,70,20,50,20,50,2026-03-14 20:06:50,2026-03-14 00:37:47,0,0,84260C,RipTide,Cabot High School,Arkansas,United States
510,70,17,53,17,53,2026-01-15 21:51:27,2026-01-15 12:07:58,0,0,2252H,CIMATEC,CIMATEC,Puerto Rico,Puerto Rico
511,70,15,55,15,55,2026-02-07 19:07:37,2026-03-08 00:01:21,58,0,61526C,ST Therese Robotics,ST THERESE SCHOOL,Missouri,United States
512,70,5,65,15,65,2026-01-31 17:33:54,2026-03-01 17:35:23,58,0,2822C,Spartan Design Capabaras,STAUFFER (MARY R.) MIDDLE,California - Region 4,United States
513,70,13,57,15,57,2026-01-28 22:09:00,2026-03-08 12:55:02,58,0,2145W,Pink Squishee Unicorns,Pink Unicorns,Virginia,United States
514,70,15,55,15,55,2026-02-01 18:21:16,2026-02-01 21:08:32,0,0,20315B,Marcelline B,Collège Sainte-Marcelline,Quebec,Canada
515,70,15,55,15,55,2026-02-21 22:24:00,2026-02-21 18:16:26,0,0,3303W,Dublin Robotics Wyvern,Dublin Robotics Club,California - Region 2,United States
516,70,7,63,9,63,2026-02-10 08:36:57,2026-01-07 09:08:59,47,0,29088F,DEMO-ROBOT TEAM 4,DEMO ROBOTICS,East China,China
517,69,33,36,33,36,2026-03-08 19:03:42,2026-03-07 20:26:21,1,0,24500D,CCRMS Lions,RAVENSWOOD MIDDLE,California - Region 2,United States
518,69,25,44,25,44,2026-03-10 18:16:17,2026-03-10 13:59:45,30,0,8330P,The Poison Dart Frogs,Westwood Competition Robotics,West Virginia,United States
519,69,21,48,21,48,2026-02-28 21:15:46,2026-02-28 18:03:40,0,0,99195B,Cosmic Electrons,Sujay Sanghavi,Texas - Region 4,United States
520,69,20,49,20,49,2026-02-14 15:13:58,2026-01-28 18:31:10,58,0,79163P,Alliance Partner,North Clarion Co Jshs,Pennsylvania - West,United States
521,69,20,49,20,49,2025-12-14 19:55:55,2026-03-14 18:00:00,53,5,1089E,Electric Forge,Forge Robotics,Pennsylvania - East,United States
522,69,15,54,20,54,2026-01-11 17:45:48,2026-02-28 18:38:08,54,0,462S,Wolverines,HARVARD-WESTLAKE SCHOOL,California - Region 4,United States
523,69,20,49,20,49,2026-02-23 15:11:12,2026-02-23 17:24:10,0,0,77774R,Wrench Monkeys,Madison Middle School,Mississippi,United States
524,69,20,49,20,49,2026-03-07 22:15:42,2026-03-08 20:24:51,0,0,9181X,Xenon,Seaquam Secondary,British Columbia (BC),Canada
525,69,15,54,15,54,2026-02-28 17:13:42,2026-01-17 19:02:07,60,0,79298P,Phenomenums,Altona Middle School,Colorado,United States
526,69,15,54,15,54,2026-03-14 13:35:27,2026-03-13 18:39:02,59,0,57711A,Aluminum,Alchemy Global STEM Institute,Tennessee,United States
527,69,15,54,15,54,2026-01-10 17:32:14,2026-02-13 22:44:13,60,0,30518B,Mustard,NORTH GWINNETT MIDDLE SCHOOL,Georgia,United States
528,69,15,54,15,54,2026-01-23 07:29:20,2026-01-23 07:35:34,49,0,3723T,TechnoLogic,Seoul Foreign School,South Korea,"Korea, Republic of"
529,68,29,39,29,39,2026-01-24 18:17:37,2026-01-24 18:16:33,0,0,24500C,CCRMS Lions,RAVENSWOOD MIDDLE,California - Region 2,United States
530,68,28,40,28,40,2025-11-08 11:19:45,2025-11-08 08:57:45,0,0,13322G,Smile,先锋实验室,South China,China
531,68,15,53,27,53,2025-08-27 03:17:30,2025-12-07 00:32:26,33,0,65100F,65100F,"Pymble Ladies College, Sydney, Australia",Australia,Australia
532,68,20,48,20,48,2026-03-07 17:23:23,2026-03-07 21:30:21,54,0,76412J,The Swarm,HENRY SCOTT MIDDLE,Texas - Region 5,United States
533,68,15,53,20,53,2026-01-23 20:09:29,2026-01-10 20:03:08,55,0,66722Y,Operation Yeti,Hartselle Junior High School,Alabama,United States
534,68,20,48,20,48,2026-03-07 23:31:52,2026-03-08 21:38:53,0,0,10012E,Ten Ton Robotics,West Vancouver School District,British Columbia (BC),Canada
535,68,20,48,20,48,2026-03-08 13:33:48,2026-03-08 15:28:51,0,0,13A,ACE,The Potomac School,Virginia,United States
536,68,15,53,15,53,2026-02-07 19:45:11,2026-02-07 18:43:07,59,0,3358X,Gearshift,Wheelhouse Robotics LLC,Texas - Region 5,United States
537,68,15,53,15,53,2026-02-07 20:28:00,2026-02-07 17:12:45,56,0,47969E,Mechanized Metal,PIKE ROAD JR HIGH SCHOOL,Alabama,United States
538,68,15,53,15,53,2026-02-28 16:24:08,2026-02-28 14:58:54,0,0,50853B,Scavengers,ORANGEWOOD CHRISTIAN SCHOOL,Florida - North/Central,United States
539,68,0,68,0,68,2025-11-13 15:59:12,2026-02-28 16:31:58,44,0,54010A,Puck On Wheels,Cyberadelphia,Pennsylvania - East,United States
540,67,29,38,29,39,2026-03-08 17:51:58,2026-02-21 18:07:18,0,0,69955B,Big Hero 6,LADUE MIDDLE,Missouri,United States
541,67,26,41,26,41,2026-03-10 19:41:11,2026-03-10 13:55:50,0,0,26003Y,Loose Screws,SHERRARD MIDDLE SCHOOL,West Virginia,United States
542,67,20,47,20,54,2026-03-14 00:41:01,2026-02-28 19:04:14,58,0,57152C,Kilauea,CABOT JUNIOR HIGH NORTH,Arkansas,United States
543,67,20,47,20,47,2026-02-28 01:03:34,2026-02-27 23:42:09,56,2,38247E,Teletuff Rockers,Bogle Junior High School,Arizona,United States
544,67,20,47,20,47,2025-10-25 23:06:24,2025-12-06 02:39:29,55,0,65100K,Velocity,"Pymble Ladies College, Sydney, Australia",Australia,Australia
545,67,5,62,20,62,2026-01-27 20:43:18,2026-02-28 23:02:31,0,0,10301B,The American Assembly Line,DOTY MIDDLE,California - Region 4,United States
546,67,15,52,20,52,2026-02-21 18:22:45,2026-01-31 19:23:35,0,0,2568Z,Porta-Botz! Zoinks!,Portage Middle School,Indiana - Region 1 - North,United States
547,67,20,47,20,54,2026-01-31 18:48:58,2026-01-27 20:27:07,58,0,9078Z,Zesty Robots,GRIFFITHS MIDDLE,California - Region 4,United States
548,67,15,52,15,52,2025-11-09 03:31:24,2025-11-09 01:41:44,60,0,11337A,Marist College Eastwood,Marist College Eastwood,Australia,Australia
549,67,15,52,15,52,2026-03-14 15:48:37,2026-03-14 14:32:26,0,0,50810G,Loose Screws,CITY/PEMBROKE PINES CHARTER HIGH SCHOOL,Florida - South,United States
550,67,7,60,7,60,2026-01-23 07:48:13,2026-01-23 07:55:26,0,0,3723D,Aces United,Seoul Foreign School,South Korea,"Korea, Republic of"
551,67,6,61,6,61,2025-11-08 11:43:26,2025-11-08 10:50:52,0,0,14273B,ZZH&LYH,QongWolf Studio,South China,China
552,66,24,42,24,42,2026-01-31 15:35:42,2026-01-31 14:38:40,0,0,97435A,Push Pops,PIZITZ MIDDLE SCHOOL,Alabama,United States
553,66,20,46,20,60,2026-01-31 16:44:56,2026-01-27 19:48:44,57,0,9078Y,Super Why!,GRIFFITHS MIDDLE,California - Region 4,United States
554,66,15,51,20,51,2026-03-04 15:54:29,2026-02-14 16:03:45,59,0,99656A,Barnetuckee,BARNESVILLE MIDDLE SCHOOL,Ohio,United States
555,66,15,51,20,51,2025-11-08 19:37:11,2026-03-10 13:31:45,57,0,26003R,Rubber Duckies,SHERRARD MIDDLE SCHOOL,West Virginia,United States
556,66,20,46,20,46,2026-03-04 21:46:42,2026-03-04 20:29:47,51,0,8609A,"Chronus ",Lorain Titans Robotics - Middle School,Ohio,United States
557,66,15,51,20,51,2026-01-31 00:07:35,2026-03-14 14:05:01,0,0,4611S,5 Step : Robot Rev,Robot Revolution,New Jersey,United States
558,66,20,46,20,46,2026-01-31 20:50:44,2026-01-31 20:57:34,0,0,7314A,Rolling Robots - The Seven Pies,Rolling Robots,California - Region 4,United States
559,66,20,46,20,46,2026-03-08 13:01:09,2026-03-07 15:59:19,0,0,3609X,Pickpocket Pandas,RR Robotics,Virginia,United States
560,66,17,49,17,49,2025-12-20 03:08:45,2025-12-20 03:12:45,17,0,71114X,Changping No.1 High School. Beijing,北京市昌平区第一中学,North China,China
561,66,15,51,15,51,2026-03-14 18:03:41,2026-03-15 15:23:21,59,0,99088X,X-tra Fancy Bananas,BEMAN MIDDLE SCHOOL,Connecticut,United States
562,66,15,51,15,51,2026-03-07 19:25:59,2026-03-07 15:11:54,56,0,12350X,X-Bots,LAKE RIDGE MIDDLE,Virginia,United States
563,66,12,54,12,54,2026-02-06 08:51:25,2026-02-06 07:01:40,14,0,3102A,SpaceY,JSTEA,Hong Kong,Hong Kong
564,66,0,66,0,66,2026-01-01 07:36:25,2026-01-02 03:21:38,26,0,3219C,Galactus,Shanghai High School International Division,East China,China
565,65,29,36,29,36,2026-02-07 15:53:13,2026-02-07 15:05:04,0,0,89189X,Thunderbolt,Alex&Max,Quebec,Canada
566,65,25,40,25,40,2026-01-29 00:43:03,2026-01-29 15:04:36,0,0,15486P,The Crash Crew,VISTA SCHOOL,Utah,United States
567,65,25,40,25,40,2026-03-14 12:50:44,2026-03-14 15:43:00,0,0,587Z,Zingbotz,LINCOLN JUNIOR HIGH SCHOOL,Indiana - Region 1 - North,United States
568,65,20,45,21,45,2026-02-21 16:42:20,2025-11-24 01:03:58,0,13,52508A,Short Circuits,Short Circuits Robotics Club,California - Region 2,United States
569,65,20,45,20,45,2026-02-07 17:34:31,2026-02-07 19:38:31,58,14,462B,HWR Ramen,HARVARD-WESTLAKE,California - Region 4,United States
570,65,20,45,20,45,2025-10-24 23:58:24,2025-11-09 03:15:09,57,0,62345A,Brookbotics,Cranbrook School,Australia,Australia
571,65,20,45,20,53,2026-02-28 18:01:49,2026-03-14 14:06:13,56,0,72116M,Firecrackers,Catholic High School For Boys,Arkansas,United States
572,65,15,50,20,50,2026-01-10 19:54:27,2026-02-28 16:37:30,55,0,2885A,Ascension,Next Robotics,Alberta/Saskatchewan,Canada
573,65,20,45,20,45,2026-02-14 15:47:26,2026-02-28 20:58:52,53,0,6062D,Seabiscuit,OOLOGAH-TALALA MIDDLE SCHOOL,Oklahoma,United States
574,65,20,45,20,45,2026-02-13 18:59:09,2026-03-14 00:21:32,47,0,663P,Papa's Pepperoni Pizza Extra Pepper,CHATTANOOGA CHRISTIAN SCHOOL,Tennessee,United States
575,65,20,45,20,46,2026-02-14 18:30:19,2026-02-28 22:40:56,0,0,462T,HWR Takeback,HARVARD-WESTLAKE SCHOOL,California - Region 4,United States
576,65,20,45,20,45,2026-03-06 23:10:10,2026-03-06 22:58:47,0,0,33249A,Alpha & Omega,BOB JONES ACADEMY MIDDLE SCHOOL,South Carolina,United States
577,65,15,50,15,50,2026-03-07 18:00:13,2026-02-21 17:56:03,56,0,9089X,Xplosion,BrandywineBOTS,Delmarva,United States
578,65,15,50,15,50,2026-02-21 21:30:44,2026-02-21 18:15:49,55,0,13455A,Marce Herz Team #1: Tahoe Falcons,MARCE HERZ MIDDLE SCHOOL,Nevada,United States
579,65,15,50,15,50,2025-12-19 06:20:58,2025-12-19 06:17:49,0,0,19011A,ACE,万里城实验学校,East China,China
580,65,15,50,15,50,2026-02-28 17:16:09,2026-02-28 17:02:29,0,0,5013Z,Blitz,ALL NATIONS COMMUNITY SCHOOL,Texas - Region 3,United States
581,65,0,65,4,65,2025-10-05 08:44:09,2026-01-02 06:42:36,0,0,16811K,16811K,北京佰立森教育科技有限公司,North China,China
582,64,23,41,23,41,2026-03-06 15:33:04,2026-03-06 16:23:16,15,0,62185C,Pteradaxles,Homebot Robotics,Minnesota,United States
583,64,20,44,20,47,2026-02-28 14:43:29,2026-03-15 16:30:03,58,0,1089Y,Yttrium Forge,Forge Robotics,Pennsylvania - East,United States
584,64,15,49,20,49,2026-01-24 19:06:17,2026-03-14 16:12:23,55,10,1089G,Golden Forge,Forge Robotics,Pennsylvania - East,United States
585,64,20,44,20,44,2026-01-17 16:46:15,2026-01-17 15:39:40,53,0,67671B,Robo Royals,REDLAND MIDDLE SCHOOL,Florida - South,United States
586,64,15,49,15,49,2025-11-09 03:53:53,2025-11-09 01:54:40,60,0,65100G,Gerf,"Pymble Ladies College, Sydney, Australia",Australia,Australia
587,64,15,49,15,49,2026-03-14 17:13:07,2026-03-14 13:57:52,59,0,64410B,STEM SQUAD Robotics (B),HOWARD D. MCMILLAN MIDDLE SCHOOL,Florida - South,United States
588,64,15,49,15,50,2025-12-13 19:14:38,2026-01-03 19:22:54,57,0,4082A,Rocket Robots,ST NICHOLAS CATHOLIC SCHOOL,Wisconsin,United States
589,64,15,49,15,49,2026-01-10 20:24:54,2026-03-08 00:36:02,59,0,8778W,Dodos,Platte City Middle School,Missouri,United States
590,64,15,49,15,49,2026-01-17 15:25:18,2026-03-06 23:54:18,59,0,1028E,Sigma Turtles,Brownell Talbot College Preparatory School,Nebraska,United States
591,64,15,49,15,49,2026-02-28 20:11:37,2026-02-28 14:33:00,0,0,1365Y,Y Cubed,East Ridge Middle School,Florida - North/Central,United States
592,64,0,64,0,64,,2025-10-24 08:13:36,0,0,2731Y,The Lightning Team,小手宇宙机器人,East China,China
593,64,0,64,0,64,,2026-01-02 05:14:42,0,0,8796A,Joymate-VEX,小手宇宙机器人,East China,China
594,63,36,27,36,32,2026-03-01 16:25:50,2026-03-15 16:02:07,0,4,293T,Solstice,Echo Robotics,Pennsylvania - East,United States
595,63,33,30,33,47,2026-02-28 19:46:57,2026-02-07 16:25:35,0,0,71458B,Pistachios,Lakeway Robotics,Texas - Region 4,United States
596,63,31,32,31,54,2025-11-22 05:11:47,2026-02-02 08:17:34,0,0,70888A,梅园A队,Nanjing Kelihua Middle School,East China,China
597,63,22,41,22,49,2026-02-21 21:57:53,2026-03-08 16:35:51,0,0,98721F,Rogue Robotics,Rogue Robotics,California - Region 2,United States
598,63,21,42,21,44,2026-02-07 21:23:48,2026-03-08 15:34:30,0,0,16288A,Gears of Glory,Gears of Glory,California - Region 2,United States
599,63,20,43,20,43,2026-02-07 22:47:25,2026-02-07 18:50:12,58,0,41658G,Secret Service,Rancho San Joaquin Middle School,California - Region 4,United States
600,63,20,43,20,43,2026-02-06 05:22:54,2026-02-06 05:15:47,29,3,2636C,Matt Robotics TeamC,Matt Robotics,Hong Kong,Hong Kong
601,63,20,43,20,43,2026-02-23 15:14:36,2026-02-23 15:17:10,0,0,39702D,New Hope Robotics,New Hope Robotics,Mississippi,United States
602,63,16,47,16,47,2026-03-08 21:59:52,2026-03-07 23:24:53,0,0,10012G,Ten Ton Robotics,West Vancouver School District,British Columbia (BC),Canada
603,63,15,48,15,48,2026-02-06 08:58:11,2026-02-06 09:05:01,55,0,4815B,CPC TEAM B,WEO CHANG PUI CHUNG MEMORIAL SCHOOL,Hong Kong,Hong Kong
604,63,15,48,15,62,2026-01-31 21:41:01,2026-02-07 20:54:58,0,0,29978B,Bagel Bytes,Tech Martians Robotics,California - Region 2,United States
605,63,15,48,15,48,2026-02-07 11:45:58,2026-02-28 12:45:01,56,6,78116A,HABS_CyberSquad,Haberdashers' Boys' School,United Kingdom,United Kingdom
606,63,15,48,15,48,2026-02-21 19:33:01,2025-12-13 19:38:01,57,0,8871A,High Velocity,WALTER JOHNSON JUNIOR HIGH SCHOOL ACADEMY OF INTERNATIONAL S,Nevada,United States
607,63,15,48,15,54,2026-01-10 21:55:09,2025-11-15 16:53:01,1,0,2822D,Spartan Design Disneys,STAUFFER (MARY R.) MIDDLE,California - Region 4,United States
608,63,2,61,2,61,2025-11-23 01:20:02,2025-11-23 01:24:12,0,0,2052D,shine,vex学苑苏州人民路校区,East China,China
609,62,26,36,26,40,2026-03-14 15:33:36,2026-02-28 17:31:31,0,0,19085B,BRMS: Orbit,Black Rock Middle School,Pennsylvania - East,United States
610,62,22,40,22,47,2026-03-07 15:50:26,2026-01-31 15:51:49,0,0,97435B,Duck Duck Robot,PIZITZ MIDDLE SCHOOL,Alabama,United States
611,62,20,42,20,42,2026-03-01 15:43:56,2026-03-01 15:51:14,57,0,10909X,× EXCEED × HAPPY DUX ×,Exceed Robotics,Ontario,Canada
612,62,20,42,20,42,2026-02-14 16:25:03,2026-02-21 18:20:52,58,0,1338X,X HEAT,BRYANT JUNIOR HIGH SCHOOL,Arkansas,United States
613,62,20,42,20,42,2026-03-14 00:44:24,2026-03-14 00:16:30,56,0,49959C,404 Error No Name,PINNACLE VIEW MIDDLE SCHOOL,Arkansas,United States
614,62,20,42,20,42,2026-01-28 22:34:47,2026-01-28 18:45:57,50,0,8889Z,Zephyr,Numberosity Academy,Massachusetts,United States
615,62,20,42,20,42,2026-02-07 15:54:41,2026-02-07 16:24:39,44,0,739G,Middle School Dum Dums,Kimball Secondary,Minnesota,United States
616,62,16,46,20,46,2025-12-13 20:24:04,2026-03-13 20:31:35,50,2,355S,Tsunami,Fox Valley Robotics,Illinois,United States
617,62,20,42,20,42,2026-01-04 21:45:38,2026-01-31 18:40:37,55,0,83544R,Robogriffins,RoboGriffins,California - Region 2,United States
618,62,20,42,20,42,2025-11-29 16:26:40,2025-11-29 16:14:34,0,0,74947Y,Fenix -Yeti,Ecole Secondaire Massey-Vanier,Quebec,Canada
619,62,20,42,20,42,2026-01-31 16:18:48,2026-01-31 19:18:21,0,0,97435D,The Sea Dragons,PIZITZ MIDDLE SCHOOL,Alabama,United States
620,62,20,42,20,42,2026-02-06 06:19:50,2026-02-06 09:03:09,0,0,70909C,CLBSS,CLBSS,Hong Kong,Hong Kong
621,62,15,47,15,47,2026-02-07 20:13:17,2026-02-07 15:54:37,55,0,76412G,Lightning Bots,HENRY SCOTT MIDDLE,Texas - Region 5,United States
622,62,15,47,15,47,2026-03-07 22:18:40,2026-03-07 22:24:51,0,7,9181E,9181Electrons,Seaquam Secondary,British Columbia (BC),Canada
623,62,15,47,15,47,2026-02-28 18:38:31,2026-03-14 17:05:02,58,0,20850U,Unwritten,"AOE Robotics Club ",Maryland,United States
624,62,15,47,15,47,2026-03-07 19:07:32,2026-03-07 15:36:17,0,0,8686R,Reapers,SEVIER MIDDLE,South Carolina,United States
625,62,6,56,11,56,2025-10-24 10:00:38,2025-11-23 01:55:07,0,4,10093A,10093A,STEMSTAR,East China,China
626,62,0,62,0,62,,2026-02-03 07:40:15,0,0,99263V,STS一万伏特,STS一万伏特,South China,China
627,62,0,62,0,62,,2026-02-14 19:03:36,0,0,92315P,Programmed to Win,POTOMAC MIDDLE,Virginia,United States
628,61,28,33,28,41,2026-02-21 13:44:05,2026-01-24 15:07:57,22,0,61187C,AR: Attention Span Zero,ALLENDALE MIDDLE SCHOOL,Michigan,United States
629,61,28,33,28,40,2025-11-09 03:52:03,2025-10-18 00:20:14,10,0,4613G,Barker Greenbacks,Barker College,Australia,Australia
630,61,20,41,20,42,2025-12-06 03:18:43,2026-03-01 00:52:36,55,0,96140B,Gilmore Gears,WOODCREST SCHOOL,California - Region 4,United States
631,61,20,41,20,41,2026-03-07 00:25:12,2026-03-07 00:15:23,55,0,29651J,Techno Jays,BLUE RIDGE MIDDLE,South Carolina,United States
632,61,20,41,20,41,2026-02-22 18:20:55,2026-03-08 12:40:27,55,3,46J,JMJ,Seton SCHOOL,Virginia,United States
633,61,15,46,20,46,2026-02-21 16:25:41,2026-03-10 18:36:25,58,0,76936B,The Costco Hotdogs,MOUNDSVILLE MIDDLE SCHOOL,West Virginia,United States
634,61,15,46,17,46,2025-10-11 13:56:07,2026-03-08 00:25:25,0,0,82391B,The Engineering Barbies,TROY MIDDLE,Missouri,United States
635,61,16,45,16,45,2026-03-14 18:41:55,2026-03-14 12:39:39,15,3,47126C,ScrapMetal,HENRYVILLE JR & SR HIGH SCHOOL,Indiana - Region 3 - South,United States
636,61,15,46,15,46,2026-03-05 16:20:52,2026-02-21 16:34:17,59,0,98992C,Complete Control,Milford Robotics,Ohio,United States
637,61,15,46,15,46,2026-03-01 00:31:09,2025-12-13 21:22:36,59,0,7700E,Rolling Robots Electric Eels,"Rolling Robots ",California - Region 4,United States
638,61,7,54,15,54,2026-02-13 19:04:59,2026-03-07 00:37:49,36,0,40994C,Metal Gear,Dr. Phinnize J. Fisher Middle School,South Carolina,United States
639,61,15,46,15,46,2026-02-28 21:58:51,2026-03-01 17:13:34,0,0,7700B,Rolling Robots Blobfish,Rolling Robots,California - Region 4,United States
640,60,24,36,24,36,2026-03-06 21:26:08,2026-03-07 14:45:30,0,0,1570M,Lions - Mane Attraction,LOMIRA HIGH,Wisconsin,United States
641,60,23,37,23,37,2026-01-11 04:58:53,2026-01-11 05:00:04,22,0,55114X,Tea-rrifix - IRA,Bobabots Inc.,California - Region 2,United States
642,60,20,40,20,40,2026-02-05 11:03:35,2026-02-05 10:59:15,55,0,10042F,Pink Potato,Framwellgate School Durham,United Kingdom,United Kingdom
643,60,20,40,20,40,2026-01-31 18:47:45,2026-01-31 18:43:50,53,0,462R,HWR Override,HARVARD-WESTLAKE SCHOOL,California - Region 4,United States
644,60,20,40,20,40,2026-03-04 19:38:24,2026-03-04 19:07:45,51,0,43779X,Pink Sprinkle Donuts,SHENANDOAH MIDDLE SCHOOL,Ohio,United States
645,60,20,40,20,40,2026-03-14 00:31:01,2026-02-13 21:43:49,50,4,663X,Xplosions,CHATTANOOGA CHRISTIAN SCHOOL,Tennessee,United States
646,60,20,40,20,41,2026-01-10 22:12:19,2026-02-28 23:11:19,2,0,15676A,Happy Guys,Happy Guys,California - Region 4,United States
647,60,20,40,20,40,2026-03-07 18:59:15,2026-02-14 20:31:40,54,0,68763A,The Blockheads,O'NEILL HIGH SCHOOL,Nebraska,United States
648,60,20,40,20,40,2025-10-25 15:06:22,2025-10-25 16:38:04,0,0,51191B,Dino Nuggies,Level Up Robots,Kansas,United States
649,60,20,40,20,40,2026-02-14 02:19:20,2026-02-14 19:25:07,0,0,9568Y,→Mischief←,RoboPlanet Education and Community Society,British Columbia (BC),Canada
650,60,20,40,20,40,2026-02-14 21:06:24,2026-02-14 21:22:26,0,0,39333V,Legacy Vision,Legacy Magnet Academy,California - Region 4,United States
651,60,20,40,20,40,2026-02-21 17:31:20,2026-02-21 15:38:28,0,0,587V,Vulcanoes,LINCOLN JUNIOR HIGH SCHOOL,Indiana - Region 1 - North,United States
652,60,17,43,17,43,2026-02-21 18:44:16,2026-02-21 18:27:12,29,4,80325X,Viperbots,Mecha Motors,California - Region 2,United States
653,60,15,45,15,45,2025-12-06 03:28:37,2025-11-09 03:00:01,60,0,4613N,Barker Nitrobacks,Barker College,Australia,Australia
654,60,15,45,15,45,2026-03-05 17:02:23,2026-03-05 16:59:15,56,0,43050A,VALIANT,MOUNT VERNON MIDDLE SCHOOL,Ohio,United States
655,60,0,60,15,60,2026-02-19 00:28:14,2026-03-07 21:54:30,59,0,938P,Blaze Robotics Qubits,Blaze Robotics Academy,Washington,United States
656,60,11,49,15,49,2025-12-06 00:56:55,2026-02-28 00:54:22,59,0,7481E,Eclipse,LEAGUE CITY INT,Texas - Region 3,United States
657,60,15,45,15,45,2025-12-13 18:07:00,2025-12-13 17:21:49,0,0,9545W,Walking Tacos,ROLAND MIDDLE SCHOOL,Oklahoma,United States
658,60,15,45,15,45,2026-01-02 05:16:42,2026-01-02 05:23:10,0,0,18185Z,DC-Z,Dongchuan Primary School,South China,China
659,60,15,45,15,45,2026-02-14 21:10:50,2026-02-14 17:15:48,0,0,92808B,"Phantom Surge ",RIO BRAVO GREELEY,California - Region 3,United States
660,60,12,48,12,48,2026-02-06 08:01:23,2026-02-06 07:28:43,19,0,66613H,66613H,Sha Tin College,Hong Kong,Hong Kong
661,60,10,50,10,50,2026-03-13 23:49:12,2026-03-13 23:28:40,0,0,57711C,Chicken Jockey,Alchemy Global STEM Institute,Tennessee,United States
662,60,0,60,0,60,,2025-10-24 07:08:12,0,0,8192B,Shanghai Huangpu B,Shanghai Huangpu Teenagers S&T Activity Center,East China,China
663,60,0,60,0,60,,2025-12-19 09:53:35,0,0,11059K,11059K,北京市昌平区前锋学校,North China,China
664,59,27,32,30,32,2026-02-07 22:50:51,2026-02-21 19:13:34,0,0,87412C,Circuit Cyborgs,Circuit Cyborgs,California - Region 2,United States
665,59,27,32,27,32,2026-01-31 18:41:02,2026-01-31 17:57:38,0,0,61538E,The Roadrunners,CHENEY MIDDLE SCHOOL,Kansas,United States
666,59,24,35,24,35,2026-03-05 17:31:22,2026-03-04 19:59:05,30,6,98992D,Donut Disturb,Milford Robotics,Ohio,United States
667,59,24,35,24,35,2026-03-14 08:48:22,2026-03-13 10:46:11,0,0,9231A,Aiglon College,Aiglon College,Switzerland,Switzerland
668,59,20,39,20,39,2026-01-10 18:10:58,2026-01-10 18:18:41,59,0,84260G,GridRunners,Cabot High School,Arkansas,United States
669,59,15,44,20,44,2026-02-07 14:48:54,2026-03-07 17:54:54,57,0,4233X,The Unknowns,Scott County Middle School,Kentucky,United States
670,59,15,44,20,44,2026-03-06 23:16:54,2026-01-10 16:46:34,0,0,33249C,Alpha Centauri,BOB JONES ACADEMY MIDDLE SCHOOL,South Carolina,United States
671,59,20,39,20,39,2026-02-21 23:55:32,2026-02-21 22:11:45,54,0,22020Z,Vanguard,Kidwe Lab,New Zealand,New Zealand
672,59,20,39,20,39,2026-02-14 18:26:24,2026-03-06 22:54:06,54,0,8686F,Peculiar Frogs,SEVIER MIDDLE,South Carolina,United States
673,59,20,39,20,39,2025-08-23 06:08:01,2025-08-23 03:17:54,0,0,3996M,杭州竞创教育-M,杭州竞创教育科技有限公司,East China,China
674,59,20,39,20,39,2026-03-06 01:41:23,2026-03-06 20:42:08,0,0,9821D,Scrap Wave,EAST GRAND FORKS SENIOR HIGH,Minnesota,United States
675,59,15,44,16,44,2026-01-31 19:13:56,2026-02-28 23:20:48,36,0,39333Z,Legacy Zero Gravity,Legacy Magnet Academy,California - Region 4,United States
676,59,15,44,15,44,2026-03-07 14:57:19,2026-03-08 12:43:08,59,56,84927B,The Rook,MARY G. PORTER TRADITIONAL,Virginia,United States
677,59,15,44,15,44,2026-02-28 16:57:13,2026-02-28 21:34:56,59,0,52800R,Radioactive Robots,Soaring Heights PK-8,Colorado,United States
678,59,15,44,15,44,2026-03-14 19:46:47,2026-03-14 16:03:42,59,0,80B,VEXMEN: Bluestreak,Brandywine Robotics Inc.,Pennsylvania - East,United States
679,59,15,44,15,44,2025-10-26 02:23:43,2025-10-26 02:28:31,58,0,57000G,Beijing 57 High School Team 1,Beijing 57 High School,North China,China
680,59,15,44,15,44,2026-03-13 23:00:00,2026-02-21 17:44:09,59,0,2616C,Cosmic,Cherry Hill High School East,New Jersey,United States
681,59,15,44,15,44,2026-03-01 16:46:22,2026-03-01 16:44:19,0,7,70699A,Wolverine Robotics,F. K. WHITE MIDDLE SCHOOL,Louisiana,United States
682,59,15,44,15,44,2026-03-06 20:29:04,2026-02-21 17:45:25,58,0,71610B,THE Pink  Boys,GORDON PARKS ACADEMY,Kansas,United States
683,59,15,44,15,44,2025-11-15 00:05:25,2025-12-06 03:05:53,57,0,3477B,Potato Parmigianas,St Andrews Christian College,Australia,Australia
684,59,0,59,0,59,,2026-02-03 05:46:49,0,0,3012A,All STARS,Dalian Royal Foreign Language School,North China,China
685,58,33,25,33,32,2026-02-28 02:40:45,2026-01-31 16:53:39,0,0,5760S,hippopotomonstrosesquippedaliophobia,Father Patrick Mercredi Community High School,Alberta/Saskatchewan,Canada
686,58,25,33,25,34,2026-03-05 15:32:14,2026-02-21 17:42:14,29,0,95843A,NitroBros,The Super Saturday Program,Ohio,United States
687,58,25,33,25,36,2026-02-28 20:04:15,2026-03-08 13:40:53,20,0,33114X,Circuit Breakers,Hidayah Academy,Virginia,United States
688,58,23,35,23,40,2025-10-04 11:33:16,2025-09-27 03:15:10,0,0,56888H,Fuzhou PingDong Middle School,Fuzhou Pingdong MS,South China,China
689,58,17,41,21,41,2025-10-24 10:05:15,2025-12-06 02:50:24,0,0,7635A,7635A,鞍山初级中学,East China,China
690,58,20,38,20,38,2026-03-14 16:11:06,2026-02-28 16:58:11,58,0,1089D,Diamond Forge,Forge Robotics,Pennsylvania - East,United States
691,58,0,58,20,58,2025-07-19 06:50:31,2026-02-02 09:10:46,0,0,12366A,Free Dreamers,DALIAN DONGGANG NO.1 MIDDLE SCHOOL,North China,China
692,58,20,38,20,38,2025-12-06 19:14:13,2025-12-06 18:44:43,0,0,71300A,The Krabby Patties,Lied Middle School,Nevada,United States
693,58,20,38,20,38,2026-02-01 22:20:43,2026-02-01 17:35:12,0,0,2150U,Chadwick School UOXBots,CHADWICK SCHOOL,California - Region 4,United States
694,58,20,38,20,38,2026-03-13 21:03:32,2026-03-14 14:35:48,0,0,2701Z,Elvis Impersonators,Franklin Christian Academy,Tennessee,United States
695,58,15,43,15,43,2025-11-07 06:43:00,2025-11-07 06:44:58,60,0,1831C,King's Team Charlie,The King's School,Australia,Australia
696,58,15,43,15,43,2026-01-10 13:28:18,2026-01-24 12:30:52,60,0,1408G,Going With,King Henry VIII School,United Kingdom,United Kingdom
697,58,15,43,15,44,2025-09-27 01:54:42,2025-12-06 23:33:14,59,0,4613Y,Barker Greybacks,Barker College,Australia,Australia
698,58,15,43,15,43,2026-01-31 22:16:53,2026-01-31 22:11:30,59,0,7700T,Rolling Robots Toast,Rolling Robots,California - Region 4,United States
699,58,15,43,15,43,2026-02-13 23:41:18,2026-02-14 00:52:14,59,0,4611Z,Zonkey,Robot Revolution MS,New Jersey,United States
700,58,15,43,15,43,2026-02-21 15:30:49,2026-02-21 15:01:58,59,0,29673D,Little Rascals,WREN MIDDLE,South Carolina,United States
701,58,15,43,15,43,2026-02-06 02:43:35,2026-02-06 02:30:02,57,0,44532V,SLT3,新竹縣立勝利國中,Chinese Taipei,Taiwan
702,58,15,43,15,43,2026-03-07 21:16:53,2026-03-07 19:47:56,57,0,3358C,Code blooded,Wheelhouse Robotics LLC,Texas - Region 5,United States
703,58,15,43,15,43,2026-03-01 15:04:55,2026-01-31 18:11:24,56,0,19140A,Rebels-Gone-Rogue,W. W. LEWIS MIDDLE SCHOOL,Louisiana,United States
704,58,15,43,15,52,2025-11-22 05:07:09,2026-02-03 02:11:44,0,0,70123A,九初A队,NANJING No.9 JUNIOR HIGH SCHOOL,East China,China
705,58,15,43,15,43,2026-02-07 20:27:53,2026-02-07 20:44:12,0,0,13568H,Hyperion,private,Washington,United States
706,58,11,47,11,47,2026-02-03 02:57:30,2026-02-03 08:07:13,0,0,81266B,81266B,vex academy,North China,China
707,58,0,58,2,58,2025-07-29 08:39:57,2025-11-22 03:00:01,0,0,25836A,GZ YX Experimental Middle School,GZ YX ErSha Island YanYu South Road Address 1,South China,China
708,58,0,58,0,58,,2025-12-05 07:12:07,0,0,8982A,NewCenturySchool Team A,New Century School.Quzhou,East China,China
709,57,25,32,25,32,2026-03-07 18:28:38,2026-03-07 16:51:49,0,0,25425A,Vengeance,Knuckle Sandwich Robotics Inc.,Alabama,United States
710,57,23,34,23,40,2026-02-19 00:20:55,2026-02-21 20:03:03,24,0,938Z,Blaze Zephyr,Blaze Robotics Academy,Washington,United States
711,57,15,42,20,42,2026-01-04 19:27:11,2026-02-16 02:57:11,55,2,92014K,Robo Cats,"Shores Robotics ",California - Region 2,United States
712,57,15,42,20,42,2026-03-14 16:32:13,2026-02-07 18:40:15,58,3,18891D,G-4s,Granby 4-H Club,Connecticut,United States
713,57,15,42,20,42,2026-02-01 15:49:58,2026-03-14 18:03:05,52,0,18891B,G-4s,4-H Club,Connecticut,United States
714,57,20,37,20,51,2026-01-24 20:29:16,2026-02-28 01:45:08,0,0,6047D,Mini Pekka,WESTVIEW MIDDLE SCHOOL,Colorado,United States
715,57,15,42,15,42,2025-12-11 22:43:34,2025-12-11 23:15:04,58,2,52766A,The Da Vincis 2.0,SABIN MIDDLE SCHOOL,Colorado,United States
716,57,15,42,15,53,2026-02-15 19:42:42,2025-10-25 22:34:33,59,0,3590A,Hawaiian Kids,WAIALUA HIGH & INTERMEDIATE SCHOOL,Hawaii,United States
717,57,15,42,15,42,2026-02-28 01:48:51,2026-01-31 19:52:22,59,0,7830S,ACP Noble Knights,Arizona College Prep Middle School,Arizona,United States
718,57,15,42,15,42,2026-01-10 21:52:47,2026-02-16 16:42:55,58,0,7700X,Rolling Robots,Rolling Robots,California - Region 4,United States
719,57,15,42,15,42,2026-03-15 01:54:33,2026-03-15 01:17:08,56,0,92808A,REAL STEEL,RIO BRAVO GREELEY,California - Region 3,United States
720,57,15,42,15,42,2026-02-20 22:33:53,2026-02-21 17:55:02,55,0,8860A,The Botfathers,Hudsonville Robotics - Baldwin MS,Michigan,United States
721,57,15,42,15,42,2026-03-01 01:10:08,2026-02-07 19:05:23,59,0,90471B,Sundevils B,Tierra Del Sol Middle School,California - Region 4,United States
722,57,15,42,15,42,2025-11-15 02:39:43,2025-11-15 00:30:34,50,0,3477D,The Tax Collecters,St Andrews Christian College,Australia,Australia
723,57,15,42,15,45,2026-02-07 20:56:28,2026-02-28 22:07:51,45,0,2088C,Nexus-9,Western Mechatronics,Alberta/Saskatchewan,Canada
724,57,15,42,15,42,2026-01-10 18:50:50,2026-02-21 20:04:59,58,0,2568T,Porta-Botz! TFlex Rex,Portage Middle School,Indiana - Region 1 - North,United States
725,57,15,42,15,42,2025-08-15 05:37:04,2025-08-16 03:06:48,0,0,10039C,奇迹行者,STEMSTAR,East China,China
726,57,15,42,15,42,2026-01-01 07:02:09,2026-01-01 07:28:30,0,0,8303U,NS-BaiShiZhouV5,深圳市南山外国语学校（集团）文华学校,South China,China
727,57,15,42,15,42,2026-03-08 16:09:12,2026-03-08 15:58:00,0,0,99766D,Come back later,Kirkwood Robotics,Missouri,United States
728,57,6,51,8,51,2026-02-16 23:28:30,2025-11-24 00:09:36,0,0,14911A,Ares MK-11,Independent team,California - Region 2,United States
729,57,6,51,6,51,2026-01-07 08:26:05,2026-01-06 08:48:46,0,0,80880A,WBS-vex,Wahaha Bilingual School Hangzhou,East China,China
730,57,5,52,5,52,2025-10-24 07:36:47,2025-10-24 06:25:11,0,0,8193B,Shanghai Yongchang B,Shanghai Yongchang Private School,East China,China
731,57,0,57,0,57,2025-10-25 07:08:33,2026-02-07 03:31:59,28,0,4813A,BattleCats,Taipei American School - Middle School,Chinese Taipei,Taiwan
732,57,0,57,0,57,,2026-01-01 08:15:28,0,0,52612A,Sasuke-vex Team,育才科技学校,East China,China
733,56,21,35,21,35,2026-03-14 14:58:41,2026-03-14 18:55:56,0,5,4611A,Anti-Screws : Robot Rev,Robot Revolution MS,New Jersey,United States
734,56,20,36,20,36,2026-03-06 21:44:00,2026-03-06 17:30:32,57,0,10001C,Rubber Ducky Warriors,PRAIRIE WINDS MIDDLE SCHOOL,Minnesota,United States
735,56,20,36,20,40,2026-02-21 15:20:59,2026-03-06 18:39:27,54,0,89147A,Goddard Alpha,Goddard Middle School,Kansas,United States
736,56,20,36,20,36,2025-11-15 18:41:52,2026-02-07 19:48:21,57,5,7830A,ACP Noble Knights,Arizona College Prep Middle School,Arizona,United States
737,56,20,36,20,36,2026-01-17 17:50:32,2026-01-17 20:18:45,49,0,98548P,The Problem,Bear River High School,Utah,United States
738,56,15,41,20,41,2026-02-14 15:52:06,2026-02-28 17:39:54,42,0,80550B,Acceleration,WINDSOR CHARTER ACADEMY MIDDLE AND EARLY COLLEGE H,Colorado,United States
739,56,20,36,20,36,2025-10-25 09:30:31,2025-10-25 09:34:09,14,0,7756A,陈分VRC机器人一队,Branch of Beijing Chen Jinglun Middle School,North China,China
740,56,15,41,20,41,2025-12-13 16:11:38,2026-02-23 15:54:56,0,0,39702G,New Hope Robotics,New Hope Robotics,Mississippi,United States
741,56,20,36,20,36,2026-03-06 18:42:52,2026-03-06 14:46:06,0,0,52305C,Phoenix Force,BELLE PLAINE MIDDLE,Kansas,United States
742,56,15,41,15,41,2026-02-13 14:56:26,2026-02-13 15:36:05,59,7,2011W,Wildfire,BRECKSVILLE-BROADVIEW HEIGHTS MIDDLE SCHOOL,Ohio,United States
743,56,15,41,15,41,2025-12-06 03:48:36,2025-12-06 03:46:56,60,0,1831S,King's Team Sierra,The King's School,Australia,Australia
744,56,15,41,15,41,2026-01-10 16:40:55,2026-01-10 14:35:35,58,0,99009A,the little red pony,RGB bots,Pennsylvania - East,United States
745,56,15,41,15,41,2026-02-14 21:06:44,2026-01-28 19:59:35,59,0,726X,RattleBytes Jagwires,DESERT RIDGE SCHOOL OF INNOVATION,Arizona,United States
746,56,15,41,15,41,2026-02-07 22:05:39,2026-03-01 19:54:20,56,0,8838A,Robohawks - Aurelia,ORCHARD HILLS,California - Region 4,United States
747,56,15,41,15,41,2026-02-14 15:46:44,2026-02-13 20:38:44,54,0,73805Z,The Maverick Engineers,GERMANTOWN MIDDLE SCHOOL,Mississippi,United States
748,56,15,41,15,41,2026-01-19 21:41:48,2026-01-10 20:57:32,59,0,76426M,Malfunctions,BRYSON SCHOOL,Texas - Region 5,United States
749,56,15,41,15,41,2026-03-14 13:10:46,2026-02-26 21:54:35,59,0,2719S,Bob Wilson,TRITON CENTRAL MIDDLE SCHOOL,Indiana - Region 2 - Central,United States
750,56,15,41,15,41,2025-11-19 20:27:20,2026-03-07 14:54:14,58,0,66722B,ERROR 404,Hartselle Junior High School,Alabama,United States
751,56,15,41,15,41,2025-11-08 15:01:51,2026-03-07 00:22:56,55,0,40994D,Fire Phoenix,Dr. Phinnize J. Fisher Middle School,South Carolina,United States
752,56,15,41,15,48,2026-01-02 03:34:23,2025-11-08 03:16:20,0,0,2608J,BISZ-AJ,深圳贝赛思国际学校,South China,China
753,56,15,41,15,41,2026-01-17 18:05:43,2026-01-17 17:27:50,0,0,67671A,Robo Royals,REDLAND MIDDLE SCHOOL,Florida - South,United States
754,56,5,51,5,51,2026-01-23 03:39:23,2026-01-24 01:58:10,50,0,5864F,Hyperion,Macau Baptist College,Macau,Macau
755,56,0,56,5,56,2026-01-31 19:21:20,2026-03-01 19:07:48,0,0,3221A,The Stickmen,Diamond Bar Robotics Lab,California - Region 4,United States
756,56,5,51,5,53,2025-12-28 23:50:27,2026-03-07 16:39:26,0,0,2674J,Laboba,Magikid Fremont,California - Region 2,United States
757,55,25,30,25,30,2026-02-06 06:03:25,2026-02-06 06:30:51,0,0,4275C,CMACCK_Robotic,CMA Choi Cheung Kok Secondary School,Hong Kong,Hong Kong
758,55,25,30,25,30,2026-02-21 18:25:05,2026-02-21 18:01:21,0,0,79338D,Dead Batteries,Westchester Middle School,Indiana - Region 1 - North,United States
759,55,20,35,20,35,2026-03-14 13:59:55,2026-03-14 00:55:50,58,0,40436A,Bot Builders 3.0,Bot Builders,Arkansas,United States
760,55,20,35,20,35,2026-01-25 18:52:04,2026-01-25 18:20:49,57,0,9594C,RoboCavs,Collingwood,British Columbia (BC),Canada
761,55,15,40,20,40,2026-03-01 01:14:04,2026-01-31 19:19:01,56,0,462C,Wolverines,HARVARD-WESTLAKE SCHOOL,California - Region 4,United States
762,55,20,35,20,35,2026-03-07 16:30:57,2025-11-21 15:37:13,50,0,74162D,The Goonies,BLUE RIDGE MIDDLE SCHOOL,Texas - Region 2,United States
763,55,20,35,20,40,2026-02-08 18:55:20,2026-02-28 23:30:40,0,0,3221Z,Super Awesome Squids,Diamond Bar Robotics Lab,California - Region 4,United States
764,55,15,40,20,40,2026-02-28 11:04:10,2026-02-08 11:03:15,0,0,13765V,MTS_1NNOVA,Merchant Taylors' School,United Kingdom,United Kingdom
765,55,20,35,20,35,2026-02-07 15:57:59,2026-02-07 18:53:02,0,0,74947F,Fenix - Ferrari,Ecole Secondaire Massey-Vanier,Quebec,Canada
766,55,20,35,20,35,2026-03-01 16:06:15,2026-03-01 16:36:11,0,0,2055C,The Orcas,Mi3L School,Ontario,Canada
767,55,20,35,20,35,2026-03-07 15:25:05,2026-03-07 17:56:48,0,0,74162C,Circuit Surfers,BLUE RIDGE MIDDLE SCHOOL,Texas - Region 2,United States
768,55,16,39,16,43,2025-11-22 18:58:34,2025-12-12 17:31:05,0,0,467A,JUHSTADDUH Standoff,WEST MIDDLE SCHOOL,Idaho,United States
769,55,15,40,15,40,2026-03-01 17:11:16,2026-03-01 14:06:01,59,0,16610C,Iced Tea,Techblazers,Ontario,Canada
770,55,15,40,15,40,2026-03-10 19:23:18,2026-03-10 18:10:41,59,0,12362W,Wagon O' Ranch,WHEELING MIDDLE SCHOOL,West Virginia,United States
771,55,15,40,15,40,2026-02-07 18:46:30,2026-03-08 12:44:08,59,0,12350E,Wired,LAKE RIDGE MIDDLE,Virginia,United States
772,55,15,40,15,40,2026-01-23 18:39:18,2026-01-23 19:07:26,58,0,2036Z,Papa Tango,WILBUR MIDDLE SCHOOL,Kansas,United States
773,55,15,40,15,40,2026-01-25 19:55:24,2026-01-25 18:58:52,58,0,886V,Velocity | WPRA,Western Pacific Robotics Academy,British Columbia (BC),Canada
774,55,15,40,15,40,2026-02-28 12:28:45,2026-02-28 12:48:41,57,0,13765J,MTS_TR0JAN,Merchant Taylors' School,United Kingdom,United Kingdom
775,55,15,40,15,40,2026-02-21 16:07:21,2026-02-14 18:25:34,59,0,99656B,Velocity,BARNESVILLE MIDDLE SCHOOL,Ohio,United States
776,55,15,40,15,40,2026-02-07 18:36:01,2026-02-07 18:44:52,56,0,31775M,Paradox,ERIE MIDDLE SCHOOL,Colorado,United States
777,55,15,40,15,40,2026-03-07 19:38:53,2026-03-07 19:45:18,52,0,6122C,Bread Enthusiasts,JANE GOODALL ENVIRONMENTAL MIDDLE CHARTER SCHOOL,Oregon,United States
778,55,15,40,15,40,2026-02-21 17:16:27,2026-03-04 21:50:01,59,0,44654C,Robo Rizzards,WEST HOLMES MIDDLE SCHOOL,Ohio,United States
779,55,15,40,15,40,2026-02-07 19:09:30,2025-11-15 19:03:15,55,0,52766G,Hog Riders,SABIN MIDDLE SCHOOL,Colorado,United States
780,55,15,40,15,40,2025-12-06 14:14:54,2026-03-14 16:15:48,50,2,18000K,Iron Patriots - Kraken,Sullivan East Middle School,Tennessee,United States
781,55,15,40,15,42,2026-02-07 15:05:42,2026-02-23 16:10:42,0,0,7409D,WD-40,BAYOU VIEW MIDDLE SCHOOL,Mississippi,United States
782,55,15,40,15,40,2026-02-07 18:12:55,2026-02-07 16:26:17,0,0,74947X,Fenix - X-Rex,Ecole Secondaire Massey-Vanier,Quebec,Canada
783,55,15,40,15,40,2026-02-28 10:54:21,2026-02-28 10:40:48,0,0,66618Z,TBC,TBC Robotics,United Kingdom,United Kingdom
784,55,7,48,9,49,2026-01-02 01:20:30,2026-02-03 08:01:22,46,0,10018A,The AffiliatedHigh School of Peking University — A,The Affiliated High School of Peking University,North China,China
785,55,0,55,4,55,2025-07-18 03:37:08,2025-09-28 03:47:13,12,0,17888B,SDFZ-MS-B,江西师大附中,Middle China,China
786,54,39,15,39,15,2025-12-30 17:00:30,2025-12-30 17:00:00,0,0,4863H,HEPHAESTUS,Irving STEAM Magnet,California - Region 4,United States
787,54,20,34,20,34,2026-01-24 15:03:31,2026-01-24 16:03:06,56,6,41000D,Butter,GRANDVILLE MIDDLE SCHOOL,Michigan,United States
788,54,20,34,20,34,2025-11-22 08:35:26,2025-11-23 02:10:11,0,0,27908T,LSTS LSTX,Lawrence S.Ting School,Vietnam,Vietnam
789,54,20,34,20,34,2026-03-08 15:58:32,2026-03-08 13:25:56,0,0,46H,Hydra,Seton School,Virginia,United States
790,54,15,39,15,39,2026-02-08 12:27:24,2026-02-28 10:36:57,60,0,11850Y,NLCS_Vexalters,North London Collegiate School,United Kingdom,United Kingdom
791,54,15,39,15,39,2026-02-14 19:33:44,2026-03-07 20:09:06,51,0,3028G,Ladybots,TAG IN PLEASANT GROVE,Texas - Region 2,United States
792,54,15,39,15,39,2025-11-19 19:05:34,2026-01-31 20:54:15,55,0,66722C,Circuit Breakers,Hartselle Junior High School,Alabama,United States
793,54,15,39,15,39,2025-10-25 10:37:13,2025-10-25 04:05:11,0,0,6706A,6706A,STEMSTAR,East China,China
794,54,15,39,15,39,2026-02-07 18:06:30,2026-02-07 15:16:10,0,0,15376B,Vortex 3S-Barracuda,École secondaire des Trois-Saisons,Quebec,Canada
795,54,15,39,15,39,2026-02-27 17:05:27,2026-02-27 01:54:06,0,0,83686D,Goon Squad,SOUTH MIDDLE SCHOOL,Idaho,United States
796,54,11,43,11,43,2026-02-28 19:46:18,2026-02-28 15:29:04,36,0,38247A,One Piece of Steak,Bogle Junior High School,Arizona,United States
797,54,7,47,7,47,2025-11-08 07:19:17,2025-11-08 06:50:02,0,0,13766H,Xiamen Yingcai School&Songbai Middle School team,Xiamen Yingcai School & Xiamen Songbai Middle School team,South China,China
798,53,25,28,25,35,2026-01-30 23:46:55,2026-03-13 22:48:50,0,0,4611J,Jolly Junior Janitors,Robot Revolution MS,New Jersey,United States
799,53,15,38,21,38,2026-02-22 15:49:28,2026-03-07 14:53:41,0,0,44036E,High VEXpectations,Winneconne Middle School,Wisconsin,United States
800,53,20,33,20,38,2026-02-14 15:59:36,2026-03-09 17:54:37,56,0,67543H,The Toe Stubbers,ST STEPHEN ELEMENTARY SCHOOL,Pennsylvania - West,United States
801,53,20,33,20,33,2026-02-21 18:09:22,2026-03-10 17:29:30,57,0,26003Z,Totally Toads,SHERRARD MIDDLE SCHOOL,West Virginia,United States
802,53,20,33,20,39,2026-01-25 21:00:05,2026-03-07 23:25:16,49,0,10012B,Ten Ton Robotics,West Vancouver School District,British Columbia (BC),Canada
803,53,20,33,20,38,2026-03-05 14:56:57,2026-02-13 16:55:14,45,0,6403X,The Minions,BROOKSIDE MIDDLE SCHOOL,Ohio,United States
804,53,15,38,15,38,2026-02-21 19:20:36,2026-02-21 18:31:50,57,10,9537A,Cyber Cowboys,WILLMA CAVITT JUNIOR HIGH,California - Region 2,United States
805,53,15,38,15,38,2025-12-06 04:30:36,2025-12-06 01:25:50,59,0,1002V,Templestowe college,Templestowe College,Australia,Australia
806,53,15,38,15,38,2026-03-09 16:00:11,2026-03-09 17:44:09,59,0,79163N,Snack Attackers,North Clarion Co Jshs,Pennsylvania - West,United States
807,53,15,38,15,38,2026-02-06 05:28:46,2026-02-06 07:06:15,57,0,2636B,Matt Robotics TeamB,Matt Robotics,Hong Kong,Hong Kong
808,53,15,38,15,38,2026-03-07 16:39:49,2026-03-07 20:51:57,57,0,1113C,banana in japanese,RIPPON MIDDLE,Virginia,United States
809,53,0,53,15,53,2025-11-19 16:24:20,2026-03-07 16:46:51,58,0,3660Z,Odd One Out,Barton Academy for Advanced World Studies,Alabama,United States
810,53,15,38,15,38,2026-02-07 19:43:01,2026-02-07 16:02:45,55,0,67960E,Quantum Eclipse,Parkside Robotics,Texas - Region 5,United States
811,53,15,38,15,38,2026-01-11 16:03:59,2026-03-15 14:45:17,57,0,17814C,vexCaliper,WESTON MIDDLE SCHOOL,Connecticut,United States
812,53,15,38,15,38,2025-11-09 03:08:33,2025-12-06 22:47:22,60,0,4613B,Barker Bluebacks,Barker College,Australia,Australia
813,53,15,38,15,38,2026-02-14 00:36:55,2026-03-14 13:22:25,59,0,4611D,Diggy : Robot Rev,Robot Revolution MS,New Jersey,United States
814,53,15,38,15,38,2026-02-28 18:09:14,2026-03-14 17:23:38,55,0,63724A,University School Sharks Robotics,NSU UNIVERSITY SCHOOL,Florida - South,United States
815,53,12,41,15,41,2026-02-07 18:37:15,2026-03-07 16:47:52,0,0,4233V,Valkyries,Scott County Middle School,Kentucky,United States
816,53,15,38,15,38,2026-02-01 21:35:29,2026-02-01 20:12:02,0,0,20315A,Marcelline A,Collège Sainte-Marcelline,Quebec,Canada
817,53,0,53,11,53,2025-11-08 05:14:28,2025-12-05 08:07:28,0,0,11112W,The Commitments,夸克科学,South China,China
818,53,6,47,6,47,2025-12-19 09:03:38,2025-12-19 09:06:37,36,0,33123A,Mars Style 123A,火星派科技(北京)有限公司,North China,China
819,53,0,53,0,53,,2025-10-25 12:01:28,0,0,3082A,SSBS Team A,Shanghai Starriver Bilingual School,East China,China
820,53,0,53,0,53,,2026-01-01 08:59:20,0,0,388A,ROBOT 瑞卜德 388A,Shanghai Robot Education technology co. LTD,East China,China
821,53,0,53,0,53,,2026-03-13 23:56:40,0,0,4951B,Heavy Lifters,CIMARRON MIDDLE SCHOOL,Oklahoma,United States
822,52,29,23,29,29,2025-12-06 05:25:27,2025-10-04 11:24:32,0,0,4413Z,WZ-Z,Guangzhou No.5 Middle School,South China,China
823,52,20,32,22,32,2026-02-07 17:00:46,2026-03-07 14:43:51,0,0,93303H,Anti-Square Inserts,Monmouth Robotics,Maine,United States
824,52,22,30,22,30,2026-03-06 14:14:59,2025-12-13 15:37:45,0,5,51191E,Wired Warriors,Level Up Robots,Kansas,United States
825,52,20,32,20,32,2026-02-27 17:38:50,2026-01-28 21:22:45,56,0,9749F,AIXELSYD,Wood River Middle School,Idaho,United States
826,52,20,32,20,32,2026-01-24 18:39:22,2026-02-21 13:33:17,56,0,216D,Cube^3,Grandville Middle School,Michigan,United States
827,52,20,32,20,32,2026-03-08 13:18:01,2026-03-08 13:46:53,0,0,14Z,Octo-π,Marsteller Middle School,Virginia,United States
828,52,20,32,20,32,2026-03-10 17:23:06,2026-03-10 14:37:15,0,0,12362S,Stardust Crusaders,WHEELING MIDDLE SCHOOL,West Virginia,United States
829,52,15,37,18,37,2025-12-13 17:21:50,2026-02-21 13:53:29,38,0,61187A,AR: Voltage Vipers,ALLENDALE MIDDLE SCHOOL,Michigan,United States
830,52,15,37,16,37,2026-02-27 15:46:28,2026-03-10 15:45:24,27,0,76249B,"Steel Storm ",ELKVIEW MIDDLE SCHOOL,West Virginia,United States
831,52,16,36,16,36,2025-08-22 09:11:11,2025-08-23 03:38:50,0,4,3996W,天元公学-W,杭州竞创教育科技有限公司,East China,China
832,52,15,37,15,37,2026-03-07 14:24:41,2026-03-07 19:01:55,59,10,6568A,The Voltage Vipers,RONALD WILSON REAGAN MIDDLE,Virginia,United States
833,52,15,37,15,37,2026-02-21 17:37:37,2026-02-21 17:30:21,58,5,52407A,Nighthawks,Roboroots,South Carolina,United States
834,52,15,37,15,37,2026-02-27 09:05:52,2026-02-28 09:45:40,60,0,20785X,Nova,Queen Elizabeth's School,United Kingdom,United Kingdom
835,52,15,37,15,37,2026-03-07 18:56:50,2026-03-07 17:17:40,56,0,6122X,Robot WallE,JANE GOODALL ENVIRONMENTAL MIDDLE CHARTER SCHOOL,Oregon,United States
836,52,15,37,15,37,2025-11-07 21:36:48,2026-02-21 19:27:28,58,0,18700A,CTRL + ALT + Defeat,TRINITY ACADEMY,Kansas,United States
837,52,15,37,15,37,2026-02-14 18:45:53,2026-03-06 16:01:04,54,0,3211Y,Operation 6-7,Scouts BSA - Troop 211,Minnesota,United States
838,52,15,37,15,37,2025-12-06 13:27:34,2025-12-06 12:41:06,0,0,46037D,Short Circuit,Highgate School,United Kingdom,United Kingdom
839,52,15,37,15,37,2025-12-12 18:48:00,2025-12-12 17:25:09,0,0,83686E,The Quicker Picker Uppers,SOUTH MIDDLE SCHOOL,Idaho,United States
840,52,15,37,15,37,2025-12-13 19:58:19,2025-12-13 17:01:47,0,0,74947Z,Fenix - Zénith,Ecole Secondaire Massey-Vanier,Quebec,Canada
841,52,15,37,15,37,2026-02-21 17:45:40,2026-02-21 19:57:59,0,0,4233Z,"Zero Error ",Scott County Middle Schools,Kentucky,United States
842,52,15,37,15,37,2026-02-28 17:46:42,2026-02-28 17:50:41,0,0,18882C,Epsilon,LOOPA Aula Tecnològica,Andorra,Andorra
843,52,15,37,15,37,2026-03-14 12:35:57,2026-03-14 14:20:55,0,0,32789E,NRT - Metal Munchers,NORTHFIELD JR-SR HIGH SCHOOL,Indiana - Region 1 - North,United States
844,52,6,46,6,46,2025-12-20 06:54:39,2025-12-20 06:58:09,31,0,23457V,BL Rubber Duck,BRICK lab robotics CLUB,Vietnam,Vietnam
845,51,35,16,35,17,2026-01-10 16:56:49,2026-01-24 18:34:29,0,0,295E,PART E,Placer Robotics (PART),California - Region 2,United States
846,51,21,30,21,30,2026-03-06 14:11:48,2026-03-06 14:21:52,0,0,51191A,Three Musketeers,Level Up Robots,Kansas,United States
847,51,20,31,20,31,2026-02-21 17:49:46,2026-02-21 19:29:36,56,4,6199B,WiredCats B,THE WESTMINSTER SCHOOLS,Georgia,United States
848,51,20,31,20,31,2026-03-06 19:36:34,2026-03-06 21:09:06,58,1,3589E,Fear The Gear,TRI-CITY UNITED Middle School,Minnesota,United States
849,51,20,31,20,31,2026-02-27 18:49:59,2026-02-27 16:20:30,57,0,9749C,INTERGALACTIC,WOOD RIVER MIDDLE SCHOOL,Idaho,United States
850,51,20,31,20,32,2025-11-15 13:44:32,2026-01-03 16:00:24,56,0,457D,Asteroid Destroyers,JENISON JUNIOR HIGH SCHOOL,Michigan,United States
851,51,20,31,20,31,2026-02-07 17:41:30,2026-02-07 19:30:30,56,0,8929G,Maurice,HEWES MIDDLE,California - Region 4,United States
852,51,15,36,20,36,2026-03-06 21:34:49,2026-02-07 19:12:56,0,0,56549E,How to be Cookie Monsters 101,HAWLEY SECONDARY,Minnesota,United States
853,51,20,31,20,31,2026-03-06 18:03:45,2026-03-06 20:10:18,55,0,3589F,Circuit Surfers,Tri-city United: Le Center,Minnesota,United States
854,51,20,31,20,31,2026-03-06 18:52:30,2026-03-06 20:01:27,55,0,52305B,Corvex Corax,BELLE PLAINE MIDDLE,Kansas,United States
855,51,20,31,20,31,2026-03-07 00:58:01,2026-03-06 23:38:37,54,0,29485E,Lady Wolves,East Edisto Middle,South Carolina,United States
856,51,20,31,20,31,2026-03-07 17:44:27,2026-03-07 00:13:00,52,0,68763G,7th Grade Savages,O'NEILL HIGH SCHOOL,Nebraska,United States
857,51,20,31,20,31,2025-12-05 21:02:32,2026-02-20 22:28:13,58,0,3333Z,The Z Men,Notre Dame Prep,Michigan,United States
858,51,20,31,20,35,2026-02-28 14:42:53,2025-12-06 17:16:21,0,0,1365Z,Shift Lock,East Ridge Middle School,Florida - North/Central,United States
859,51,20,31,20,31,2026-01-10 18:48:35,2026-01-10 17:55:47,0,0,32563E,Port Jervis Middle School 2,PORT JERVIS MIDDLE SCHOOL,New York-South,United States
860,51,20,31,20,31,2026-02-07 18:55:02,2026-02-07 19:35:24,0,0,74947R,Fenix - Ragnarok,Ecole Secondaire Massey-Vanier,Quebec,Canada
861,51,20,31,20,31,2026-03-15 01:49:01,2026-03-15 20:12:07,0,0,1920D,The DOOM Kirby's,Palm Avenue Middle School,California - Region 3,United States
862,51,15,36,15,36,2026-02-28 20:53:18,2026-02-28 19:11:21,59,1,1096C,Techno Panthers,Payne Junior High School,Arizona,United States
863,51,15,36,15,36,2026-03-14 18:16:19,2026-03-01 18:57:30,59,0,7517G,GVMS Robotics 7517G - Gigabot,GREAT VALLEY MIDDLE SCHOOL,Pennsylvania - East,United States
864,51,15,36,15,36,2026-03-14 12:59:29,2026-03-14 12:48:13,58,0,47126B,The Burger Kings,HENRYVILLE JR & SR HIGH SCHOOL,Indiana - Region 3 - South,United States
865,51,15,36,15,36,2026-02-28 18:01:41,2026-02-28 17:09:22,57,0,31389B,Clank,SANTAN JUNIOR HIGH SCHOOL,Arizona,United States
866,51,15,36,15,36,2026-01-31 20:52:53,2026-01-31 19:34:19,54,2,7057A,7057 AntiVenom,COLUMBUS TUSTIN MIDDLE,California - Region 4,United States
867,51,15,36,15,36,2026-02-23 17:57:34,2026-02-23 15:24:56,51,0,77774E,Chill Bots,Madison Middle School,Mississippi,United States
868,51,15,36,15,36,2026-02-13 21:46:58,2026-03-07 17:11:39,59,0,40994B,Atomic Nuke,Dr. Phinnize J. Fisher Middle School,South Carolina,United States
869,51,15,36,15,36,2026-02-21 17:10:40,2026-03-07 16:06:25,58,0,29687X,Operation Override,Northwood Middle School,South Carolina,United States
870,51,15,36,15,36,2026-02-07 21:35:39,2026-02-14 23:15:21,54,0,69267A,Galaxy,Independent,Washington,United States
871,51,15,36,15,37,2026-02-28 17:12:56,2025-12-20 18:47:56,0,0,9050E,Galaxy,GROTON AREA HIGH SCHOOL - 01,South Dakota,United States
872,51,15,36,15,36,2026-02-21 19:56:51,2026-02-21 18:18:44,0,0,46390C,Tri-Township Robotics,Tri-Township School,Indiana - Region 1 - North,United States
873,51,15,36,15,36,2026-03-07 17:41:00,2026-03-07 17:19:01,0,0,9089E,SYNT4X 404,BrandywineBOTS,Delmarva,United States
874,51,15,36,15,36,2026-03-13 22:24:12,2026-03-13 23:48:08,0,0,355G,Gearquest,Fox Valley Robotics,Illinois,United States
875,51,0,51,5,51,2025-12-06 01:46:30,2026-02-06 05:59:01,0,0,4813C,Turbonyte,Taipei American School - Middle School,Chinese Taipei,Taiwan
876,51,5,46,5,46,2025-12-06 06:38:54,2025-12-05 06:03:22,0,0,82999A,82999A,上海市青浦平和双语学校,East China,China
877,51,0,51,0,51,,2025-08-23 08:52:11,0,0,2067Y,LinAn YuCai-Y,青山湖科技城育才学校,East China,China
878,50,20,30,25,30,2026-02-07 18:10:07,2026-03-01 17:07:44,0,0,6722D,Pioneer Wildcats - Dynamite,Pioneer Middle School,California - Region 4,United States
879,50,20,30,20,30,2026-01-31 18:33:15,2026-01-31 18:23:31,55,20,298P,Parras Robotics Team #2,Paras Middle School,California - Region 4,United States
880,50,20,30,20,30,2026-03-10 17:34:00,2026-03-10 17:52:25,57,10,84778G,Green Arrow,WARWOOD SCHOOL,West Virginia,United States
881,50,20,30,20,30,2026-03-04 20:28:07,2026-03-04 19:20:24,52,6,14323J,Juggernauts,FAIRBANKS MIDDLE SCHOOL,Ohio,United States
882,50,20,30,20,33,2026-02-07 20:38:36,2026-03-08 01:24:13,55,0,8778Y,The Autobots,PLATTE CITY MIDDLE,Missouri,United States
883,50,20,30,20,30,2026-02-14 17:20:48,2026-02-14 17:38:16,55,0,8781A,OK Robotics,Olive Knolls Christian School,California - Region 3,United States
884,50,20,30,20,34,2025-09-27 04:17:27,2025-10-25 04:14:10,54,0,65100C,Pymble Potatoes,"Pymble Ladies College, Sydney, Australia",Australia,Australia
885,50,20,30,20,30,2026-03-06 14:19:19,2026-02-07 17:11:05,0,5,25918E,Made In Metal,Christa Mcauliffe Academy,Kansas,United States
886,50,20,30,20,30,2026-03-14 16:55:34,2026-03-14 17:00:58,1,0,18891E,G-4s,Granby 4-H Club,Connecticut,United States
887,50,20,30,20,30,2026-02-21 17:21:46,2026-02-08 15:17:42,51,0,76936C,The Princess Reesecorns,MOUNDSVILLE MIDDLE SCHOOL,West Virginia,United States
888,50,20,30,20,30,2025-12-05 23:40:04,2025-12-06 00:04:57,0,0,77360K,Middlecat4,ONALASKA JR/SR HIGH,Texas - Region 3,United States
889,50,20,30,20,30,2026-02-28 00:59:59,2026-02-28 00:05:45,0,0,77360M,Onalaska77360M,ONALASKA JR/SR HIGH,Texas - Region 3,United States
890,50,19,31,19,31,2026-02-07 17:07:28,2026-02-07 18:04:27,0,0,93303G,Hippopotomonstrosesquippedaliophobia,Monmouth Robotics,Maine,United States
891,50,18,32,18,32,2026-02-06 09:19:49,2026-02-06 09:13:32,0,0,3297B,Brainchild,Brainchild,Hong Kong,Hong Kong
892,50,15,35,15,39,2025-11-09 02:03:44,2025-11-30 00:53:40,60,0,1831M,King's Team Mike,The King's School,Australia,Australia
893,50,15,35,15,35,2026-02-28 11:37:55,2026-02-28 09:55:12,60,0,11850X,NLCS_Enigma,North London Collegiate School,United Kingdom,United Kingdom
894,50,15,35,15,35,2026-02-28 15:35:47,2026-02-28 21:50:31,59,0,50250C,Rust In Pieces,BASHA HIGH SCHOOL,Arizona,United States
895,50,15,35,15,35,2026-03-08 13:09:50,2026-03-08 01:01:17,59,0,16495B,Technically Terrifying Titans,TROY SOUTH MIDDLE SCHOOL,Missouri,United States
896,50,15,35,15,35,2026-03-08 13:22:08,2026-03-08 13:49:18,59,0,99157C,IronMechs 3.0,Abacus Robotics Corp,Virginia,United States
897,50,15,35,15,35,2026-02-28 00:28:23,2026-02-14 17:26:58,59,0,7830K,ACP Noble Knights,Arizona College Prep Middle School,Arizona,United States
898,50,15,35,15,35,2026-01-10 19:00:42,2026-02-28 02:01:47,59,0,11770X,ignition,WILLOW WOOD J H,Texas - Region 3,United States
899,50,15,35,15,35,2025-10-26 02:17:57,2025-10-26 02:39:17,55,0,57666T,北京市第五十七中学T队,Beijing No57 High School,North China,China
900,50,15,35,15,35,2025-12-07 22:42:39,2026-02-21 22:00:45,53,0,34835W,HELP,THE GIRLS MIDDLE SCHOOL,California - Region 2,United States
901,50,15,35,15,35,2026-02-01 01:34:50,2026-02-01 18:01:54,59,0,7899K,Rolling Robots Ka-Chow,Rolling Robots,California - Region 4,United States
902,50,15,35,15,35,2026-01-17 17:53:41,2026-01-24 18:57:00,55,0,6047B,Elite,WESTVIEW MIDDLE SCHOOL,Colorado,United States
903,50,15,35,15,40,2026-02-14 21:12:53,2026-01-31 20:38:59,0,0,93535F,Fulton,FULTON AND ALSBURY ACADEMY OF ARTS AND ENGINEERING,California - Region 3,United States
904,50,15,35,15,35,2026-01-31 04:06:36,2026-01-31 05:22:42,0,0,11102A,IMAI Robotics,Bunka Gakuen University Suginami Junior and Senior High School,Japan,Japan
905,50,15,35,15,35,2026-02-21 19:11:03,2026-02-21 17:22:25,0,0,34543R,RoboPhish,Top Tier Robotics,Indiana - Region 1 - North,United States
906,50,15,35,15,35,2026-03-15 01:57:47,2026-03-15 01:46:09,0,0,92808C,ROBO Raiders,RIO BRAVO GREELEY,California - Region 3,United States
907,50,0,50,7,50,2025-09-28 03:00:40,2025-12-06 03:48:49,0,0,56666E,Unknown Robotics-E,Jiangnan Shuidu,South China,China
908,50,6,44,6,44,2026-02-10 08:28:11,2026-02-10 08:32:43,45,0,29088A,DEMO-ROBOT TEAM 1,DEMO ROBOTICS,East China,China
909,50,0,50,2,50,2025-10-04 07:41:28,2026-01-02 01:49:49,37,0,80088B,DFD-B,Dongfengdong Road Primary School,South China,China
910,49,27,22,27,41,2026-01-10 21:22:22,2026-01-17 21:12:19,0,0,7700A,Rolling Robots Anchovies,Rolling Robots,California - Region 4,United States
911,49,15,34,24,34,2025-11-23 00:33:49,2026-01-24 22:00:31,0,12,3590B,Hawaiian Kids,WAIALUA HIGH & INTERMEDIATE SCHOOL,Hawaii,United States
912,49,20,29,20,29,2026-03-06 20:53:21,2026-03-06 21:21:33,58,10,9210E,Unlimited Cereal Bus,SAUK RAPIDS-RICE MIDDLE SCHOOL,Minnesota,United States
913,49,20,29,20,34,2026-02-06 08:01:31,2025-12-08 01:55:05,58,0,15383C,YTTMC,TWGHs Yau Tze Tin Memorial College,Hong Kong,Hong Kong
914,49,20,29,20,32,2026-03-08 13:45:43,2026-02-22 19:23:24,58,0,46C,Clankers,Seton,Virginia,United States
915,49,20,29,20,29,2026-01-31 21:31:10,2026-01-31 20:39:38,58,0,3324X,Supernova X,SCIENCE ACADEMY STEM MAGNET,California - Region 4,United States
916,49,20,29,20,29,2026-01-31 19:54:44,2026-01-31 20:00:46,55,0,44344S,Vortex,Mukilteo Robotics,Washington,United States
917,49,20,29,20,29,2026-03-14 17:45:04,2026-03-15 13:59:37,54,0,19072A,WVMS Dragons: 19072A,WELSH VALLEY MIDDLE SCHOOL,Pennsylvania - East,United States
918,49,20,29,20,29,2026-02-21 19:17:27,2026-02-21 19:34:27,53,0,89147C,Mission ImBOTssible,Goddard Middle School,Kansas,United States
919,49,20,29,20,29,2026-02-13 20:01:27,2026-02-13 21:50:03,0,7,663Z,4D Squares,CHATTANOOGA CHRISTIAN SCHOOL,Tennessee,United States
920,49,20,29,20,31,2026-02-07 19:11:55,2026-03-06 17:03:49,0,0,31319A,Dino Nuggets,COLEMAN MIDDLE SCHOOL,Kansas,United States
921,49,20,29,20,29,2026-01-10 17:33:34,2026-01-10 17:42:16,0,0,65892C,Mecha Maniax,GLENWOOD SENIOR HIGH SCHOOL,Iowa,United States
922,49,20,29,20,29,2026-02-27 22:55:16,2026-02-27 22:57:28,0,0,9749E,SUPERCALIFRAGILISTICEXPIALIDOCIOUS,Wood River Middle School,Idaho,United States
923,49,15,34,15,34,2026-02-08 12:32:59,2026-02-27 14:34:09,60,0,11850W,NLCS_Shockwave,North London Collegiate School,United Kingdom,United Kingdom
924,49,15,34,15,34,2026-02-28 17:14:22,2026-02-07 20:11:19,60,0,1096A,Techno Panthers,Payne Junior High School,Arizona,United States
925,49,15,34,15,34,2026-02-07 18:25:59,2026-02-27 23:05:36,58,0,7830N,ACP Noble Knights,Arizona College Prep Middle School,Arizona,United States
926,49,15,34,15,34,2025-11-25 12:37:45,2025-11-25 12:08:43,54,0,46846C,Poppy and Pals,Gordonstoun School,United Kingdom,United Kingdom
927,49,15,34,15,34,2026-01-11 00:31:08,2026-02-15 21:24:31,58,0,394A,Highlands Inter Robotics,HIGHLANDS INTERMEDIATE SCHOOL,Hawaii,United States
928,49,15,34,15,36,2026-01-24 20:04:31,2026-01-31 22:06:28,50,0,38150E,Team Co-Op,Team Co-Op,California - Region 4,United States
929,49,15,34,15,34,2026-02-07 14:46:37,2026-02-07 16:14:40,49,0,69955D,100% COOKED,LADUE MIDDLE,Missouri,United States
930,49,15,34,15,34,2026-01-24 20:58:25,2026-02-15 21:52:19,57,0,3590C,Hawaiian Kids,WAIALUA HIGH & INTERMEDIATE SCHOOL,Hawaii,United States
931,49,15,34,15,34,2026-02-07 20:21:14,2026-02-28 20:41:13,57,0,52800X,Thunder Pigeons,Soaring Heights PK-8,Colorado,United States
932,49,15,34,15,34,2025-12-13 16:25:43,2026-03-06 22:43:28,45,0,9447R,The Sitting Ducks,Palmetto Scholars Academy,South Carolina,United States
933,49,15,34,15,34,2026-03-05 15:53:09,2025-12-05 16:01:00,36,0,17325A,PANCAKES,Glenwood Middle School,Ohio,United States
934,49,15,34,15,34,2026-02-07 21:03:40,2026-02-07 16:35:15,0,0,74947V,Fenix - Vroum Vroum,Ecole Secondaire Massey-Vanier,Quebec,Canada
935,49,15,34,15,34,2026-02-21 12:25:46,2026-02-21 12:27:45,0,0,1737B,I like donut know,International Robotics Academy,Kazakhstan,Kazakhstan
936,49,0,49,3,49,2026-01-11 21:33:37,2026-01-17 01:11:12,34,0,96140Z,Innervators,WOODCREST SCHOOL,California - Region 4,United States
937,49,0,49,0,49,,2025-10-06 03:18:08,0,0,10052X,HSch Attached to BUT-X,High School Attached to Beijing University of Technology,North China,China
938,49,0,49,0,49,,2025-12-06 06:06:42,0,0,56788W,FuJian Team,FuZhou PingDong&WenBo MS,South China,China
939,48,21,27,21,27,2026-02-20 21:31:28,2026-02-21 13:28:01,0,0,13000A,The 3 Swifties and an Accidental,GRANDVILLE MIDDLE SCHOOL,Michigan,United States
940,48,20,28,20,28,2026-02-28 19:21:53,2026-03-01 15:12:10,58,0,10190B,Stoneham Spartans: Team Serpent,Stoneham Central Middle School,Massachusetts,United States
941,48,20,28,20,28,2025-12-05 16:25:42,2026-03-04 19:51:31,57,0,50298Z,Gear Busterz,Mapleton Middle School,Ohio,United States
942,48,20,28,20,28,2026-03-07 21:32:03,2026-02-11 00:16:58,56,0,7784X,Cbots Vexacutioners,Cavelero Mid High School,Washington,United States
943,48,20,28,20,28,2026-02-14 19:52:30,2026-02-14 18:13:43,53,0,93535N,Nighthawks,FULTON AND ALSBURY ACADEMY OF ARTS AND ENGINEERING,California - Region 3,United States
944,48,20,28,20,28,2026-03-15 20:34:03,2026-03-15 17:55:58,52,0,18204W,SCS White,Stockdale Christian School,California - Region 3,United States
945,48,20,28,20,28,2026-03-06 19:40:11,2026-03-06 19:36:27,49,0,71610T,Taco Thursday,"Gordon Parks Academy ",Kansas,United States
946,48,15,33,20,33,2026-01-31 18:27:22,2026-02-28 17:08:36,0,0,70699C,Wolverine Robotics,F. K. WHITE MIDDLE SCHOOL,Louisiana,United States
947,48,20,28,20,28,2026-03-06 16:31:27,2026-01-23 16:39:39,58,0,71610D,ZMBZ,GORDON PARKS ACADEMY,Kansas,United States
948,48,20,28,20,29,2025-12-13 14:34:15,2026-02-21 18:41:36,0,0,61187F,AR: Dex Force 1,ALLENDALE MIDDLE SCHOOL,Michigan,United States
949,48,20,28,20,29,2026-03-07 19:22:22,2025-12-13 18:23:51,0,0,88454E,Tech Titans,FAITH Homeschool Co-op,Kentucky,United States
950,48,20,28,20,28,2025-10-27 13:03:43,2025-10-27 13:06:41,0,0,3116E,Team Control Freaks - 3 Amigos,The John Warner School,United Kingdom,United Kingdom
951,48,20,28,20,28,2026-01-10 15:51:44,2026-01-10 18:32:48,0,0,4886C,Clutch,Thetford Academy,New Hampshire/Vermont,United States
952,48,20,28,20,28,2026-02-14 15:37:42,2026-02-14 14:20:45,0,0,29449A,Axcellerate,HAUT GAP MIDDLE,South Carolina,United States
953,48,20,28,20,28,2026-02-14 18:40:03,2026-02-14 15:49:15,0,0,63438Z,Valpo Vipers: Zebra snake,BENJAMIN FRANKLIN MIDDLE SCHOOL,Indiana - Region 1 - North,United States
954,48,20,28,20,28,2026-03-06 19:57:12,2026-03-07 00:32:52,0,0,1032N,Tech-No Logic,NFDL Robotics Attn: Aaron Novak,Wisconsin,United States
955,48,15,33,16,33,2026-01-31 16:56:55,2026-02-27 20:57:06,0,0,38247D,Brainz 'N Boltz,Bogle Junior High School,Arizona,United States
956,48,16,32,16,32,2026-02-07 16:17:13,2026-02-07 15:43:37,0,0,77774Y,Malicious Intent,Madison Middle School,Mississippi,United States
957,48,15,33,15,33,2026-02-07 15:52:23,2026-02-28 20:54:37,58,5,28784N,Mechanical Maestros,Mechanical Maestros,Texas - Region 4,United States
958,48,15,33,15,39,2025-12-05 09:02:10,2026-02-06 03:57:40,59,8,4813E,Sentinels,Taipei American School - Middle School,Chinese Taipei,Taiwan
959,48,15,33,15,33,2026-02-07 14:51:26,2026-02-07 15:59:50,59,0,82391E,Error 404: Team Not Found,Troy Middle School,Missouri,United States
960,48,15,33,15,33,2026-03-07 14:10:37,2026-03-07 15:01:34,59,0,93303J,The Chatterboxes,Monmouth Robotics,Maine,United States
961,48,15,33,15,33,2026-02-13 19:37:23,2026-02-23 16:06:27,58,0,73805V,Mega Volts,GERMANTOWN MIDDLE SCHOOL,Mississippi,United States
962,48,15,33,15,33,2026-01-10 18:37:39,2026-01-10 16:58:14,57,0,14X,X-treme Overdrive,Marsteller Middle School,Virginia,United States
963,48,15,33,15,33,2026-01-31 19:58:57,2026-01-31 19:28:22,57,0,10012C,Ten Ton Robotics,West Vancouver School District,British Columbia (BC),Canada
964,48,15,33,15,33,2026-01-10 17:17:50,2026-01-31 17:15:52,58,0,61526E,ST Therese Robotics,ST THERESE SCHOOL,Missouri,United States
965,48,15,33,15,34,2026-02-21 16:33:45,2026-03-14 13:26:13,53,0,1338B,Blue HEAT,BRYANT JUNIOR HIGH SCHOOL,Arkansas,United States
966,48,15,33,15,33,2026-02-21 16:59:28,2026-02-21 15:18:28,50,0,6390F,Pioneers,HIGHLAND MIDDLE SCHOOL,Ohio,United States
967,48,15,33,15,33,2026-01-31 15:35:30,2026-03-07 18:05:08,1,0,7831Y,Kinetic Collision,FRANK H HARRISON MIDDLE SCHOOL,Maine,United States
968,48,15,33,15,35,2026-01-17 19:00:06,2026-03-06 23:14:57,0,0,1067C,OPS- Negative IQ,Nathan Hale Middle School,Nebraska,United States
969,48,15,33,15,33,2025-12-13 21:16:00,2025-12-13 18:59:31,0,0,89509K,89509K,Darrell C Swope Middle School,Nevada,United States
970,48,0,48,0,48,,2026-02-04 05:42:59,0,0,40203A,Robotics club coders,"ROBOTICS Club ",Saudi Arabia,Saudi Arabia
971,48,0,48,0,48,,,0,0,13459B,Spark,Paraguay,Paraguay,Paraguay
972,47,15,32,22,32,2026-03-05 17:38:25,2026-02-12 23:33:52,24,0,4810A,Archive,NORTH UNION MIDDLE SCHOOL,Ohio,United States
973,47,20,27,20,27,2026-02-21 19:20:39,2026-02-21 19:22:53,55,0,82758E,Galaxy Gearheads,"Roswell Galaxy Gearheads ",New Mexico,United States
974,47,20,27,20,27,2026-02-21 21:02:55,2026-02-21 17:29:51,55,0,2131V,Jvnkyard Jvnkies,DAVIS HIGH,Utah,United States
975,47,20,27,20,29,2026-02-21 19:11:51,2026-03-06 18:05:00,57,0,31001A,Team Ducky,DERBY NORTH MIDDLE SCHOOL,Kansas,United States
976,47,20,27,20,27,2025-12-06 20:54:23,2026-02-28 22:34:39,54,0,12188A,Robo Rogues,Robo Rogues,Louisiana,United States
977,47,20,27,20,27,2026-02-19 22:29:15,2026-02-19 23:51:32,0,0,6403J,The Big Brain Bois 3.0,Brookside Middle School,Ohio,United States
978,47,20,27,20,27,2026-03-14 13:44:20,2026-03-14 13:47:49,0,0,1338W,White HEAT,BRYANT JUNIOR HIGH SCHOOL,Arkansas,United States
979,47,15,32,15,32,2026-02-21 14:31:34,2026-02-21 14:02:20,59,0,9447Y,Fried,Palmetto Scholars Academy,South Carolina,United States
980,47,15,32,15,32,2026-02-28 02:08:26,2026-02-27 23:59:26,59,0,79298B,Breakthrough,Altona Middle School,Colorado,United States
981,47,15,32,15,32,2026-03-07 19:23:43,2026-03-07 19:32:56,59,0,14S,Shiver Me Timbers,Marsteller Middle School,Virginia,United States
982,47,15,32,15,32,2026-02-20 23:44:19,2026-01-24 16:40:47,59,0,216A,Forklift Certified,Grandville Middle School,Michigan,United States
983,47,15,32,15,33,2026-01-25 18:47:17,2026-03-07 23:34:42,58,0,886C,Cooked | WPRA,Western Pacific Robotics Academy,British Columbia (BC),Canada
984,47,15,32,15,32,2026-02-27 20:16:20,2026-02-27 20:12:17,58,0,83686F,Glizzies,SOUTH MIDDLE SCHOOL,Idaho,United States
985,47,15,32,15,32,2026-03-06 17:12:29,2026-03-06 20:07:18,58,0,8108C,Premium Penguins,NORTH JUNIOR HIGH,Minnesota,United States
986,47,15,32,15,32,2026-03-13 23:55:50,2026-03-14 15:30:09,58,0,74074V,Vortex,Pioneer Robotics,Oklahoma,United States
987,47,15,32,15,37,2026-01-10 19:36:42,2026-03-08 15:28:29,58,0,1481A,Techno Tigers,GAINESVILLE MIDDLE,Virginia,United States
988,47,15,32,15,32,2026-02-21 16:10:36,2026-03-06 23:24:42,58,0,29673B,Hurricane Charlie,WREN MIDDLE,South Carolina,United States
989,47,15,32,15,32,2026-02-07 18:54:25,2026-02-07 15:30:52,56,0,41120C,A Talking Donkey,ZANESVILLE MIDDLE SCHOOL,Ohio,United States
990,47,15,32,15,32,2025-12-06 15:37:18,2026-01-10 16:48:02,52,0,6199D,WiredCats D,THE WESTMINSTER SCHOOLS,Georgia,United States
991,47,15,32,15,32,2026-02-14 18:47:54,2026-03-06 01:27:15,59,0,55371E,No Shaft Sherlock,PRINCETON MIDDLE SCHOOL,Minnesota,United States
992,47,15,32,15,32,2026-02-14 18:45:17,2026-03-13 18:20:13,59,0,10261A,Cougar Robotics,Sullivan Central Middle School,Tennessee,United States
993,47,15,32,15,32,2026-03-07 00:36:25,2026-02-14 15:38:56,59,0,8686A,The Aces,SEVIER MIDDLE,South Carolina,United States
994,47,15,32,15,32,2026-02-07 16:29:46,2026-03-14 18:20:17,57,0,20850M,Proboscis monkeys,"AOE Robotics Club ",Maryland,United States
995,47,15,32,15,39,2026-01-17 15:55:06,2026-02-14 17:58:31,0,0,1028J,It'll Be Fine,Brownell Talbot College Preparatory School,Nebraska,United States
996,47,15,32,15,36,2026-03-14 16:23:25,2026-02-14 20:07:11,0,0,29649E,Kura Robotics,Collierville Middle School,Tennessee,United States
997,47,15,32,15,34,2026-02-21 18:30:39,2026-01-10 16:11:15,0,6,457A,Larger Than Average Seals,JENISON JUNIOR HIGH SCHOOL,Michigan,United States
998,47,15,32,15,32,2026-01-25 22:37:30,2026-01-25 22:03:34,0,0,91233F,IRVINE RUIGUAN,IRVINE RUIGUAN,California - Region 4,United States
999,47,15,32,15,32,2026-03-07 19:59:12,2026-03-07 20:39:29,0,0,32410J,The dawgs,REDWATER JH,Texas - Region 2,United States
1000,47,11,36,11,36,2026-01-01 08:27:41,2026-01-01 08:39:20,0,0,86607A,上海赫贤学校,上海赫贤学校,East China,China
1001,47,7,40,7,40,2025-08-23 05:12:12,2025-08-23 05:16:58,0,0,9123Z,Shanghai RuiGuan Team 9123Z,ShangHai RuiGuan Robotics Activity Center,East China,China
1002,47,5,42,5,42,2026-01-02 01:24:39,2026-01-01 06:00:47,0,0,8973A,Jiangsu Road No.5 Primary school Team A,Jiangsu Road No.5 Primary school,East China,China
1003,47,4,43,4,43,2025-07-29 12:08:55,2025-07-29 12:11:21,0,0,66991A,极速火箭,Future Leader Robot Club,North China,China
1004,47,0,47,0,47,2026-01-01 08:42:30,2026-01-01 08:48:25,0,0,21709E,ASJ-E team,Ai Tech Robotics,South China,China
1005,47,0,47,0,47,,2026-02-21 14:20:10,0,0,30044A,Crews BroncoBots,CREWS MIDDLE SCHOOL,Georgia,United States
1006,46,20,26,20,26,2026-02-13 19:37:55,2026-02-13 22:01:37,57,0,84420F,SHMS Steel Huskies,SULLIVAN HEIGHTS MIDDLE SCHOOL,Tennessee,United States
1007,46,20,26,20,26,2026-02-21 14:15:37,2026-02-21 16:03:06,57,0,4810B,Blackout,NORTH UNION MIDDLE SCHOOL,Ohio,United States
1008,46,20,26,20,26,2026-03-06 21:27:40,2026-03-06 20:50:48,57,0,68031F,Wetland Warriors,KENNEDY COMMUNITY SCHOOL,Minnesota,United States
1009,46,20,26,20,27,2026-03-14 14:07:54,2026-02-14 17:27:15,49,0,9012F,Northern Knight Lights,Northern Middle School,Maryland,United States
1010,46,20,26,20,31,2026-02-28 01:00:38,2026-02-14 17:36:49,0,0,52800P,Clanker Beaters,Soaring Heights PK-8,Colorado,United States
1011,46,20,26,20,29,2025-12-13 13:59:53,2026-02-21 13:49:34,0,3,61187E,AR: Glorious Gears,ALLENDALE MIDDLE SCHOOL,Michigan,United States
1012,46,20,26,20,29,2026-03-10 13:29:14,2026-01-23 15:45:46,0,0,14287P,Lil Panthers,DU PONT MIDDLE SCHOOL,West Virginia,United States
1013,46,19,27,20,27,2026-02-05 22:32:18,2026-03-06 23:48:51,0,0,8686E,Electric Athletes,SEVIER MIDDLE,South Carolina,United States
1014,46,20,26,20,27,2026-03-07 15:27:38,2026-02-14 15:53:15,0,0,21421H,AI Generated,All Saints Catholic School,Maine,United States
1015,46,20,26,20,26,2026-01-17 22:24:51,2026-01-17 20:58:03,0,0,74177B,Quack Attack,Pinecrest Academy Sloan Canyon,Nevada,United States
1016,46,20,26,20,26,2026-01-23 16:31:04,2026-01-23 18:04:49,0,0,31319X,Spitfire,COLEMAN MIDDLE SCHOOL,Kansas,United States
1017,46,20,26,20,26,2026-01-31 05:22:09,2026-01-31 04:16:25,0,0,11102C,Kumatoma Fighters,Bunka Gakuen University Suginami Junior and Senior High School,Japan,Japan
1018,46,20,26,20,26,2026-02-23 18:40:31,2026-02-23 18:43:40,0,0,7409G,Chat GPTers,Bayou View Middle School,Mississippi,United States
1019,46,17,29,17,29,2026-02-28 14:15:17,2026-02-28 16:47:01,0,0,66466A,VoyGer,MARTINEZ MIDDLE SCHOOL,Florida - North/Central,United States
1020,46,15,31,15,31,2026-02-28 16:51:53,2026-02-28 18:05:44,59,10,47126D,The Happy Gilmores,HENRYVILLE JR & SR HIGH SCHOOL,Indiana - Region 3 - South,United States
1021,46,15,31,15,31,2026-02-28 01:08:45,2026-02-28 01:24:40,55,13,38247B,Nuclear Toast,Bogle Junior High School,Arizona,United States
1022,46,15,31,15,31,2026-03-06 20:03:27,2026-03-06 21:29:35,59,5,9821E,Eureka,EAST GRAND FORKS SENIOR HIGH,Minnesota,United States
1023,46,15,31,15,31,2026-02-21 20:29:28,2026-03-07 03:51:05,58,5,80658C,Team Crimson,Silverleaf School,Oregon,United States
1024,46,15,31,15,31,2025-12-06 00:56:30,2025-12-06 00:48:26,50,12,1247G,Westbrook Girls,WESTBROOK INT,Texas - Region 3,United States
1025,46,15,31,15,31,2026-02-07 18:22:43,2026-02-07 16:41:44,59,0,31319Z,Mechanicz,COLEMAN MIDDLE SCHOOL,Kansas,United States
1026,46,15,31,15,31,2026-02-14 15:55:12,2026-02-14 17:10:35,59,0,19085A,BRMS: Lavender Logic,Black Rock Middle School,Pennsylvania - East,United States
1027,46,15,31,15,31,2026-03-07 18:56:14,2026-03-08 12:41:00,59,0,1231C,Cheese Curds,LOUISE A. BENTON MIDDLE,Virginia,United States
1028,46,15,31,15,31,2026-03-07 20:32:27,2026-02-19 02:31:39,59,0,938Y,Blaze Yellow Dragon,Blaze Robotics Academy,Washington,United States
1029,46,15,31,15,31,2026-02-07 21:01:48,2026-01-31 16:31:21,56,0,4454W,Whirlwind,Timothy Christian School,Illinois,United States
1030,46,15,31,15,31,2026-03-07 15:03:02,2026-03-07 18:15:10,51,0,6634F,Tinman Crew v2,THE NOKESVILLE SCHOOL,Virginia,United States
1031,46,15,31,15,31,2026-01-02 16:47:06,2026-02-21 17:52:42,56,0,44654A,Barbie Girls,WEST HOLMES MIDDLE SCHOOL,Ohio,United States
1032,46,15,31,15,31,2026-02-07 15:06:47,2026-02-21 16:09:00,58,1,38678B,Battle Bots,St Pius X Middle School,Kentucky,United States
1033,46,15,31,15,31,2026-01-24 17:22:45,2026-03-14 18:23:09,53,0,7135W,Loyola Robotics -W,Loyola Blakefield,Maryland,United States
1034,46,15,31,15,38,2026-03-07 16:37:51,2026-02-21 17:45:40,0,0,29483A,Apex Robotics,GREGG MIDDLE,South Carolina,United States
1035,46,15,31,15,31,2026-02-07 15:08:08,2026-02-07 16:10:29,0,0,73805X,-,GERMANTOWN MIDDLE SCHOOL,Mississippi,United States
1036,46,0,46,5,46,2026-02-07 15:21:21,2026-02-21 16:36:01,33,0,65292A,Road Runners,Central Middle School,Oklahoma,United States
1037,46,5,41,5,41,2026-02-06 07:57:31,2026-02-06 08:11:49,0,0,17022X,XXX,Happy Robot,Chinese Taipei,Taiwan
1038,46,2,44,2,44,2025-10-26 05:15:51,2025-10-26 05:16:14,47,0,39116Z,Team East Z,东城区青少年科技馆,North China,China
1039,46,0,46,0,46,2026-01-17 03:42:52,2026-01-17 02:39:00,0,1,8059E,Blank.,Anglo-Chinese School (Independent),Singapore,Singapore
1040,46,0,46,0,46,2025-07-18 09:29:33,2025-07-18 09:26:27,0,0,56520Y,FuZhou PingDong MS& GuLouShiYan ES &GeZhiBaoFu MS,FuZhou PingDong& GuLouShiYan&Foreign Language MS,South China,China
1041,46,0,46,0,46,,2025-11-08 10:43:13,0,0,82222W,广州市天河区少年宫,广州市天河区少年宫,South China,China
1042,45,20,25,20,25,2026-02-07 17:17:02,2026-02-07 17:25:48,55,35,78759F,Hurricane Impossible,"CVMS STEM ",Texas - Region 4,United States
1043,45,20,25,20,27,2026-02-21 14:18:29,2026-02-12 22:58:23,57,0,6390R,Robo Raptors,Highland Middle School,Ohio,United States
1044,45,20,25,20,25,2026-03-14 15:38:39,2026-03-14 15:41:24,55,21,6750B,Springfield Cubs,SPRINGFIELD MIDDLE,Maryland,United States
1045,45,20,25,20,29,2026-02-13 17:34:13,2026-01-02 17:48:56,59,0,6390B,BF1,HIGHLAND MIDDLE SCHOOL,Ohio,United States
1046,45,20,25,20,25,2026-01-17 18:02:28,2026-01-17 19:28:30,55,13,6047P,The Rust Buckets,WESTVIEW MIDDLE SCHOOL,Colorado,United States
1047,45,15,30,20,30,2026-02-28 22:33:32,2026-01-31 18:56:20,54,4,84949Y,84949Y,SUSSMAN (EDWARD A.) MIDDLE,California - Region 4,United States
1048,45,20,25,20,25,2026-03-06 21:32:31,2026-01-31 16:42:18,57,9,9210G,Universal Serial Bus,SAUK RAPIDS-RICE MIDDLE SCHOOL,Minnesota,United States
1049,45,15,30,20,30,2026-02-21 14:45:06,2026-02-07 14:54:29,39,0,4810D,Da Bahama Dudes,NORTH UNION MIDDLE SCHOOL,Ohio,United States
1050,45,20,25,20,25,2026-02-14 16:11:33,2026-02-14 15:38:36,57,0,8686N,Ninja Turtles,Sevier Middle School,South Carolina,United States
1051,45,20,25,20,25,2026-03-14 17:05:48,2026-03-14 16:01:58,57,0,18000H,Iron Patriots Big Buff Bot,Sullivan East Middle School,Tennessee,United States
1052,45,20,25,20,26,2026-02-28 14:33:08,2026-03-14 19:00:24,56,8,255T,Norristown Robotics - T,NORRISTOWN AREA MIDDLE SCHOOL,Pennsylvania - East,United States
1053,45,20,25,20,25,2026-03-06 21:02:41,2026-03-06 02:06:25,56,0,11532B,Abrams,BEMIDJI MIDDLE,Minnesota,United States
1054,45,20,25,20,25,2026-03-14 16:16:29,2026-03-14 17:04:13,55,0,9012Z,NortherKnighters,Northern Middle School,Maryland,United States
1055,45,20,25,20,29,2026-02-07 19:56:25,2026-03-01 18:19:34,54,0,462X,Wolverines,HARVARD-WESTLAKE,California - Region 4,United States
1056,45,20,25,20,27,2026-02-11 01:06:47,2026-03-07 02:13:25,44,0,7784N,C-Bots Betas,CAVELERO MID HIGH SCHOOL,Washington,United States
1057,45,20,25,20,30,2026-02-07 19:13:26,2026-03-14 17:17:23,1,0,31110A,Mental Breakdown,Happy Valley Middle School,Tennessee,United States
1058,45,20,25,20,27,2026-02-14 17:49:09,2025-11-21 16:57:30,52,0,10820W,AG Revators,WILLOW SPRINGS MIDDLE,Texas - Region 5,United States
1059,45,20,25,20,25,2026-03-15 01:33:34,2026-02-14 21:17:29,50,0,93535A,Alsbury,FULTON AND ALSBURY ACADEMY OF ARTS AND ENGINEERING,California - Region 3,United States
1060,45,0,45,20,45,2025-12-12 22:28:11,2026-02-27 17:45:49,0,0,673E,Thunderbolts,EAST VALLEY MIDDLE SCHOOL,Idaho,United States
1061,45,20,25,20,35,2025-10-18 14:03:18,2026-03-06 23:58:27,0,0,8686D,Dynamic Dinos,SEVIER MIDDLE,South Carolina,United States
1062,45,20,25,20,30,2026-02-28 12:34:20,2026-02-15 07:44:14,0,0,19648K,KARA EJDERLER,TEVFİK FİKRET ORTAOKULU,Türkiye,Türkiye
1063,45,20,25,20,25,2025-10-27 19:01:38,2025-10-27 19:03:41,0,0,13000E,704,GRANDVILLE MIDDLE SCHOOL,Michigan,United States
1064,45,20,25,20,25,2025-11-21 19:36:54,2025-11-21 17:23:08,0,0,14287B,Freedom Robots,DU PONT MIDDLE SCHOOL,West Virginia,United States
1065,45,20,25,20,25,2026-01-23 15:13:01,2026-01-23 15:16:37,0,0,71610Z,GET OUT!,GORDON PARKS ACADEMY,Kansas,United States
1066,45,20,25,20,25,2026-02-21 17:50:52,2026-02-21 18:25:44,0,0,20468B,Robo Chickens,Brooks Magnet Middle School,Kansas,United States
1067,45,20,25,20,25,2026-03-07 00:23:18,2026-03-07 17:37:19,0,0,5155G,"Aperature Scientists ",Cross County Robotics,Nebraska,United States
1068,45,20,25,20,25,2026-03-07 15:42:02,2026-03-07 16:31:42,0,0,66722A,Code Crushers,Hartselle Junior High School,Alabama,United States
1069,45,17,28,17,28,2026-03-01 16:20:31,2026-02-28 19:39:47,35,0,70663A,Farkle Sharkles,LEBLANC MIDDLE SCHOOL,Louisiana,United States
1070,45,16,29,16,29,2026-01-24 18:08:12,2026-01-24 19:20:58,0,6,58676F,Corsaires Fire Express,Ecole Pointe-Levy,Quebec,Canada
1071,45,15,30,15,30,2026-02-28 19:31:11,2026-02-28 20:01:33,54,14,96428D,Junior Noodles,DESERT CHRISTIAN SCHOOL,Arizona,United States
1072,45,15,30,15,30,2026-01-10 19:09:06,2026-01-10 18:05:51,59,3,8778Z,YOLO McSwagon,PLATTE CITY MIDDLE,Missouri,United States
1073,45,15,30,15,30,2026-02-21 16:22:24,2026-02-21 13:43:00,59,0,31575S,Combat Wombats,Traverse City Area Public Scho,Michigan,United States
1074,45,15,30,15,30,2026-03-14 14:03:59,2026-01-31 01:30:57,59,0,4611H,Hiccup Hippos,Robot Revolution MS,New Jersey,United States
1075,45,15,30,15,30,2026-01-10 14:43:01,2025-11-05 21:36:59,60,0,13002B,Chaos Controllers,GRANDVILLE MIDDLE SCHOOL,Michigan,United States
1076,45,15,30,15,30,2026-02-28 15:21:48,2026-02-28 18:52:26,58,0,99194V,Valkyries,LVE3,Virginia,United States
1077,45,15,30,15,30,2026-02-28 19:16:15,2026-02-28 20:26:05,58,0,19991A,GearWarriors,TEXAS SCHOOL FOR THE DEAF,Texas - Region 4,United States
1078,45,15,30,15,30,2026-03-06 19:41:38,2026-03-06 21:30:37,58,0,10001M,Ender Dragon,PRAIRIE WINDS MIDDLE SCHOOL,Minnesota,United States
1079,45,15,30,15,30,2026-01-17 17:58:11,2026-01-17 16:20:50,55,0,81597A,Donut Disturb,RISE AND SHINE HOME EDUCATORS,North Carolina,United States
1080,45,15,30,15,30,2026-02-21 19:36:17,2026-02-21 20:43:55,53,0,22201Y,TaCo! TaCo!,PLEASANT VALLEY MIDDLE SCHOOL,Kansas,United States
1081,45,15,30,15,30,2026-01-24 23:09:16,2026-01-24 21:50:35,0,9,8871C,Artillery8871C,WALTER JOHNSON JUNIOR HIGH SCHOOL ACADEMY OF INTERNATIONAL S,Nevada,United States
1082,45,15,30,15,30,2025-11-15 07:27:27,2025-12-07 07:40:42,47,0,38657X,PotayTech,Shrewsbury International School,Thailand,Thailand
1083,45,15,30,15,30,2025-12-06 04:00:03,2026-02-14 19:14:09,59,0,1469E,pink fluffy unicorns,OLIVER WENDELL HOLMES MIDDLE,California - Region 4,United States
1084,45,15,30,15,30,2026-02-28 17:42:44,2026-03-14 00:10:16,59,0,42239B,Sufur,SILOAM SPRINGS MIDDLE SCHOOL,Arkansas,United States
1085,45,15,30,15,30,2026-03-14 19:54:08,2026-02-28 21:47:45,58,0,7187R,The Blue Alliance,FAYETTEVILLE HIGH SCHOOL EAST,Arkansas,United States
1086,45,15,30,15,30,2026-02-21 14:37:57,2026-02-14 18:57:01,57,0,1060X,OPS - The Imperial bots​,ALICE BUFFETT MAGNET MIDDLE SCHOOL,Nebraska,United States
1087,45,15,30,15,33,2026-02-01 18:00:49,2025-11-15 18:18:00,0,0,45078C,The C Dynasty,ELLICOTT MIDDLE SCHOOL,Colorado,United States
1088,45,15,30,15,30,2025-12-13 15:47:22,2025-12-13 15:49:28,0,0,7409S,Hungry Hippos,BAYOU VIEW MIDDLE SCHOOL,Mississippi,United States
1089,45,15,30,15,30,2026-01-31 09:58:41,2026-01-31 08:12:28,0,0,90736B,Intelligent Brain,Emirates Science Club,United Arab Emirates,United Arab Emirates
1090,45,15,30,15,30,2026-01-31 17:47:24,2026-01-31 19:33:52,0,0,61538D,Father and Sons,CHENEY MIDDLE SCHOOL,Kansas,United States
1091,45,15,30,15,30,2026-02-27 21:14:05,2026-02-27 19:59:33,0,0,11055A,3.14159,Lone Star Middle School,Idaho,United States
1092,45,15,30,15,30,2026-03-07 00:21:55,2026-03-06 23:14:41,0,0,74100Y,Yeti,Concordia Lutheran Schools of Omaha,Nebraska,United States
1093,45,6,39,6,39,2026-01-06 07:26:26,2026-01-06 07:31:42,0,0,90888A,南江Ford·N,南京东南实验学校,East China,China
1094,45,0,45,0,45,2025-07-29 12:10:37,2025-07-29 08:36:54,0,0,19539C,北京师范大学第二附属中学,北京师范大学第二附属中学,North China,China
1095,45,0,45,0,45,2025-12-06 06:20:06,2025-12-06 02:56:04,0,0,1515A,未来领导力机器人A队,海南陵水蓝湾未来领导力学校,South China,China
1096,44,20,24,20,24,2026-01-17 16:32:58,2026-01-17 20:00:43,52,12,21352B,Sphinx,Tointon Academy of Pre-Engineering,Colorado,United States
1097,44,15,29,15,29,2026-02-19 03:18:50,2026-02-19 03:07:03,52,10,938W,Blaze's Whimsical Wombats,Blaze Robotics Academy,Washington,United States
1098,44,15,29,15,29,2026-01-24 23:34:33,2026-01-24 23:42:03,56,4,80852C,Royal Robotics,HANALANI SCHOOLS,Hawaii,United States
1099,44,15,29,15,29,2026-02-07 01:54:48,2026-02-06 08:17:07,59,0,44532S,SLT1,新竹縣立勝利國中,Chinese Taipei,Taiwan
1100,44,15,29,15,29,2026-02-20 23:42:47,2026-02-21 15:08:56,59,0,8153C,I Say Banana,Hudsonville Robotics - Riley MS,Michigan,United States
1101,44,15,29,15,29,2026-03-06 21:45:13,2026-03-06 16:09:40,59,0,5300E,Shake n' Bake,WIN-E-MAC SECONDARY,Minnesota,United States
1102,44,15,29,15,29,2026-03-13 21:54:29,2026-03-14 15:08:52,59,0,84420E,SHMS Steel Huskies,SULLIVAN HEIGHTS MIDDLE SCHOOL,Tennessee,United States
1103,44,15,29,15,29,2026-03-07 20:58:16,2026-03-07 19:17:57,58,0,3358B,Byteforce,Wheelhouse Robotics LLC,Texas - Region 5,United States
1104,44,15,29,15,29,2025-10-25 17:28:44,2026-01-23 17:19:13,59,3,71610X,X-Factor,GORDON PARKS ACADEMY,Kansas,United States
1105,44,15,29,15,29,2026-02-14 19:12:15,2026-03-06 15:47:50,58,0,9210K,KLASHERS,SAUK RAPIDS-RICE MIDDLE SCHOOL,Minnesota,United States
1106,44,15,29,15,29,2026-02-21 17:41:32,2026-02-21 15:24:06,55,0,87422C,Miku Miku Beam,JONES MIDDLE SCHOOL,Georgia,United States
1107,44,15,29,15,29,2026-03-14 16:46:39,2026-03-15 14:44:53,55,0,8878D,Dino-Mite,JOCKEY HOLLOW SCHOOL,Connecticut,United States
1108,44,15,29,15,29,2026-03-04 19:26:16,2026-03-05 15:00:50,54,0,43050C,Cogzilla,MOUNT VERNON MIDDLE SCHOOL,Ohio,United States
1109,44,15,29,15,34,2025-11-15 19:43:18,2026-03-14 13:24:21,53,0,79338B,Convader Bots,Westchester Middle School,Indiana - Region 1 - North,United States
1110,44,15,29,15,29,2026-01-10 15:33:25,2026-02-07 16:28:52,57,0,56000B,Immaculate Contraption,Northern Michigan Robotics Club,Michigan,United States
1111,44,15,29,15,29,2026-02-28 20:27:56,2026-01-24 18:23:42,57,0,31775U,The Fantachoas,ERIE MIDDLE SCHOOL,Colorado,United States
1112,44,15,29,15,32,2026-02-23 17:37:28,2026-02-07 15:48:11,56,0,73805F,The Fantastic Four,GERMANTOWN MIDDLE SCHOOL,Mississippi,United States
1113,44,15,29,15,29,2025-11-15 22:53:53,2026-02-15 21:41:11,52,0,27301X,Interstellar,Waianae Intermediate School,Hawaii,United States
1114,44,15,29,15,42,2026-01-10 17:38:08,2026-02-21 20:26:00,0,0,37250C,Doral Academy,DORAL ACADEMY NORTHERN NEVADA,Nevada,United States
1115,44,15,29,15,29,2026-01-31 16:51:33,2026-01-31 16:58:56,0,0,68763C,The Toaster Bots,O'NEILL HIGH SCHOOL,Nebraska,United States
1116,44,15,29,15,29,2026-02-21 20:01:39,2026-02-21 17:34:41,0,0,46385C,Cybearcats C,UNION TOWNSHIP MIDDLE SCHOOL,Indiana - Region 1 - North,United States
1117,44,15,29,15,29,2026-02-27 21:12:57,2026-02-27 21:38:44,0,0,83686B,Elite Heat,SOUTH MIDDLE SCHOOL,Idaho,United States
1118,44,15,29,15,29,2026-03-01 14:36:37,2026-02-28 17:34:44,0,0,1898J,goblin barrel,MILTON ACADEMY,Massachusetts,United States
1119,44,15,29,15,29,2026-03-07 18:49:04,2026-03-06 23:47:03,0,0,29449B,The Voltage Vangards,HAUT GAP MIDDLE,South Carolina,United States
1120,44,15,29,15,29,2026-03-07 19:09:49,2026-03-07 18:22:11,0,0,97435F,Python,PIZITZ MIDDLE SCHOOL,Alabama,United States
1121,44,11,33,11,33,2026-02-07 03:58:46,2026-02-06 06:46:46,15,0,66995W,WWW,Dr. Player Robotic Lab . Taichung,Chinese Taipei,Taiwan
1122,44,8,36,8,36,2025-08-23 10:52:28,2025-08-23 03:34:41,0,0,61103Z,杭州狄邦文理学校,Hangzhou Dipont School of Arts and Science,East China,China
1123,44,6,38,6,38,2025-11-08 05:16:57,2025-11-08 03:40:05,0,0,13755X,Xiamen Songbai Middle School,Xiamen Lianhua Middle School & Xiamen Gongxue Affiliated School & Xiamen Songbai No.2 Primary School,South China,China
1124,44,2,42,2,42,2026-01-06 07:56:12,2026-01-06 07:58:23,0,0,66639B,金中附初二队,南京市金陵中学附属初级中学,East China,China
1125,44,1,43,1,43,2025-08-23 10:46:51,2025-08-22 09:32:53,0,0,1704K,杭州玩物星球STEAM俱乐部-K,玩物星球STEAM俱乐部,East China,China
1126,44,0,44,0,44,,2025-09-27 03:41:22,0,0,99269X,Monster,清藤志学苑,Middle China,China
1127,44,0,44,0,44,,2026-02-27 07:43:10,0,0,98829U,98829U,佛山市华英学校,South China,China
1128,43,20,23,20,23,2026-03-08 13:24:25,2026-03-08 13:38:19,56,0,85963D,SeaHawks 4,Potomac Shores Middle School,Virginia,United States
1129,43,20,23,20,27,2026-01-31 17:04:26,2026-03-06 01:38:25,55,0,7225B,Clock Shot,Southland High School,Minnesota,United States
1130,43,20,23,20,23,2026-02-24 23:47:34,2026-02-25 00:34:05,51,0,19379B,RoboBears,ST PAUL'S LUTHERAN SCHOOL,Indiana - Region 1 - North,United States
1131,43,20,23,20,23,2026-03-07 16:59:15,2026-03-07 19:00:02,0,8,75458E,Vortex,BLAND MIDDLE,Texas - Region 2,United States
1132,43,15,28,20,28,2026-01-17 15:27:52,2026-01-31 17:56:43,0,0,1262A,OPS - 6 7 Braincells,Bluestem Middle School,Nebraska,United States
1133,43,20,23,20,25,2026-02-28 17:41:14,2026-01-24 17:50:16,0,0,19072D,WVMS Dragons: 19072D,WELSH VALLEY MIDDLE SCHOOL,Pennsylvania - East,United States
1134,43,20,23,20,23,2026-02-28 17:55:13,2026-02-28 14:46:46,0,0,727B,Terrapin Bale,TAMPA PREPARATORY SCHOOL,Florida - North/Central,United States
1135,43,19,24,19,25,2026-02-07 14:54:24,2026-01-17 15:24:26,23,0,3547K,Peach Vibe,Technolgy First,Michigan,United States
1136,43,17,26,17,26,2026-03-08 01:05:36,2026-03-08 00:22:16,45,0,78877A,Scrappers A,Platte Purchase Middle School,Missouri,United States
1137,43,17,26,17,41,2025-11-22 06:42:12,2026-02-02 07:15:54,0,0,70123C,九初C队,Nanjing No.9 Junior High School,East China,China
1138,43,15,28,15,28,2026-03-14 16:15:06,2026-03-14 12:47:17,59,9,16859F,CIS,LAKEWAY CHRISTIAN ACADEMY,Tennessee,United States
1139,43,15,28,15,28,2025-08-31 04:13:09,2025-10-25 04:10:28,59,5,65100M,Goosey Woosey,"Pymble Ladies College, Sydney, Australia",Australia,Australia
1140,43,15,28,15,29,2026-02-08 00:54:28,2026-02-28 21:08:29,59,0,2885B,Botzilla,Next Robotics,Alberta/Saskatchewan,Canada
1141,43,15,28,15,28,2026-02-07 20:19:02,2026-02-07 19:13:36,59,0,8929U,Atlas,HEWES MIDDLE,California - Region 4,United States
1142,43,15,28,15,28,2026-03-07 02:19:21,2026-02-14 19:47:17,59,0,88454C,Damage Report,FAITH Homeschool Co-op,Kentucky,United States
1143,43,15,28,15,29,2026-01-24 18:41:55,2026-02-21 18:49:21,58,0,8860B,The Loose Screwz,Hudsonville Robotics - Baldwin MS,Michigan,United States
1144,43,15,28,15,28,2026-02-15 21:34:22,2026-02-15 21:40:38,58,0,4400C,RoboVoyagers,KAIMUKI MIDDLE SCHOOL,Hawaii,United States
1145,43,15,28,15,28,2026-01-16 13:28:14,2026-02-27 12:52:55,58,0,54345B,LFCD Omega,Landau Forte Derby College,United Kingdom,United Kingdom
1146,43,15,28,15,28,2026-02-28 18:23:03,2026-01-10 18:21:07,58,0,65892D,Monklings,GLENWOOD SENIOR HIGH SCHOOL,Iowa,United States
1147,43,15,28,15,28,2026-03-05 16:10:56,2026-03-04 18:27:38,57,0,3145C,Cyberstorm,Triway Junior High School,Ohio,United States
1148,43,15,28,15,28,2026-03-07 19:12:54,2026-03-07 18:29:23,57,0,56860N,overNight,BRIXNER JUNIOR HIGH SCHOOL,Oregon,United States
1149,43,15,28,15,28,2026-02-20 22:23:07,2026-01-17 00:40:46,58,12,38053H,Cooler Cats,OAKLAND CHRISTIAN SCHOOL,Michigan,United States
1150,43,15,28,15,28,2026-02-13 21:55:51,2026-02-23 16:46:14,56,0,73805Y,My Little Ponies,GERMANTOWN MIDDLE SCHOOL,Mississippi,United States
1151,43,15,28,15,28,2026-03-07 19:52:25,2026-03-07 04:29:30,55,0,1812A,NM-Pizzanators,North Marion High School,Oregon,United States
1152,43,15,28,15,28,2026-03-13 22:53:57,2026-02-21 17:41:03,59,0,2616D,Dobermans,CHERRY HILL HIGH SCHOOL EAST,New Jersey,United States
1153,43,15,28,15,28,2026-02-21 14:35:24,2026-02-21 15:33:35,54,0,33249K,Tank Gears,BOB JONES ACADEMY MIDDLE SCHOOL,South Carolina,United States
1154,43,15,28,15,28,2025-12-06 18:18:49,2026-03-13 21:25:32,58,0,84420C,SHMS Steel Huskies,SULLIVAN HEIGHTS MIDDLE SCHOOL,Tennessee,United States
1155,43,15,28,15,32,2025-12-13 18:11:19,2025-12-06 19:05:17,40,0,70699D,Wolverine Robotics,F. K. WHITE MIDDLE SCHOOL,Louisiana,United States
1156,43,15,28,15,30,2026-03-07 02:13:16,2026-01-17 15:24:45,58,0,38678A,Artificially Intelligent,St Pius X Middle School,Kentucky,United States
1157,43,15,28,15,28,2026-03-07 20:34:07,2026-03-07 17:13:20,0,5,75442A,THE VINDICATORS,Farmersville Junior High School,Texas - Region 2,United States
1158,43,15,28,15,28,2025-12-06 01:16:40,2025-11-10 01:31:01,59,0,41103S,Special Ops,Pedare Christian College,Australia,Australia
1159,43,15,28,15,28,2026-01-18 15:08:34,2026-02-08 17:02:02,59,0,1898H,Bulbs,MILTON ACADEMY,Massachusetts,United States
1160,43,15,28,15,28,2026-02-14 19:36:01,2026-03-14 18:02:54,59,0,74074X,Firepit,Pioneer Robotics,Oklahoma,United States
1161,43,15,28,15,28,2025-10-25 17:37:03,2026-01-31 15:51:03,58,0,71610K,Knockout,"Gordon Parks Academy ",Kansas,United States
1162,43,15,28,15,28,2026-02-21 17:57:35,2026-03-07 19:06:19,58,0,1044C,OPS - PVC Pipe Layers,Norris Middle School,Nebraska,United States
1163,43,15,28,15,28,2026-01-17 16:01:41,2026-03-08 14:09:05,57,0,13D,Three of Diamonds,The Potomac School,Virginia,United States
1164,43,15,28,15,29,2025-11-10 01:35:33,2025-08-11 23:54:58,0,0,75477C,Lethal Supercell,St John's Grammar School,Australia,Australia
1165,43,15,28,15,28,2026-01-25 21:20:15,2026-01-25 22:33:36,0,0,91233Z,IRVINE RUIGUAN,IRVINE RUIGUAN,California - Region 4,United States
1166,43,15,28,15,28,2026-01-31 19:49:07,2026-01-31 19:56:50,0,0,10012P,Ten Ton Robotics,West Vancouver School District,British Columbia (BC),Canada
1167,43,15,28,15,28,2026-02-07 16:01:22,2026-02-07 17:48:09,0,0,21434A,Legacy Apex,LEGACY MIDDLE,Florida - North/Central,United States
1168,43,6,37,6,37,2025-10-06 06:22:42,2025-10-05 08:49:16,42,1,857V,NE TIGER,XIN ZUO BIAO,North China,China
1169,43,6,37,6,37,2026-02-07 19:57:57,2026-02-07 16:56:33,0,0,74100M,Megalodon,Concordia Lutheran Schools of Omaha,Nebraska,United States
1170,43,0,43,0,43,2025-12-05 08:57:35,2025-12-06 02:37:26,0,0,79001C,FUTURE Star,FUTURE KEYS,East China,China
1171,43,0,43,0,43,2025-12-21 16:17:59,2025-12-30 16:59:17,0,0,4863B,B3arz,Irving STEAM Magnet,California - Region 4,United States
1172,43,0,43,0,43,,2025-10-05 05:39:22,0,0,10022X,Tsinghua International School -Team 10022X,Tsinghua International School,North China,China
1173,42,42,0,42,0,2025-11-22 02:57:42,,0,0,55555B,X-Swordman,HF MS No.50,Middle China,China
1174,42,21,21,21,21,2026-02-16 21:13:42,2026-02-16 03:56:40,17,0,3134Z,Robolabs ZBOT,Robolabs,California - Region 2,United States
1175,42,15,27,20,27,2026-03-13 19:05:30,2026-02-28 13:47:34,54,21,84420D,SHMS Steel Huskies,SULLIVAN HEIGHTS MIDDLE SCHOOL,Tennessee,United States
1176,42,20,22,20,27,2026-01-10 17:15:26,2026-03-08 00:29:45,58,0,61526K,St. Therese Robotics,ST THERESE SCHOOL,Missouri,United States
1177,42,15,27,20,27,2026-02-28 12:11:05,2026-01-17 14:47:20,55,7,20785R,Rogue,Queen Elizabeth's School,United Kingdom,United Kingdom
1178,42,20,22,20,23,2026-03-09 17:32:21,2026-01-16 15:32:01,0,0,48433E,Pythons,ATTAWHEED FOUNDATION INCORPORATED,Pennsylvania - West,United States
1179,42,17,25,17,25,2025-12-13 19:04:50,2025-12-13 18:17:53,31,0,84927C,Steal a Robot,MARY G. PORTER TRADITIONAL,Virginia,United States
1180,42,17,25,17,25,2025-12-14 19:43:34,2025-12-14 21:12:22,0,0,9061S,Sapphire Sparks,The Mind Spark,Pennsylvania - East,United States
1181,42,15,27,15,27,2026-01-10 16:16:14,2026-03-14 16:40:49,59,13,9012G,All in a Knight's Work,Northern Middle School,Maryland,United States
1182,42,15,27,15,27,2026-02-28 16:28:50,2026-02-28 15:24:40,59,0,726Y,Rattler Radiation Jagwires,DESERT RIDGE SCHOOL OF INNOVATION,Arizona,United States
1183,42,15,27,15,27,2026-03-14 17:26:52,2026-03-14 17:50:37,59,0,8878C,Sh0rt Circu1t,JOCKEY HOLLOW SCHOOL,Connecticut,United States
1184,42,15,27,15,27,2026-01-10 17:37:13,2026-03-14 15:53:42,59,0,9012E,Knight & Day,Northern Middle School,Maryland,United States
1185,42,15,27,15,27,2026-01-10 13:20:54,2026-01-10 14:18:56,58,0,6023J,"Bits, Bots and Jokers",Stowe School,United Kingdom,United Kingdom
1186,42,15,27,15,27,2026-03-14 15:28:19,2026-03-01 19:25:30,58,0,7517D,Great Valley MS 7517D - Deathcube,GREAT VALLEY MIDDLE SCHOOL,Pennsylvania - East,United States
1187,42,15,27,15,27,2026-01-17 17:40:23,2026-01-17 18:02:38,57,0,93528B,Pneumonoultramicroscopicsilicovolcanoconiosis,Colorado Early Colleges Fort Collins Middle School,Colorado,United States
1188,42,15,27,15,27,2026-02-14 22:03:47,2026-02-14 20:54:31,56,0,50250B,Gear Grinders,BASHA HIGH SCHOOL,Arizona,United States
1189,42,15,27,15,27,2026-01-24 16:45:47,2026-01-24 17:57:43,55,0,14711A,RoboDogz,Belfast School,New York-North,United States
1190,42,15,27,15,27,2025-12-20 08:45:14,2025-12-20 08:47:57,35,0,10236A,雷霆先锋,"Tianjin Zhangkong Future Technology Co., Ltd.",North China,China
1191,42,15,27,15,27,2025-12-13 18:18:50,2026-01-23 18:44:15,59,0,2036G,LEFTOVERS,WILBUR MIDDLE SCHOOL,Kansas,United States
1192,42,15,27,15,27,2026-03-13 23:54:56,2026-02-14 16:14:47,59,0,9364S,Iron Eagles - Skittles,Brentwood Academy,Tennessee,United States
1193,42,0,42,15,42,2026-02-16 18:13:42,2026-03-07 18:56:07,58,0,75442Y,ROOT BEER,Farmersville Junior High School,Texas - Region 2,United States
1194,42,15,27,15,27,2025-12-13 18:00:15,2026-02-07 21:36:01,57,0,38029B,ISA Robotics,INTERNATIONAL SCHOOL OF ARIZONA,Arizona,United States
1195,42,15,27,15,27,2026-01-17 16:50:43,2026-02-07 16:36:54,57,0,7409B,It's Broke Again!!!,Bayou View Middle School,Mississippi,United States
1196,42,15,27,15,27,2026-02-13 16:04:40,2026-02-20 00:13:02,55,0,6403D,Team Name,Brookside Middle School,Ohio,United States
1197,42,15,27,15,27,2026-03-08 15:17:21,2026-02-28 17:04:39,30,0,12350B,BrightBulbs,LAKE RIDGE MIDDLE,Virginia,United States
1198,42,15,27,15,27,2026-02-07 20:07:36,2026-02-07 19:58:28,0,0,25918A,25918A,Christa Mcauliffe Academy,Kansas,United States
1199,42,15,27,15,27,2026-02-14 18:08:09,2026-02-14 19:31:21,0,0,63438W,Valpo Vipers: Wise Wyrms,BENJAMIN FRANKLIN MIDDLE SCHOOL,Indiana - Region 1 - North,United States
1200,42,15,27,15,27,2026-02-28 13:02:42,2026-02-28 13:23:25,0,0,34802U,Turtle Robotics,"Uskudar Bilim ve Sanat Merkezi ",Türkiye,Türkiye
1201,42,15,27,15,27,2026-02-28 19:17:27,2026-02-28 18:56:34,0,0,6972A,Frankenstein Complex,Centerville Community Schools,Iowa,United States
1202,42,15,27,15,27,2026-03-07 18:08:34,2026-03-07 15:42:34,0,0,9048B,Cotton Candy Squad,"York Robotics ",Maine,United States
1203,42,15,27,15,27,2026-03-07 20:13:10,2026-03-07 19:07:30,0,0,32410K,The Pain Train,REDWATER JH,Texas - Region 2,United States
1204,42,3,39,5,39,2026-01-01 06:45:04,2025-11-08 05:55:34,28,0,80088A,DFD-A,Dongfengdong Road Primary School,South China,China
1205,42,5,37,5,37,2025-11-08 10:38:17,2025-11-08 11:30:03,0,0,99232B,Dao,QongWolf Studio,South China,China
1206,42,3,39,3,40,2026-01-02 02:23:34,2025-07-29 08:33:47,37,0,71117X,Changping No.1 High School. Beijing,北京市昌平区第一中学,North China,China
1207,42,1,41,1,41,2025-10-25 09:00:34,2025-10-25 04:09:16,0,0,94198A,94198A,STEMSTAR,East China,China
1208,42,0,42,0,42,2025-08-23 10:55:16,2025-08-23 05:05:52,0,0,61103N,杭州狄邦文理学校,Hangzhou Dipont School of Arts and Science,East China,China
1209,41,15,26,21,26,2025-11-08 20:36:04,2026-03-14 13:23:08,0,0,69414D,DynoMIGHT,ANNIE CAMP JR. HIGH SCHOOL,Arkansas,United States
1210,41,20,21,20,25,2025-11-07 07:14:21,2025-10-26 02:26:43,59,0,1831P,King's Team Papa,The King's School,Australia,Australia
1211,41,20,21,20,21,2026-03-06 22:35:37,2026-03-07 15:52:19,56,0,7831X,The Fritos,FRANK H HARRISON MIDDLE SCHOOL,Maine,United States
1212,41,15,26,20,26,2026-03-10 18:33:29,2026-01-28 14:39:04,55,0,26003B,Cinnamon Toast Crunchers,SHERRARD MIDDLE SCHOOL,West Virginia,United States
1213,41,20,21,20,21,2026-02-07 17:38:32,2026-02-07 18:12:07,53,0,3946U,Untitled Document,Kent Denver School,Colorado,United States
1214,41,20,21,20,32,2025-12-12 16:37:18,2026-02-27 16:27:05,0,0,673C,Ballistic Penguins!,EAST VALLEY MIDDLE SCHOOL,Idaho,United States
1215,41,15,26,16,26,2026-02-08 16:00:28,2026-03-01 16:36:48,27,0,35075G,[BHr] gamma ray,BELMONT HILL SCHOOL,Massachusetts,United States
1216,41,15,26,15,26,2026-02-28 18:19:01,2026-02-28 18:07:21,56,33,84420H,SHMS Steel Huskies,SULLIVAN HEIGHTS MIDDLE SCHOOL,Tennessee,United States
1217,41,15,26,15,26,2025-09-27 01:42:14,2025-09-27 01:45:51,59,17,1831F,King's Team Foxtrot,The King's School,Australia,Australia
1218,41,15,26,15,26,2026-01-24 13:25:37,2026-01-24 13:49:32,59,5,34071B,HABS-Gliders,Haberdashers' Girls School,United Kingdom,United Kingdom
1219,41,15,26,15,28,2025-12-13 16:44:35,2025-11-22 16:20:49,59,0,4911E,Ting Tang Walla Walla Bing Bang,Robo-Tech Zone of Michiana,Michigan,United States
1220,41,15,26,15,26,2026-03-06 17:39:18,2026-03-06 01:58:48,57,5,81101D,CRASH-OUT Kings,Mankato West Robotics,Minnesota,United States
1221,41,15,26,15,26,2026-02-21 15:53:34,2026-01-24 15:51:26,60,0,63633B,Eaglebots: Kirby Crusaders,GRAND RAPIDS CHRISTIAN,Michigan,United States
1222,41,15,26,15,26,2026-01-17 17:44:39,2026-01-17 16:44:43,59,0,57152E,The Minions,CABOT JUNIOR HIGH NORTH,Arkansas,United States
1223,41,15,26,15,26,2026-02-28 00:04:28,2026-02-28 18:32:20,58,0,52800G,The Golden Mustangs,Soaring Heights PK-8,Colorado,United States
1224,41,15,26,15,26,2026-02-14 17:09:19,2026-02-14 15:46:44,57,0,48316A,Golden Gryffindogs,GRAHAM PARK MIDDLE,Virginia,United States
1225,41,15,26,15,31,2026-02-07 19:26:22,2026-02-14 20:46:04,51,0,10820X,Speedy Metal,WILLOW SPRINGS MIDDLE,Texas - Region 5,United States
1226,41,15,26,15,26,2026-02-13 15:43:10,2026-03-04 19:41:21,58,0,2011Z,Zenith,BRECKSVILLE-BROADVIEW HEIGHTS MIDDLE SCHOOL,Ohio,United States
1227,41,15,26,15,26,2026-02-28 00:57:30,2026-02-14 18:52:32,52,45,7403B,Robot Backwards,CLEAR CREEK INT,Texas - Region 3,United States
1228,41,15,26,15,26,2026-03-15 15:14:15,2026-02-28 16:19:10,58,0,1089Z,Platinum Forge,Forge Robotics,Pennsylvania - East,United States
1229,41,15,26,15,26,2026-02-21 15:57:55,2025-11-15 14:03:24,57,0,41000A,Derfus The Whale Shark and W.E.C.T.,GRANDVILLE MIDDLE SCHOOL,Michigan,United States
1230,41,15,26,15,26,2026-02-21 15:57:09,2026-02-21 16:45:12,53,0,29673A,Category 5,WREN MIDDLE,South Carolina,United States
1231,41,15,26,15,26,2026-03-05 16:09:33,2026-03-04 19:23:47,49,0,3145A,Annihilation,Triway Junior High School,Ohio,United States
1232,41,15,26,15,26,2026-03-04 20:34:31,2026-03-04 15:45:50,40,5,8609B,"Titanious ",Lorain Titans Robotics - Middle School,Ohio,United States
1233,41,15,26,15,26,2026-02-07 14:03:59,2026-02-07 15:00:53,0,11,29687R,Dark Coders,Northwood Middle School,South Carolina,United States
1234,41,15,26,15,26,2026-01-28 13:16:45,2025-12-09 16:53:50,53,4,3116X,Team Control Freaks - King Jeff,The John Warner School,United Kingdom,United Kingdom
1235,41,15,26,15,26,2026-01-10 14:46:43,2025-12-11 22:58:14,59,0,8686B,Bricks,SEVIER MIDDLE,South Carolina,United States
1236,41,15,26,15,27,2026-01-24 17:45:15,2026-02-28 15:06:10,56,0,19085D,BRMS: Optimus Primates,Black Rock Middle School,Pennsylvania - East,United States
1237,41,15,26,15,26,2026-01-17 19:49:32,2026-01-24 19:55:37,55,0,6446B,Royal Robotics 6446B,RANCHO DEL REY MIDDLE,California - Region 4,United States
1238,41,15,26,15,26,2026-01-10 19:41:31,2026-01-31 18:39:32,36,0,385A,Parras Robotics Team 3,PARRAS (NICK G.) MIDDLE,California - Region 4,United States
1239,41,15,26,15,32,2026-02-27 01:04:21,2025-11-07 19:02:02,0,0,11777E,Avalon,NAMPA CHRISTIAN SCHOOLS,Idaho,United States
1240,41,15,26,15,29,2025-11-07 19:58:42,2025-11-12 21:41:46,0,0,9749D,XAB235,Wood River Middle School,Idaho,United States
1241,41,15,26,15,28,2025-12-06 19:31:58,2026-03-01 00:28:27,0,0,6446C,Royal Robotics 6446C,RANCHO DEL REY MIDDLE,California - Region 4,United States
1242,41,15,26,15,27,2026-01-14 17:21:14,2026-01-03 18:40:00,0,0,74801D,NOT Roberto,Westwood,Florida - North/Central,United States
1243,41,15,26,15,26,2025-11-15 18:37:41,2025-11-15 19:32:51,0,0,1067B,OPS - Mangos con Tajin,Nathan Hale Middle School,Nebraska,United States
1244,41,15,26,15,26,2026-01-24 19:54:52,2026-01-24 18:00:27,0,0,74947M,Fenix - Moldu,Ecole Secondaire Massey-Vanier,Quebec,Canada
1245,41,15,26,15,26,2026-02-14 21:09:07,2026-02-14 21:20:23,0,0,51192B,Boom or Doom (Knights Robotics),NORRIS MIDDLE,California - Region 3,United States
1246,41,15,26,15,26,2026-02-14 22:13:41,2026-02-14 22:42:49,0,0,30222V,Vexagon,Vexagon,California - Region 2,United States
1247,41,15,26,15,26,2026-02-21 14:30:53,2026-02-21 16:42:58,0,0,1044D,OPS - Bluejays,Norris Middle School,Nebraska,United States
1248,41,15,26,15,26,2026-02-23 15:48:45,2026-02-23 19:00:55,0,0,77774K,Donut Holes,Madison Middle School,Mississippi,United States
1249,41,15,26,15,26,2026-02-28 17:08:39,2026-02-28 17:18:48,0,0,96607B,Doodle Bots,S. P. ARNETT MIDDLE SCHOOL,Louisiana,United States
1250,41,15,26,15,26,2026-03-06 23:11:38,2026-03-07 15:32:05,0,0,1044B,OPS - Y.A.M.S.,Norris Middle School,Nebraska,United States
1251,41,15,26,15,26,2026-03-14 14:07:16,2026-03-14 14:14:59,0,0,594Z,Seahawks,CS Naples Middle,Florida - South,United States
1252,41,15,26,15,26,2026-03-14 18:07:28,2026-03-14 15:35:42,0,0,67671C,Robo Royals,REDLAND MIDDLE SCHOOL,Florida - South,United States
1253,41,0,41,3,41,2025-07-19 07:24:00,2026-02-02 07:10:00,0,0,86606B,UtlraSeven,Shanghai Children`s Library,East China,China
1254,41,3,38,3,38,2026-01-07 08:31:32,2026-01-06 07:55:17,0,0,80880S,80880S,Wahaha Bilingual School Hangzhou,East China,China
1255,41,0,41,0,41,,2026-01-02 02:21:36,0,0,60304V,长春市南湖实验中学,长春市南湖实验中学,North China,China
1256,41,0,41,0,41,,2026-02-26 06:54:47,0,0,2067K,LinAn YuCai-K,青山湖科技育才学校,East China,China
1257,40,20,20,20,20,2026-01-31 16:12:03,2026-03-06 21:18:53,56,54,68031A,Mighty Duckz,KENNEDY COMMUNITY SCHOOL,Minnesota,United States
1258,40,20,20,20,20,2026-03-15 17:17:19,2026-03-15 13:09:27,55,52,99088M,M Town,BEMAN MIDDLE SCHOOL,Connecticut,United States
1259,40,20,20,20,24,2026-03-15 20:29:28,2026-01-31 20:41:37,51,0,7690W,FJH Outcast,FRUITVALE JUNIOR HIGH,California - Region 3,United States
1260,40,20,20,20,20,2026-01-28 22:57:16,2026-02-08 17:46:56,58,57,84778Z,The Robots of OZ,WARWOOD SCHOOL,West Virginia,United States
1261,40,20,20,20,20,2026-01-23 18:29:00,2026-01-23 19:13:59,50,16,14287C,System Overload,DU PONT MIDDLE SCHOOL,West Virginia,United States
1262,40,20,20,20,25,2026-01-31 17:27:25,2026-02-07 17:17:28,43,8,95559E,Endeavour,ST JOHN'S PREPARATORY SCHOOL,Minnesota,United States
1263,40,20,20,20,25,2026-02-21 14:45:00,2025-11-08 13:29:47,0,0,216B,The N3rds,Grandville Middle School,Michigan,United States
1264,40,20,20,20,20,2026-02-23 15:19:52,2026-02-23 17:11:50,58,0,77774A,Organized Chaos,MADISON MIDDLE SCHOOL,Mississippi,United States
1265,40,20,20,20,21,2026-02-28 18:09:55,2026-02-14 18:09:44,57,0,23184N,CEC Robo Eagles,CONWELL EGAN CATHOLIC HIGH SCHOOL,Pennsylvania - East,United States
1266,40,20,20,20,24,2026-03-01 18:56:17,2026-01-17 01:15:49,55,0,462D,HWR Breakpoint,HARVARD-WESTLAKE SCHOOL,California - Region 4,United States
1267,40,20,20,20,23,2026-01-12 14:30:20,2026-02-14 15:31:18,55,7,79163M,Grouchy Gators,North Clarion Co Jshs,Pennsylvania - West,United States
1268,40,20,20,20,21,2026-02-14 15:44:40,2025-12-05 17:08:11,55,0,44654B,BATT13 80TZ,WEST HOLMES MIDDLE SCHOOL,Ohio,United States
1269,40,20,20,20,33,2026-01-31 14:52:10,2026-03-06 23:56:51,0,0,1262F,OPS - Robotic Falcons,Bluestem Middle School,Nebraska,United States
1270,40,20,20,20,27,2026-01-31 16:02:06,2026-02-07 20:39:48,0,0,71610C,Robot go VROOM not BOOM!,GORDON PARKS ACADEMY,Kansas,United States
1271,40,20,20,20,20,2026-01-31 15:58:23,2026-01-31 15:21:18,0,0,91416Z,Perfectly Purple Pickle People,Wahoo Robotics (Saunders Catholic Schools & Wahoo Public Schools),Nebraska,United States
1272,40,20,20,20,20,2026-02-06 18:56:11,2026-02-06 19:18:21,0,0,34012D,Blender,THOMAS JEFFERSON CHARTER,Idaho,United States
1273,40,20,20,20,20,2026-02-25 14:06:45,2026-02-26 12:15:18,0,0,66497B,Cosmo Metal,Berlin Cosmopolitan School,Germany,Germany
1274,40,15,25,16,25,2026-03-07 21:40:45,2026-02-11 01:04:28,0,5,7784D,C-Bots Reassembly,CAVELERO MID HIGH SCHOOL,Washington,United States
1275,40,15,25,16,25,2026-01-10 19:14:30,2026-03-07 16:09:32,48,0,66722E,Lost Gears,Hartselle Junior High School,Alabama,United States
1276,40,16,24,16,24,2026-03-07 01:54:11,2026-03-07 00:57:27,0,0,91416A,Pneumatic Nachos,Wahoo Robotics (Saunders Catholic Schools & Wahoo Public Schools),Nebraska,United States
1277,40,15,25,15,25,2025-10-17 23:44:54,2025-10-18 03:50:25,60,21,46131M,The red tomatoes,Barker College,Australia,Australia
1278,40,15,25,15,25,2026-01-03 18:55:59,2026-01-03 17:29:57,59,18,457B,457B,JENISON JUNIOR HIGH SCHOOL,Michigan,United States
1279,40,15,25,15,25,2026-02-21 16:19:00,2026-02-21 17:04:21,59,7,18000M,Iron Patriots - MegaMind,Sullivan East Middle School,Tennessee,United States
1280,40,15,25,15,25,2025-12-13 15:26:26,2025-10-25 14:06:25,56,18,23301Z,Hi-Tech LionZ,CHRIST CHAPEL ACADEMY,Virginia,United States
1281,40,15,25,15,25,2026-02-27 11:42:50,2026-02-28 12:53:20,59,5,29457X,St Chris Icicles,St Christopher School,United Kingdom,United Kingdom
1282,40,15,25,15,25,2026-01-31 17:20:03,2026-01-31 19:03:46,56,5,2822E,Spartan Design Excalibur,STAUFFER (MARY R.) MIDDLE,California - Region 4,United States
1283,40,15,25,15,25,2025-09-06 03:02:38,2025-09-06 04:41:33,60,0,65100N,Niminiminions,"Pymble Ladies College, Sydney, Australia",Australia,Australia
1284,40,15,25,15,25,2025-10-17 23:21:56,2025-10-18 00:23:28,60,0,4613W,Dumplings,Barker College,Australia,Australia
1285,40,15,25,15,25,2026-01-03 17:40:33,2026-01-03 14:36:29,60,0,13000D,Kachow!,GRANDVILLE MIDDLE SCHOOL,Michigan,United States
1286,40,15,25,15,25,2025-10-26 02:16:41,2025-10-26 03:38:08,59,0,65100H,Night Fury,"Pymble Ladies College, Sydney, Australia",Australia,Australia
1287,40,15,25,15,25,2025-10-28 06:16:37,2025-10-28 06:09:42,59,0,1940D,Override,Knox Grammar School,Australia,Australia
1288,40,15,25,15,25,2025-12-05 23:37:26,2025-12-05 23:33:49,59,0,77360N,Onalaska77360N,ONALASKA JR/SR HIGH,Texas - Region 3,United States
1289,40,15,25,15,25,2026-03-14 17:03:40,2026-03-14 14:59:04,59,0,64410C,STEM Squad Robotics (C),HOWARD D. MCMILLAN MIDDLE SCHOOL,Florida - South,United States
1290,40,15,25,15,40,2025-12-04 02:09:15,2026-02-28 21:08:18,59,0,3946R,Radium,KENT DENVER SCHOOL,Colorado,United States
1291,40,15,25,15,30,2026-03-07 03:58:24,2026-02-14 20:54:01,59,0,714W,We Push Back,ThinkRobots Marion County 4-H,Oregon,United States
1292,40,15,25,15,25,2026-03-06 21:56:32,2026-02-14 15:33:01,59,0,7831J,Jerrybots,FRANK H HARRISON MIDDLE SCHOOL,Maine,United States
1293,40,15,25,15,27,2026-02-07 18:01:17,2026-02-21 19:18:11,58,0,52470A,SJS Cavaliers,Saint Joseph Catholic School,Kentucky,United States
1294,40,15,25,15,25,2026-02-21 16:39:53,2026-03-07 00:18:09,58,5,1060Z,OPS - Win+Z,ALICE BUFFETT MAGNET MIDDLE SCHOOL,Nebraska,United States
1295,40,15,25,15,25,2026-02-14 19:39:11,2026-02-14 18:55:33,58,0,4073G,VEX JETS,JOE WALKER MIDDLE,California - Region 3,United States
1296,40,15,25,15,25,2026-03-07 19:53:41,2026-03-07 19:55:16,58,0,56860D,The Void Demons,BRIXNER JUNIOR HIGH SCHOOL,Oregon,United States
1297,40,15,25,15,25,2026-02-28 01:06:53,2026-02-14 18:55:50,58,0,93528C,Frictionless,Colorado Early Colleges Fort Collins Middle School,Colorado,United States
1298,40,15,25,15,25,2025-12-13 16:51:02,2025-12-06 18:21:25,57,0,2148X,Deadly Pyroraptors,Greenville Middle School,Texas - Region 2,United States
1299,40,15,25,15,25,2026-02-21 16:04:34,2026-02-21 14:43:26,56,0,47258B,Beck Knights,Beck International Academy,South Carolina,United States
1300,40,15,25,15,25,2026-02-20 00:17:06,2026-02-01 17:30:16,59,0,8878A,Athena,JOCKEY HOLLOW SCHOOL,Connecticut,United States
1301,40,15,25,15,25,2026-01-30 19:48:52,2026-03-06 21:09:04,58,0,11532J,Artificial Idiots,BEMIDJI MIDDLE,Minnesota,United States
1302,40,15,25,15,26,2026-02-14 19:20:51,2026-01-17 18:35:54,53,3,52800Y,Andromeda,Soaring Heights PK-8,Colorado,United States
1303,40,15,25,15,25,2025-12-13 15:45:09,2025-12-13 20:00:55,49,0,63633C,Eaglebots: When Everything Goes Wrong,GRAND RAPIDS CHRISTIAN,Michigan,United States
1304,40,15,25,15,25,2026-02-07 16:34:08,2026-02-07 16:46:53,49,0,7784M,C-Bots  Cyanide,CAVELERO MID HIGH SCHOOL,Washington,United States
1305,40,15,25,15,25,2026-01-31 16:18:59,2026-03-08 00:51:16,54,10,99766C,Robot Cops,North Kirkwood Middle School,Missouri,United States
1306,40,15,25,15,40,2025-11-19 17:30:01,2026-01-10 18:22:41,44,0,66722D,Dead Batteries,Hartselle Junior High School,Alabama,United States
1307,40,15,25,15,25,2026-02-07 18:29:12,2026-02-14 14:52:05,43,0,13909A,RoboWarriors,WEST OAK MIDDLE,South Carolina,United States
1308,40,15,25,15,25,2026-01-24 17:15:16,2026-01-24 19:46:17,40,0,6047M,Team Tardis,WESTVIEW MIDDLE SCHOOL,Colorado,United States
1309,40,15,25,15,25,2026-03-04 18:07:30,2026-03-04 19:13:00,0,19,45432X,The Enigmas,Beavercreek Robotics Club,Ohio,United States
1310,40,15,25,15,25,2026-03-13 22:52:16,2026-03-13 23:39:12,0,18,57152G,Knock-Out,CABOT JUNIOR HIGH NORTH,Arkansas,United States
1311,40,15,25,15,25,2026-03-13 23:39:43,2026-03-13 23:17:56,0,16,48652A,Bronco Robotics,KENWOOD ACADEMY HIGH SCHOOL,Illinois,United States
1312,40,15,25,15,25,2025-10-27 15:03:23,2025-10-27 14:21:53,0,12,13000G,702,GRANDVILLE MIDDLE SCHOOL,Michigan,United States
1313,40,15,25,15,25,2026-01-16 21:09:52,2026-01-16 20:08:41,1,0,22443A,Full House,Buckeye High School,Louisiana,United States
1314,40,15,25,15,29,2025-11-15 17:31:01,2026-02-07 20:17:57,59,0,31319B,The Empire Strikes Back,COLEMAN MIDDLE SCHOOL,Kansas,United States
1315,40,15,25,15,25,2026-01-16 14:04:14,2025-11-29 13:40:42,59,0,6023X,StoweBots X,Stowe School,United Kingdom,United Kingdom
1316,40,15,25,15,25,2026-02-21 18:03:31,2025-12-06 16:59:29,59,0,1067A,OPS - Atoms Can't Touch,Nathan Hale Middle School,Nebraska,United States
1317,40,15,25,15,30,2026-03-06 16:45:01,2025-11-07 21:27:08,58,0,2036F,Robo-Jack,WILBUR MIDDLE SCHOOL,Kansas,United States
1318,40,15,25,15,25,2026-02-07 18:43:07,2026-02-27 23:46:21,58,0,7830P,ACP Noble Knights,Arizona College Prep Middle School,Arizona,United States
1319,40,15,25,15,25,2026-03-07 18:12:10,2026-02-14 20:09:52,58,0,76150A,The Bullbots,Bluegrass Middle School,Kentucky,United States
1320,40,15,25,15,25,2026-01-10 20:27:30,2025-11-07 17:33:46,57,0,78877B,Scrappers B,Platte Purchase Middle School,Missouri,United States
1321,40,15,25,15,25,2026-02-14 16:37:07,2026-03-07 14:25:11,57,0,7831Z,Syntax Error,FRANK H HARRISON MIDDLE SCHOOL,Maine,United States
1322,40,15,25,15,25,2026-01-24 17:05:40,2026-02-28 17:24:43,55,0,19085E,BRMS: Team E,Black Rock Middle School,Pennsylvania - East,United States
1323,40,15,25,15,25,2026-01-31 20:44:46,2026-02-07 19:50:20,55,0,4454V,Vortex,Timothy Christian P-8,Illinois,United States
1324,40,15,25,15,25,2026-02-21 16:37:04,2026-02-14 18:40:26,45,0,1044A,OPS - The Tuff Knuckles,Norris Middle School,Nebraska,United States
1325,40,15,25,15,25,2026-02-14 14:27:32,2026-03-07 19:35:34,15,0,48316D,Silver Gears,GRAHAM PARK MIDDLE,Virginia,United States
1326,40,15,25,15,38,2026-02-08 18:37:54,2026-03-08 15:01:32,0,0,9709P,The Pit Crew,No Organization,Virginia,United States
1327,40,15,25,15,36,2026-01-30 00:57:26,2026-02-28 16:51:19,0,0,2849M,Nerd Alert,Caston Robotics,Indiana - Region 1 - North,United States
1328,40,15,25,15,32,2025-10-11 13:52:14,2026-02-28 11:33:57,0,0,46846W,Wonky,Gordonstoun School,United Kingdom,United Kingdom
1329,40,15,25,15,25,2025-10-18 02:29:53,2025-10-18 00:41:40,0,0,4613A,Astro-Mechs,Barker College,Australia,Australia
1330,40,15,25,15,25,2025-11-21 16:50:28,2025-11-21 15:53:08,0,0,77360G,Middlecat1,ONALASKA JR/SR HIGH,Texas - Region 3,United States
1331,40,15,25,15,25,2025-11-22 17:55:53,2025-11-22 17:36:28,0,0,1304X,American Eagle Robotics,"American Eagle Robotics ",Kansas,United States
1332,40,15,25,15,25,2025-12-11 22:34:59,2025-12-11 23:16:07,0,0,9185S,Scrambled Eggz,BELLEFONTAINE MIDDLE SCHOOL,Ohio,United States
1333,40,15,25,15,25,2026-01-08 18:58:11,2026-01-08 19:55:36,0,0,2148G,Goofy Goobers,Greenville Middle School,Texas - Region 2,United States
1334,40,15,25,15,25,2026-01-15 14:22:34,2026-01-15 14:50:36,0,0,2252F,CIMATEC,CIMATEC,Puerto Rico,Puerto Rico
1335,40,15,25,15,25,2026-01-31 19:21:34,2026-01-31 19:05:03,0,0,298A,Parras Robotics Team #1,PARRAS (NICK G.) MIDDLE,California - Region 4,United States
1336,40,15,25,15,25,2026-02-14 18:09:41,2026-02-14 17:14:04,0,0,50075A,Phantom,OAK HILL HIGH SCHOOL,Indiana - Region 1 - North,United States
1337,40,15,25,15,25,2026-02-14 20:58:06,2026-02-14 20:08:03,0,0,19770A,Saints,HILLCREST CHRISTIAN SCHOOL,California - Region 4,United States
1338,40,15,25,15,25,2026-02-21 18:04:09,2026-02-21 18:11:30,0,0,55760F,Funky Green Beans,NORTHRIDGE HIGH SCHOOL,Indiana - Region 1 - North,United States
1339,40,15,25,15,25,2026-02-21 18:23:21,2026-02-21 16:12:16,0,0,25918Y,Scooby Force,Christa Mcauliffe Academy,Kansas,United States
1340,40,15,25,15,25,2026-02-21 20:31:46,2026-02-21 23:57:58,0,0,2915K,Lynfield K,Lynfield College,New Zealand,New Zealand
1341,40,15,25,15,25,2026-02-28 15:23:59,2026-02-28 14:26:20,0,0,1365X,Autobots,East Ridge Middle School,Florida - North/Central,United States
1342,40,15,25,15,25,2026-02-28 17:27:05,2026-02-28 17:49:37,0,0,99905S,RoboGryphs,ST GEORGE'S INDEPENDENT SCHOOL,Tennessee,United States
1343,40,15,25,15,25,2026-02-28 20:39:42,2026-02-28 01:24:37,0,0,1383X,VLI Robotics,VICTORY LAKES INT,Texas - Region 3,United States
1344,40,15,25,15,25,2026-03-08 12:58:53,2026-03-08 12:56:42,0,0,13B,3 Big Guys,The Potomac School,Virginia,United States
1345,40,0,40,0,40,2025-11-23 01:31:13,2025-11-23 01:33:13,0,0,32025A,低调的黑客,温州森马协和学校,East China,China
1346,40,0,40,0,40,,2026-02-03 06:21:18,0,0,81266A,Lively Tiny Bell,vex academy,North China,China
1347,39,21,18,21,21,2026-01-17 18:45:54,2026-01-10 20:48:31,0,6,65292F,Flash,Central Middle School,Oklahoma,United States
1348,39,21,18,21,18,2026-03-15 16:50:02,2026-03-15 14:17:18,0,0,1188E,Normally Colored Croissant,HADDAM-KILLINGWORTH MIDDLE SCHOOL,Connecticut,United States
1349,39,20,19,20,19,2026-03-01 09:45:21,2026-03-01 09:47:44,0,0,19634C,VEX AXE,TEFEV ORTAOKULU,Türkiye,Türkiye
1350,39,15,24,15,24,2026-03-06 15:49:15,2025-12-06 18:01:18,59,9,9460A,Silver Steel,PRINCE OF PEACE LUTHERAN SCHOOL,Minnesota,United States
1351,39,15,24,15,24,2026-03-06 21:46:39,2026-03-07 13:38:49,59,1,7831C,Octotetrahedragons,FRANK H HARRISON MIDDLE SCHOOL,Maine,United States
1352,39,15,24,15,24,2026-02-19 22:19:37,2026-02-19 20:32:22,59,0,85082C,Real Madrid,JENNINGS COMMUNITY LEARNING CENTER,Ohio,United States
1353,39,15,24,15,24,2026-03-07 19:49:34,2026-03-07 18:38:41,59,0,84927A,Hypersphere,MARY G. PORTER TRADITIONAL,Virginia,United States
1354,39,15,24,15,24,2026-02-21 17:40:57,2026-01-24 21:24:58,55,10,71300E,The Purple Anchors,Lied Middle School,Nevada,United States
1355,39,15,24,15,24,2026-03-07 16:42:28,2026-03-08 13:40:30,58,0,6568D,The M1A1 Abrams,RONALD WILSON REAGAN MIDDLE,Virginia,United States
1356,39,15,24,15,26,2025-11-22 15:46:09,2026-03-08 00:26:15,57,0,8778X,X-Men,Platte City Middle School,Missouri,United States
1357,39,15,24,15,24,2026-03-07 16:19:51,2026-02-21 21:34:16,58,0,31919A,GearBurners,CLACKAMAS ACADEMY OF INDUSTRIAL SCIENCES,Oregon,United States
1358,39,15,24,15,32,2026-02-28 00:53:06,2026-02-14 18:18:11,53,0,52800W,Funyuns 3D,Soaring Heights PK-8,Colorado,United States
1359,39,15,24,15,24,2026-02-06 09:15:22,2026-02-06 07:11:44,51,0,3102B,Hypercharged Gernig,JSTEA,Hong Kong,Hong Kong
1360,39,15,24,15,24,2026-01-22 13:46:51,2026-01-21 18:38:22,0,13,4911D,Thunder Truck,Robo-Tech Zone of Michiana,Michigan,United States
1361,39,15,24,15,26,2026-02-21 18:51:14,2026-03-10 17:18:54,59,0,8330K,The Kolony,Westwood Competition Robotics,West Virginia,United States
1362,39,15,24,15,24,2026-01-11 19:34:03,2026-03-10 14:22:28,59,0,26003X,Cap'n Crunchers,SHERRARD MIDDLE SCHOOL,West Virginia,United States
1363,39,15,24,15,29,2026-02-07 12:43:15,2026-02-01 13:51:07,58,0,10432B,Haileybury Haros,Haileybury School,United Kingdom,United Kingdom
1364,39,15,24,15,24,2026-03-04 15:43:05,2026-02-10 22:31:17,58,0,45432A,Circuit Breakers,Beavercreek Robotics Club,Ohio,United States
1365,39,15,24,15,24,2026-02-14 19:35:43,2026-03-15 01:44:59,55,0,51192A,Knight Raiders (Knights Robotics),NORRIS MIDDLE,California - Region 3,United States
1366,39,15,24,15,24,2026-01-24 22:50:28,2026-02-15 20:10:19,54,0,316H,Hawaii Girl Power,Island Robotics,Hawaii,United States
1367,39,15,24,15,24,2026-01-10 19:43:46,2026-02-28 19:06:04,52,0,65892P,ICTS,GLENWOOD SENIOR HIGH SCHOOL,Iowa,United States
1368,39,15,24,15,24,2026-03-14 18:56:20,2026-02-01 17:30:06,51,0,99088T,Top Notch Tater Tots,BEMAN MIDDLE SCHOOL,Connecticut,United States
1369,39,15,24,15,24,2025-09-27 03:25:07,2025-10-18 02:03:38,49,0,4613P,Barker Pinkbacks,Barker College,Australia,Australia
1370,39,15,24,15,30,2025-12-20 07:55:42,2025-11-15 08:09:04,0,0,2989A,StarkTech,CodeLAB,Thailand,Thailand
1371,39,15,24,15,24,2025-12-06 17:48:16,2025-12-06 15:13:42,0,0,1872Z,QPCA - The Ridiculous 6seven,QUEEN OF PEACE CATHOLIC ACADEMY,Florida - North/Central,United States
1372,39,15,24,15,24,2025-12-12 21:03:13,2025-12-12 17:03:43,0,0,83686C,Nutty Buddies,SOUTH MIDDLE SCHOOL,Idaho,United States
1373,39,15,24,15,24,2026-02-07 16:01:12,2026-02-07 15:59:56,0,0,73548A,Twelve Dollar Forty Six Cent Watermelon,OXFORD MIDDLE SCHOOL,Mississippi,United States
1374,39,15,24,15,24,2026-02-15 21:11:48,2026-02-15 20:09:03,0,0,42155A,Rubber Duckies,NIU VALLEY MIDDLE SCHOOL,Hawaii,United States
1375,39,15,24,15,24,2026-02-28 17:28:38,2026-02-28 16:03:27,0,0,71589C,Tankers,MONOMOY REGIONAL MIDDLE SCHOOL,Massachusetts,United States
1376,39,15,24,15,24,2026-02-28 20:20:09,2026-02-28 18:43:02,0,0,51174B,Gear Grinders,WEST COLLIERVILLE MIDDLE SCHOOL,Tennessee,United States
1377,39,15,24,15,24,2026-03-07 18:10:14,2026-03-07 02:12:20,0,0,97514A,Revenge of the Revenge of the Nerds,Milton Middle School,Wisconsin,United States
1378,39,9,30,9,30,2026-02-16 23:02:43,2026-02-16 22:58:50,43,0,3340A,Robolabs Asthros,Robolabs Foundation,California - Region 2,United States
1379,39,3,36,5,37,2025-12-13 20:47:47,2025-12-20 19:48:23,35,0,4863F,Fabrikatorz,Irving STEAM Magnet,California - Region 4,United States
1380,39,2,37,2,37,2025-07-29 12:09:54,2025-07-29 08:38:32,0,0,66991B,烈焰风暴,Future Leader Robot Club,North China,China
1381,39,0,39,0,39,2026-01-31 16:44:06,2026-01-31 17:31:34,0,0,5760H,Wild Wolves,Father Patrick Mercredi Community High School,Alberta/Saskatchewan,Canada
1382,39,0,39,0,39,,2025-12-06 01:58:05,0,0,37775B,码高VRC三队,北京码高教育科技有限公司,North China,China
1383,39,0,39,0,39,,2026-01-17 08:18:10,0,0,81819A,BLOAF,Innovac Makerspace,Singapore,Singapore
1384,38,23,15,23,15,2025-10-24 09:41:22,2025-10-24 06:30:52,0,0,8193A,Shanghai Yongchang  A,Shanghai Yongchang Private School,East China,China
1385,38,20,18,20,18,2026-03-07 15:31:34,2026-03-07 14:43:17,58,0,1032M,Flying Flapjacks,NFDL Robotics Attn: Aaron Novak,Wisconsin,United States
1386,38,20,18,20,18,2026-02-28 17:09:14,2026-02-28 17:04:51,0,0,15696A,Middle School with an Attitude...,"STEM Center of Excellence, Inc.",Maryland,United States
1387,38,15,23,16,23,2026-03-08 00:27:26,2026-02-07 16:47:17,30,0,16495A,Metal Heads,TROY SOUTH MIDDLE SCHOOL,Missouri,United States
1388,38,16,22,16,22,2026-02-14 17:09:34,2026-03-15 17:33:49,41,13,2037C,Dragon Robotics,Downtown Elementary School,California - Region 3,United States
1389,38,15,23,15,23,2026-01-24 16:08:14,2026-01-24 17:00:19,59,13,15155D,Bearcats,Ubly JH/HS,Michigan,United States
1390,38,15,23,15,23,2026-02-06 07:48:35,2026-02-06 09:08:31,56,11,5228A,KTSCSS1,Kwok Tak Seng Catholic Secondary School,Hong Kong,Hong Kong
1391,38,15,23,15,23,2026-02-14 00:43:11,2026-03-14 18:37:54,59,4,4611C,The loose screws,Robot Revolution MS,New Jersey,United States
1392,38,15,23,15,23,2026-02-28 17:47:35,2026-02-28 22:04:21,56,4,73839B,Rasser Frasser,CENTRAL JUNIOR HIGH SCHOOL,Arkansas,United States
1393,38,15,23,15,23,2025-12-13 01:03:48,2025-12-13 00:08:38,59,0,38053W,Error 404,OAKLAND CHRISTIAN SCHOOL,Michigan,United States
1394,38,15,23,15,23,2026-02-14 17:01:23,2026-02-14 15:03:47,57,0,7517F,GVMS Robotics 7517F - F=MA,GREAT VALLEY MIDDLE SCHOOL,Pennsylvania - East,United States
1395,38,15,23,15,23,2026-03-07 18:02:07,2026-03-07 00:47:55,57,0,99856C,Cyclone,"Greendale Robotics, Inc.",Wisconsin,United States
1396,38,15,23,15,23,2026-02-07 17:32:37,2026-02-07 17:34:35,55,0,73805P,Cutie Patooties,GERMANTOWN MIDDLE SCHOOL,Mississippi,United States
1397,38,15,23,15,23,2026-02-21 19:34:06,2026-02-21 19:46:26,55,0,8871B,Metal Militia,WALTER JOHNSON JUNIOR HIGH SCHOOL ACADEMY OF INTERNATIONAL S,Nevada,United States
1398,38,15,23,15,23,2026-03-08 12:29:09,2026-03-08 15:21:45,55,0,1231B,Blazing Bacon,LOUISE A. BENTON MIDDLE,Virginia,United States
1399,38,15,23,15,23,2026-03-14 13:55:58,2026-03-14 00:06:52,55,0,57152H,Loose Screws,CABOT JUNIOR HIGH NORTH,Arkansas,United States
1400,38,15,23,15,32,2026-02-07 17:42:42,2026-03-08 16:40:53,52,0,73277B,El Monkays,WEST MIDDLE,Missouri,United States
1401,38,15,23,15,28,2025-12-06 18:44:51,2025-12-13 00:29:43,52,0,1262B,OPS - Vortex,Bluestem Middle School,Nebraska,United States
1402,38,15,23,15,23,2026-01-24 17:30:34,2026-01-31 20:04:59,59,0,4461A,RoboColts,Ruth Fisher Middle School,Arizona,United States
1403,38,15,23,15,23,2026-02-14 16:40:20,2026-02-14 15:35:54,44,0,17380A,Asteroid Destroyer,Searsport District Middle/High School,Maine,United States
1404,38,15,23,15,23,2025-11-22 18:46:37,2026-03-07 15:25:39,56,0,17380D,D-Code,Searsport District Middle/High School,Maine,United States
1405,38,15,23,15,23,2026-03-07 19:32:42,2026-02-14 16:11:49,56,0,12350W,Digital Divas,LAKE RIDGE MIDDLE,Virginia,United States
1406,38,15,23,15,23,2026-01-17 14:02:08,2026-02-07 19:46:04,54,0,4233R,Ritz Ratz,Scott County Middle School,Kentucky,United States
1407,38,15,23,15,23,2026-02-28 19:30:42,2026-03-14 15:13:34,54,0,42239A,The Radical Robots,SILOAM SPRINGS MIDDLE SCHOOL,Arkansas,United States
1408,38,15,23,15,23,2026-02-21 19:31:57,2026-02-21 18:15:51,0,0,2036C,Shrek,WILBUR MIDDLE SCHOOL,Kansas,United States
1409,38,13,25,13,33,2025-11-08 08:42:52,2026-01-01 06:45:24,0,0,93333G,新哲文院机器人社团,新哲文院ROBOT CLUB,South China,China
1410,38,8,30,8,30,2026-01-24 16:58:58,2026-01-24 19:51:34,0,0,37528A,PolyGodz,COLORADO EARLY COLLEGES WINDSOR,Colorado,United States
1411,38,6,32,6,33,2026-02-14 19:15:59,2026-02-28 01:07:19,0,0,42703B,VORTECH,GRAND LAKES J H,Texas - Region 3,United States
1412,38,2,36,2,36,2025-12-06 23:56:13,2025-12-06 23:45:11,32,0,12410S,Land Phill,MOUNT BARKER HIGH SCHOOL,Australia,Australia
1413,38,2,36,2,36,2025-07-19 01:28:47,2025-07-19 01:31:33,0,0,18186Y,QZ-S,Guangzhou No.7 Middle School,South China,China
1414,38,0,38,0,38,,2025-12-06 03:32:55,0,0,11112A,Infinite Dreamers,夸克科学,South China,China
1415,37,20,17,20,18,2025-12-13 18:23:21,2026-01-31 16:19:14,0,0,9393V,Rockbots,Rockway Middle School,Florida - South,United States
1416,37,15,22,15,22,2026-02-28 16:41:06,2026-02-28 02:42:44,60,0,79298H,HyperSonic,Altona Middle School,Colorado,United States
1417,37,15,22,15,22,2026-03-13 23:03:02,2026-03-14 13:20:03,59,0,4611Y,Supreme,Robot Revolution MS,New Jersey,United States
1418,37,15,22,15,23,2026-03-14 18:26:46,2026-02-21 17:55:19,58,0,1642C,Conquest,Haskell Middle School,Oklahoma,United States
1419,37,15,22,15,22,2026-01-24 15:05:18,2026-01-24 16:17:33,58,0,13002A,The Muffin Men,GRANDVILLE MIDDLE SCHOOL,Michigan,United States
1420,37,15,22,15,29,2026-01-31 19:12:16,2026-01-10 18:29:48,57,0,68689X,Fantastic Four?,BP STEM Academy,California - Region 4,United States
1421,37,15,22,15,28,2026-02-13 18:58:06,2026-03-09 14:28:58,56,0,14444B,Bison Tech,FORT LEBOEUF SHS,Pennsylvania - West,United States
1422,37,15,22,15,27,2026-01-16 13:43:07,2026-01-24 11:42:23,59,2,78116B,HABS_Involute,Haberdashers' Boys' School,United Kingdom,United Kingdom
1423,37,15,22,15,22,2026-02-14 19:14:53,2026-03-14 14:34:50,59,0,74074W,Waveform,Pioneer Robotics,Oklahoma,United States
1424,37,15,22,15,28,2026-02-21 19:37:08,2026-03-07 17:06:23,50,0,22050B,Rapid Racers,Robospark,Washington,United States
1425,37,15,22,15,22,2026-01-24 15:48:40,2026-01-24 14:11:08,50,0,58676G,Corsaires Good Boy,Ecole Pointe-Levy,Quebec,Canada
1426,37,15,22,15,22,2026-03-06 20:04:43,2026-03-06 21:17:41,48,0,40003B,The Ratz,BAGLEY SECONDARY,Minnesota,United States
1427,37,15,22,15,25,2025-11-08 17:38:58,2025-10-25 16:10:07,43,0,16859C,VOID VANGUARDS :),LAKEWAY CHRISTIAN ACADEMY,Tennessee,United States
1428,37,15,22,15,22,2026-01-17 02:13:39,2026-01-17 01:45:00,0,21,3324C,Supernova C,SCIENCE ACADEMY STEM MAGNET,California - Region 4,United States
1429,37,15,22,15,27,2026-03-14 18:07:33,2026-02-14 16:20:37,56,0,7517E,Great Valley MS 7517E - Error 404: Robot Not Found,GREAT VALLEY MIDDLE SCHOOL,Pennsylvania - East,United States
1430,37,15,22,15,27,2026-02-07 20:35:14,2026-03-07 01:04:40,0,15,7784H,C-Bots Einsteins,CAVELERO MID HIGH SCHOOL,Washington,United States
1431,37,15,22,15,27,2025-10-26 00:21:53,2025-11-07 06:27:55,0,0,1831J,King's Team Juliett,The King's School,Australia,Australia
1432,37,15,22,15,27,2026-02-14 19:04:57,2025-12-13 19:02:10,0,0,4431A,Amazing Eggrolls,WEST HARDIN MIDDLE SCHOOL,Kentucky,United States
1433,37,15,22,15,25,2026-02-28 17:55:37,2025-11-22 16:28:09,0,0,1383A,Circuit Panthers,VICTORY LAKES INT,Texas - Region 3,United States
1434,37,15,22,15,24,2026-02-21 15:49:12,2026-02-14 19:48:08,0,0,63438Y,Valpo Vipers: Mini Medusae,BENJAMIN FRANKLIN MIDDLE SCHOOL,Indiana - Region 1 - North,United States
1435,37,15,22,15,23,2026-03-14 14:28:47,2025-11-23 15:34:22,0,0,8878B,Blackberry,JOCKEY HOLLOW SCHOOL,Connecticut,United States
1436,37,15,22,15,22,2026-02-07 16:22:49,2026-02-07 16:25:01,0,0,73805S,Sushi Shefs,GERMANTOWN MIDDLE SCHOOL,Mississippi,United States
1437,37,7,30,7,30,2026-02-21 20:21:53,2026-02-21 17:00:42,0,0,65557Y,The Clankers,FOREST HEIGHTS STEM ACADEMY,Arkansas,United States
1438,37,0,37,4,37,2026-02-14 16:40:56,2026-03-07 16:35:04,0,0,29651A,It’s A-Bot Time!,Blue Ridge Middle School,South Carolina,United States
1439,37,0,37,3,37,2026-03-07 00:54:57,2026-02-14 14:53:17,0,0,74100X,No Disassemble!,Concordia Lutheran Schools of Omaha,Nebraska,United States
1440,37,0,37,0,37,2025-10-04 11:18:44,2025-10-04 09:05:51,52,0,28666F,Shenzhen Middle School F Team,Shenzhen Middle School,South China,China
1441,37,0,37,0,37,,2025-12-20 03:16:00,0,0,7671A,New Century Robotics,Quzhou Xinghua Middle School,East China,China
1442,37,0,37,0,37,,2025-12-20 03:30:51,0,0,66518A,66518A,北京市十一学校石景山实验中学,North China,China
1443,37,0,37,0,37,,2026-02-02 08:53:23,0,0,65555K,远游冠,云南大学附属中学星耀校区/云师大附属世纪金源学校,West China,China
1444,37,0,37,0,37,,2026-02-03 06:44:17,0,0,25836B,GZ YX Experimental Middle School,GZ YX ErSha Island YanYu South Road Address 1,South China,China
1445,36,15,21,20,21,2025-12-13 20:03:52,2025-11-15 19:19:28,0,0,98548R,Irrelevant,Bear River High School,Utah,United States
1446,36,0,36,20,36,2026-01-17 17:23:22,2026-02-28 20:38:14,0,0,3467A,Little Tigers,Little Tigers Robotics,Louisiana,United States
1447,36,20,16,20,27,2025-10-25 18:55:27,2026-01-10 19:53:44,0,0,30207C,Cool Cats,THE ALTAMONT SCHOOL,Alabama,United States
1448,36,15,21,20,21,2026-03-07 13:25:02,2026-02-07 18:46:41,0,0,7831A,Super Screwjoints,FRANK H HARRISON MIDDLE SCHOOL,Maine,United States
1449,36,20,16,20,17,2026-03-10 15:18:23,2026-01-23 19:29:27,0,10,14287D,Circuit Breakers,DU PONT MIDDLE SCHOOL,West Virginia,United States
1450,36,15,21,16,21,2025-12-06 16:29:46,2026-02-21 17:12:04,0,0,6199A,WiredCats A,THE WESTMINSTER SCHOOLS,Georgia,United States
1451,36,15,21,15,21,2026-02-07 17:31:58,2026-02-07 19:49:55,55,21,25900B,Just Keps Nuts,ALLISON TRADITIONAL MAGNET MIDDLE,Kansas,United States
1452,36,15,21,15,21,2025-12-06 15:46:14,2025-12-06 18:40:31,58,14,41000B,The Cosmic Coders,GRANDVILLE MIDDLE SCHOOL,Michigan,United States
1453,36,15,21,15,21,2026-01-24 22:52:07,2026-01-24 19:26:36,57,8,2463A,Golden Hawks Intermediate,Nanakuli Intermediate School,Hawaii,United States
1454,36,15,21,15,21,2025-10-17 23:07:40,2025-10-17 23:20:24,60,0,46131C,Barker Bees,Barker College,Australia,Australia
1455,36,15,21,15,21,2025-10-18 03:35:54,2025-10-17 22:43:02,60,0,46131W,Mint Choc Chip,Barker College,Australia,Australia
1456,36,15,21,15,21,2025-10-18 05:02:01,2025-10-18 03:54:00,60,0,4613M,Mech Masters,Barker College,Australia,Australia
1457,36,15,21,15,22,2026-01-19 20:29:47,2026-01-31 15:37:14,59,0,82295A,ByteForce,VENUS Middle SCHOOL,Texas - Region 5,United States
1458,36,15,21,15,22,2026-02-08 17:33:18,2026-03-10 13:44:58,59,0,76936D,AC Unit,MOUNDSVILLE MIDDLE SCHOOL,West Virginia,United States
1459,36,15,21,15,21,2026-01-31 15:34:00,2026-01-31 17:10:58,59,0,28727D,Crusaders,CHRIST THE REDEEMER CATHOLIC SCHOOL,Texas - Region 3,United States
1460,36,15,21,15,21,2026-02-14 19:38:36,2026-02-14 18:45:24,59,0,1506E,Gear Jammers,PACT CHARTER SCHOOL,Minnesota,United States
1461,36,15,21,15,21,2026-03-14 15:01:32,2026-03-14 16:10:58,59,0,4611P,Prickly Pangolins?,Robot Revolution MS,New Jersey,United States
1462,36,15,21,15,21,2026-02-14 15:50:49,2026-02-28 19:22:19,59,0,83561B,"Chester Co. 4-H ""Sparkettes""",Penn State Extension/Chester County 4-H Program,Pennsylvania - East,United States
1463,36,15,21,15,29,2025-11-01 13:37:55,2026-01-10 14:08:14,58,5,8686C,Cream Puffs,SEVIER MIDDLE,South Carolina,United States
1464,36,15,21,15,22,2026-03-06 20:00:48,2026-01-31 16:58:55,58,7,24118D,Mechanical Dragons,Southwest Middle School,Minnesota,United States
1465,36,15,21,15,21,2025-12-06 00:37:31,2025-12-06 00:19:09,58,0,1247D,Awesome Sauce,WESTBROOK INT,Texas - Region 3,United States
1466,36,15,21,15,21,2026-02-28 19:58:12,2026-02-28 16:49:07,58,0,9791D,WalshBots - Controller Destroyerz,WALSH MIDDLE SCHOOL,Massachusetts,United States
1467,36,15,21,15,21,2026-03-07 16:19:34,2026-03-07 16:22:33,58,0,14A,Newbeez,Marsteller Middle School,Virginia,United States
1468,36,15,21,15,21,2025-11-09 02:25:20,2025-09-27 04:48:10,59,0,1831H,King's Team Hotel,The King's School,Australia,Australia
1469,36,15,21,15,21,2026-02-21 17:50:56,2026-03-10 15:44:11,59,0,11897A,Sea Monkeys,ST MICHAEL PARISH SCHOOL,West Virginia,United States
1470,36,15,21,15,31,2026-01-31 15:50:46,2026-03-06 21:09:58,57,0,67593B,Loyola B,LOYOLA CATHOLIC SCHOOL,Minnesota,United States
1471,36,15,21,15,23,2026-02-27 18:41:46,2025-11-21 19:44:51,57,0,14287A,The Panthers of Coding,DU PONT MIDDLE SCHOOL,West Virginia,United States
1472,36,15,21,15,21,2026-03-06 20:32:26,2026-03-06 17:37:57,57,0,67593A,Loyola A,LOYOLA CATHOLIC SCHOOL,Minnesota,United States
1473,36,15,21,15,21,2026-03-07 00:06:04,2026-03-06 23:19:36,57,0,48787C,Warbots,Lakeside Middle School,South Carolina,United States
1474,36,15,21,15,21,2026-03-08 00:58:34,2026-03-08 01:18:29,57,0,14144A,The Terminators,WOOD RIDGE MIDDLE SCHOOL,Missouri,United States
1475,36,15,21,15,21,2026-01-31 18:33:15,2026-01-31 20:01:58,56,0,84949B,84949B,SUSSMAN (EDWARD A.) MIDDLE,California - Region 4,United States
1476,36,15,21,15,21,2026-01-16 13:37:32,2026-01-16 13:31:41,51,0,83697A,Watford Droids,Watford Grammar School for Boys,United Kingdom,United Kingdom
1477,36,15,21,15,21,2026-03-07 18:08:16,2026-03-07 03:27:24,48,1,6122A,The Overthinkers,JANE GOODALL ENVIRONMENTAL MIDDLE CHARTER SCHOOL,Oregon,United States
1478,36,15,21,15,21,2026-02-22 19:16:28,2026-02-22 18:14:16,48,0,66083B,Jurassic Spark,T.J. Walker Middle School,Wisconsin,United States
1479,36,15,21,15,21,2026-01-10 14:39:27,2025-12-06 17:46:54,60,0,457F,457F,JENISON JUNIOR HIGH SCHOOL,Michigan,United States
1480,36,15,21,15,21,2025-12-06 00:06:26,2025-12-05 23:46:15,1,0,1247A,The Steampunk Pandas,WESTBROOK INT,Texas - Region 3,United States
1481,36,15,21,15,21,2026-02-21 17:06:41,2025-12-05 16:45:40,59,0,44654E,Five And A Half Men,WEST HOLMES MIDDLE SCHOOL,Ohio,United States
1482,36,15,21,15,21,2026-02-28 18:32:13,2025-11-08 18:36:57,59,0,79298T,Titanium,Altona Middle School,Colorado,United States
1483,36,15,21,15,21,2026-03-14 16:42:27,2026-02-19 23:38:07,59,0,8878F,Furious Five,Jockey Hollow Stem Program,Connecticut,United States
1484,36,15,21,15,24,2026-02-28 01:02:26,2026-02-14 18:47:48,58,0,7481B,Super B,LEAGUE CITY INT,Texas - Region 3,United States
1485,36,15,21,15,25,2026-02-27 18:57:40,2025-10-22 19:58:24,57,0,9749A,MOTORCYCLES GO VROOM,Wood River Middle School,Idaho,United States
1486,36,15,21,15,21,2026-03-15 20:20:34,2025-12-06 19:14:27,57,0,4073A,VEX JETS,JOE WALKER MIDDLE,California - Region 3,United States
1487,36,15,21,15,26,2026-01-10 18:13:43,2025-11-22 17:37:08,56,5,23438A,Cyber Titans,FIVE FORKS MIDDLE SCHOOL,Georgia,United States
1488,36,15,21,15,21,2026-02-14 22:14:14,2026-02-07 17:27:26,55,0,726Z,Rattle Reaction Jagwires,DESERT RIDGE SCHOOL OF INNOVATION,Arizona,United States
1489,36,15,21,15,21,2026-02-21 18:05:21,2026-02-14 18:37:13,51,0,1262E,OPS - The Two Brain Cells,Bluestem Middle School,Nebraska,United States
1490,36,15,21,15,21,2026-01-17 22:23:48,2025-12-13 18:38:33,48,0,75693D,The Blue World Comets,MIKE OCALLAGHAN MIDDLE SCHOOL,Nevada,United States
1491,36,15,21,15,21,2025-10-18 04:19:39,2025-10-17 23:37:22,0,0,46131R,Gray ham,Barker College,Australia,Australia
1492,36,15,21,15,21,2025-11-23 02:22:08,2025-11-23 02:33:50,0,0,27908S,LSTS JESKO,Lawrence S.Ting School,Vietnam,Vietnam
1493,36,15,21,15,21,2026-01-23 18:59:53,2026-01-23 18:28:59,0,0,18700B,S.W.A.T.,TRINITY ACADEMY,Kansas,United States
1494,36,15,21,15,21,2026-02-07 20:14:32,2026-02-07 19:16:58,0,0,31001E,31001 E,DERBY NORTH MIDDLE SCHOOL,Kansas,United States
1495,36,15,21,15,21,2026-02-08 17:46:26,2026-02-08 16:02:14,0,0,3440C,CheeseBurger,"REACT ",Kentucky,United States
1496,36,15,21,15,21,2026-02-21 18:09:42,2026-02-21 00:29:59,0,0,41000C,CTRL-ALT-DEFEAT,GRANDVILLE MIDDLE SCHOOL,Michigan,United States
1497,36,15,21,15,21,2026-03-01 17:29:51,2026-03-01 17:28:29,0,0,96607C,Krusty Krab,S. P. ARNETT MIDDLE SCHOOL,Louisiana,United States
1498,36,14,22,14,29,2026-02-14 15:37:51,2025-11-15 14:49:56,0,0,29449C,Torque Titans,HAUT GAP MIDDLE,South Carolina,United States
1499,36,0,36,5,36,2026-02-14 18:58:00,2026-03-07 17:59:47,0,0,4848A,Team Green,Team Green 4-H Club,Wisconsin,United States
1500,36,4,32,4,32,2026-01-06 07:58:21,2026-01-06 08:01:47,0,0,61999A,南江Ford·V,南京东南实验学校,East China,China
1501,36,3,33,3,33,2025-11-08 05:53:50,2025-11-08 06:05:27,43,4,10902B,极酷清附二队,极酷创客基地,Middle China,China
1502,36,1,35,1,35,2026-01-31 18:22:46,2026-01-31 20:15:24,40,0,19522M,Giants,ALDEN-HEBRON HIGH SCHOOL,Illinois,United States
1503,36,0,36,0,36,2025-10-25 10:19:51,2025-10-25 10:21:56,0,0,10036H,BEIJING INTERNATIONAL BILINGUAL ACADEMY Team H,Haiga International Bilingual School,North China,China
1504,36,0,36,0,36,,2025-12-05 07:56:08,0,0,93333E,新哲文院机器人社团,新哲文院ROBOT CLUB,South China,China
1505,36,0,36,0,36,,2026-01-01 05:22:18,0,0,11020A,SUIS WY,SUIS WY万源协和,East China,China
1506,36,0,36,0,36,,2026-02-06 06:40:53,0,0,10004N,Titanium Dragon,Pu Tai senior high school with junior department,Chinese Taipei,Taiwan
1507,35,35,0,35,0,2026-02-07 11:29:00,,0,0,68851T,VEXturions,STEAM Azerbaijan,Azerbaijan,Azerbaijan
1508,35,20,15,20,22,2026-03-06 20:26:53,2026-01-03 16:18:25,58,0,739F,Breach,Kimball Secondary,Minnesota,United States
1509,35,20,15,20,25,2026-01-30 20:49:22,2026-03-06 20:49:45,0,27,11532C,Indecisive,BEMIDJI MIDDLE,Minnesota,United States
1510,35,20,15,20,23,2026-03-14 17:49:19,2026-01-09 18:01:31,0,0,73557M,Super Morrio Brothers,Morris Robotics,Oklahoma,United States
1511,35,18,17,18,18,2026-02-06 06:45:33,2025-12-08 02:03:08,37,0,2636A,Matt Robotics TeamA,Matt Robotics,Hong Kong,Hong Kong
1512,35,17,18,17,19,2026-01-04 18:04:08,2026-02-21 18:01:04,46,0,87411X,"EverBotics ",Private/Independent,California - Region 2,United States
1513,35,15,20,15,20,2026-03-07 00:34:35,2026-02-22 15:56:34,59,53,44036C,RoB.O.B.,WINNECONNE MIDDLE,Wisconsin,United States
1514,35,15,20,15,20,2026-02-14 19:08:17,2026-02-14 19:56:29,59,51,11532G,Radioactive Gummy Bears,BEMIDJI MIDDLE,Minnesota,United States
1515,35,15,20,15,20,2026-01-17 15:23:53,2026-01-17 17:01:20,60,43,99064A,"The ""A"" Team",EAST CENTRAL MIDDLE SCHOOL,Mississippi,United States
1516,35,15,20,15,20,2026-02-13 16:15:46,2026-02-13 18:09:59,58,42,97778B,Wanna Bees,TALLMADGE MIDDLE SCHOOL,Ohio,United States
1517,35,15,20,15,20,2026-03-04 18:29:14,2026-02-07 16:29:14,57,48,4810C,Camaraderie Queens,NORTH UNION MIDDLE SCHOOL,Ohio,United States
1518,35,15,20,15,20,2026-02-07 17:17:15,2026-03-06 22:42:53,57,44,7831E,"Blood, Sweat and Gears",FRANK H HARRISON MIDDLE SCHOOL,Maine,United States
1519,35,15,20,15,20,2025-11-15 18:05:57,2025-11-15 16:33:52,56,30,5770A,Gadget Girls,Baltimore Leadership School For Young Women,Maryland,United States
1520,35,15,20,15,20,2026-02-21 21:40:59,2026-02-21 21:48:10,59,25,80658A,S.O.D.A.,Silverleaf School,Oregon,United States
1521,35,15,20,15,21,2026-03-15 01:02:37,2025-10-11 20:16:29,59,0,1920M,Knuckleheads,Palm Avenue Middle School,California - Region 3,United States
1522,35,15,20,15,20,2026-03-07 18:50:00,2026-03-07 18:54:59,58,19,56860Z,Zephyr,BRIXNER JUNIOR HIGH SCHOOL,Oregon,United States
1523,35,15,20,15,20,2026-02-07 22:29:19,2026-02-07 21:06:37,59,13,6722B,Pioneer Wildcats - Blossoms,Pioneer Middle School,California - Region 4,United States
1524,35,15,20,15,20,2026-03-06 22:12:14,2026-03-06 21:58:55,59,11,21421A,Jemarias,All Saints Catholic School,Maine,United States
1525,35,15,20,15,20,2026-03-07 16:16:30,2026-03-07 03:25:02,58,3,4591T,The Puppeteers,VANCOUVER ITECH PREPARATORY,Oregon,United States
1526,35,15,20,15,20,2025-10-11 01:01:31,2025-10-11 00:32:02,59,0,65100D,cxs,"Pymble Ladies College, Sydney, Australia",Australia,Australia
1527,35,15,20,15,20,2026-02-12 00:49:09,2026-02-12 00:49:25,59,0,41000E,41000E,GRANDVILLE MIDDLE SCHOOL,Michigan,United States
1528,35,15,20,15,20,2026-02-14 15:04:38,2026-02-14 17:08:38,59,0,21421R,SLAY,All Saints Catholic School,Maine,United States
1529,35,15,20,15,28,2026-01-31 19:02:16,2026-01-10 20:38:11,58,0,385P,Parras Robotics Team 4,PARRAS (NICK G.) MIDDLE,California - Region 4,United States
1530,35,15,20,15,20,2026-02-19 20:52:11,2026-03-05 16:36:30,59,0,42501E,(kW) KiloWatt,EAST COMMUNITY LEARNING CENTER,Ohio,United States
1531,35,15,20,15,20,2026-03-05 16:26:09,2026-03-05 15:26:15,58,0,98575F,Furious Faces,Ottawa Hills Jr/Sr High School,Ohio,United States
1532,35,15,20,15,20,2026-03-14 15:18:28,2026-03-14 15:31:50,58,0,23184M,CEC Robo Eagles - Midnight,CONWELL EGAN CATHOLIC HIGH SCHOOL,Pennsylvania - East,United States
1533,35,15,20,15,20,2026-02-21 18:28:58,2026-02-21 19:11:53,56,2,283S,Sugar and Spice,WHITE PINE HIGH SCHOOL,Nevada,United States
1534,35,15,20,15,20,2026-01-31 19:59:33,2026-02-14 19:02:02,58,0,24118A,BOBomelons,Southwest Middle School,Minnesota,United States
1535,35,15,20,15,28,2026-01-17 17:47:13,2025-11-08 18:53:45,57,0,6047U,Pie are Squared,WESTVIEW MIDDLE SCHOOL,Colorado,United States
1536,35,15,20,15,20,2025-10-10 22:47:49,2025-10-11 03:21:22,57,0,1831B,King's Team Bravo,The King's School,Australia,Australia
1537,35,15,20,15,20,2026-02-07 21:11:56,2026-02-07 19:17:58,57,0,81101F,"ctrl+alt+defeat ",Mankato West Robotics,Minnesota,United States
1538,35,15,20,15,20,2026-02-28 21:02:25,2026-02-28 19:05:45,57,0,71458C,Chinoptimus,Lakeway Robotics,Texas - Region 4,United States
1539,35,15,20,15,20,2026-03-07 19:13:54,2026-03-07 20:05:58,57,0,2148Z,Da minions,Greenville Middle School,Texas - Region 2,United States
1540,35,15,20,15,22,2026-01-11 18:56:49,2026-01-17 19:35:35,59,0,83A,Eagle Engineering MS Alpha,CHAMINADE COLLEGE PREPARATORY MIDDLE SCHOOL,California - Region 4,United States
1541,35,15,20,15,20,2026-02-14 21:04:06,2026-02-14 22:08:26,56,0,99500A,RoboBucsA,NEWELL BARNEY COLLEGE PREP,Arizona,United States
1542,35,15,20,15,20,2026-02-14 20:29:23,2026-02-07 17:04:40,56,0,95559D,Enterprise,ST JOHN'S PREPARATORY SCHOOL,Minnesota,United States
1543,35,15,20,15,20,2025-11-08 17:47:10,2025-11-08 17:49:13,55,0,67282A,The Mediocre Mechanics,WATSON JUNIOR HIGH SCHOOL,Colorado,United States
1544,35,15,20,15,20,2026-01-31 15:36:08,2026-01-31 19:24:12,55,0,28727C,Crusaders,CHRIST THE REDEEMER CATHOLIC SCHOOL,Texas - Region 3,United States
1545,35,15,20,15,20,2026-01-31 20:39:55,2026-01-31 15:38:54,55,0,28727B,Crusaders,CHRIST THE REDEEMER CATHOLIC SCHOOL,Texas - Region 3,United States
1546,35,15,20,15,20,2026-02-14 20:32:23,2026-02-14 18:29:32,55,0,2037E,Dragon Robotics,DOWNTOWN ELEMENTARY,California - Region 3,United States
1547,35,15,20,15,21,2026-02-07 19:40:12,2026-02-01 18:23:08,54,0,52766J,Saber-tooth Robotics,SABIN MIDDLE SCHOOL,Colorado,United States
1548,35,15,20,15,20,2026-02-14 18:27:53,2026-02-14 19:05:43,52,2,56P,Pandas!,CAPE ELIZABETH MIDDLE SCHOOL,Maine,United States
1549,35,15,20,15,20,2025-12-06 19:42:59,2025-12-06 17:49:10,32,22,10012D,Ten Ton Robotics,West Vancouver School District,British Columbia (BC),Canada
1550,35,15,20,15,20,2026-01-31 19:54:08,2025-11-22 16:35:01,59,0,28727A,Pink Panthers,CHRIST THE REDEEMER CATHOLIC SCHOOL,Texas - Region 3,United States
1551,35,15,20,15,20,2026-02-21 18:52:48,2025-12-06 18:01:21,59,0,84420G,SHMS Steel Huskies,SULLIVAN HEIGHTS MIDDLE SCHOOL,Tennessee,United States
1552,35,15,20,15,20,2025-11-21 15:31:35,2025-12-06 00:51:28,53,1,7481D,Queen Bees,LEAGUE CITY INT,Texas - Region 3,United States
1553,35,15,20,15,20,2026-02-07 19:15:41,2026-02-07 16:15:46,52,0,52766B,The Predators,SABIN MIDDLE SCHOOL,Colorado,United States
1554,35,15,20,15,25,2026-01-10 14:04:58,2026-03-06 23:29:15,50,8,29485A,Apollo Bots,East Edisto Middle,South Carolina,United States
1555,35,15,20,15,23,2026-01-03 13:52:07,2025-12-06 19:42:08,0,0,457G,457G,JENISON JUNIOR HIGH SCHOOL,Michigan,United States
1556,35,15,20,15,20,2026-01-31 18:10:35,2026-01-31 18:58:54,30,0,10012T,Ten Ton Robotics,West Vancouver School District,British Columbia (BC),Canada
1557,35,15,20,15,23,2026-01-24 13:35:30,2026-01-03 14:03:41,55,0,457E,457E,JENISON JUNIOR HIGH SCHOOL,Michigan,United States
1558,35,15,20,15,20,2026-01-25 18:53:08,2025-12-06 19:12:20,59,0,6517Z,TRITONBOTS-Z,EASTLAKE MIDDLE,California - Region 4,United States
1559,35,15,20,15,20,2026-02-14 16:14:04,2026-03-09 18:16:02,57,0,79163A,Pink Titans,North Clarion Co Jshs,Pennsylvania - West,United States
1560,35,15,20,15,32,2026-02-14 19:57:09,2026-03-14 14:53:19,55,0,74074S,Shocked,Pioneer Robotics,Oklahoma,United States
1561,35,15,20,15,23,2025-12-08 19:58:33,2025-11-03 18:03:42,55,0,75442C,ATOMIC OVERDRIVE,Farmersville Junior High School,Texas - Region 2,United States
1562,35,15,20,15,20,2026-03-01 14:55:18,2026-01-16 20:01:18,48,0,540A,Appleby,Appleby College,Ontario,Canada
1563,35,0,35,15,35,2025-11-21 15:53:48,2026-02-07 20:49:07,0,0,23835B,SSMS Circuit Sharks,SULPHUR SPRINGS MIDDLE,Texas - Region 2,United States
1564,35,15,20,15,27,2025-12-06 13:59:11,2026-01-10 17:02:14,0,0,32789F,NRT - Voltron,NORTHFIELD JR-SR HIGH SCHOOL,Indiana - Region 1 - North,United States
1565,35,15,20,15,27,2025-12-13 16:13:18,2026-02-28 18:26:13,0,0,74019X,The Air Conditioners,VERDIGRIS JHS,Oklahoma,United States
1566,35,15,20,15,27,2026-02-06 17:49:17,2025-11-14 01:28:18,0,0,34012F,Crusaders,THOMAS JEFFERSON CHARTER,Idaho,United States
1567,35,15,20,15,27,2026-02-07 20:28:06,2026-03-07 16:03:32,0,0,32088A,Control Alt Defeat,Auburn Community Robotics,Alabama,United States
1568,35,15,20,15,24,2025-11-15 16:30:32,2026-01-17 17:46:15,0,0,1365V,Short Circuit,East Ridge Middle School,Florida - North/Central,United States
1569,35,15,20,15,23,2025-10-17 23:58:46,2025-12-06 02:36:25,0,0,14671B,Techimmanuel,Immanuel College,Australia,Australia
1570,35,15,20,15,23,2026-02-21 19:06:21,2026-02-08 16:20:32,0,0,85403E,Scrap Metal,TRIADELPHIA MIDDLE SCHOOL,West Virginia,United States
1571,35,15,20,15,23,2026-02-27 23:22:36,2026-01-03 16:46:27,0,0,9050A,G-Force,GROTON AREA HIGH SCHOOL - 01,South Dakota,United States
1572,35,15,20,15,22,2026-02-15 17:49:00,2026-02-14 18:30:01,0,0,9181T,Titan,Seaquam Secondary,British Columbia (BC),Canada
1573,35,15,20,15,21,2025-11-01 20:00:17,2026-01-17 18:02:08,0,0,80550X,ARRK,WINDSOR CHARTER ACADEMY MIDDLE AND EARLY COLLEGE H,Colorado,United States
1574,35,15,20,15,20,2025-11-29 19:21:17,2026-01-24 17:51:33,0,14,58676Z,Corsaires Zeus,Ecole Pointe-Levy,Quebec,Canada
1575,35,15,20,15,20,2025-10-17 05:31:51,2025-10-17 04:29:59,0,0,99888A,Cooel_Spiders,Cooel_Spiders,Australia,Australia
1576,35,15,20,15,20,2025-10-18 02:16:57,2025-10-18 02:28:11,0,0,46131B,The Scooby Bots,Barker College,Australia,Australia
1577,35,15,20,15,20,2025-10-27 15:39:04,2025-10-27 14:36:10,0,0,13000P,601,GRANDVILLE MIDDLE SCHOOL,Michigan,United States
1578,35,15,20,15,20,2025-12-05 23:08:57,2025-12-05 21:20:21,0,0,3333N,SnakeByterrs,Notre Dame Prep,Michigan,United States
1579,35,15,20,15,20,2025-12-13 20:40:49,2025-12-13 19:53:58,0,0,77775A,Robo-Chics,MADISON MIDDLE SCHOOL,Mississippi,United States
1580,35,15,20,15,20,2025-12-13 20:54:07,2025-12-13 20:15:00,0,0,19306F,Jurassic Spark,ASBURY HIGH SCHOOL,Alabama,United States
1581,35,15,20,15,20,2026-01-10 15:56:36,2026-01-10 14:52:27,0,0,703C,RCC4,NORWELL MIDDLSCHOOL,Indiana - Region 1 - North,United States
1582,35,15,20,15,20,2026-02-07 15:48:33,2026-02-07 18:31:32,0,0,21434C,Legacy Jets 3,LEGACY MIDDLE,Florida - North/Central,United States
1583,35,15,20,15,20,2026-02-07 16:31:55,2026-02-07 17:00:29,0,0,56000C,Robo Pals,Northern Michigan Robotics Club,Michigan,United States
1584,35,15,20,15,20,2026-02-07 18:07:31,2026-02-07 18:14:00,0,0,25900E,Clankers,ALLISON TRADITIONAL MAGNET MIDDLE,Kansas,United States
1585,35,15,20,15,20,2026-02-21 18:06:34,2026-02-21 18:51:06,0,0,74403A,74403A,HILLDALE MIDDLE SCHOOL,Oklahoma,United States
1586,35,15,20,15,20,2026-02-21 19:40:38,2026-02-21 19:16:27,0,0,63438X,Valpo Vipers: Xenon Cobras,BENJAMIN FRANKLIN MIDDLE SCHOOL,Indiana - Region 1 - North,United States
1587,35,15,20,15,20,2026-02-26 23:34:52,2026-02-26 23:01:43,0,0,20431A,Gear Grinders,North Miami Community Schools,Indiana - Region 1 - North,United States
1588,35,15,20,15,20,2026-02-28 12:13:36,2026-02-27 11:50:33,0,0,6493B,T-ROB Scrum Half,Tanfield School,United Kingdom,United Kingdom
1589,35,15,20,15,20,2026-03-07 17:41:41,2026-03-07 19:53:35,0,0,18716A,Jersey Robotics,FALFURRIAS J H,Texas - Region 6,United States
1590,35,15,20,15,20,2026-03-15 17:33:37,2026-03-14 21:48:03,0,0,99088W,Robo Warriors,BEMAN MIDDLE SCHOOL,Connecticut,United States
1591,35,6,29,6,32,2026-02-21 13:51:27,2026-02-14 19:03:09,37,0,1102M,Robo Saints,ST MARY HELP OF CHRISTIANS CATHOLIC SCHOOL,South Carolina,United States
1592,35,5,30,5,30,2025-07-18 03:10:05,2025-07-18 03:14:23,0,0,38000B,Hefei X-Personality B,Hefei No.38 middle school,Middle China,China
1593,35,4,31,4,31,2025-11-08 06:41:41,2025-11-08 06:56:35,0,0,10175G,BASIS International School Shenzhen,BASIS International School Shenzhen,South China,China
1594,35,0,35,0,35,,2025-11-07 07:29:43,0,0,17002B,Shenzhen FLPS-2,Shenzhen Foreign Language Primary School,South China,China
1595,35,0,35,0,35,,2025-12-14 06:42:55,0,0,66969A,Bob the Builders,Dr. Player Robotics Lab. Taipei,Chinese Taipei,Taiwan
1596,35,0,35,0,35,,2026-01-11 05:15:44,0,0,59200H,Lightning,India Community Center,California - Region 2,United States
1597,35,0,35,0,35,,2026-02-07 14:25:06,0,0,34314A,The Goobers,NIPHER MIDDLE,Missouri,United States
1598,35,0,35,0,35,,2026-02-28 01:28:31,0,0,62880E,C2C - Exploding Eggs,Coast 2 Coast Robotics,New York-South,United States
1599,35,0,35,0,35,,2026-03-07 15:41:33,0,0,29687K,T.E.D.,Northwood Middle School,South Carolina,United States
1600,34,16,18,16,19,2025-11-20 21:58:45,2026-01-31 20:46:56,38,10,8108F,Jurassic Sparks,NORTH JUNIOR HIGH,Minnesota,United States
1601,34,16,18,16,20,2026-02-14 13:53:09,2026-01-23 17:03:27,0,0,76249C,Bot Blasters,ELKVIEW MIDDLE SCHOOL,West Virginia,United States
1602,34,15,19,15,19,2026-02-07 04:02:15,2026-02-06 05:30:55,60,0,4813F,King Henry X,Taipei American School - Middle School,Chinese Taipei,Taiwan
1603,34,15,19,15,19,2026-02-21 18:16:33,2026-02-21 18:06:03,59,1,66465D,Biblioteca,BRIDGE STREET MIDDLE SCHOOL,West Virginia,United States
1604,34,15,19,15,19,2026-02-28 00:41:31,2026-02-28 00:35:20,59,0,1247E,The Elements of Robotics,WESTBROOK INT,Texas - Region 3,United States
1605,34,15,19,15,19,2026-02-28 19:13:16,2026-02-28 17:53:48,57,0,69414H,Hydrogylphic,ANNIE CAMP JR. HIGH SCHOOL,Arkansas,United States
1606,34,15,19,15,33,2026-03-14 12:44:48,2025-11-13 15:28:07,58,2,57711S,Loose Screws,Alchemy Global STEM Institute,Tennessee,United States
1607,34,15,19,15,20,2025-12-13 22:35:58,2025-12-06 17:20:31,56,0,76426D,Digital Designers,BRYSON SCHOOL,Texas - Region 5,United States
1608,34,15,19,15,19,2026-02-07 14:44:58,2026-02-07 16:05:39,56,0,82391G,Gear Girls,Troy Middle School,Missouri,United States
1609,34,15,19,15,19,2025-12-14 16:44:47,2025-12-14 17:47:26,52,0,8878E,Eclipse,JOCKEY HOLLOW SCHOOL,Connecticut,United States
1610,34,15,19,15,19,2026-01-10 19:47:51,2026-01-10 21:11:40,2,0,91625B,Brea Botcats Temu Bot,Brea Junior High School,California - Region 4,United States
1611,34,15,19,15,19,2026-02-08 17:18:53,2026-03-01 15:33:51,58,0,1898B,Titan Alert,MILTON ACADEMY,Massachusetts,United States
1612,34,15,19,15,28,2026-01-24 17:56:04,2026-02-14 19:10:32,0,0,4461B,RoboColts,Ruth Fisher Middle School,Arizona,United States
1613,34,15,19,15,25,2026-03-06 23:16:11,2026-02-14 15:32:25,0,0,48787D,CTRL+ALT+DEFEAT,Lakeside Middle School,South Carolina,United States
1614,34,15,19,15,20,2026-02-28 15:56:25,2026-02-14 15:18:52,0,0,2775U,Jackson Area Robotics,Jackson Area Robotics,Tennessee,United States
1615,34,15,19,15,19,2026-02-21 18:09:52,2026-02-21 18:24:35,0,0,17325E,Banana Klankers 3.0,Glenwood Middle School,Ohio,United States
1616,34,15,19,15,19,2026-02-21 19:00:22,2026-02-21 18:36:06,0,0,79338A,Sweet Balon Bots,Westchester Middle School,Indiana - Region 1 - North,United States
1617,34,15,19,15,19,2026-02-26 03:13:08,2026-02-26 03:12:50,0,0,95694E,Winters Middle School Cardinals,WINTERS MIDDLE,California - Region 2,United States
1618,34,2,32,3,32,2025-12-19 18:02:16,2026-03-06 01:31:48,0,0,7225R,Southland Tsunami,Southland High School,Minnesota,United States
1619,34,0,34,0,34,,2025-11-08 19:24:17,0,0,11353E,The Geometric Drill,The Geometric Drill,Utah,United States
1620,34,0,34,0,34,,2025-12-05 06:57:33,0,0,8566A,HZ.Robot Club,HZ.Robot Club,East China,China
1621,34,0,34,0,34,,2026-02-27 08:24:03,0,0,98829Y,98829Y,佛山市外国语学校,South China,China
1622,33,15,18,15,18,2026-02-19 20:54:51,2026-02-19 20:57:16,59,18,42501F,MoonBlood,EAST COMMUNITY LEARNING CENTER,Ohio,United States
1623,33,15,18,15,18,2026-02-07 15:14:20,2026-02-07 17:39:28,57,6,4233C,"Cyber Vortex ",Scott County Middle School,Kentucky,United States
1624,33,15,18,15,18,2026-02-28 18:53:30,2026-02-28 17:53:07,60,0,9791E,WalshBots - Da Robot Boys,WALSH MIDDLE SCHOOL,Massachusetts,United States
1625,33,15,18,15,18,2026-01-17 16:04:37,2026-01-17 16:14:02,59,0,84778C,Robo Rookies,WARWOOD SCHOOL,West Virginia,United States
1626,33,15,18,15,19,2026-02-28 01:48:55,2025-12-06 01:06:49,58,28,1247C,Mini PEKKAs,WESTBROOK INT,Texas - Region 3,United States
1627,33,15,18,15,18,2025-11-22 15:14:35,2025-11-22 16:00:29,58,0,71610A,Aftermath,"Gordon Parks Academy ",Kansas,United States
1628,33,15,18,15,18,2026-03-07 18:43:31,2026-03-08 14:55:59,58,0,6568C,Yusuf,RONALD WILSON REAGAN MIDDLE,Virginia,United States
1629,33,15,18,15,18,2026-02-07 16:49:46,2026-02-23 15:37:54,57,0,77774S,Cyber Storm,Madison Middle School,Mississippi,United States
1630,33,15,18,15,19,2025-12-06 22:26:47,2026-02-21 17:31:33,55,0,71300X,Badminton Baddies,Lied Middle School,Nevada,United States
1631,33,15,18,15,25,2026-02-23 17:24:17,2025-12-13 20:03:02,52,0,73805N,Vexineers,GERMANTOWN MIDDLE SCHOOL,Mississippi,United States
1632,33,15,18,15,18,2025-11-08 15:32:42,2025-11-08 15:48:33,52,0,216C,Rust in Peace,Grandville Middle School,Michigan,United States
1633,33,15,18,15,24,2026-01-03 17:45:40,2026-01-17 19:20:10,50,0,81101E,Vortex,Mankato West Robotics,Minnesota,United States
1634,33,15,18,15,18,2026-01-10 15:33:38,2026-01-10 17:55:03,50,0,97311C,Purple Pigs More Bacon,DUNCAN LAKE MIDDLE SCHOOL,Michigan,United States
1635,33,15,18,15,18,2026-03-10 15:23:07,2026-02-27 15:05:28,50,0,25304D,EagleForce6B,HORACE MANN MIDDLE SCHOOL,West Virginia,United States
1636,33,15,18,15,18,2026-03-14 15:48:08,2026-03-14 14:56:03,50,0,9012C,All Knighters,Northern Middle School,Maryland,United States
1637,33,15,18,15,18,2026-02-14 17:53:49,2026-03-07 17:13:28,59,0,9048C,T.E.C.H.,"York Robotics ",Maine,United States
1638,33,15,18,15,18,2026-03-13 19:08:30,2026-02-14 19:55:02,59,0,99331M,Fowl Play,MEMPHIS UNIVERSITY SCHOOL,Tennessee,United States
1639,33,15,18,15,18,2026-02-01 15:19:27,2026-03-15 16:43:56,58,0,99088B,Phoenix,BEMAN MIDDLE SCHOOL,Connecticut,United States
1640,33,15,18,15,20,2026-02-14 19:11:59,2025-12-06 18:15:49,0,24,10261B,Cougar Robotics,Sullivan Central Middle School,Tennessee,United States
1641,33,15,18,15,19,2026-03-13 22:26:01,2026-02-07 19:54:09,0,0,4454X,X-Ray,Timothy Christian P-8,Illinois,United States
1642,33,15,18,15,18,2025-09-06 18:55:13,2025-09-06 18:30:15,0,0,2242B,Hydra Robotics,Municipio de Salinas,Puerto Rico,Puerto Rico
1643,33,15,18,15,18,2026-02-14 18:53:19,2026-02-14 20:58:02,0,0,8975C,Chipman Robotics C - Metal Claws,CHIPMAN JUNIOR HIGH,California - Region 3,United States
1644,33,15,18,15,18,2026-02-21 17:13:43,2026-02-21 14:45:20,0,0,6199C,WiredCats C,THE WESTMINSTER SCHOOLS,Georgia,United States
1645,33,15,18,15,18,2026-02-21 20:00:27,2026-02-21 20:08:24,0,0,55760D,Cheez,NORTHRIDGE HIGH SCHOOL,Indiana - Region 1 - North,United States
1646,33,15,18,15,18,2026-02-28 01:15:18,2026-02-27 23:58:23,0,0,6572B,Creekside Intermediate,CREEKSIDE INT,Texas - Region 3,United States
1647,33,5,28,5,28,2026-02-14 21:34:21,2026-02-14 19:27:16,0,0,1920R,Pokémon are Real,Palm Avenue Middle School,California - Region 3,United States
1648,33,3,30,3,30,2026-03-01 17:36:13,2026-02-28 21:38:58,0,0,2822F,Spartan Design Fireflies,STAUFFER (MARY R.) MIDDLE,California - Region 4,United States
1649,33,1,32,1,32,2025-12-20 01:56:53,2025-12-19 08:02:47,30,0,80088C,DFD-C,Dongfengdong Road Primary School,South China,China
1650,33,0,33,0,33,2025-12-07 07:11:07,2025-12-07 07:42:02,13,0,38657K,Penguinators,Shrewsbury International School,Thailand,Thailand
1651,33,0,33,0,33,,2025-11-08 08:53:25,0,0,17002C,Shenzhen FLPS-3,Shenzhen Foreign Language Primary School,South China,China
1652,33,0,33,0,33,,2026-01-07 09:17:32,0,0,29088S,DEMO-ROBOT TEAM 5,DEMO ROBOTICS,East China,China
1653,33,0,33,0,33,,2026-02-07 03:44:56,0,0,4813B,Butterflies,Taipei American School - Middle School,Chinese Taipei,Taiwan
1654,32,16,16,16,17,2025-11-22 18:05:30,2025-12-06 15:48:23,43,0,87422B,BATMOBOT,JONES MIDDLE SCHOOL,Georgia,United States
1655,32,15,17,15,17,2026-02-22 00:15:59,2026-02-21 21:46:54,47,17,35777D,Arcane,ULEAP,California - Region 2,United States
1656,32,15,17,15,17,2026-03-09 15:10:20,2026-03-09 15:21:36,59,3,81432B,Papa Johns,Keystone High School,Pennsylvania - West,United States
1657,32,15,17,15,17,2025-12-05 23:36:29,2025-11-22 16:50:13,60,5,4727C,Decepticons,BROOKSIDE INT,Texas - Region 3,United States
1658,32,15,17,15,17,2025-10-18 04:36:31,2025-10-18 03:43:11,60,0,46131U,Ctrl U,Barker College,Australia,Australia
1659,32,15,17,15,20,2026-02-16 19:18:28,2025-11-03 16:06:44,59,0,75442V,501st LEGION,Farmersville Junior High School,Texas - Region 2,United States
1660,32,15,17,15,17,2026-02-21 02:01:51,2026-02-21 01:45:33,59,0,88397A,Error 101,"St Andrew's College, Christchurch",New Zealand,New Zealand
1661,32,15,17,15,27,2026-02-07 17:01:36,2026-02-23 17:00:18,58,0,77774C,Chicken Nugget Warriors,Madison Middle School,Mississippi,United States
1662,32,15,17,15,20,2026-02-07 17:23:00,2025-11-22 15:45:54,58,43,61526A,"ST Therese Robotics ",ST THERESE SCHOOL,Missouri,United States
1663,32,15,17,15,17,2026-03-07 17:38:19,2026-02-22 18:22:00,58,0,66083A,Viva La Clanker,T.J. Walker Middle School,Wisconsin,United States
1664,32,15,17,15,27,2025-12-20 18:19:04,2026-02-21 18:11:20,58,0,3303F,Robolabs Flare,Robolabs Fremont,California - Region 2,United States
1665,32,15,17,15,17,2026-01-17 18:55:38,2026-01-17 16:20:12,50,0,28056B,Nephil Bots,GASTON CHRISTIAN SCHOOL,North Carolina,United States
1666,32,15,17,15,17,2025-12-12 18:16:06,2025-12-12 18:21:11,47,0,83686A,Yodeling Pickles,SOUTH MIDDLE SCHOOL,Idaho,United States
1667,32,15,17,15,17,2026-02-06 09:05:58,2026-02-06 08:45:47,45,0,4813D,Gambit,Taipei American School - Middle School,Chinese Taipei,Taiwan
1668,32,15,17,15,20,2025-10-18 16:43:09,2025-12-13 17:32:11,42,0,82391C,Electric Mayhem,Troy Middle School,Missouri,United States
1669,32,15,17,15,17,2026-01-24 17:42:54,2026-01-24 18:33:06,0,13,58676Y,Corsaires Yama,Ecole Pointe-Levy,Quebec,Canada
1670,32,15,17,15,17,2026-01-11 15:41:12,2026-02-01 17:05:44,59,0,99088U,Ultra Duckz,BEMAN MIDDLE SCHOOL,Connecticut,United States
1671,32,15,17,15,17,2025-08-12 01:11:51,2025-11-10 02:24:00,58,0,12223S,Despicable Bots,Pembroke School,Australia,Australia
1672,32,15,17,15,17,2026-01-31 18:16:46,2025-12-19 18:47:17,57,0,8108B,Orion Project,NORTH JUNIOR HIGH,Minnesota,United States
1673,32,15,17,15,20,2026-02-14 16:07:11,2026-02-06 18:06:30,54,0,7458F,Unexpected Rapid Disassembly,FISHER SECONDARY,Minnesota,United States
1674,32,15,17,15,17,2026-02-14 20:30:06,2026-02-07 17:42:22,39,0,11532A,North Stars,BEMIDJI MIDDLE,Minnesota,United States
1675,32,15,17,15,32,2026-02-21 16:22:45,2026-03-14 00:24:57,0,0,74403B,74403 B,HILLDALE MIDDLE SCHOOL,Oklahoma,United States
1676,32,15,17,15,31,2025-11-22 16:11:50,2026-02-12 20:52:44,0,0,31575H,The Geese,Traverse City Area Public Scho,Michigan,United States
1677,32,15,17,15,17,2026-01-17 18:07:36,2026-01-17 17:42:47,0,0,64410E,STEM Squad Robotics (E),HOWARD D. MCMILLAN MIDDLE SCHOOL,Florida - South,United States
1678,32,15,17,15,17,2026-02-07 20:56:05,2026-02-07 19:01:07,0,0,6364Y,The Fantastic 4,BG Hudson Middle School,Texas - Region 5,United States
1679,32,15,17,15,17,2026-02-14 17:11:50,2026-02-14 19:43:15,0,0,88454G,Pending...,FAITH Homeschool Co-op,Kentucky,United States
1680,32,15,17,15,17,2026-03-01 08:31:00,2026-03-01 07:57:59,0,0,86840C,Veritas Robotics,Doğa Koleji Ankara Çayyolu Kampüsü,Türkiye,Türkiye
1681,32,5,27,5,27,2026-02-21 14:34:43,2026-02-21 17:41:21,0,0,57217A,RoboWarriors,Westview Middle School,South Carolina,United States
1682,32,4,28,4,28,2026-01-02 03:18:21,2026-01-01 08:05:30,0,0,99262W,RuiX,RUIX,East China,China
1683,32,2,30,2,30,2025-11-08 08:53:47,2025-11-08 08:46:53,42,7,43010S,Force Analysis,Lebo Bafang,Middle China,China
1684,32,0,32,0,32,2026-02-21 23:57:07,2026-02-21 19:36:43,50,0,21660A,The Terminators,The Terminators,California - Region 2,United States
1685,32,0,32,0,32,2026-02-21 16:52:01,2025-11-22 16:33:43,53,0,93000A,Sweetwater Patriots A,SWEETWATER MIDDLE SCHOOL,Georgia,United States
1686,32,0,32,0,32,2025-08-23 11:20:03,2025-08-23 11:22:23,0,0,3676D,金融街培训中心,金融街培训中心,North China,China
1687,32,0,32,0,32,,2025-12-20 07:04:43,0,0,65991A,新疆生产建设兵团第三中学,新疆生产建设兵团第三中学,West China,China
1688,32,0,32,0,32,,2026-01-10 20:28:53,0,0,60645A,Dacula Dynamo- A,Dacula Middle School,Georgia,United States
1689,32,0,32,0,32,,2026-01-17 07:21:39,0,0,8076V,undecided,Hwa Chong Institution,Singapore,Singapore
1690,32,0,32,0,32,,2026-02-15 16:13:39,0,0,99561B,Big Brain,FALLSBURG JUNIOR SENIOR HIGH SCHOOL,New York-South,United States
1691,32,0,32,0,32,,2026-02-28 18:21:26,0,0,4951A,HAI,CIMARRON MIDDLE SCHOOL,Oklahoma,United States
1692,31,15,16,15,16,2026-02-28 19:23:17,2026-03-01 18:50:05,58,28,255V,Norristown Robotics - V,NORRISTOWN AREA MIDDLE SCHOOL,Pennsylvania - East,United States
1693,31,15,16,15,16,2025-10-18 04:23:00,2025-10-18 03:45:49,60,0,46131H,The Torque Awakens,Barker College,Australia,Australia
1694,31,15,16,15,16,2026-02-03 23:11:19,2026-02-03 23:17:21,59,0,67410B,Kachow,PICKERINGTON RIDGEVIEW JUNIOR HIGH SCHOOL,Ohio,United States
1695,31,15,16,15,16,2026-02-07 17:15:16,2026-02-07 17:37:27,59,0,61170D,Derpy Delta,SOUTH JUNIOR HIGH,Minnesota,United States
1696,31,15,16,15,16,2025-09-06 00:05:16,2025-09-27 01:13:41,60,0,33131A,Santa Sabina College,Santa Sabina College,Australia,Australia
1697,31,15,16,15,27,2026-01-10 16:20:51,2026-02-12 20:53:09,58,0,31575A,High Voltage,Traverse City Area Public Scho,Michigan,United States
1698,31,15,16,15,21,2026-01-10 16:43:08,2025-12-06 17:04:21,56,0,11581Z,The Blue Screen of Death,PLAINWELL MIDDLE SCHOOL,Michigan,United States
1699,31,15,16,15,16,2025-12-14 06:34:19,2025-12-14 06:40:07,56,0,89089Z,PAS-Pancakes,Pacific American School--Middle School,Chinese Taipei,Taiwan
1700,31,15,16,15,16,2026-01-10 19:55:36,2026-01-10 17:37:54,56,0,6199E,WiredCats E,THE WESTMINSTER SCHOOLS,Georgia,United States
1701,31,15,16,15,16,2026-03-05 17:05:04,2026-03-05 17:17:37,56,0,17325D,Clankers,Glenwood Middle School,Ohio,United States
1702,31,15,16,15,24,2025-11-15 17:01:28,2026-01-24 19:06:13,55,13,71300M,Error 404,Lied Middle School,Nevada,United States
1703,31,15,16,15,16,2026-02-07 18:04:37,2026-02-07 17:26:00,46,9,5769A,The Opps,Piccowaxen Middle School,Maryland,United States
1704,31,15,16,15,21,2026-03-14 16:49:22,2025-11-15 17:38:38,57,8,9012B,Knightmares,Northern Middle School,Maryland,United States
1705,31,15,16,15,21,2026-02-14 19:33:03,2026-02-28 01:45:51,48,0,11770Y,Grandma Approved,WILLOW WOOD J H,Texas - Region 3,United States
1706,31,15,16,15,16,2026-01-28 15:45:49,2026-02-08 18:41:09,58,19,76936F,Tiny Screw,MOUNDSVILLE MIDDLE SCHOOL,West Virginia,United States
1707,31,15,16,15,16,2026-02-15 16:46:53,2026-02-15 15:56:24,15,0,1898G,Double A Batteries,MILTON ACADEMY,Massachusetts,United States
1708,31,15,16,15,16,2026-02-14 21:50:17,2026-02-28 15:11:25,56,11,99500D,RoboBucsD,NEWELL BARNEY COLLEGE PREP,Arizona,United States
1709,31,15,16,15,16,2026-02-14 14:22:38,2026-02-12 22:11:27,55,0,85082R,Rebound,JENNINGS COMMUNITY LEARNING CENTER,Ohio,United States
1710,31,15,16,15,26,2026-03-07 19:50:35,2026-02-08 17:47:59,49,0,1231A,Avengerbots,LOUISE A. BENTON MIDDLE,Virginia,United States
1711,31,15,16,15,26,2026-02-21 19:23:40,2026-01-17 19:11:41,0,0,1067D,OPS- Bubble Jays,Nathan Hale Middle School,Nebraska,United States
1712,31,15,16,15,22,2026-01-31 20:26:16,2026-02-14 18:44:06,0,0,81093B,Tech Trojans,TRINITY LUTHERAN SCHOOL,Nebraska,United States
1713,31,15,16,15,22,2026-02-14 20:05:31,2026-03-07 15:36:13,0,0,88454F,Tater Bots,FAITH Homeschool Co-op,Kentucky,United States
1714,31,15,16,15,21,2026-01-17 19:10:33,2025-11-22 19:36:06,0,0,87265H,Robo Ridge,Southridge School,British Columbia (BC),Canada
1715,31,15,16,15,21,2026-02-28 18:49:13,2025-12-13 20:41:09,0,0,5760K,Komodo Dragonz,Father Patrick Mercredi Community High School,Alberta/Saskatchewan,Canada
1716,31,15,16,15,18,2026-02-28 21:11:20,2026-02-14 21:10:20,0,0,99331U,MUS Monstruction,MEMPHIS UNIVERSITY SCHOOL,Tennessee,United States
1717,31,15,16,15,16,2026-02-21 18:41:59,2026-02-21 18:28:54,0,0,52305D,Vexmen,BELLE PLAINE MIDDLE,Kansas,United States
1718,31,15,16,15,16,2026-03-14 17:26:59,2026-03-14 15:20:03,0,0,46673A,Pythons,IPREP  ACADEMY NORTH,Florida - South,United States
1719,31,5,26,5,26,2025-12-06 16:58:15,2025-12-05 22:21:30,0,7,3333A,M&M (Math Mechanics),Notre Dame Prep,Michigan,United States
1720,31,5,26,5,26,2026-02-07 20:25:34,2026-02-07 20:28:56,0,0,44585C,HSI Chorus,Harmony School of Innovation El Paso- Middle/High,Texas - Region 1,United States
1721,31,4,27,4,27,2025-11-07 09:03:18,2025-11-07 08:42:21,0,0,18186X,QZ-X,Guangzhou No.7 Middle School,South China,China
1722,31,2,29,2,29,2026-03-06 21:28:03,2026-03-06 16:24:47,50,0,74500A,Huskie Robotics,ALBANY MIDDLE SCHOOL,Minnesota,United States
1723,31,0,31,0,31,2025-12-20 07:43:42,2025-08-23 05:39:46,31,0,3298A,SUIS WanYuan Campus,ShangHai United International School WanYuan Campus,East China,China
1724,31,0,31,0,31,2026-02-21 17:21:23,2026-02-21 16:14:25,0,0,23438B,Blame the Code,FIVE FORKS MIDDLE SCHOOL,Georgia,United States
1725,31,0,31,0,31,,2026-01-17 19:56:44,0,0,50638A,NeoMustangs,HARMONY SCHOOL OF SCIENCE - Middle/High,Texas - Region 1,United States
1726,31,0,31,0,31,,2026-01-31 19:46:43,0,0,34314G,Bot Brawlerz,NIPHER MIDDLE,Missouri,United States
1727,31,0,31,0,31,,2026-02-07 19:15:18,0,0,10385B,Cycle-Breakers,"Texas Robotics Alliance ",Texas - Region 6,United States
1728,30,15,15,20,20,2026-01-31 16:51:52,2026-02-07 17:43:08,56,56,7831B,Metal to the Pedal,FRANK H HARRISON MIDDLE SCHOOL,Maine,United States
1729,30,15,15,15,15,2025-10-18 02:05:49,2025-10-18 03:32:05,60,60,4613E,The Phantom Mechanics,Barker College,Australia,Australia
1730,30,15,15,15,15,2025-10-18 04:39:13,2025-10-18 04:42:20,60,60,4613K,Axle Force,Barker College,Australia,Australia
1731,30,15,15,15,15,2025-10-18 04:43:37,2025-10-18 04:41:34,60,60,46131Y,Cookie Monster,Barker College,Australia,Australia
1732,30,15,15,15,20,2026-02-21 15:17:34,2026-01-17 16:50:08,59,4,12362M,Lucky Ducks,WHEELING MIDDLE SCHOOL,West Virginia,United States
1733,30,15,15,15,16,2026-02-14 21:22:50,2026-02-28 15:42:04,59,0,43141J,Lewis,HIGHLAND HIGH SCHOOL,Arizona,United States
1734,30,15,15,15,15,2026-03-07 14:39:53,2026-03-07 01:03:18,59,59,44036D,Last Circuit,Winneconne Middle School,Wisconsin,United States
1735,30,15,15,15,15,2026-01-17 21:49:50,2026-01-17 18:32:08,59,58,4670G,Evolution,SUMMIT MIDDLE CHARTER SCHOOL,Colorado,United States
1736,30,15,15,15,15,2026-02-21 18:29:38,2026-02-21 19:01:08,58,59,66465A,Crossfire,BRIDGE STREET MIDDLE SCHOOL,West Virginia,United States
1737,30,15,15,15,25,2025-11-15 17:47:05,2026-01-23 18:46:43,60,0,31319C,Clockwork,COLEMAN MIDDLE SCHOOL,Kansas,United States
1738,30,15,15,15,15,2026-02-28 16:51:45,2026-02-28 18:04:52,59,57,18000J,Iron Patriots,Sullivan East Middle School,Tennessee,United States
1739,30,15,15,15,15,2026-01-31 14:30:46,2026-02-07 17:56:12,58,59,61526D,ST Therese Robotics,ST THERESE SCHOOL,Missouri,United States
1740,30,15,15,15,15,2026-01-10 14:40:40,2026-01-10 14:13:19,57,59,33249G,Techno Legion,BOB JONES ACADEMY MIDDLE SCHOOL,South Carolina,United States
1741,30,15,15,15,15,2026-02-14 17:50:53,2026-02-14 18:06:34,58,57,56Y,56Y,Cape Elizabeth Middle School,Maine,United States
1742,30,15,15,15,15,2026-01-17 20:29:33,2026-01-17 20:50:28,56,59,4670A,Ctrl-Z,SUMMIT MIDDLE CHARTER SCHOOL,Colorado,United States
1743,30,15,15,15,15,2026-02-14 18:51:45,2026-02-28 00:10:36,59,58,6588B,KNOX BOTS 2.0,KNOX GIFTED ACADEMY,Arizona,United States
1744,30,15,15,15,15,2026-02-14 20:38:22,2026-02-28 00:30:12,59,57,10054A,The Mechanics,Weinberg Gifted Academy,Arizona,United States
1745,30,15,15,15,15,2026-02-07 21:27:28,2026-02-07 20:41:59,57,57,83110B,CTRL-ALT-DEFEAT,STAR VALLEY MIDDLE SCHOOL,Wyoming,United States
1746,30,15,15,15,15,2026-02-23 15:50:50,2026-02-23 15:51:59,57,57,77775C,Preposterous Parmesean People,MADISON MIDDLE SCHOOL,Mississippi,United States
1747,30,15,15,15,20,2025-12-08 17:10:30,2026-03-07 19:53:39,56,5,75442B,LADY LOGICS,Farmersville Junior High School,Texas - Region 2,United States
1748,30,15,15,15,15,2025-12-06 18:45:03,2025-12-06 19:10:59,56,57,63633A,Eaglebots: Who Knows?!,Grand Rapids Christian Middle School,Michigan,United States
1749,30,15,15,15,20,2026-02-09 17:32:41,2026-01-28 14:28:06,55,0,3116W,"Team Control Freaks ",The John Warner School,United Kingdom,United Kingdom
1750,30,15,15,15,15,2026-02-21 17:39:45,2026-02-21 14:46:11,59,53,11897G,Potato Scientists,ST MICHAEL PARISH SCHOOL,West Virginia,United States
1751,30,15,15,15,15,2026-02-28 17:26:49,2026-02-27 21:52:09,58,54,10054B,High Voltage,WEINBERG GIFTED ACADEMY,Arizona,United States
1752,30,15,15,15,15,2026-01-31 19:21:52,2026-01-31 19:17:07,57,55,68689J,JeBron James,BP STEM ACADEMY,California - Region 4,United States
1753,30,15,15,15,15,2026-02-28 17:47:38,2026-02-28 17:37:30,57,55,10054C,Starscrapers,WEINBERG GIFTED ACADEMY,Arizona,United States
1754,30,15,15,15,28,2026-01-24 19:58:17,2026-02-21 16:56:06,54,0,2568A,Porta-Botz! Atomic,Portage Middle School,Indiana - Region 1 - North,United States
1755,30,15,15,15,15,2025-11-21 23:41:02,2025-11-21 22:14:22,57,51,4727A,Platypus Punks,BROOKSIDE INT,Texas - Region 3,United States
1756,30,15,15,15,15,2026-02-21 17:19:39,2026-02-21 19:07:50,55,53,75693A,The Diamond Comets,MIKE OCALLAGHAN MIDDLE SCHOOL I3 LEARN ACADEMY,Nevada,United States
1757,30,15,15,15,15,2026-02-21 14:40:42,2026-02-21 14:26:24,51,41,66042P,Red-Tailed Hawks,PLEASANT HILL MIDDLE,South Carolina,United States
1758,30,15,15,15,15,2025-09-06 01:47:40,2025-09-06 01:44:40,60,27,65100A,Astronauts,"Pymble Ladies College, Sydney, Australia",Australia,Australia
1759,30,15,15,15,26,2026-02-21 19:41:10,2026-01-17 18:49:53,59,18,66465B,Sharkbite,BRIDGE STREET MIDDLE SCHOOL,West Virginia,United States
1760,30,15,15,15,25,2026-01-10 16:59:29,2025-11-21 17:46:04,59,0,9012D,Knightfall,Northern Middle School,Maryland,United States
1761,30,15,15,15,20,2026-02-21 18:18:18,2026-01-31 17:59:29,20,0,1067E,OPS- The Thousand Sunny,Nathan Hale Middle School,Nebraska,United States
1762,30,15,15,15,15,2026-01-31 19:31:31,2026-01-31 20:25:23,58,6,91625M,Brea Botcats Mich,Brea Junior High School,California - Region 4,United States
1763,30,15,15,15,15,2025-10-18 03:25:56,2025-10-18 03:34:08,60,0,46131S,Hackstreet boys,Barker College,Australia,Australia
1764,30,15,15,15,15,2026-02-14 18:28:42,2026-02-14 20:29:02,1,59,6588A,KNOX BOTS 1.0,KNOX GIFTED ACADEMY,Arizona,United States
1765,30,15,15,15,15,2025-10-17 23:00:29,2025-10-17 23:48:53,0,60,4613X,Ice Cream,Barker College,Australia,Australia
1766,30,15,15,15,15,2025-08-31 03:34:09,2025-08-31 00:11:04,59,0,65100E,lu guang,"Pymble Ladies College, Sydney, Australia",Australia,Australia
1767,30,15,15,15,15,2026-03-07 18:00:17,2026-02-22 20:07:23,59,0,1032Z,MAC ATTACK,NFDL Robotics Attn: Aaron Novak,Wisconsin,United States
1768,30,15,15,15,17,2026-02-03 23:31:53,2025-12-13 18:09:20,58,0,67410D,A Tyrannosaurus,PICKERINGTON RIDGEVIEW JUNIOR HIGH SCHOOL,Ohio,United States
1769,30,15,15,15,16,2026-02-13 18:01:45,2026-01-30 19:29:57,58,0,5300F,Goose Bumps,WIN-E-MAC SECONDARY,Minnesota,United States
1770,30,15,15,15,15,2026-02-21 16:41:38,2026-02-28 18:39:32,58,0,18000F,Iron Patriots,Sullivan East Middle School,Tennessee,United States
1771,30,15,15,15,28,2026-01-24 15:51:53,2025-11-29 19:32:38,0,0,74947A,Fenix - Atomic,Ecole Secondaire Massey-Vanier,Quebec,Canada
1772,30,15,15,15,20,2026-03-07 17:45:12,2026-02-21 20:58:58,0,40,4591S,Pancakes,VANCOUVER ITECH PREPARATORY,Oregon,United States
1773,30,15,15,15,15,2025-11-21 21:29:22,2025-12-06 00:44:28,57,1,4727B,Braincells,BROOKSIDE INT,Texas - Region 3,United States
1774,30,15,15,15,15,2026-02-22 19:57:29,2026-02-22 19:06:32,57,0,66083C,The Team Number 1,T.J. Walker Middle School,Wisconsin,United States
1775,30,15,15,15,15,2026-03-07 19:35:25,2026-03-07 19:54:58,57,0,2148T,Teletubbies,Greenville Middle School,Texas - Region 2,United States
1776,30,15,15,15,15,2026-03-14 19:47:40,2026-01-11 16:59:49,57,0,99088A,Apex Predators,BEMAN MIDDLE SCHOOL,Connecticut,United States
1777,30,15,15,15,15,2026-02-21 15:21:27,2026-02-21 14:06:30,0,57,66042M,Moon Monks,PLEASANT HILL MIDDLE,South Carolina,United States
1778,30,15,15,15,20,2026-01-24 19:46:29,2026-03-14 17:55:06,56,0,41618J,41618J,CAMDEN CATHOLIC HIGH SCHOOL,New Jersey,United States
1779,30,15,15,15,19,2026-02-28 19:14:06,2025-12-06 17:24:30,59,0,31110E,Energizer Bunnies,Happy Valley Middle School,Tennessee,United States
1780,30,15,15,15,15,2026-03-14 18:46:38,2026-01-11 17:13:17,55,46,99088K,Kool Kingz,BEMAN MIDDLE SCHOOL,Connecticut,United States
1781,30,15,15,15,15,2026-02-16 00:10:52,2026-02-15 22:34:39,55,0,502Y,The Swarm,Alpha Secondary,British Columbia (BC),Canada
1782,30,15,15,15,19,2025-11-15 20:01:19,2026-01-24 16:34:47,53,0,31775T,Robo Santa Ducks,ERIE MIDDLE SCHOOL,Colorado,United States
1783,30,15,15,15,15,2026-02-07 19:05:51,2026-02-07 19:50:43,53,0,28466H,Frozone,SPRINGS STUDIO FOR ACADEMIC EXCELLENCE,Colorado,United States
1784,30,15,15,15,20,2026-02-21 14:22:33,2026-01-31 20:17:47,0,0,19670A,OPS - Auto Aviators,ALFONZA W DAVIS MIDDLE SCHOOL,Nebraska,United States
1785,30,15,15,15,19,2026-02-21 18:34:12,2025-11-20 21:16:48,50,0,1061B,Cold Fusion,King Science/tech Magnet Middle School,Nebraska,United States
1786,30,15,15,15,15,2026-02-28 16:00:50,2026-02-28 16:40:52,50,0,43438M,Saint Mark the Evangelist Catholic School,Saint Mark the Evangelist Catholic School,Florida - South,United States
1787,30,15,15,15,21,2026-02-28 13:44:32,2026-02-13 22:50:35,0,0,18000D,Iron Patriots,Sullivan East Middle School,Tennessee,United States
1788,30,5,25,15,25,2026-01-24 18:37:50,2025-12-06 18:09:09,49,4,13000B,That One Team,GRANDVILLE MIDDLE SCHOOL,Michigan,United States
1789,30,15,15,15,15,2026-02-15 16:39:09,2026-02-15 16:34:08,12,17,57640A,KTBYTE Vex,KTBYTE Computer Academy,Massachusetts,United States
1790,30,15,15,15,20,2025-12-13 15:11:29,2026-02-14 18:57:44,0,0,84927F,Sassy Sharks,MARY G. PORTER TRADITIONAL,Virginia,United States
1791,30,15,15,15,20,2026-02-21 22:08:46,2025-11-22 17:53:24,58,0,13455C,Marce Herz Team #3,MARCE HERZ MIDDLE SCHOOL,Nevada,United States
1792,30,15,15,15,15,2026-02-14 18:53:26,2026-03-06 01:17:20,59,2,9460B,Iron Eagles,PRINCE OF PEACE LUTHERAN SCHOOL,Minnesota,United States
1793,30,15,15,15,20,2026-02-14 19:34:25,2026-03-06 21:25:24,58,38,11532D,Steve,BEMIDJI MIDDLE,Minnesota,United States
1794,30,15,15,15,16,2026-02-19 21:52:27,2026-02-14 17:31:03,0,4,85082Z,The Engineers,JENNINGS COMMUNITY LEARNING CENTER,Ohio,United States
1795,30,15,15,15,15,2026-02-28 01:31:50,2026-02-14 18:20:03,59,1,99500B,RoboBucsB,NEWELL BARNEY COLLEGE PREP,Arizona,United States
1796,30,15,15,15,19,2026-01-27 19:57:05,2026-01-10 20:32:26,1,0,2822B,Spartan Design Blackhawks,STAUFFER (MARY R.) MIDDLE,California - Region 4,United States
1797,30,15,15,15,23,2026-02-09 17:18:15,2025-10-27 12:29:08,59,0,3116G,Team Control Freaks - 2Special,The John Warner School,United Kingdom,United Kingdom
1798,30,15,15,15,25,2026-01-10 21:08:37,2026-02-28 19:49:38,0,0,57152D,Yin & Yang,CABOT JUNIOR HIGH NORTH,Arkansas,United States
1799,30,15,15,15,24,2025-12-13 18:32:40,2026-02-21 21:32:59,0,0,89446B,WJHS Competition Robotics Team,WINNEMUCCA JUNIOR HIGH SCHOOL,Nevada,United States
1800,30,15,15,15,21,2025-12-13 21:05:53,2026-02-07 17:07:01,0,0,77774D,The Scammers,Madison Middle School,Mississippi,United States
1801,30,15,15,15,21,2026-01-10 16:53:36,2026-02-14 16:04:51,0,0,33249F,The Nebula Knights,BOB JONES ACADEMY MIDDLE SCHOOL,South Carolina,United States
1802,30,15,15,15,20,2026-01-31 19:19:04,2025-12-06 20:13:58,0,55,33705B,★★★★★ Keepy Uppy,Coleman Youth Development Academy,Louisiana,United States
1803,30,15,15,15,17,2026-01-10 21:10:02,2026-02-21 17:05:37,0,0,84260M,Wave Wranglers,Cabot High School,Arkansas,United States
1804,30,15,15,15,16,2026-01-02 17:37:36,2025-11-06 22:50:04,0,0,6390C,Clank3r,HIGHLAND MIDDLE SCHOOL,Ohio,United States
1805,30,15,15,15,15,2025-09-20 04:41:13,2025-09-20 03:24:23,0,0,1831R,King's Team Romeo,The King's School,Australia,Australia
1806,30,15,15,15,15,2025-09-23 06:56:49,2025-09-23 07:02:56,0,0,46131G,I love chocolate,Barker College,Australia,Australia
1807,30,15,15,15,15,2025-10-17 22:33:42,2025-10-17 22:58:35,0,0,46131X,VEX Unicorns,Barker College,Australia,Australia
1808,30,15,15,15,15,2025-10-17 23:17:18,2025-10-18 00:55:17,0,0,4613S,Mission Impasta,Barker College,Australia,Australia
1809,30,15,15,15,15,2025-12-06 14:52:02,2025-12-06 15:34:55,0,0,84420A,SHMS Steel Huskies,SULLIVAN HEIGHTS MIDDLE SCHOOL,Tennessee,United States
1810,30,15,15,15,15,2026-01-17 16:14:55,2026-01-17 16:33:06,0,0,9635C,MS RoboKnights,CHARLOTTE CHRISTIAN SCHOOL,North Carolina,United States
1811,30,15,15,15,15,2026-01-17 21:48:55,2026-01-17 21:54:57,0,0,9806B,Crusaderbots,BONITA VISTA MIDDLE,California - Region 4,United States
1812,30,15,15,15,15,2026-02-14 01:27:50,2026-02-14 00:59:57,0,0,4611G,Renchies,Robot Revolution MS,New Jersey,United States
1813,30,15,15,15,15,2026-02-28 15:06:07,2026-02-28 15:32:58,0,0,65892K,that.,GLENWOOD SENIOR HIGH SCHOOL,Iowa,United States
1814,30,15,15,15,15,2026-02-28 17:11:08,2026-02-28 17:31:13,0,0,96607A,Perry the Platybot,S. P. ARNETT MIDDLE SCHOOL,Louisiana,United States
1815,30,15,15,15,15,2026-02-28 18:47:45,2026-02-28 18:58:04,0,0,9545U,United Utensils,ROLAND MIDDLE SCHOOL,Oklahoma,United States
1816,30,5,25,5,25,2026-01-31 17:39:34,2026-01-31 17:38:20,55,17,9078W,The Dino Nuggets,GRIFFITHS MIDDLE,California - Region 4,United States
1817,30,5,25,5,25,2026-02-07 13:28:49,2025-11-08 14:08:55,46,7,13909C,Warlocks,WEST OAK MIDDLE,South Carolina,United States
1818,30,0,30,5,30,2026-02-02 06:41:57,2025-11-08 03:45:08,0,0,14273X,QongWolf,QongWolf Studio,South China,China
1819,30,4,26,4,26,2025-11-15 17:50:53,2025-11-15 16:00:21,0,0,8153A,The Mighty Masons,Hudsonville Robotics - Riley MS,Michigan,United States
1820,30,3,27,3,27,2025-11-01 19:43:20,2025-11-01 15:47:18,0,0,2883A,Torque Overload,Torque Overload,California - Region 2,United States
1821,30,0,30,2,30,2026-02-01 18:05:48,2025-11-08 17:09:16,0,0,17814D,D.R.O.I.D.,WESTON MIDDLE SCHOOL,Connecticut,United States
1822,30,0,30,1,30,2026-03-06 21:39:51,2026-01-31 20:17:07,48,0,3589G,The Unemployed Engineers,Tri-city United: Le Center,Minnesota,United States
1823,30,0,30,0,30,2026-01-31 22:08:54,2026-01-31 20:28:24,51,0,6986C,Lancers C,GRACE BRETHREN JR SR HIGH SCHOOL,California - Region 4,United States
1824,30,0,30,0,30,2026-02-14 17:52:09,2026-02-14 16:31:16,24,0,33249D,The Silver Lions,BOB JONES ACADEMY MIDDLE SCHOOL,South Carolina,United States
1825,30,0,30,0,30,2026-02-07 18:42:22,2026-02-07 15:29:28,0,13,22443B,Robo Squad,Buckeye High School,Louisiana,United States
1826,30,0,30,0,30,2026-01-10 18:29:12,2025-12-13 18:47:40,46,0,97605B,Velocity Raptors,PORTAGE NORTH MIDDLE SCHOOL,Michigan,United States
1827,30,0,30,0,30,2025-11-22 08:34:38,2025-11-22 08:30:53,0,0,93333X,新哲文院机器人社团,新哲文院ROBOT CLUB,South China,China
1828,30,0,30,0,30,2025-12-13 19:21:26,2025-12-13 19:52:25,0,0,97605A,Ooga Booga Unga Bunga,PORTAGE NORTH MIDDLE SCHOOL,Michigan,United States
1829,30,0,30,0,30,2026-01-10 13:50:23,2026-01-10 14:17:20,0,0,95382A,Abominable Automatons,Laing Middle School of Science and Technology,South Carolina,United States
1830,30,0,30,0,30,,2025-07-29 12:13:20,0,0,1676A,北京市西城区青少年科学技术馆,北京市西城区青少年科学技术馆,North China,China
1831,30,0,30,0,30,,2025-11-22 14:14:24,0,0,81000B,Mechanical Musketeers,BAY CREEK MIDDLE SCHOOL,Georgia,United States
1832,30,0,30,0,30,,2026-02-14 18:22:25,0,0,9594F,RoboCavs,Collingwood School,British Columbia (BC),Canada
1833,30,0,30,0,30,,2026-02-21 12:13:08,0,0,1737V,V for Vendetta,International Robotics Academy,Kazakhstan,Kazakhstan
1834,29,15,14,15,17,2026-02-14 18:10:09,2026-01-03 16:08:20,59,0,44036A,The Aluminum Acorn,WINNECONNE MIDDLE,Wisconsin,United States
1835,29,14,15,14,15,2026-02-08 15:07:23,2026-02-08 15:10:27,0,0,20169A,Dominion Valley Destroyers (DVDs),Independent Team,Virginia,United States
1836,29,7,22,7,22,2025-10-25 10:04:40,2025-10-25 10:07:06,0,0,7756G,Branch of CJL MSch F,Branch of Beijing Chen Jinglun Middle School,North China,China
1837,29,5,24,5,24,2026-02-10 08:38:42,2026-02-10 08:41:55,45,0,69998B,Suzhou Youth & Children's Cebter 2队,Suzhou Youth & Children's Cebter,East China,China
1838,29,4,25,4,25,2025-09-27 04:08:21,2025-09-27 04:10:34,0,0,10825A,SD-A,sidunxuetang,South China,China
1839,29,1,28,1,28,2025-07-18 07:22:13,2025-07-18 07:25:22,0,0,50009Y,LW-Y,Guangzhou Liwan Children's Palace,South China,China
1840,29,0,29,0,29,2025-11-21 20:52:26,2025-11-21 16:21:39,0,0,75458Z,Supercalifragilisticexpialidocious Clankin Bananas,BLAND MIDDLE,Texas - Region 2,United States
1841,29,0,29,0,29,2025-12-05 23:41:38,2025-12-05 23:59:29,0,0,1434A,Cardinals,SPACE CENTER INT,Texas - Region 3,United States
1842,29,0,29,0,29,2026-02-21 15:50:36,2026-02-21 15:23:33,0,0,66042H,TON618,PLEASANT HILL MIDDLE,South Carolina,United States
1843,29,0,29,0,29,,2025-09-27 03:55:23,0,0,91666T,重庆市南开两江中学校,重庆市南开两江中学校,West China,China
1844,29,0,29,0,29,,2025-10-25 11:52:36,0,0,30254A,30254A,STEMSTAR,East China,China
1845,29,0,29,0,29,,2025-11-15 17:53:37,0,0,91625F,Brea Botcats Fried Chicken,Brea Junior High School,California - Region 4,United States
1846,29,0,29,0,29,,2025-12-05 08:44:13,0,0,17002A,Shenzhen FLPS-1,Shenzhen Foreign Language Primary School,South China,China
1847,29,0,29,0,29,,2025-12-05 09:12:03,0,0,18960A,JL.S.S.E,Junior Middle School Affiliated to No.2 High School of East China Normal University,East China,China
1848,29,0,29,0,29,,2026-01-31 23:57:49,0,0,94022A,Kinetic,Kinetic,California - Region 2,United States
1849,29,0,29,0,29,,2026-02-06 06:48:40,0,0,4275Y,CCK Yare,CMA Choi Cheung Kok Secondary School,Hong Kong,Hong Kong
1850,29,0,29,0,29,,2026-02-07 20:42:36,0,0,23835A,SSMS RoboRebels,SULPHUR SPRINGS MIDDLE,Texas - Region 2,United States
1851,28,18,10,18,10,2025-10-04 09:18:11,2025-10-04 09:23:22,23,15,23456A,23456A随机熠悠源,Fuzhou No. 20 Middle School Create Future Robot,South China,China
1852,28,0,28,15,28,2025-12-13 19:41:55,2026-03-13 23:49:49,0,0,9545K,Neon NInjas,ROLAND MIDDLE SCHOOL,Oklahoma,United States
1853,28,3,25,3,25,2026-02-22 06:00:51,2026-02-22 05:34:43,0,0,2448U,Aqqu,ZERTTEU ROBOTICS,Kazakhstan,Kazakhstan
1854,28,0,28,0,28,,2026-01-17 19:26:10,0,6,52800T,Robotic Patriots,Soaring Heights PK-8,Colorado,United States
1855,28,0,28,0,28,2025-12-13 15:58:22,2025-12-13 15:26:49,0,0,61187B,AR: IRON HAWKS,ALLENDALE MIDDLE SCHOOL,Michigan,United States
1856,28,0,28,0,28,,2025-12-13 18:10:48,0,0,61982E,The Three Hot Pockets,GORDON SCHOOL,Texas - Region 5,United States
1857,28,0,28,0,28,,2025-12-13 22:42:30,0,0,92614B,SLMS Sharks 2,SOUTH LAKE MIDDLE,California - Region 4,United States
1858,28,0,28,0,28,,2026-02-08 15:41:52,0,0,10478D,UnNn0wn,Greig City Academy,United Kingdom,United Kingdom
1859,28,0,28,0,28,,2026-02-28 18:29:20,0,0,10069A,Ctrl-Alt-Defeat,Coach's Address,Virginia,United States
1860,28,0,28,0,28,,2026-03-08 15:07:39,0,0,45784D,Archimedes Architects,PARKSIDE MIDDLE,Virginia,United States
1861,27,15,12,15,12,2026-02-28 13:55:22,2026-02-28 17:41:25,59,0,18000A,Iron Patriots -,Sullivan East Middle School,Tennessee,United States
1862,27,0,27,15,27,2025-12-19 18:40:34,2026-03-06 21:05:39,0,13,92244B,StarTech,KASSON-MANTORVILLE MIDDLE SCHOOL,Minnesota,United States
1863,27,0,27,15,27,2026-02-28 18:11:37,2026-02-07 19:02:45,0,0,21434B,Legacy Jets 2,LEGACY MIDDLE,Florida - North/Central,United States
1864,27,7,20,10,20,2025-07-29 12:10:54,2025-11-22 10:07:50,0,0,3676B,金融街培训中心,金融街培训中心,North China,China
1865,27,6,21,6,27,2026-02-07 19:53:47,2026-02-28 17:12:14,40,0,31389D,Scram,SANTAN JUNIOR HIGH SCHOOL,Arizona,United States
1866,27,0,27,5,27,2026-01-18 18:12:36,2026-03-01 16:20:41,0,0,9791A,WalshBots - Messy Wires,WALSH MIDDLE SCHOOL,Massachusetts,United States
1867,27,2,25,5,25,2026-01-29 15:08:27,2025-11-16 00:27:22,0,0,6007Y,Quantum Flux,Rolling Robots West LA,California - Region 4,United States
1868,27,0,27,2,27,2026-02-07 19:14:21,2026-01-17 20:51:23,0,0,82718H,Crypto Crusaders(MS),THUNDER BASIN HIGH SCHOOL,Wyoming,United States
1869,27,2,25,2,25,2026-02-27 03:42:37,2026-02-27 05:43:26,0,0,99987A,德闳新河湾储能联队,上海闵行区民办德闳学校,East China,China
1870,27,0,27,0,27,2025-12-07 07:26:11,2025-12-07 04:14:28,48,0,4139D,Bikini ROBOTtom,Steam Labs Technology and Robotics Studio,Thailand,Thailand
1871,27,0,27,0,27,2026-01-10 13:45:48,2026-01-10 17:20:48,35,0,32218B,Cyber Soldiers,OSBORNE MIDDLE SCHOOL,Georgia,United States
1872,27,0,27,0,27,,2026-02-14 15:48:22,0,13,1089C,Chroma Forge,Forge Robotics,Pennsylvania - East,United States
1873,27,0,27,0,27,2026-01-11 21:03:35,2026-01-29 16:57:28,40,0,6007X,Quantum Flux,Rolling Robots West LA,California - Region 4,United States
1874,27,0,27,0,27,,2025-10-27 15:17:31,0,0,13000X,403,GRANDVILLE MIDDLE SCHOOL,Michigan,United States
1875,27,0,27,0,27,,2025-11-07 07:19:51,0,0,17002D,Shenzhen FLPS-4,Shenzhen Foreign Language Primary School,South China,China
1876,27,0,27,0,27,,2025-11-08 07:42:36,0,0,68868K,68868K,Jili Maker,South China,China
1877,27,0,27,0,27,,2026-01-10 13:55:14,0,0,51769H,Knightly Robotics,Jordan Middle School,Georgia,United States
1878,27,0,27,0,27,,2026-01-10 16:57:03,0,0,1660A,Clanker's Founding Fathers,Clover Middle School,South Carolina,United States
1879,27,0,27,0,27,,2026-01-10 18:39:46,0,0,2622C,Chicken Nugget,New Energy Education,New York-South,United States
1880,27,0,27,0,27,,2026-01-17 06:55:34,0,0,81819H,404 TNNF,Innovac Makerspace,Singapore,Singapore
1881,27,0,27,0,27,,2026-02-27 23:38:29,0,0,1434C,ERROR1434,SPACE CENTER INT,Texas - Region 3,United States
1882,27,0,27,0,27,,2026-02-28 00:56:21,0,0,42703C,CTRALTdefeat,GRAND LAKES J H,Texas - Region 3,United States
1883,26,20,6,20,22,2026-02-07 17:09:22,2026-01-17 18:37:18,0,0,9142V,Valhalla,WILL ROGERS JHS,Oklahoma,United States
1884,26,20,6,20,6,2025-12-30 16:58:26,2025-12-30 16:58:04,0,0,3324V,Supernova Viper,SCIENCE ACADEMY STEM MAGNET,California - Region 4,United States
1885,26,16,10,16,15,2026-01-10 21:38:50,2026-03-14 20:10:20,0,0,7187E,Digital Destroyers,FAYETTEVILLE HIGH SCHOOL EAST,Arkansas,United States
1886,26,0,26,15,26,2026-03-15 17:56:36,2025-12-06 18:18:05,0,0,4073B,VEX JETS,JOE WALKER MIDDLE,California - Region 3,United States
1887,26,13,13,13,13,2025-11-22 07:47:00,2025-11-22 07:42:34,40,0,79001A,FUTURE Mechanic,FUTURE KEYS,East China,China
1888,26,5,21,5,21,2026-01-31 21:01:46,2026-02-14 15:54:26,43,0,24118B,AI Avengers,Southwest Middle School,Minnesota,United States
1889,26,3,23,4,23,2026-02-21 16:17:35,2026-01-10 17:45:58,0,2,13000C,Overriderz,GRANDVILLE MIDDLE SCHOOL,Michigan,United States
1890,26,4,22,4,22,2026-02-07 15:02:32,2026-02-07 16:29:15,0,0,10930A,67 Bots,VAN HOOSEN MIDDLE SCHOOL,Michigan,United States
1891,26,0,26,3,26,2026-01-03 19:57:00,2026-03-06 16:10:28,0,0,74500B,Huskie Robotics,ALBANY MIDDLE SCHOOL,Minnesota,United States
1892,26,0,26,3,26,2026-03-07 01:35:12,2025-12-06 19:38:07,0,0,1060E,"OPS - The Electrodes ",ALICE BUFFETT MAGNET MIDDLE SCHOOL,Nebraska,United States
1893,26,2,24,2,24,2026-03-07 19:37:32,2026-03-07 19:24:18,57,5,70291H,THE  BOMBERS,Commerce High School,Texas - Region 2,United States
1894,26,2,24,2,25,2025-11-22 20:06:29,2025-11-07 16:47:07,0,0,673D,The Mario Quadruplets,EAST VALLEY MIDDLE SCHOOL,Idaho,United States
1895,26,2,24,2,24,2026-01-18 20:56:54,2026-01-18 19:49:34,0,0,6845H,Blue Night,GOLDEN WEST MIDDLE,California - Region 2,United States
1896,26,0,26,1,26,2026-01-17 17:48:17,2026-01-10 20:09:52,0,0,44044K,Chaos Krew,NOWATA MIDDLE SCHOOL,Oklahoma,United States
1897,26,1,25,1,25,2026-02-14 14:24:35,2026-02-14 14:49:13,0,0,15867A,MechaHawks,Hanahan Middle School,South Carolina,United States
1898,26,1,25,1,25,2026-02-28 19:36:31,2026-02-28 18:43:31,0,0,6972B,C Turtles,CENTERVILLE COMMUNITY Schools,Iowa,United States
1899,26,1,25,1,25,2026-03-07 18:33:35,2026-03-07 18:37:32,0,0,30202C,Linear Actuator,Rising Sun Middle School,Delmarva,United States
1900,26,0,26,0,26,2025-11-08 06:39:12,2025-11-08 06:36:44,37,0,20901S,清郑初中部三队,清华附中郑州学校,Middle China,China
1901,26,0,26,0,26,2026-02-06 06:22:56,2025-11-22 06:20:40,49,0,76275D,HARROW,Harrow International School Hong Kong,Hong Kong,Hong Kong
1902,26,0,26,0,26,2025-08-23 11:09:39,2025-08-23 08:57:20,0,0,2067C,LinAn YuCai-C,临安青山湖科技城育才学校,East China,China
1903,26,0,26,0,26,2025-12-06 19:12:08,2025-12-06 20:10:58,0,0,19670B,OPS - Tech Titans,Alfonza W Davis Middle School,Nebraska,United States
1904,26,0,26,0,26,2026-02-08 20:37:36,2026-02-08 20:09:31,0,0,10209A,Mindbots,Smartbot,New York-South,United States
1905,26,0,26,0,26,,2025-11-14 00:38:24,0,0,11777D,Julius,NAMPA CHRISTIAN SCHOOLS,Idaho,United States
1906,26,0,26,0,26,,2025-12-06 18:30:55,0,0,66567A,Molo-Robo Warriors,Ray D. Molo Magnet Middle School,Louisiana,United States
1907,26,0,26,0,26,,2025-12-20 01:26:06,0,0,7995A,Beijing Eleven Quzhou Experimental School,Quzhou Experimental School (affiliated School of Quzhou College) Education Group,East China,China
1908,26,0,26,0,26,,2026-01-17 21:57:04,0,0,1868C,Space Cookies VEX 1868C,Space Cookies VEX Robotics Team,California - Region 2,United States
1909,26,0,26,0,26,,2026-01-31 23:26:51,0,0,59200P,404: Team Not Found!,India Community Center,California - Region 2,United States
1910,26,0,26,0,26,,2026-02-02 06:24:19,0,0,89789V,Chaos Squad,创物星球,East China,China
1911,26,0,26,0,26,,2026-02-14 14:34:34,0,0,9089P,Power Rangers,BrandywineBOTS,Delmarva,United States
1912,25,20,5,20,21,2026-02-21 20:36:06,2025-12-13 21:01:58,0,0,79338F,Project WD40,Westchester Middle School,Indiana - Region 1 - North,United States
1913,25,20,5,20,5,2026-02-28 16:56:22,2026-02-28 16:53:44,0,0,21217A,Master Builders,Fibonacci Center,Maryland,United States
1914,25,15,10,15,25,2026-01-31 17:54:55,2026-01-10 18:07:35,56,0,68689Z,Zapateado,BP STEM Academy,California - Region 4,United States
1915,25,0,25,15,25,2026-02-15 19:52:04,2026-01-31 19:07:05,0,30,10012F,Ten Ton Robotics,West Vancouver School District,British Columbia (BC),Canada
1916,25,15,10,15,17,2026-02-21 15:58:59,2026-02-14 17:08:56,53,0,98648A,Scorpions,PALMETTO MIDDLE,South Carolina,United States
1917,25,15,10,15,25,2026-02-28 15:03:06,2025-12-06 15:59:44,59,8,18000C,Iron Patriots,Sullivan East Middle School,Tennessee,United States
1918,25,0,25,15,25,2026-03-10 17:46:31,2025-11-08 17:33:38,0,38,76936E,Real Steel,MOUNDSVILLE MIDDLE SCHOOL,West Virginia,United States
1919,25,0,25,15,25,2026-03-07 20:04:09,2025-12-13 20:06:08,59,0,56860X,Cypher,BRIXNER JUNIOR HIGH SCHOOL,Oregon,United States
1920,25,15,10,15,18,2026-02-20 21:26:27,2025-12-06 16:59:30,0,0,32285B,CTRL + ALT+ ELITE,Hudsonville Christian School,Michigan,United States
1921,25,15,10,15,18,2026-02-21 16:48:10,2026-01-02 14:45:53,0,0,9185D,Scooby Dudes,BELLEFONTAINE MIDDLE SCHOOL,Ohio,United States
1922,25,15,10,15,17,2026-02-13 17:16:31,2025-11-14 17:13:15,0,0,44287A,Grump-a-sauruses,Northwestern Middle School,Ohio,United States
1923,25,15,10,15,10,2026-02-14 22:29:56,2026-02-14 23:05:32,0,0,3324A,Supernova A,SCIENCE ACADEMY STEM MAGNET,California - Region 4,United States
1924,25,15,10,15,10,2026-02-27 15:15:16,2026-02-27 16:56:42,0,0,25304C,EagleForce6A,HORACE MANN MIDDLE SCHOOL,West Virginia,United States
1925,25,0,25,6,25,2026-02-22 20:05:38,2026-03-14 17:59:38,34,0,33172C,Doral Robotics,DORAL ACADEMY CHARTER HIGH SCHOOL,Florida - South,United States
1926,25,5,20,5,21,2026-03-06 20:45:28,2026-01-31 20:49:32,55,0,68031E,Cosmic Racoons,KENNEDY COMMUNITY SCHOOL,Minnesota,United States
1927,25,5,20,5,20,2026-01-31 22:05:02,2026-01-31 22:19:06,49,0,20909B,Robo-Goats,"Cleveland Elementary ",California - Region 2,United States
1928,25,5,20,5,21,2026-02-07 14:48:01,2026-02-01 20:13:48,0,0,10319Z,Pink Skink,OSCEOLA SCIENCE CHARTER SCHOOL,Florida - North/Central,United States
1929,25,5,20,5,20,2025-10-22 14:44:27,2025-10-22 14:28:50,0,0,77774F,Tech Titans,Madison Middle School,Mississippi,United States
1930,25,4,21,4,21,2025-10-04 08:37:23,2025-10-04 08:44:51,0,0,28666E,Shenzhen Middle School E Team,Shenzhen Middle School,South China,China
1931,25,0,25,2,25,2025-10-24 18:38:23,2025-12-12 20:46:37,36,0,673H,Power Puff Girls,East Valley Middle School,Idaho,United States
1932,25,0,25,1,25,2026-02-21 15:37:09,2025-11-15 17:25:48,0,30,9185N,Gemini,BELLEFONTAINE MIDDLE SCHOOL,Ohio,United States
1933,25,1,24,1,24,2025-12-06 16:18:43,2026-02-01 21:44:51,42,0,48643E,Euphoria,SPROUL JUNIOR HIGH SCHOOL,Colorado,United States
1934,25,0,25,1,25,2026-02-21 16:23:31,2026-02-04 00:45:27,40,0,19379A,Robo Bears,ST PAUL'S LUTHERAN SCHOOL,Indiana - Region 1 - North,United States
1935,25,0,25,1,25,2025-12-13 19:36:56,2026-02-21 17:35:57,38,0,25918C,25918C,Christa Mcauliffe Academy,Kansas,United States
1936,25,0,25,0,25,2026-03-01 15:01:10,2026-03-01 16:18:02,49,25,19140B,Tekkeronies,W. W. LEWIS MIDDLE SCHOOL,Louisiana,United States
1937,25,0,25,0,25,2025-11-06 21:44:39,2025-11-06 22:57:02,48,0,9185F,Pickle Bots,BELLEFONTAINE MIDDLE SCHOOL,Ohio,United States
1938,25,0,25,0,25,2026-01-17 16:40:29,2026-01-17 21:01:40,40,0,6047S,Hogriders,WESTVIEW MIDDLE SCHOOL,Colorado,United States
1939,25,0,25,0,25,,2026-02-21 17:00:48,0,28,1055B,OPS -Tyrannosaurus-vex,Beveridge Magnet Middle School,Nebraska,United States
1940,25,0,25,0,25,,2026-02-07 18:05:52,0,25,41100A,Bad Habits,GLENN MIDDLE,Texas - Region 5,United States
1941,25,0,25,0,25,2026-02-14 17:22:23,2026-02-07 15:33:02,54,20,13909B,The Rockets,WEST OAK MIDDLE,South Carolina,United States
1942,25,0,25,0,25,,2025-11-22 20:17:29,0,19,673A,Midnight Mavericks,EAST VALLEY MIDDLE SCHOOL,Idaho,United States
1943,25,0,25,0,25,,2026-02-14 19:47:29,0,15,9845B,Robo Grizzlies 2,Western Heights Middle School,Maryland,United States
1944,25,0,25,0,25,2026-02-21 22:19:19,2026-03-07 03:37:43,44,14,1812B,NM-The Clash,North Marion High School,Oregon,United States
1945,25,0,25,0,25,,2026-02-07 14:19:37,0,10,92719A,The Unwanteds,"Premier Robotics  Club ",Ontario,Canada
1946,25,0,25,0,25,,2025-12-13 18:05:50,0,3,17760S,Blueprints,Capitol City Robotics,District of Columbia,United States
1947,25,0,25,0,25,,2025-10-04 19:04:32,0,1,27000C,Globus,Modus Novus Robotics Club,California - Region 1,United States
1948,25,0,25,0,25,,2025-12-13 18:28:53,0,1,76222R,Vikings,ST MARGARET CATHOLIC SCHOOL,Louisiana,United States
1949,25,0,25,0,25,2025-11-08 18:55:21,2025-11-08 16:58:52,0,0,2775S,Jackson Area Robotics EELS,Jackson Area Robotics,Tennessee,United States
1950,25,0,25,0,25,2026-02-01 22:40:30,2026-02-01 17:28:14,0,0,12909Z,Team Zero,FOUNTAIN MIDDLE SCHOOL,Colorado,United States
1951,25,0,25,0,25,2026-02-07 14:37:41,2026-02-07 14:18:39,0,0,43160E,Mingle Masters,WASHINGTON MIDDLE SCHOOL,Ohio,United States
1952,25,0,25,0,25,2026-02-07 21:34:37,2026-02-07 19:55:45,0,0,83110C,Goofy Goobers,STAR VALLEY MIDDLE SCHOOL,Wyoming,United States
1953,25,0,25,0,25,2026-02-07 22:08:18,2026-02-07 21:53:10,0,0,8929P,SCORPIONS,HEWES MIDDLE,California - Region 4,United States
1954,25,0,25,0,25,2026-02-19 23:46:21,2026-02-20 00:26:27,0,0,40424A,The Gear Guild,LEWISTON HIGH SCHOOL,Washington,United States
1955,25,0,25,0,25,2026-02-26 12:42:04,2026-02-26 12:45:49,0,0,76565B,Team Heinitz,Heinitz-Gymnasium Rüdersdorf,Germany,Germany
1956,25,0,25,0,25,,2025-08-12 02:39:13,0,0,52050E,Undocumented,Aquinas College,Australia,Australia
1957,25,0,25,0,25,,2025-08-23 05:56:19,0,0,3320A,Shanghai United International School Pudong Campus,Shanghai United International School Pudong Campus,East China,China
1958,25,0,25,0,25,,2025-11-08 18:50:02,0,0,37334M,Pythagorean Theorem - Lincoln County Robotics,LINCOLN COUNTY SCHOOL,Tennessee,United States
1959,25,0,25,0,25,,2025-11-22 16:38:42,0,0,20250A,Apex Robotics,Garland ISD - Jackson Technology Center,Texas - Region 5,United States
1960,25,0,25,0,25,,2025-12-06 19:01:12,0,0,9594S,RoboCavs,Collingwood School,British Columbia (BC),Canada
1961,25,0,25,0,25,,2025-12-06 20:15:18,0,0,15486M,Lord of the Strings,VISTA SCHOOL,Utah,United States
1962,25,0,25,0,25,,2025-12-13 20:24:22,0,0,15224A,Highland Christian,Highland Christian School,Indiana - Region 1 - North,United States
1963,25,0,25,0,25,,2026-01-07 09:15:00,0,0,29088B,DEMO-ROBOT TEAM 2,DEMO ROBOTICS,East China,China
1964,25,0,25,0,25,,2026-01-17 19:06:31,0,0,78447A,MIA Robotics - Team A,Michigan Islamic Academy,Michigan,United States
1965,25,0,25,0,25,,2026-01-18 18:48:41,0,0,6844D,Obxidian (MS),MITCHELL HIGH SCHOOL - 01,South Dakota,United States
1966,25,0,25,0,25,,2026-01-31 23:25:21,0,0,59200B,Triple S,India Community Center,California - Region 2,United States
1967,25,0,25,0,25,,2026-02-01 18:47:21,0,0,45078B,The Dashers,ELLICOTT MIDDLE SCHOOL,Colorado,United States
1968,25,0,25,0,25,,2026-02-06 05:58:01,0,0,22642S,Team2,Singapore International School (Hong Kong),Hong Kong,Hong Kong
1969,25,0,25,0,25,,2026-02-07 18:50:01,0,0,52766F,Sushi Bros,SABIN MIDDLE SCHOOL,Colorado,United States
1970,25,0,25,0,25,,2026-02-14 15:48:01,0,0,29651K,Krazy Coconuts,BLUE RIDGE MIDDLE,South Carolina,United States
1971,25,0,25,0,25,,2026-02-14 19:19:35,0,0,50075B,Sprocketeer Rocketeers,OAK HILL HIGH SCHOOL,Indiana - Region 1 - North,United States
1972,25,0,25,0,25,,2026-02-21 15:05:16,0,0,98648C,Crazy Kiwi,PALMETTO MIDDLE,South Carolina,United States
1973,25,0,25,0,25,,2026-02-27 22:21:30,0,0,22331A,Hemingway Team 1,Blaine County School District (Ernest Hemingway STEAM School),Idaho,United States
1974,25,0,25,0,25,,2026-03-01 14:59:28,0,0,96808A,warewolf,warewolf robotics,Massachusetts,United States
1975,25,0,25,0,25,,2026-03-07 17:55:08,0,0,9296D,Peanut Botters,Selbyville Middle School,Delmarva,United States
1976,25,0,25,0,25,,2026-03-07 22:11:23,0,0,27000A,Opus,Modus Novus Robotics Club,California - Region 1,United States
1977,25,0,25,0,25,,2026-03-09 16:57:43,0,0,22524A,AV8ERS,Chartiers Valley Middle School,Pennsylvania - West,United States
1978,25,0,25,0,25,,2026-03-13 22:30:31,0,0,63690C,"Iron Beasts ",DOUGLAS MACARTHUR JUNIOR HIGH SCHOOL,Arkansas,United States
1979,25,0,25,0,25,,2026-03-15 20:36:37,0,0,2516B,Chargers,ST FRANCIS PARISH SCHOOL,California - Region 3,United States
1980,24,20,4,20,15,2026-03-07 16:28:15,2026-02-21 19:08:30,53,7,53932B,Error 404 Pirates Not Found,FALL RIVER School Distirict,Wisconsin,United States
1981,24,15,9,15,9,2025-11-15 21:37:36,2025-11-15 18:36:30,0,0,55301B,Backlash,UNITED SOUTH CENTRAL HIGH SCHOOL,Minnesota,United States
1982,24,8,16,8,16,2025-07-19 06:24:30,2025-07-18 07:30:57,42,0,20901A,清郑初中部一队,清华附中郑州学校,Middle China,China
1983,24,3,21,3,21,2025-11-24 17:53:21,2025-11-24 16:48:46,40,0,1729X,Robotics OmniTech,Robotics OmniTech,California - Region 2,United States
1984,24,3,21,3,21,2026-02-21 17:49:09,2026-02-21 16:55:29,0,12,33249J,Cyber Wolves,BOB JONES ACADEMY MIDDLE SCHOOL,South Carolina,United States
1985,24,1,23,1,23,2026-03-06 21:17:32,2026-03-06 17:14:47,53,0,55371A,The Crazy Boyz,Princeton Middle School,Minnesota,United States
1986,24,0,24,1,24,2026-01-08 18:03:22,2026-03-07 20:31:12,0,0,75458X,Metal Marauder Militia,BLAND MIDDLE,Texas - Region 2,United States
1987,24,0,24,0,24,,2026-02-21 18:40:36,0,5,97310C,Fire Breathing Rubber Duckies of Doom,LOVELAND MIDDLE SCHOOL,Ohio,United States
1988,24,0,24,0,24,2026-03-07 20:14:17,2026-03-07 17:05:11,0,4,75458B,Dark Destroyers,BLAND MIDDLE,Texas - Region 2,United States
1989,24,0,24,0,24,2025-12-06 18:00:58,2025-12-06 17:23:38,0,0,48643C,Gart Babee,SPROUL JUNIOR HIGH SCHOOL,Colorado,United States
1990,24,0,24,0,24,2026-01-24 15:48:57,2026-01-24 15:42:25,0,0,15155A,Bearcats,Ubly Junior High,Michigan,United States
1991,24,0,24,0,24,2026-01-31 21:45:55,2026-01-31 19:58:51,0,0,90471A,Sundevils A,TIERRA DEL SOL MIDDLE,California - Region 4,United States
1992,24,0,24,0,24,2026-02-15 22:45:24,2026-02-15 21:44:39,0,0,76500V,Requiem Robots,EWA MAKAI MIDDLE SCHOOL,Hawaii,United States
1993,24,0,24,0,24,,2025-11-08 07:50:17,0,0,10592A,"Meows ",Meows Stem Education Center,South China,China
1994,24,0,24,0,24,,2025-11-08 08:23:37,0,0,2663V,SWIS-Victory,Shen Wai International School,South China,China
1995,24,0,24,0,24,,2025-11-08 16:44:02,0,0,70149B,Steel Panthers,IMMACULATE CONCEPTION CATHEDRAL SCHOOL,Louisiana,United States
1996,24,0,24,0,24,,2025-11-14 22:41:31,0,0,91028C,Grinding Gears,Silverdale Baptist Academy,Tennessee,United States
1997,24,0,24,0,24,,2025-12-05 18:59:53,0,0,79901A,Guillen Robotics,GUILLEN MIDDLE,Texas - Region 1,United States
1998,24,0,24,0,24,,2025-12-20 02:02:32,0,0,66518F,66518F,北京市十一学校石景山实验中学,North China,China
1999,24,0,24,0,24,,2026-01-17 01:22:13,0,0,2769A,The Resolvers,Canberra Secondary School,Singapore,Singapore
2000,24,0,24,0,24,,2026-01-28 16:06:07,0,0,24523B,JAMS - Team B,JOHN ADAMS MIDDLE SCHOOL,West Virginia,United States
2001,24,0,24,0,24,,2026-02-07 16:27:17,0,0,43160C,Tuff,WASHINGTON Middle  SCHOOL,Ohio,United States
2002,24,0,24,0,24,,2026-02-07 16:29:08,0,0,99766G,Cyberstorm,North Kirkwood Middle School,Missouri,United States
2003,24,0,24,0,24,,2026-02-21 21:46:47,0,0,11462B,Titanium Turtles,GIBSON  ROBERT O MIDDLE SCHOOL LEADERSHIP ACADEMY,Nevada,United States
2004,24,0,24,0,24,,2026-02-28 17:13:36,0,0,18938B,NH-S Team B,NEW HOPE-SOLEBURY MIDDLE SCHOOL,Pennsylvania - East,United States
2005,24,0,24,0,24,,2026-02-28 17:49:41,0,0,18882A,OMEGA FORCE,LOOPA Aula Tecnològica,Andorra,Andorra
2006,23,20,3,20,19,2026-03-07 18:19:04,2025-11-21 18:01:08,51,0,10820S,Sparkle Kitties,WILLOW SPRINGS MIDDLE,Texas - Region 5,United States
2007,23,18,5,18,18,2026-02-28 17:50:03,2026-03-14 18:56:50,43,0,73839C,Mighty Melonheads,CENTRAL JUNIOR HIGH SCHOOL,Arkansas,United States
2008,23,15,8,15,18,2026-02-22 19:18:31,2026-01-03 16:37:58,59,0,44036B,Human Robot Champions,WINNECONNE MIDDLE,Wisconsin,United States
2009,23,15,8,15,13,2026-02-28 01:43:10,2025-12-11 23:55:40,52,0,28466B,Frozen Bananas,SPRINGS STUDIO FOR ACADEMIC EXCELLENCE,Colorado,United States
2010,23,0,23,15,23,2026-01-13 22:37:15,2026-02-08 15:16:50,0,0,15155F,Bearcats,UBLY COMMUNITY JRSR HIGH SCHOOL,Michigan,United States
2011,23,0,23,15,23,2026-03-06 00:25:12,2026-01-03 19:42:34,0,0,61170C,Team Jerry,SOUTH JUNIOR HIGH,Minnesota,United States
2012,23,15,8,15,16,2026-02-07 20:55:01,2026-02-21 16:02:39,0,0,22201V,Chez,PLEASANT VALLEY MIDDLE SCHOOL,Kansas,United States
2013,23,6,17,6,17,2026-02-27 05:59:50,2026-02-27 05:56:42,0,0,10033A,Zhongguancun No.3 Primary School  Team A,Zhongguancun No.3 Primary School,North China,China
2014,23,5,18,5,19,2025-09-28 03:07:27,2025-11-23 01:02:28,41,0,18186S,QZ-S,Guangzhou No.7 Middle School,South China,China
2015,23,4,19,4,20,2025-12-20 06:15:49,2026-01-02 03:09:44,48,0,46666A,Solar Wings,北京市三帆中学（德外校区）,North China,China
2016,23,3,20,4,20,2025-07-19 05:40:44,2025-11-08 06:08:14,39,0,71030A,PNP-A,PNP studio,South China,China
2017,23,3,20,3,20,2026-02-21 21:52:37,2026-02-21 21:01:35,45,0,97711V,Pegasus Prime,Aurora Nexus,California - Region 2,United States
2018,23,3,20,3,20,2026-03-07 18:11:48,2026-03-07 15:50:46,0,0,9296A,The Bent Axles,Selbyville Middle School,Delmarva,United States
2019,23,0,23,1,23,2026-03-01 16:32:17,2025-12-13 19:02:43,50,0,19140C,Coding Kings,W. W. LEWIS MIDDLE SCHOOL,Louisiana,United States
2020,23,0,23,1,23,2026-02-14 18:50:16,2026-03-09 19:06:13,48,0,79163F,Pink Flamingos,North Clarion Co Jshs,Pennsylvania - West,United States
2021,23,0,23,1,23,2026-03-14 21:17:01,2025-11-23 16:21:25,0,0,8878H,Hyperdrive,Jockey Hollow School,Connecticut,United States
2022,23,1,22,1,22,2026-03-09 15:26:41,2026-03-09 16:24:59,0,0,67543G,Mr. Knox's Employees,ST STEPHEN ELEMENTARY SCHOOL,Pennsylvania - West,United States
2023,23,1,22,1,22,2026-03-15 19:53:02,2026-03-15 01:23:47,0,0,7690S,FJH Rusty Robot,FRUITVALE JUNIOR HIGH,California - Region 3,United States
2024,23,0,23,0,23,,2025-12-11 23:03:59,0,3,52766E,The Goonies,SABIN MIDDLE SCHOOL,Colorado,United States
2025,23,0,23,0,23,2026-01-27 21:48:12,2026-01-27 22:40:21,1,0,84949Z,84949Z,SUSSMAN (EDWARD A.) MIDDLE,California - Region 4,United States
2026,23,0,23,0,23,2026-02-14 18:09:15,2025-12-13 17:03:24,45,0,23301V,The TimeTravelers,CHRIST CHAPEL ACADEMY,Virginia,United States
2027,23,0,23,0,23,2025-11-04 23:42:15,2025-11-04 23:34:33,0,0,3650A,Northeast Jaguars,NORTHEAST MIDDLE SCHOOL,Tennessee,United States
2028,23,0,23,0,23,2025-12-06 18:00:40,2025-12-06 15:17:50,0,0,1365W,Velocity,East Ridge Middle School,Florida - North/Central,United States
2029,23,0,23,0,23,2026-01-17 18:20:17,2026-01-17 18:50:55,0,0,6408E,Enigma,Heritage Woods Secondary,British Columbia (BC),Canada
2030,23,0,23,0,23,2026-01-24 19:58:22,2026-01-24 19:25:03,0,0,58313A,Error 505,DESERT RIDGE MIDDLE,New Mexico,United States
2031,23,0,23,0,23,2026-02-21 17:22:39,2026-02-21 17:06:36,0,0,98791A,The Antithesis,PICKENS MIDDLE,South Carolina,United States
2032,23,0,23,0,23,2026-03-07 17:43:04,2026-03-07 16:27:38,0,0,30202B,Lightning Falcons,Perryville Middle School,Delmarva,United States
2033,23,0,23,0,23,,2025-10-26 03:25:01,0,0,23401B,Farrer B,FMAHS,Australia,Australia
2034,23,0,23,0,23,,2025-10-31 07:25:36,0,0,96944X,Brain Not Found.GC,喬智創意機器人研究室,Chinese Taipei,Taiwan
2035,23,0,23,0,23,,2025-11-15 17:18:03,0,0,19287K,Telegraphic Telekinesis,"Not available ",Maryland,United States
2036,23,0,23,0,23,,2025-12-06 13:41:56,0,0,39475M,RGS Robo Kai 12,The Royal Grammar School Newcastle Upon Tyne,United Kingdom,United Kingdom
2037,23,0,23,0,23,,2026-01-17 14:53:55,0,0,71589E,I Don't Know,MONOMOY REGIONAL MIDDLE SCHOOL,Massachusetts,United States
2038,23,0,23,0,23,,2026-01-31 18:25:14,0,0,97778D,Deep Fried Cheeto Fingers,TALLMADGE MIDDLE SCHOOL,Ohio,United States
2039,23,0,23,0,23,,2026-02-07 18:59:49,0,0,52800D,Newton's Third Law,SOARING HEIGHTS PK-8,Colorado,United States
2040,23,0,23,0,23,,2026-02-13 19:25:18,0,0,12169D,Da Kiwi Club,TRENTON MIDDLE SCHOOL,Texas - Region 2,United States
2041,23,0,23,0,23,,2026-02-21 20:11:25,0,0,1868Z,Space Cookies VEX 1868Z,Space Cookies VEX Robotics Team,California - Region 2,United States
2042,23,0,23,0,23,,2026-03-06 22:42:48,0,0,5155A,Toxic Nerds,CROSS COUNTY MIDDLE SCHOOL,Nebraska,United States
2043,23,0,23,0,23,,2026-03-07 17:10:18,0,0,1060Y,OPS - RENOX,ALICE BUFFETT MAGNET MIDDLE SCHOOL,Nebraska,United States
2044,23,0,23,0,23,,2026-03-07 17:35:24,0,0,9089W,Nuclear Squirrels,BrandywineBOTS,Delmarva,United States
2045,23,0,23,0,23,,2026-03-14 18:58:33,0,0,67666A,Founding Fathers,"Fairfield County Robotics ",Connecticut,United States
2046,22,22,0,22,0,2025-10-25 05:02:17,,0,0,3359D,Team 4 of Hangzhou Entel Foreign Language School,Hangzhou Entel Foreign Language School,East China,China
2047,22,0,22,15,22,2025-12-20 22:32:12,2026-02-16 04:01:23,0,0,3457A,Robolabs Aquarius,"Robolabs ",California - Region 2,United States
2048,22,0,22,15,22,2026-02-21 17:58:39,2025-11-14 17:06:02,0,0,17325B,Burger-Bots,Glenwood Middle School,Ohio,United States
2049,22,2,20,2,20,2026-03-07 21:05:32,2026-03-07 20:23:07,38,29,27000B,Focus,Modus Novus Robotics Club,California - Region 1,United States
2050,22,2,20,2,21,2026-02-13 16:49:01,2025-12-05 17:01:28,20,6,44287C,Danger,Northwestern Middle School,Ohio,United States
2051,22,1,21,1,21,2026-01-11 17:06:06,2025-12-14 16:23:02,48,0,119S,Supernatural,ST BERNARD SCHOOL,Connecticut,United States
2052,22,0,22,1,22,2026-01-19 19:55:47,2025-12-06 17:15:49,45,0,76426C,Broken Axles,BRYSON SCHOOL,Texas - Region 5,United States
2053,22,0,22,1,22,2026-02-07 16:23:11,2026-01-10 17:02:50,0,0,31575V,Fear the Flapjack Fanatics,Traverse City Area Public Scho,Michigan,United States
2054,22,1,21,1,21,2026-03-06 19:30:38,2026-03-06 01:11:41,0,0,99750T,Sparta's Robo Trio,ROCORI MIDDLE,Minnesota,United States
2055,22,0,22,0,22,2026-01-10 14:24:05,2026-01-10 13:26:54,50,0,15867B,RoboHawks,Hanahana Middle School,South Carolina,United States
2056,22,0,22,0,22,2025-12-06 17:31:35,2025-12-06 17:19:02,46,0,30044E,Crews BroncoBots,CREWS MIDDLE SCHOOL,Georgia,United States
2057,22,0,22,0,22,2026-02-13 16:17:51,2026-02-13 18:38:43,45,0,64165C,Spirit Driven,CORNERSTONE CHRISTIAN ACADEMY,Ohio,United States
2058,22,0,22,0,22,,2026-03-14 16:43:08,0,12,4580D,"E. Russell Hicks VEX Huskies ",E. RUSSELL HICKS MIDDLE,Maryland,United States
2059,22,0,22,0,22,,2026-01-31 19:59:40,0,9,9413C,The Raising Caners,STEAM ACADEMY @ BURKE,California - Region 4,United States
2060,22,0,22,0,22,,2025-12-06 21:02:33,0,8,6722A,Pioneer Wildcats : Blitz,Pioneer Middle School,California - Region 4,United States
2061,22,0,22,0,22,2025-11-15 19:21:04,2026-02-28 18:14:34,49,0,48329D,RoboKnights D,SOUTHWOOD JR-SR HIGH SCHOOL,Indiana - Region 1 - North,United States
2062,22,0,22,0,22,,2025-08-23 10:47:53,0,0,60818B,蓝鹰B战队,Blue Eagle STEM Club,East China,China
2063,22,0,22,0,22,,2025-10-18 16:00:20,0,0,12909R,R,FOUNTAIN MIDDLE SCHOOL,Colorado,United States
2064,22,0,22,0,22,,2025-11-15 16:39:44,0,0,88485A,QUANTUM BEASTS,QUANTUM SQUAD,North Carolina,United States
2065,22,0,22,0,22,,2025-11-15 19:32:23,0,0,37768K,Doodler,BROWN JR. (WILLIE L) MIDDLE,California - Region 2,United States
2066,22,0,22,0,22,,2025-12-07 06:22:21,0,0,44448A,Nuts N' Bolts,St Andrews International School Bangkok,Thailand,Thailand
2067,22,0,22,0,22,,2025-12-13 21:06:12,0,0,73805T,Tech-no-logic,GERMANTOWN MIDDLE SCHOOL,Mississippi,United States
2068,22,0,22,0,22,,2025-12-20 16:10:22,0,0,74162E,Ridge Runners,BLUE RIDGE MIDDLE SCHOOL,Texas - Region 2,United States
2069,22,0,22,0,22,,2026-01-08 19:09:02,0,0,23835C,SSMS The Gear Heads,SULPHUR SPRINGS MIDDLE,Texas - Region 2,United States
2070,22,0,22,0,22,,2026-01-10 14:08:19,0,0,10319E,Seismic Pineapples,OSCEOLA SCIENCE CHARTER SCHOOL,Florida - North/Central,United States
2071,22,0,22,0,22,,2026-01-17 18:19:53,0,0,95843C,Shadow Circuit,Parent Associated for Gifted Education Inc,Ohio,United States
2072,22,0,22,0,22,,2026-01-23 00:07:16,0,0,40424M,The Silent Build,LEWISTON HIGH SCHOOL,Washington,United States
2073,22,0,22,0,22,,2026-01-24 02:11:36,0,0,63936H,Lingnan H,"Lingnan Middle School, Macau",Macau,Macau
2074,22,0,22,0,22,,2026-01-27 21:03:25,0,0,9078X,The Rovengers,GRIFFITHS MIDDLE,California - Region 4,United States
2075,22,0,22,0,22,,2026-01-31 18:16:16,0,0,80129R,Emerson Middle School,EMERSON MIDDLE,California - Region 3,United States
2076,22,0,22,0,22,,2026-01-31 21:08:58,0,0,50865K,Knights,Holy Trinity Catholic High School,Alberta/Saskatchewan,Canada
2077,22,0,22,0,22,,2026-02-07 16:17:19,0,0,6364X,4 piece nuggies,BG Hudson Middle School,Texas - Region 5,United States
2078,22,0,22,0,22,,2026-02-07 17:30:20,0,0,33848D,Three Muskegears,Catholic High School,Louisiana,United States
2079,22,0,22,0,22,,2026-02-08 15:48:49,0,0,8330H,Hydra-Titans,Westwood Competition Robotics,West Virginia,United States
2080,22,0,22,0,22,,2026-02-14 18:45:46,0,0,8975B,Chipman Robotics B - Supernovas!,CHIPMAN JUNIOR HIGH,California - Region 3,United States
2081,22,0,22,0,22,,2026-02-14 20:01:35,0,0,1262G,OPS - The Rookies,Bluestem Middle School,Nebraska,United States
2082,22,0,22,0,22,,2026-02-14 23:21:32,0,0,4863W,IRVING BEAR-BOTIKZ,WASHINGTON IRVING MID SCH MATH MUSIC AND ENGR MAGNET,California - Region 4,United States
2083,22,0,22,0,22,,2026-02-21 14:08:47,0,0,55552A,Cobrabots,Cane Bay Middle School,South Carolina,United States
2084,22,0,22,0,22,,2026-02-21 20:44:52,0,0,65557V,Type Shift,FOREST HEIGHTS STEM ACADEMY,Arkansas,United States
2085,22,0,22,0,22,,2026-02-28 17:42:45,0,0,24049B,OPMS ShockWave,OAK PARK MIDDLE SCHOOL,Louisiana,United States
2086,22,0,22,0,22,,2026-02-28 20:38:03,0,0,83009F,Circuit Breakers,BAILEY MIDDLE SCHOOL,Texas - Region 4,United States
2087,22,0,22,0,22,,2026-03-07 00:20:26,0,0,97625A,Bolt Busters,WALHALLA MIDDLE,South Carolina,United States
2088,22,0,22,0,22,,2026-03-07 17:20:05,0,0,7784P,C-Bots 3 Musketeers,CAVELERO MID HIGH SCHOOL,Washington,United States
2089,22,0,22,0,22,,2026-03-07 17:31:17,0,0,8890E,IronRAMS E,DICKINSON (JOHN) HIGH SCHOOL,Delmarva,United States
2090,22,0,22,0,22,,2026-03-07 18:17:49,0,0,27905M,Gear Grinders,MARSHFIELD HIGH,Wisconsin,United States
2091,22,0,22,0,22,,2026-03-07 19:36:10,0,0,56860S,Soup - mmm mmm good.,BRIXNER JUNIOR HIGH SCHOOL,Oregon,United States
2092,22,0,22,0,22,,2026-03-07 21:48:15,0,0,7784W,C-Bots We Love Robotics,Cavelero Mid High School,Washington,United States
2093,22,0,22,0,22,,2026-03-10 19:43:01,0,0,24523E,JAMS - Team E,JOHN ADAMS MIDDLE SCHOOL,West Virginia,United States
2094,21,21,0,21,0,2025-11-08 07:02:42,,0,0,3507A,AIKING-03,AIKING,West China,China
2095,21,15,6,15,20,2026-03-01 01:11:47,2025-12-06 19:15:22,59,0,6517X,TRITONBOTS-X,EASTLAKE MIDDLE,California - Region 4,United States
2096,21,15,6,15,18,2026-01-17 16:30:37,2026-02-07 15:36:42,56,0,99064B,"The ""B"" Team",EAST CENTRAL MIDDLE SCHOOL,Mississippi,United States
2097,21,0,21,15,21,2026-02-11 00:16:48,2026-03-07 16:32:45,0,2,7784R,C-Bots Mecha Arrows,CAVELERO MID HIGH SCHOOL,Washington,United States
2098,21,0,21,15,21,2026-02-21 14:17:58,2025-11-15 18:54:35,57,0,66042S,Potassium Powerhouse,PLEASANT HILL MIDDLE,South Carolina,United States
2099,21,15,6,15,6,2025-12-13 19:28:45,2026-02-07 19:06:40,55,0,93303A,The Little Lemons,Monmouth Robotics,Maine,United States
2100,21,0,21,15,21,2026-03-14 14:10:25,2025-12-13 16:27:18,51,0,9012H,Knighty Night,Northern Middle School,Maryland,United States
2101,21,0,21,15,21,2026-02-14 14:45:43,2026-01-24 13:56:44,48,0,41120B,Arctic-Nova,ZANESVILLE MIDDLE SCHOOL,Ohio,United States
2102,21,0,21,15,21,2026-02-14 19:52:48,2026-01-10 19:02:28,0,0,1231D,Dominating Donuts,LOUISE A. BENTON MIDDLE,Virginia,United States
2103,21,15,6,15,16,2026-01-24 20:53:13,2025-11-15 19:45:34,0,0,28466X,Ice Crushers,SPRINGS STUDIO FOR ACADEMIC EXCELLENCE,Colorado,United States
2104,21,2,19,3,19,2026-01-10 17:50:30,2025-12-13 19:47:54,45,0,97311D,Mechanical Abracadabra Doodles,DUNCAN LAKE MIDDLE SCHOOL,Michigan,United States
2105,21,2,19,2,19,2025-11-08 03:36:25,2025-11-08 03:29:01,39,0,10902A,极酷清附一队,极酷创客基地,Middle China,China
2106,21,1,20,1,20,2025-12-05 14:59:45,2025-12-05 15:09:26,46,0,17325F,Boogie Bots,Glenwood Middle School,Ohio,United States
2107,21,1,20,1,20,2026-02-13 15:06:32,2026-02-13 16:07:23,46,0,44287D,44287D,Northwestern Middle School,Ohio,United States
2108,21,1,20,1,20,2025-11-15 17:08:45,2025-11-15 22:20:48,0,5,37768A,British Bridges,BROWN JR. (WILLIE L) MIDDLE,California - Region 2,United States
2109,21,0,21,1,21,2025-12-20 21:27:12,2025-12-06 22:35:39,44,0,3134C,Robolabs Cobe,Robolabs,California - Region 2,United States
2110,21,1,20,1,20,2026-02-01 21:35:23,2026-02-01 17:47:33,0,0,12909A,Annihilators,FOUNTAIN MIDDLE SCHOOL,Colorado,United States
2111,21,1,20,1,20,2026-02-07 15:43:05,2026-02-07 18:31:59,0,0,38247C,Piercing Boltz,Bogle Junior High School,Arizona,United States
2112,21,0,21,0,21,2026-01-31 19:34:41,2026-01-31 18:19:34,51,0,10012M,Ten Ton Robotics,West Vancouver School District,British Columbia (BC),Canada
2113,21,0,21,0,21,2026-02-28 20:05:19,2026-02-28 19:58:41,46,0,7187M,Team Name,FAYETTEVILLE HIGH SCHOOL EAST,Arkansas,United States
2114,21,0,21,0,21,,2026-01-31 21:51:44,0,21,9805J,Jaguars,Utt Middle School,California - Region 4,United States
2115,21,0,21,0,21,,2025-10-27 14:28:41,0,9,13000T,503,GRANDVILLE MIDDLE SCHOOL,Michigan,United States
2116,21,0,21,0,21,2026-02-28 21:44:18,2026-02-28 19:47:43,0,6,20258A,Robot  Hunters,LISA Academy Rogers-Bentonville Middle High School,Arkansas,United States
2117,21,0,21,0,21,,2026-02-21 18:29:01,0,6,1054A,1054A - OPS - Lion's Loot,McMillan Magnet Middle School,Nebraska,United States
2118,21,0,21,0,21,,2026-02-21 21:41:46,0,6,95658A,Team Vector - Hawks 95658 Gold,Harvest Ridge Cooperative Charter,California - Region 2,United States
2119,21,0,21,0,21,,2026-02-14 19:31:57,0,2,45133R,Red Robins,HILLSBORO MIDDLE SCHOOL,Ohio,United States
2120,21,0,21,0,21,,2026-02-21 17:39:50,0,2,97310B,Name Pending,LOVELAND MIDDLE SCHOOL,Ohio,United States
2121,21,0,21,0,21,,2026-01-24 17:14:09,0,1,17760Y,Digital Rights Management,Capitol City Robotics,District of Columbia,United States
2122,21,0,21,0,21,2026-03-07 17:10:55,2026-02-14 15:57:19,45,0,81093A,Techtonics,TRINITY LUTHERAN SCHOOL,Nebraska,United States
2123,21,0,21,0,21,2025-12-13 18:06:12,2026-01-10 18:31:33,42,0,47418B,Boonsboro Middle Robotics Club,Boonsboro Middle School,Maryland,United States
2124,21,0,21,0,21,2026-01-10 19:44:56,2026-02-05 21:56:28,39,0,71589D,Daisy Fan Club,MONOMOY REGIONAL MIDDLE SCHOOL,Massachusetts,United States
2125,21,0,21,0,21,2026-02-28 17:37:23,2026-02-14 18:15:17,37,0,30013A,Seymour Middle School - Crescendo,SEYMOUR MIDDLE SCHOOL,Indiana - Region 3 - South,United States
2126,21,0,21,0,21,2025-11-08 06:32:52,2025-11-08 06:45:33,0,0,10175U,BASIS Bilingual School Guangming Shenzhen,BASIS Bilingual School Guangming Shenzhen,South China,China
2127,21,0,21,0,21,2026-02-28 19:52:58,2026-02-28 15:55:26,0,0,1898K,Wishy Washers,MILTON ACADEMY,Massachusetts,United States
2128,21,0,21,0,21,,2025-10-25 12:09:24,0,0,10085Z,Hiba Academy Team Z,Hiba Academy Shanghai,East China,China
2129,21,0,21,0,21,,2025-11-21 16:29:26,0,0,25312B,The Pancakes,SISSONVILLE MIDDLE SCHOOL,West Virginia,United States
2130,21,0,21,0,21,,2025-11-21 17:50:57,0,0,1434B,Beaglebots,SPACE CENTER INT,Texas - Region 3,United States
2131,21,0,21,0,21,,2025-12-06 17:15:44,0,0,5971A,Compton Junior High,COMPTON JUNIOR HIGH,California - Region 3,United States
2132,21,0,21,0,21,,2025-12-06 17:31:27,0,0,33705C,★★★★★Galaxy Gators,Coleman Youth Development Academy,Louisiana,United States
2133,21,0,21,0,21,,2025-12-12 22:33:12,0,0,673J,$6 Shrimp Special,East Valley Middle School,Idaho,United States
2134,21,0,21,0,21,,2026-01-02 02:44:34,0,0,98506B,机器人达人俱乐部,超创机器人创新中心,Middle China,China
2135,21,0,21,0,21,,2026-01-06 08:38:12,0,0,19998A,一万机器人竞赛中心A队,ONE-Robot Competit,Middle China,China
2136,21,0,21,0,21,,2026-01-10 13:56:43,0,0,57217B,TMT RoboWarriors,Westview Middle School,South Carolina,United States
2137,21,0,21,0,21,,2026-01-17 19:43:46,0,0,1055F,OPS - 67 Sigmas,Beveridge Magnet Middle School,Nebraska,United States
2138,21,0,21,0,21,,2026-01-24 23:14:16,0,0,11462A,Gearheads,GIBSON ROBERT O MIDDLE SCHOOL LEADERSHIP ACADEMY,Nevada,United States
2139,21,0,21,0,21,,2026-01-31 20:27:13,0,0,24049A,OPMS Transformers,OAK PARK MIDDLE SCHOOL,Louisiana,United States
2140,21,0,21,0,21,,2026-02-05 23:01:18,0,0,2719Y,Are we doing this?,TRITON CENTRAL MIDDLE SCHOOL,Indiana - Region 2 - Central,United States
2141,21,0,21,0,21,,2026-02-07 18:36:36,0,0,80026B,The Cereal,ANGEVINE MIDDLE SCHOOL,Colorado,United States
2142,21,0,21,0,21,,2026-02-14 17:20:49,0,0,46385D,Cybearcats D,Union Township School Corporation,Indiana - Region 1 - North,United States
2143,21,0,21,0,21,,2026-02-21 17:44:17,0,0,48953F,Robo-Hawks F,Indian Trail Middle School,Tennessee,United States
2144,21,0,21,0,21,,2026-02-21 18:44:42,0,0,81016M,M-Pact,Malesus STEM Innovation Center,Tennessee,United States
2145,21,0,21,0,21,,2026-02-21 19:00:48,0,0,6122B,XX-Thunder,JANE GOODALL ENVIRONMENTAL MIDDLE CHARTER SCHOOL,Oregon,United States
2146,21,0,21,0,21,,2026-02-28 18:52:05,0,0,90R,VEXMEN: Rogue,Brandywine Robotics Inc.,Pennsylvania - East,United States
2147,21,0,21,0,21,,2026-02-28 19:05:10,0,0,12149A,Clover Mechanics,Houston County Middle School,Tennessee,United States
2148,21,0,21,0,21,,2026-02-28 20:00:12,0,0,1489B,Bolts,BULL RUN MIDDLE,Virginia,United States
2149,21,0,21,0,21,,2026-02-28 21:05:59,0,0,51174A,Hydra,WEST COLLIERVILLE MIDDLE SCHOOL,Tennessee,United States
2150,21,0,21,0,21,,2026-03-06 21:42:15,0,0,11532E,In Zip Ties We Trust,BEMIDJI MIDDLE,Minnesota,United States
2151,21,0,21,0,21,,2026-03-07 16:50:39,0,0,2148S,The Goobers,Greenville Middle School,Texas - Region 2,United States
2152,21,0,21,0,21,,2026-03-07 17:05:01,0,0,52102D,Bonquishia,SOUTH GIRARD SCHOOL,Alabama,United States
2153,21,0,21,0,21,,2026-03-07 19:29:49,0,0,32410Y,E.T. The Alien,REDWATER HS,Texas - Region 2,United States
2154,21,0,21,0,21,,2026-03-15 12:14:53,0,0,17814A,SCARFAMANERA,WESTON MIDDLE SCHOOL,Connecticut,United States
2155,20,5,15,15,17,2026-02-14 21:40:36,2026-03-07 19:19:33,59,0,31919C,GearBurners,CLACKAMAS ACADEMY OF INDUSTRIAL SCIENCES,Oregon,United States
2156,20,15,5,15,6,2026-03-06 17:35:11,2026-02-07 17:30:24,58,0,8108A,Apex Megalodons,NORTH JUNIOR HIGH,Minnesota,United States
2157,20,15,5,15,5,2026-02-21 19:15:06,2026-02-21 20:33:26,57,0,31319E,Ctrl Alt Elite,COLEMAN MIDDLE SCHOOL,Kansas,United States
2158,20,15,5,15,5,2026-02-28 19:08:51,2026-02-28 21:32:18,51,0,73839A,Alphabet Soup,CENTRAL JUNIOR HIGH SCHOOL,Arkansas,United States
2159,20,15,5,15,5,2026-01-31 18:00:01,2026-01-31 17:33:15,0,15,9048A,A+ Students,"York Robotics ",Maine,United States
2160,20,0,20,15,20,2026-02-14 20:56:51,2026-01-24 20:14:53,58,0,50250A,Alt+F4,BASHA HIGH SCHOOL,Arizona,United States
2161,20,0,20,15,20,2025-12-08 15:48:53,2026-02-16 17:34:30,58,0,75442F,PHAT CHIKINZ,Farmersville Junior High School,Texas - Region 2,United States
2162,20,15,5,15,5,2025-11-22 16:47:06,2026-02-07 19:26:53,58,0,71610R,shaRRRks,"Gordon Parks Academy ",Kansas,United States
2163,20,15,5,15,5,2026-02-21 21:58:53,2026-02-21 21:58:42,0,0,42644A,CircuitBreakers,ExploreSTEM,California - Region 2,United States
2164,20,15,5,15,5,2026-02-28 17:40:59,2026-02-28 17:30:45,0,0,46151J,JRW Johnny,JOHN R. WOODEN MIDDLE SCHOOL,Indiana - Region 2 - Central,United States
2165,20,0,20,5,20,2025-10-20 19:35:06,2026-02-07 15:48:04,0,0,73805C,Cosmic Brownies,GERMANTOWN MIDDLE SCHOOL,Mississippi,United States
2166,20,5,15,5,17,2026-02-21 14:34:33,2025-11-22 17:24:30,0,0,24931A,Bazinga STEMBots,LANIER MIDDLE SCHOOL,Georgia,United States
2167,20,4,16,4,18,2026-02-07 16:31:59,2026-01-24 19:58:28,0,7,15376C,Vortex 3S-CUBE,École secondaire des Trois-Saisons,Quebec,Canada
2168,20,0,20,2,20,2025-12-06 17:12:57,2026-01-10 16:45:02,0,0,23001A,Robo Bears 1,TWIN RIVERS MIDDLE SCHOOL,Georgia,United States
2169,20,0,20,2,20,2026-01-10 14:11:19,2025-11-22 15:04:58,0,0,93000B,Sweetwater Patriots B,SWEETWATER MIDDLE SCHOOL,Georgia,United States
2170,20,0,20,2,20,2026-03-07 19:44:27,2026-02-13 20:09:51,0,0,12169F,Petite Potatoes,TRENTON MIDDLE SCHOOL,Texas - Region 2,United States
2171,20,0,20,1,20,2025-12-13 15:36:41,2025-10-25 15:49:54,0,35,23301W,BattleKatZ,CHRIST CHAPEL ACADEMY,Virginia,United States
2172,20,0,20,1,20,2026-02-21 22:27:42,2025-11-08 22:00:08,35,0,89446A,WJHS Competition Robotics Team,WINNEMUCCA JUNIOR HIGH SCHOOL,Nevada,United States
2173,20,1,19,1,19,2026-02-04 22:18:40,2026-02-04 22:29:28,0,0,8630B,Colegio Columbia 2,Colegio Columbia,Mexico,Mexico
2174,20,0,20,0,20,2026-01-31 19:30:31,2026-01-31 19:46:44,54,19,10012U,Ten Ton Robotics,West Vancouver School District,British Columbia (BC),Canada
2175,20,0,20,0,20,2026-02-14 17:49:30,2026-02-14 19:11:35,43,26,17380B,Big Boi,Searsport District Middle/High School,Maine,United States
2176,20,0,20,0,20,2025-12-11 23:58:36,2025-12-11 23:55:34,41,27,52766D,KIng Cobras,SABIN MIDDLE SCHOOL,Colorado,United States
2177,20,0,20,0,20,2026-03-14 20:08:23,2025-12-14 17:03:32,59,37,99088C,Star Struck,Beman Middle school,Connecticut,United States
2178,20,0,20,0,20,2026-01-17 19:54:41,2026-01-17 18:19:22,56,0,1338G,Gray HEAT,BRYANT JUNIOR HIGH SCHOOL,Arkansas,United States
2179,20,0,20,0,20,2025-12-13 19:50:07,2025-12-13 19:40:06,45,11,31001D,31001 D,DERBY NORTH MIDDLE SCHOOL,Kansas,United States
2180,20,0,20,0,20,2026-01-24 20:36:01,2026-01-24 20:38:16,51,0,4670F,Eagles,SUMMIT MIDDLE CHARTER SCHOOL,Colorado,United States
2181,20,0,20,0,20,,2026-02-19 21:15:27,0,47,85082F,Creed of Companions,JENNINGS COMMUNITY LEARNING CENTER,Ohio,United States
2182,20,0,20,0,20,2026-02-15 20:02:15,2026-02-15 21:36:14,0,46,42155C,Uh I forgot?,NIU VALLEY MIDDLE SCHOOL,Hawaii,United States
2183,20,0,20,0,20,2026-01-17 07:01:51,2026-01-17 03:12:50,45,0,65404K,SAS - Kangaroos,Singapore American School - Middle School Division,Singapore,Singapore
2184,20,0,20,0,20,2025-12-07 19:21:59,2026-02-16 18:10:54,34,45,2130J,Gear Train,Roboters,California - Region 2,United States
2185,20,0,20,0,20,,2026-02-14 14:41:27,0,43,18000E,Iron Patriots,Sullivan East Middle School,Tennessee,United States
2186,20,0,20,0,20,2025-10-18 15:11:05,2025-10-18 14:56:21,41,0,67282E,Mr. Bean,WATSON JUNIOR HIGH SCHOOL,Colorado,United States
2187,20,0,20,0,20,,2026-02-06 07:46:18,0,38,22642Z,SISHKBots-A.U.R.A,Singapore International School (Hong Kong),Hong Kong,Hong Kong
2188,20,0,20,0,20,,2025-11-22 19:00:54,0,37,9149A,Robocats,Meyer Middle School Robotics,Wisconsin,United States
2189,20,0,20,0,20,,2026-02-14 18:38:32,0,30,15700A,Grantham Robotics,GRANTHAM ACADEMY,Texas - Region 3,United States
2190,20,0,20,0,20,,2026-01-08 20:07:38,0,30,75442D,DEATH STAR,Farmersville Junior High School,Texas - Region 2,United States
2191,20,0,20,0,20,2025-12-13 20:56:51,2025-12-13 20:27:36,25,0,77774U,The Penguins,Madison Middle School,Mississippi,United States
2192,20,0,20,0,20,2025-12-05 22:16:23,2025-12-05 21:26:11,0,20,3333Y,Trumpet Ladies,Notre Dame Prep,Michigan,United States
2193,20,0,20,0,20,,2025-12-11 23:10:02,0,20,28466N,Frozen Nuggets,SPRINGS STUDIO FOR ACADEMIC EXCELLENCE,Colorado,United States
2194,20,0,20,0,20,,2026-01-17 19:36:57,0,20,8929R,Chair Benders,HEWES MIDDLE,California - Region 4,United States
2195,20,0,20,0,20,2025-12-13 20:00:45,2025-12-13 18:41:07,15,0,62730A,iMiddle- Bolt Blazers,OWENSBORO INNOVATION MIDDLE SCHOOL,Kentucky,United States
2196,20,0,20,0,20,,2025-11-21 23:32:37,0,15,7403A,Clanker Makers,CLEAR CREEK INT,Texas - Region 3,United States
2197,20,0,20,0,20,,2026-02-07 17:39:51,0,10,10820E,Titanium Vipers,WILLOW SPRINGS MIDDLE,Texas - Region 5,United States
2198,20,0,20,0,20,,2026-02-13 15:45:51,0,10,97778A,Rust and Bolts,TALLMADGE MIDDLE SCHOOL,Ohio,United States
2199,20,0,20,0,20,,2025-11-15 19:49:00,0,8,48329E,RoboKnights 48329E,SOUTHWOOD JR-SR HIGH SCHOOL,Indiana - Region 1 - North,United States
2200,20,0,20,0,20,,2025-11-15 21:21:41,0,8,27301E,Radish Bugs,Waianae Intermediate School,Hawaii,United States
2201,20,0,20,0,20,,2025-10-27 14:45:18,0,4,13000V,501,GRANDVILLE MIDDLE SCHOOL,Michigan,United States
2202,20,0,20,0,20,,2026-02-14 21:41:55,0,3,99500E,RoboBucsE,NEWELL BARNEY COLLEGE PREP,Arizona,United States
2203,20,0,20,0,20,,2026-01-24 16:10:43,0,2,46431A,Mechanical Mantis’,WEST SIDE CHRISTIAN SCHOOL,Michigan,United States
2204,20,0,20,0,20,,2025-10-27 14:01:16,0,1,13000H,701,GRANDVILLE MIDDLE SCHOOL,Michigan,United States
2205,20,0,20,0,20,2026-02-28 18:45:11,2026-01-17 18:22:27,53,0,57783C,Spearfish South DaCoders (MS),SPEARFISH MIDDLE SCHOOL - 05,South Dakota,United States
2206,20,0,20,0,20,2025-12-12 20:48:47,2025-11-22 20:49:33,47,0,11055B,Fire Fighters,Lone Star Middle School,Idaho,United States
2207,20,0,20,0,20,2026-02-28 16:44:52,2026-01-18 16:34:49,46,0,1898N,Nexus,MILTON ACADEMY,Massachusetts,United States
2208,20,0,20,0,20,2025-10-25 08:41:51,2025-10-25 05:46:16,0,0,8356A,8356A,Stemstar,East China,China
2209,20,0,20,0,20,2025-10-27 15:48:28,2025-10-27 15:29:02,0,0,13000Y,402,GRANDVILLE MIDDLE SCHOOL,Michigan,United States
2210,20,0,20,0,20,2025-11-22 18:05:59,2025-11-22 19:47:50,0,0,2586C,King Cobras,WASHINGTON MIDDLE SCHOOL,Michigan,United States
2211,20,0,20,0,20,2025-12-06 17:33:11,2025-12-06 17:27:53,0,0,1872A,QPCA - The Disco Snails,QUEEN OF PEACE CATHOLIC ACADEMY,Florida - North/Central,United States
2212,20,0,20,0,20,2026-01-17 17:32:29,2026-01-17 17:42:52,0,0,40684Y,Lava Chicken !,NAPOLEON MIDDLE SCHOOL,Michigan,United States
2213,20,0,20,0,20,2026-01-17 18:43:02,2026-01-17 18:38:05,0,0,87265G,Robo Ridge,Southridge School,British Columbia (BC),Canada
2214,20,0,20,0,20,2026-02-07 15:52:09,2026-02-07 18:36:10,0,0,18538B,MWMS02,Meadow Woods Middle School,Florida - North/Central,United States
2215,20,0,20,0,20,2026-02-07 17:52:03,2026-02-07 17:03:53,0,0,33848A,Tribot,Catholic High School,Louisiana,United States
2216,20,0,20,0,20,2026-02-14 16:41:44,2026-02-14 16:56:18,0,0,23301Y,The Cosmonauts,CHRIST CHAPEL ACADEMY,Virginia,United States
2217,20,0,20,0,20,2026-02-16 19:42:55,2026-02-16 18:39:28,0,0,75442H,RECLUSED COBRAS,Farmersville Junior High School,Texas - Region 2,United States
2218,20,0,20,0,20,2026-02-21 18:45:40,2026-02-21 17:19:12,0,0,8890F,IronRAMS F,DICKINSON (JOHN) HIGH SCHOOL,Delmarva,United States
2219,20,0,20,0,20,2026-02-21 20:19:18,2026-02-21 18:59:25,0,0,26000D,26000D,DERBY MIDDLE SCHOOL,Kansas,United States
2220,20,0,20,0,20,,2025-10-20 19:55:37,0,0,73805R,RPM Rebels,GERMANTOWN MIDDLE SCHOOL,Mississippi,United States
2221,20,0,20,0,20,,2025-10-22 20:30:35,0,0,9749B,THE TEAM,WOOD RIVER MIDDLE SCHOOL,Idaho,United States
2222,20,0,20,0,20,,2025-10-27 14:18:10,0,0,13000M,603,GRANDVILLE MIDDLE SCHOOL,Michigan,United States
2223,20,0,20,0,20,,2025-11-01 08:23:02,0,0,2769D,ByteForce,Canberra Secondary School,Singapore,Singapore
2224,20,0,20,0,20,,2025-11-01 16:30:11,0,0,81000A,Rubber Bandits,BAY CREEK MIDDLE SCHOOL,Georgia,United States
2225,20,0,20,0,20,,2025-11-03 17:58:49,0,0,75442E,SIX SEVEN LORDS,Farmersville Junior High School,Texas - Region 2,United States
2226,20,0,20,0,20,,2025-11-08 20:30:09,0,0,8614C,Mecha Munchkins,Bentonville Schools,Arkansas,United States
2227,20,0,20,0,20,,2025-11-15 16:52:58,0,0,2323J,Jaws,WEBER INNOVATION HIGH SCHOOL,Utah,United States
2228,20,0,20,0,20,,2025-11-15 17:39:24,0,0,51521B,Mc Jugger Nuggets,NORTH PARK ACADEMY OF THE ARTS,California - Region 4,United States
2229,20,0,20,0,20,,2025-11-15 18:09:52,0,0,42748B,Hub Cats,FLORENCE CHAPEL MIDDLE,South Carolina,United States
2230,20,0,20,0,20,,2025-11-19 07:40:33,0,0,81819E,Lore,Innovac Makerspace,Singapore,Singapore
2231,20,0,20,0,20,,2025-11-22 17:35:23,0,0,60667A,Underdawgs,Hancock Middle School,Michigan,United States
2232,20,0,20,0,20,,2025-11-22 20:35:12,0,0,11055C,Annihilators,Lone Star Middle School,Idaho,United States
2233,20,0,20,0,20,,2025-12-05 23:53:06,0,0,1434G,Dungeoneers,SPACE CENTER INT,Texas - Region 3,United States
2234,20,0,20,0,20,,2025-12-13 00:41:32,0,0,1055E,OPS - Duos,Beveridge Magnet Middle School,Nebraska,United States
2235,20,0,20,0,20,,2025-12-13 18:57:35,0,0,3324E,Supernova E,SCIENCE ACADEMY STEM MAGNET,California - Region 4,United States
2236,20,0,20,0,20,,2025-12-13 19:59:33,0,0,77775B,Funky Fried Banana Fries,MADISON MIDDLE SCHOOL,Mississippi,United States
2237,20,0,20,0,20,,2025-12-14 19:00:15,0,0,50395D,Bears D,BROADVIEW MIDDLE SCHOOL,Connecticut,United States
2238,20,0,20,0,20,,2025-12-15 20:12:05,0,0,3650C,Northeast Jaguars,NORTHEAST MIDDLE SCHOOL,Tennessee,United States
2239,20,0,20,0,20,,2026-01-10 15:57:35,0,0,4580E,"E. Russell Hicks VEX Huskies ",E. RUSSELL HICKS MIDDLE,Maryland,United States
2240,20,0,20,0,20,,2026-01-10 19:55:00,0,0,2701Y,Made in America,Franklin Christian Academy,Tennessee,United States
2241,20,0,20,0,20,,2026-01-15 17:33:49,0,0,594B,Corbulus,CS Naples Middle,Florida - South,United States
2242,20,0,20,0,20,,2026-01-17 18:59:58,0,0,18716C,Jerseys Toro Tech,FALFURRIAS J H,Texas - Region 6,United States
2243,20,0,20,0,20,,2026-01-17 21:46:39,0,0,67915B,SpaceBots,LAUNCH VIRTUAL ACADEMY,California - Region 4,United States
2244,20,0,20,0,20,,2026-01-22 20:52:17,0,0,71589A,Nerd Herd,MONOMOY REGIONAL MIDDLE SCHOOL,Massachusetts,United States
2245,20,0,20,0,20,,2026-01-24 16:39:42,0,0,8153B,Dino Nuggets,Hudsonville Robotics - Riley MS,Michigan,United States
2246,20,0,20,0,20,,2026-01-24 20:34:19,0,0,2502M,Melatonin,Playideasny Inc,New York-South,United States
2247,20,0,20,0,20,,2026-01-28 13:54:49,0,0,27858Z,More Stanbots,Stanborough School,United Kingdom,United Kingdom
2248,20,0,20,0,20,,2026-01-30 18:31:07,0,0,81207F,Fertile Beltrami Plaid,Fertile Beltrami Public Schools,Minnesota,United States
2249,20,0,20,0,20,,2026-01-31 16:22:46,0,0,61526F,St. Therese Robotics,ST THERESE SCHOOL,Missouri,United States
2250,20,0,20,0,20,,2026-01-31 18:52:10,0,0,34314F,The Flying Sea Rats,NIPHER MIDDLE,Missouri,United States
2251,20,0,20,0,20,,2026-02-01 16:12:35,0,0,99088R,Robotics Girls,BEMAN MIDDLE SCHOOL,Connecticut,United States
2252,20,0,20,0,20,,2026-02-01 16:48:19,0,0,17814B,King Bob,WESTON MIDDLE SCHOOL,Connecticut,United States
2253,20,0,20,0,20,,2026-02-05 22:38:38,0,0,29617D,Los Burritos,LAKEVIEW MIDDLE,South Carolina,United States
2254,20,0,20,0,20,,2026-02-06 20:20:22,0,0,5450D,Devious Daredevils,Marshall County Central High School,Minnesota,United States
2255,20,0,20,0,20,,2026-02-07 15:59:39,0,0,73805W,The Warheads,GERMANTOWN MIDDLE SCHOOL,Mississippi,United States
2256,20,0,20,0,20,,2026-02-07 16:51:17,0,0,15486R,Nameless,VISTA SCHOOL,Utah,United States
2257,20,0,20,0,20,,2026-02-07 16:55:48,0,0,77774N,The Van der Linde Gang,Madison Middle School,Mississippi,United States
2258,20,0,20,0,20,,2026-02-07 19:43:22,0,0,6047T,S. L. A. M.,WESTVIEW MIDDLE SCHOOL,Colorado,United States
2259,20,0,20,0,20,,2026-02-07 20:35:21,0,0,33157B,Warrior Robotics,"WESTMINSTER CHRISTIAN PRIVATE SCHOOL, INC.",Florida - South,United States
2260,20,0,20,0,20,,2026-02-07 20:50:08,0,0,10420A,Super Grain Cells,Norman Robotics Club,Oklahoma,United States
2261,20,0,20,0,20,,2026-02-08 08:56:21,0,0,21910C,Syntax Terror,Beau Soleil,Switzerland,Switzerland
2262,20,0,20,0,20,,2026-02-14 18:54:12,0,0,51332B,Steel Talons,Nagel Middle School,Ohio,United States
2263,20,0,20,0,20,,2026-02-14 19:24:27,0,0,421G,Indian Hill Robotics Club,INDIAN HILL MIDDLE SCHOOL,Ohio,United States
2264,20,0,20,0,20,,2026-02-21 15:05:29,0,0,1157C,BOT LOBBY,R. C. EDWARDS MIDDLE,South Carolina,United States
2265,20,0,20,0,20,,2026-02-21 17:26:47,0,0,25918Z,When Gravity Falls,Christa Mcauliffe Academy,Kansas,United States
2266,20,0,20,0,20,,2026-02-28 01:31:04,0,0,6844E,Hydronix (MS),MITCHELL HIGH SCHOOL,South Dakota,United States
2267,20,0,20,0,20,,2026-02-28 17:08:06,0,0,86266B,Naaʼatchʼííní (Warrior),DISHCHII'BIKOH COMMUNITY SCHOOL,Arizona,United States
2268,20,0,20,0,20,,2026-02-28 19:29:57,0,0,29649C,Cheese and Crackers,Collierville Middle School,Tennessee,United States
2269,20,0,20,0,20,,2026-02-28 20:39:16,0,0,1096D,Techno Panthers,Payne Junior High School,Arizona,United States
2270,20,0,20,0,20,,2026-03-14 21:05:25,0,0,1188F,Pink croissants,HADDAM-KILLINGWORTH MIDDLE SCHOOL,Connecticut,United States
2271,20,0,20,0,20,,2026-03-15 01:23:00,0,0,7690F,FJH Circuit Breakers,FRUITVALE JUNIOR HIGH,California - Region 3,United States
2272,19,15,4,15,19,2025-12-13 19:45:05,2026-03-14 17:55:44,54,7,6750A,Blazin' Cougars,SPRINGFIELD MIDDLE,Maryland,United States
2273,19,15,4,15,4,2026-02-28 17:49:33,2026-02-27 23:10:20,53,0,91707A,I Rise,I RISE Foundation,Arizona,United States
2274,19,0,19,15,19,2026-02-07 20:04:33,2026-01-31 19:34:15,59,0,61526B,ST Therese Robotics,ST THERESE SCHOOL,Missouri,United States
2275,19,0,19,15,19,2026-02-07 19:06:16,2026-02-21 15:39:51,0,0,22201E,Peanut Brains,PLEASANT VALLEY MIDDLE SCHOOL,Kansas,United States
2276,19,5,14,15,14,2026-02-03 07:47:22,2025-11-22 06:04:22,0,0,88885A,88885A,Stemstar,East China,China
2277,19,15,4,15,4,2025-08-27 04:32:15,2025-08-27 00:41:11,0,0,65100P,Dehydrated Water,"Pymble Ladies College, Sydney, Australia",Australia,Australia
2278,19,15,4,15,4,2026-02-14 20:41:55,2026-02-14 15:54:30,0,0,1113A,Crash-Bot 67626,RIPPON MIDDLE,Virginia,United States
2279,19,15,4,15,4,2026-02-28 16:50:10,2026-02-28 17:33:43,0,0,99331S,The OWLbert Einsteins,MEMPHIS UNIVERSITY SCHOOL,Tennessee,United States
2280,19,3,16,3,16,2026-01-04 21:50:46,2026-01-04 22:27:40,40,7,59200F,SPARK,India Community Center,California - Region 2,United States
2281,19,1,18,1,18,2026-03-01 11:44:31,2026-03-01 10:18:36,56,0,13359A,Sant Jordi Robòtics,Col·legi Sant Jordi,Spain,Spain
2282,19,1,18,1,18,2025-12-06 22:44:01,2025-12-06 21:56:39,54,0,89107A,Panther Bots,HYDE PARK MIDDLE SCHOOL,Nevada,United States
2283,19,0,19,1,19,2025-09-27 03:34:45,2025-11-07 08:56:15,0,0,50009Z,LW-Z,Guangzhou Liwan Children's Palace,South China,China
2284,19,1,18,1,18,2026-02-14 17:37:56,2026-02-14 18:28:09,0,0,1262D,OPS - Second to last E's,Bluestem Middle School,Nebraska,United States
2285,19,0,19,0,19,2026-02-21 22:35:42,2026-02-21 18:26:44,55,0,11462C,Tech Titans,GIBSON  ROBERT O MIDDLE SCHOOL LEADERSHIP ACADEMY,Nevada,United States
2286,19,0,19,0,19,2026-02-07 17:32:31,2026-02-07 20:47:20,54,0,8108D,Radioactive Cookies,NORTH JUNIOR HIGH,Minnesota,United States
2287,19,0,19,0,19,2026-01-31 18:44:52,2025-10-04 16:22:10,52,0,9413A,The Jolly Bees,STEAM ACADEMY @ BURKE,California - Region 4,United States
2288,19,0,19,0,19,2025-12-13 20:06:18,2025-12-13 20:03:04,0,0,73805U,Diabolical Electric Pickles,GERMANTOWN MIDDLE SCHOOL,Mississippi,United States
2289,19,0,19,0,19,2026-02-01 22:13:04,2026-02-01 22:11:26,0,0,19901A,Janitell Jagwires - TEAM A,JANITELL JUNIOR HIGH SCHOOL,Colorado,United States
2290,19,0,19,0,19,2026-02-14 16:36:11,2026-02-14 14:35:14,0,0,29651N,Nuclear Newts,BLUE RIDGE MIDDLE,South Carolina,United States
2291,19,0,19,0,19,,2025-10-05 07:03:44,0,0,8009K,乐凯战队,河北保定乐凯中学,North China,China
2292,19,0,19,0,19,,2025-11-01 12:29:08,0,0,29651E,Finger Lickin Fried Chicken,Blue Ridge Middle School,South Carolina,United States
2293,19,0,19,0,19,,2025-11-08 17:36:11,0,0,51648A,The Muffin Men,MAPLEWOOD MIDDLE SCHOOL,Louisiana,United States
2294,19,0,19,0,19,,2025-11-15 16:54:46,0,0,42748C,Gear Heads,Florence Chapel Middle School,South Carolina,United States
2295,19,0,19,0,19,,2025-11-15 18:59:19,0,0,8512A,Nuts and Bolts,MURCHISON MIDDLE,Texas - Region 4,United States
2296,19,0,19,0,19,,2025-11-15 20:14:26,0,0,3650B,Northeast Jaguars,NORTHEAST MIDDLE SCHOOL,Tennessee,United States
2297,19,0,19,0,19,,2025-11-25 00:16:06,0,0,97311G,Unemployed,DUNCAN LAKE MIDDLE SCHOOL,Michigan,United States
2298,19,0,19,0,19,,2026-01-02 15:25:16,0,0,40614E,Robo Rising,International Academy of Cincinnati,Ohio,United States
2299,19,0,19,0,19,,2026-01-10 14:57:06,0,0,23001C,Robo Bears 3,TWIN RIVERS MIDDLE SCHOOL,Georgia,United States
2300,19,0,19,0,19,,2026-01-17 01:26:08,0,0,40471A,Steamcats2,TWENTYNINE PALMS JUNIOR HIGH,California - Region 3,United States
2301,19,0,19,0,19,,2026-01-17 18:47:09,0,0,67915A,Rockets MS,LAUNCH VIRTUAL ACADEMY,California - Region 4,United States
2302,19,0,19,0,19,,2026-01-18 22:26:34,0,0,6845G,Advanced Lego Pieces,GOLDEN WEST MIDDLE,California - Region 2,United States
2303,19,0,19,0,19,,2026-01-24 18:38:52,0,0,80S,VEXMEN: Storm,Brandywine Robotics,Pennsylvania - East,United States
2304,19,0,19,0,19,,2026-01-31 17:30:10,0,0,1706A,Nova FSE,Frontier School of Excellence,Missouri,United States
2305,19,0,19,0,19,,2026-01-31 17:31:11,0,0,603C,BIOHAZARD,BELMONT HIGH SCHOOL,New Hampshire/Vermont,United States
2306,19,0,19,0,19,,2026-01-31 18:05:43,0,0,24356A,Robotic Lions,Rogers Park Middle School,Connecticut,United States
2307,19,0,19,0,19,,2026-01-31 18:41:26,0,0,5971C,Compton Junior High,COMPTON JUNIOR HIGH,California - Region 3,United States
2308,19,0,19,0,19,,2026-02-14 14:43:36,0,0,55430A,Wireback Central,T.E. MABRY MIDDLE,South Carolina,United States
2309,19,0,19,0,19,,2026-02-14 19:14:32,0,0,95843B,Byte Force,Parent Associated for Gifted Education Inc,Ohio,United States
2310,19,0,19,0,19,,2026-02-14 20:37:23,0,0,8614B,Bananas,Bentonville Schools,Arkansas,United States
2311,19,0,19,0,19,,2026-02-21 14:17:56,0,0,43011D,Dextensity,CENTERBURG HIGH SCHOOL,Ohio,United States
2312,19,0,19,0,19,,2026-02-21 15:39:05,0,0,43011A,The Johnathans,CENTERBURG MIDDLE SCHOOL,Ohio,United States
2313,19,0,19,0,19,,2026-02-21 16:46:17,0,0,32740C,VEXperts,Donnell Middle School,Ohio,United States
2314,19,0,19,0,19,,2026-02-21 20:56:58,0,0,97386A,La Cucaracha,Robinson Middle School,Kansas,United States
2315,19,0,19,0,19,,2026-02-28 19:35:55,0,0,15290F,Scalettes,Campbell Drive K-8 Center,Florida - South,United States
2316,19,0,19,0,19,,2026-03-01 15:59:18,0,0,90242E,York RoboStorm,The York School,Ontario,Canada
2317,18,15,3,15,4,2026-01-18 23:05:05,2025-12-13 03:55:31,59,0,6845F,Robo Guppies,GOLDEN WEST MIDDLE,California - Region 2,United States
2318,18,15,3,15,4,2026-02-07 21:40:41,2026-01-11 21:46:39,56,0,2150S,Chadwick Robotics S,CHADWICK SCHOOL,California - Region 4,United States
2319,18,15,3,15,5,2026-02-28 16:56:05,2025-10-18 15:57:13,55,0,83009J,The Pancakes,BAILEY MIDDLE SCHOOL,Texas - Region 4,United States
2320,18,15,3,15,11,2026-02-07 19:32:47,2026-03-14 18:06:19,53,0,5769B,American Drive,PICCOWAXEN MIDDLE SCHOOL,Maryland,United States
2321,18,15,3,15,3,2026-01-24 15:12:54,2026-01-24 18:29:32,48,0,11581M,Jurassic Spark,PLAINWELL MIDDLE SCHOOL,Michigan,United States
2322,18,15,3,15,16,2026-03-14 20:44:34,2025-10-25 14:14:57,47,0,8878G,Ghost peppers,Jockey Hollow Stem Program,Connecticut,United States
2323,18,15,3,15,16,2025-11-21 15:13:04,2025-11-08 17:40:23,50,0,77360H,Middlecat2,ONALASKA JR/SR HIGH,Texas - Region 3,United States
2324,18,0,18,15,18,2026-02-14 19:10:29,2025-12-06 21:02:40,0,0,2037D,Dragon Robotics,DOWNTOWN ELEMENTARY,California - Region 3,United States
2325,18,15,3,15,17,2026-02-21 17:54:15,2026-03-07 18:01:23,0,0,9039N,Nuclear Nuggets,BrandywineBOTS,Delmarva,United States
2326,18,15,3,15,3,2026-01-28 14:55:17,2026-01-28 13:35:03,0,0,85948C,"The Illative Engineers (Fides, Cor et Machina)",The John Henry Newman School,United Kingdom,United Kingdom
2327,18,3,15,3,15,2026-02-21 02:25:21,2026-02-21 22:56:45,0,58,2918X,GCEC,Glenfield College,New Zealand,New Zealand
2328,18,1,17,1,17,2026-01-31 20:43:58,2026-01-31 20:43:31,45,5,6845D,X-Bots 360,GOLDEN WEST MIDDLE,California - Region 2,United States
2329,18,1,17,1,17,2026-02-14 19:54:06,2026-02-28 18:47:35,47,6,80C,VEXMEN: Colossus,Brandywine Robotics Inc.,Pennsylvania - East,United States
2330,18,0,18,0,18,2026-02-27 15:33:22,2026-02-27 19:25:52,35,0,76249A,Mech Masters,ELKVIEW MIDDLE SCHOOL,West Virginia,United States
2331,18,0,18,0,18,,2026-01-31 22:01:47,0,18,29244A,Big Boy Bots,PINE SCHOOL,Louisiana,United States
2332,18,0,18,0,18,,2026-02-21 21:31:36,0,10,95658B,Short Circuits - Hawks 95658 Green,Harvest Ridge Cooperative Charter,California - Region 2,United States
2333,18,0,18,0,18,,2026-02-07 21:59:45,0,4,295X,PART X,Placer Robotics (PART),California - Region 2,United States
2334,18,0,18,0,18,,2025-12-13 21:33:14,0,3,3324F,Supernova Fusion,The Science Academy STEM Magnet,California - Region 4,United States
2335,18,0,18,0,18,2025-11-15 02:50:23,2025-12-06 23:42:05,55,0,31260Y,Underclocked,Camberwell Grammar School,Australia,Australia
2336,18,0,18,0,18,2025-10-18 16:49:39,2025-10-18 16:45:10,0,0,48643B,The Yiga Clan,SPROUL JUNIOR HIGH SCHOOL,Colorado,United States
2337,18,0,18,0,18,2025-10-25 03:17:36,2025-10-25 07:50:43,0,0,18962U,Limitless Drive,No.2 Middle School Affiliated to Shanghai Jiao Tong University,East China,China
2338,18,0,18,0,18,2026-02-28 19:27:14,2026-02-28 20:05:39,0,0,8512C,Saha Bois,MURCHISON MIDDLE,Texas - Region 4,United States
2339,18,0,18,0,18,,2025-10-11 20:54:38,0,0,8975A,Chipman Robotics A - Auto-Monkeys,CHIPMAN JUNIOR HIGH,California - Region 3,United States
2340,18,0,18,0,18,,2025-10-25 17:11:55,0,0,23087A,Saratino,Saratino,California - Region 2,United States
2341,18,0,18,0,18,,2025-11-22 15:44:08,0,0,1383B,VLI Probably Inoperable,VICTORY LAKES INT,Texas - Region 3,United States
2342,18,0,18,0,18,,2025-11-22 19:01:27,0,0,2088V,WM,Western Mechatronics Robotics Club,Alberta/Saskatchewan,Canada
2343,18,0,18,0,18,,2025-11-28 23:59:00,0,0,2996C,Brawl stars,Bestcoder,New Zealand,New Zealand
2344,18,0,18,0,18,,2025-12-06 00:45:42,0,0,6572E,Creekside Intermediate,CREEKSIDE INT,Texas - Region 3,United States
2345,18,0,18,0,18,,2025-12-06 15:54:35,0,0,12909W,WireWasps,FOUNTAIN MIDDLE SCHOOL,Colorado,United States
2346,18,0,18,0,18,,2025-12-06 16:14:45,0,0,10058D,Mecha Eagles,CORAL ACADEMY OF SCIENCE LAS VEGAS - Cadence,Nevada,United States
2347,18,0,18,0,18,,2025-12-06 19:31:58,0,0,18000B,Iron Patriots -,Sullivan East Middle School,Tennessee,United States
2348,18,0,18,0,18,,2025-12-06 19:36:42,0,0,70149A,Steel Panthers,IMMACULATE CONCEPTION CATHEDRAL SCHOOL,Louisiana,United States
2349,18,0,18,0,18,,2025-12-07 06:28:05,0,0,4139E,in progress…,Steam Labs Technology and Robotics Studio,Thailand,Thailand
2350,18,0,18,0,18,,2025-12-11 13:20:41,0,0,60027X,Resovia Golden Stars,Zespół Szkolno-Przedszkolny Nr 6 w Rzeszowie,Poland,Poland
2351,18,0,18,0,18,,2025-12-13 14:58:06,0,0,43160J,Wuthering Heights,WASHINGTON MIDDLE SCHOOL,Ohio,United States
2352,18,0,18,0,18,,2025-12-13 19:44:00,0,0,94773B,Rancho Star-Bots,RANCHO-STARBUCK INTERMEDIATE,California - Region 4,United States
2353,18,0,18,0,18,,2025-12-20 18:39:40,0,0,6964C,River Valley RADs,River Valley Technical Center,New Hampshire/Vermont,United States
2354,18,0,18,0,18,,2026-01-10 16:16:15,0,0,74361M,Pryor,PRYOR PUBLIC SCHOOLS,Oklahoma,United States
2355,18,0,18,0,18,,2026-01-10 18:27:02,0,0,26263A,Team Tigers,Starr-iva Middle School,South Carolina,United States
2356,18,0,18,0,18,,2026-01-17 07:58:50,0,0,98192B,Ctrl+Alt+Defeat,Utahloy International School Guangzhou,South China,China
2357,18,0,18,0,18,,2026-01-17 17:02:56,0,0,69414G,G.O.A.T.E.D,ANNIE CAMP JR. HIGH SCHOOL,Arkansas,United States
2358,18,0,18,0,18,,2026-01-17 21:16:48,0,0,77938C,MVA Robotics,MAR VISTA ACADEMY,California - Region 4,United States
2359,18,0,18,0,18,,2026-01-17 22:07:04,0,0,9806C,Crusaderbots,BONITA VISTA MIDDLE,California - Region 4,United States
2360,18,0,18,0,18,,2026-01-18 17:00:15,0,0,4344C,Metal Nerds,1 Lt Charles W. Whitcomb School,Massachusetts,United States
2361,18,0,18,0,18,,2026-01-23 03:04:12,0,0,5868K,REVOLUTION MAKER,PUI CHING MIDDLE SCHOOL MACAU,Macau,Macau
2362,18,0,18,0,18,,2026-01-24 05:19:14,0,0,21533P,Pitogo Thunderbots B,Pitogo High School,Philippines,Philippines
2363,18,0,18,0,18,,2026-01-24 18:53:13,0,0,6356E,Eponymous,TRAIL RIDGE MIDDLE SCHOOL,Colorado,United States
2364,18,0,18,0,18,,2026-01-31 10:23:02,0,0,2071F,RQ - ZayedCom,Rubu Qarn,United Arab Emirates,United Arab Emirates
2365,18,0,18,0,18,,2026-01-31 16:09:09,0,0,25918B,25918B,Christa Mcauliffe Academy,Kansas,United States
2366,18,0,18,0,18,,2026-01-31 20:55:30,0,0,61982D,Top Bananas,GORDON SCHOOL,Texas - Region 5,United States
2367,18,0,18,0,18,,2026-02-07 16:36:22,0,0,1832B,Seaside Sharks,Seaside Neighborhood Schools,Florida - North/Central,United States
2368,18,0,18,0,18,,2026-02-07 18:56:22,0,0,80823B,Bulldogs 2.0,New Haven Junior High School,Indiana - Region 1 - North,United States
2369,18,0,18,0,18,,2026-02-07 20:27:16,0,0,75605C,Christian Heritage M2,CHRISTIAN HERITAGE CLASSICAL SCHOOL,Texas - Region 2,United States
2370,18,0,18,0,18,,2026-02-13 18:25:49,0,0,44316B,the Ducklings,RED LICK MIDDLE,Texas - Region 2,United States
2371,18,0,18,0,18,,2026-02-13 23:52:05,0,0,4611V,Team V,Robot Revolution MS,New Jersey,United States
2372,18,0,18,0,18,,2026-02-14 18:26:42,0,0,99182K,Kwassaun,Cupertino STEM,California - Region 2,United States
2373,18,0,18,0,18,,2026-02-14 18:57:11,0,0,6568B,The Collectors,RONALD WILSON REAGAN MIDDLE,Virginia,United States
2374,18,0,18,0,18,,2026-02-14 19:27:10,0,0,15867C,Girls in Gear,Hanahan Middle School,South Carolina,United States
2375,18,0,18,0,18,,2026-02-14 20:24:55,0,0,1481D,The Royalty,Gainesville Middle School,Virginia,United States
2376,18,0,18,0,18,,2026-02-15 18:59:27,0,0,17641W,Crash Test Chummies,CGPS Middle School,New York-South,United States
2377,18,0,18,0,18,,2026-02-21 16:23:34,0,0,32160B,BroBots,Marnel C. Moorman School,Kentucky,United States
2378,18,0,18,0,18,,2026-02-21 17:44:11,0,0,466D,466D - The Lebot James,CENTRAL MIDDLE SCHOOL,Texas - Region 3,United States
2379,18,0,18,0,18,,2026-02-21 18:34:20,0,0,72801C,Circuit Breakers,RUSSELLVILLE JR. HIGH SCHOOL,Arkansas,United States
2380,18,0,18,0,18,,2026-02-27 18:20:26,0,0,25177B,Talk Nerdy To Me,Hayes Middle School,West Virginia,United States
2381,18,0,18,0,18,,2026-02-28 14:44:48,0,0,255Z,Norristown Robotics - Z,NORRISTOWN AREA MIDDLE SCHOOL,Pennsylvania - East,United States
2382,17,15,2,15,2,2025-10-18 04:01:14,2025-10-18 00:52:07,60,0,4613C,X-Bots,Barker College,Australia,Australia
2383,17,15,2,15,16,2026-03-14 14:42:01,2026-02-14 17:28:31,53,0,42863Z,Dragonoid Warriors,Greens Farms Academy,Connecticut,United States
2384,17,0,17,15,17,2026-02-22 20:03:07,2026-02-08 17:23:08,0,0,85672A,The Langley School A,The Langley School,Virginia,United States
2385,17,15,2,15,16,2025-12-06 19:47:39,2025-11-15 21:45:20,0,10,6446A,Royal Robotics 6446A,RANCHO DEL REY MIDDLE,California - Region 4,United States
2386,17,15,2,15,4,2026-02-21 17:05:05,2026-02-07 20:05:16,0,0,2036D,Taco Kitten Destroyer,WILBUR MIDDLE SCHOOL,Kansas,United States
2387,17,15,2,15,2,2026-02-27 22:46:37,2026-02-27 17:15:53,0,0,18591F,Steel Hawks,Fremont H Teed Middle School,Idaho,United States
2388,17,1,16,1,16,2025-10-25 04:54:15,2025-10-25 03:25:26,50,41,13818X,QRCA,AAA Training and Tuition (RTO 46396),Australia,Australia
2389,17,0,17,1,17,2026-02-21 22:03:35,2026-01-24 18:21:14,56,0,75693C,The Golden Comets,MIKE OCALLAGHAN MIDDLE SCHOOL,Nevada,United States
2390,17,0,17,0,17,2026-01-17 18:05:29,2026-01-17 17:23:16,53,6,7187T,Pull Forward,FAYETTEVILLE HIGH SCHOOL EAST,Arkansas,United States
2391,17,0,17,0,17,2026-02-28 18:22:06,2026-02-28 17:06:50,56,0,19085G,BRMS Team G,Black Rock Middle School,Pennsylvania - East,United States
2392,17,0,17,0,17,2026-01-04 23:15:40,2026-01-05 00:33:55,50,0,59200G,Twistrz,India Community Center,California - Region 2,United States
2393,17,0,17,0,17,2026-01-17 17:21:46,2026-01-17 17:07:59,46,0,6845A,Kung Fu Lizards,GOLDEN WEST MIDDLE,California - Region 2,United States
2394,17,0,17,0,17,,2026-02-14 19:46:36,0,39,25210A,WMS_25210A,"Woodcreek Middle School, Humble ISD.",Texas - Region 3,United States
2395,17,0,17,0,17,,2025-11-15 18:57:33,0,12,14323K,Metal Knights,FAIRBANKS MIDDLE SCHOOL,Ohio,United States
2396,17,0,17,0,17,,2025-12-06 19:33:39,0,12,61170A,The Cool People,SOUTH JUNIOR HIGH,Minnesota,United States
2397,17,0,17,0,17,,2025-11-20 19:01:57,0,9,97435C,MetalHeads,PIZITZ MIDDLE SCHOOL,Alabama,United States
2398,17,0,17,0,17,,2025-11-08 18:29:15,0,8,90235A,ATOMIC,S. J. WELSH MIDDLE SCHOOL,Louisiana,United States
2399,17,0,17,0,17,,2025-12-13 23:10:01,0,5,56860A,The Tanks,BRIXNER JUNIOR HIGH SCHOOL,Oregon,United States
2400,17,0,17,0,17,,2026-01-05 00:19:54,0,4,59200C,Empire of automatons,India Community Center,California - Region 2,United States
2401,17,0,17,0,17,,2025-12-06 17:51:46,0,1,20944A,The Apollo Martians,APOLLO MIDDLE SCHOOL,Florida - South,United States
2402,17,0,17,0,17,2026-02-28 21:51:05,2026-02-14 19:13:53,56,0,42239Z,The Panthers,SILOAM SPRINGS MIDDLE SCHOOL,Arkansas,United States
2403,17,0,17,0,17,2026-02-27 18:27:06,2026-01-23 16:48:28,52,0,28991Z,Bulldog Bionics,DUNBAR MIDDLE SCHOOL,West Virginia,United States
2404,17,0,17,0,17,2026-01-10 14:18:10,2026-01-10 18:22:55,0,0,1660C,Joy Bots,Clover Middle School,South Carolina,United States
2405,17,0,17,0,17,2026-01-17 16:59:52,2026-01-17 17:01:38,0,0,34314E,The Tech Titans,NIPHER MIDDLE,Missouri,United States
2406,17,0,17,0,17,2026-01-24 20:12:12,2026-01-24 01:16:35,0,0,6356A,Souls of the Phoenix,TRAIL RIDGE MIDDLE SCHOOL,Colorado,United States
2407,17,0,17,0,17,2026-01-31 17:14:13,2026-01-31 17:44:32,0,0,27457A,TRUMAN VEX,TRUMAN MIDDLE,New Mexico,United States
2408,17,0,17,0,17,2026-02-14 16:53:15,2026-02-14 15:07:38,0,0,31114C,Drop It Like It's Bot,BLACKFORD JUNIOR SENIOR  HIGH SCHOOL,Indiana - Region 1 - North,United States
2409,17,0,17,0,17,2026-02-21 18:49:52,2026-02-21 18:38:45,0,0,97310A,Driving U Nuts,LOVELAND MIDDLE SCHOOL,Ohio,United States
2410,17,0,17,0,17,,2025-08-12 01:12:28,0,0,52050D,Astro Chaos,Aquinas College,Australia,Australia
2411,17,0,17,0,17,,2025-10-11 21:01:41,0,0,15302A,Lynx Robotics,Lincoln Junior High School.,California - Region 3,United States
2412,17,0,17,0,17,,2025-10-25 18:22:47,0,0,15486D,Royal Flush,VISTA SCHOOL,Utah,United States
2413,17,0,17,0,17,,2025-11-01 13:59:22,0,0,29651B,Blooming Bots,Blue Ridge Middle School,South Carolina,United States
2414,17,0,17,0,17,,2025-11-08 16:58:46,0,0,52102C,The Undertakers,SOUTH GIRARD SCHOOL,Alabama,United States
2415,17,0,17,0,17,,2025-11-15 18:14:22,0,0,28466R,Artic Sharks,SPRINGS STUDIO FOR ACADEMIC EXCELLENCE,Colorado,United States
2416,17,0,17,0,17,,2025-11-15 19:16:33,0,0,94773A,Rancho Star-Bots,RANCHO-STARBUCK INTERMEDIATE,California - Region 4,United States
2417,17,0,17,0,17,,2025-11-21 18:15:51,0,0,30202A,Thunder Falcons,Perryville Middle School,Delmarva,United States
2418,17,0,17,0,17,,2025-11-21 18:56:43,0,0,25312C,The Einstein's,SISSONVILLE MIDDLE SCHOOL,West Virginia,United States
2419,17,0,17,0,17,,2025-11-22 16:52:53,0,0,1383C,VLI: Kill Switch,VICTORY LAKES INT,Texas - Region 3,United States
2420,17,0,17,0,17,,2025-12-06 00:26:03,0,0,7403C,Men in Slacks,CLEAR CREEK INT,Texas - Region 3,United States
2421,17,0,17,0,17,,2025-12-06 15:45:37,0,0,93528A,Kraftwork,Colorado Early Colleges Fort Collins Middle School,Colorado,United States
2422,17,0,17,0,17,,2025-12-06 18:44:45,0,0,5965B,Eaglebots,CLEAR LAKE INT,Texas - Region 3,United States
2423,17,0,17,0,17,,2025-12-13 20:46:18,0,0,76426T,Tech Titans,BRYSON SCHOOL,Texas - Region 5,United States
2424,17,0,17,0,17,,2025-12-13 21:34:46,0,0,11462S,Powerhouse Pancakes,GIBSON  ROBERT O MIDDLE SCHOOL LEADERSHIP ACADEMY,Nevada,United States
2425,17,0,17,0,17,,2025-12-14 07:47:54,0,0,44532J,SLT2,新竹縣立勝利國中,Chinese Taipei,Taiwan
2426,17,0,17,0,17,,2025-12-17 22:26:23,0,0,44442B,44442B,SPRINGFIELD INTERMEDIATE MIDDLE SCHOOL,Ohio,United States
2427,17,0,17,0,17,,2026-01-04 19:57:40,0,0,59200R,Eggheads,India Community Center,California - Region 2,United States
2428,17,0,17,0,17,,2026-01-10 14:19:46,0,0,1660D,The Rustbucket Warriors,Clover Middle School,South Carolina,United States
2429,17,0,17,0,17,,2026-01-10 14:23:38,0,0,29449D,Giga Gremlins,HAUT GAP MIDDLE,South Carolina,United States
2430,17,0,17,0,17,,2026-01-10 16:07:54,0,0,97605D,No License,PORTAGE NORTH MIDDLE SCHOOL,Michigan,United States
2431,17,0,17,0,17,,2026-01-10 17:50:23,0,0,1157F,Pink Panthers,R. C. EDWARDS MIDDLE,South Carolina,United States
2432,17,0,17,0,17,,2026-01-10 19:10:27,0,0,8929B,Blue,HEWES MIDDLE,California - Region 4,United States
2433,17,0,17,0,17,,2026-01-10 19:44:24,0,0,33613S,Team Solaris,CARROLLWOOD DAY SCHOOL,Florida - North/Central,United States
2434,17,0,17,0,17,,2026-01-24 19:25:07,0,0,90014D,Springhouse Middle School,Springhouse Middle School,Pennsylvania - East,United States
2435,17,0,17,0,17,,2026-01-31 16:33:00,0,0,587Y,Y,LINCOLN JUNIOR HIGH SCHOOL,Indiana - Region 1 - North,United States
2436,17,0,17,0,17,,2026-01-31 19:19:40,0,0,91625E,Brea Botcats AKNUB ABOO,Brea Junior High School,California - Region 4,United States
2437,17,0,17,0,17,,2026-01-31 20:11:05,0,0,95694A,Winters Middle School Cardinals,WINTERS MIDDLE,California - Region 2,United States
2438,17,0,17,0,17,,2026-01-31 20:34:36,0,0,10230B,Bravo,SEQUOIA MIDDLE,California - Region 3,United States
2439,17,0,17,0,17,,2026-02-07 16:08:38,0,0,20250B,Just The Two Of Us,Garland ISD - Jackson Technology Center,Texas - Region 5,United States
2440,17,0,17,0,17,,2026-02-07 17:05:32,0,0,31389A,JAMR,SANTAN JUNIOR HIGH SCHOOL,Arizona,United States
2441,17,0,17,0,17,,2026-02-07 17:42:16,0,0,71610S,I.EAT.DIRT,"Gordon Parks Academy ",Kansas,United States
2442,17,0,17,0,17,,2026-02-07 17:55:34,0,0,10012A,Ten Ton,West Vancouver School District,British Columbia (BC),Canada
2443,17,0,17,0,17,,2026-02-07 19:39:55,0,0,10385D,Cycle-Breakers,"Texas Robotics Alliance ",Texas - Region 6,United States
2444,17,0,17,0,17,,2026-02-07 20:30:29,0,0,20401B,The Milwaukee Project,Flagstaff Academy,Colorado,United States
2445,17,0,17,0,17,,2026-02-14 15:07:36,0,0,13115A,Episode 5,FAIRFOREST MIDDLE,South Carolina,United States
2446,17,0,17,0,17,,2026-02-14 15:28:18,0,0,33249E,Arcturus System,BOB JONES ACADEMY MIDDLE SCHOOL,South Carolina,United States
2447,17,0,17,0,17,,2026-02-14 19:04:51,0,0,47418A,Boonsboro Middle Robotics Club,Boonsboro Middle School,Maryland,United States
2448,17,0,17,0,17,,2026-02-15 17:53:21,0,0,17641V,Circuit Breakers,CGPS Middle School,New York-South,United States
2449,17,0,17,0,17,,2026-02-21 17:03:56,0,0,40614F,The Electrocharged,International Academy of Cincinnati,Ohio,United States
2450,17,0,17,0,17,,2026-02-21 17:18:45,0,0,98648B,Cyber Rooks,PALMETTO MIDDLE,South Carolina,United States
2451,17,0,17,0,17,,2026-02-21 17:20:50,0,0,25900A,The Talos Crew,ALLISON TRADITIONAL MAGNET MIDDLE ROBOTICS,Kansas,United States
2452,17,0,17,0,17,,2026-02-21 17:40:36,0,0,97386B,Timmy The Fifth,Robinson Middle School,Kansas,United States
2453,17,0,17,0,17,,2026-02-21 18:12:53,0,0,2036A,B Shoppin!,WILBUR MIDDLE SCHOOL,Kansas,United States
2454,17,0,17,0,17,,2026-02-21 18:45:11,0,0,8871D,The Mangoes,Walter Johnson Junior High School,Nevada,United States
2455,17,0,17,0,17,,2026-02-21 19:30:12,0,0,9142Y,Y-bound,Will Rogers Junior High,Oklahoma,United States
2456,17,0,17,0,17,,2026-02-21 23:51:10,0,0,59200K,RoboNex,India Community Center,California - Region 2,United States
2457,17,0,17,0,17,,2026-02-26 03:12:11,0,0,95694D,Winters Middle School Cardinals,WINTERS MIDDLE,California - Region 2,United States
2458,17,0,17,0,17,,2026-02-28 16:01:02,0,0,90014A,Springhouse Middle School,"Springhouse Middle School ",Pennsylvania - East,United States
2459,17,0,17,0,17,,2026-02-28 16:12:55,0,0,33114Y,Bolt Titanz,Hidayah Academy,Virginia,United States
2460,17,0,17,0,17,,2026-02-28 17:53:03,0,0,41116A,"CCJHS ",Corydon Central Junior High School,Indiana - Region 3 - South,United States
2461,17,0,17,0,17,,2026-02-28 17:59:43,0,0,46151R,JRW Robot Racers,JOHN R. WOODEN MIDDLE SCHOOL,Indiana - Region 2 - Central,United States
2462,17,0,17,0,17,,2026-02-28 18:33:44,0,0,20025A,Innovation Robotics-,INNOVATION ACADEMY of Robertson County,Tennessee,United States
2463,17,0,17,0,17,,2026-02-28 19:49:27,0,0,19991C,BevosBot,TEXAS SCHOOL FOR THE DEAF,Texas - Region 4,United States
2464,17,0,17,0,17,,2026-03-07 17:14:45,0,0,30202H,Elkton Middle School,Elkton Middle School,Delmarva,United States
2465,16,15,1,15,1,2025-10-18 03:30:49,2025-10-18 00:07:56,59,0,46131A,The intergalactic fish,Barker College,Australia,Australia
2466,16,15,1,15,1,2026-01-31 20:09:23,2026-01-31 19:40:02,58,0,91625H,Brea Botcats Kachow,Brea Junior High School,California - Region 4,United States
2467,16,0,16,15,16,2025-12-13 18:31:49,2026-01-31 19:45:05,0,0,89147D,The Circuit Breakerz,Goddard Middle School,Kansas,United States
2468,16,15,1,15,15,2025-12-06 20:44:04,2025-11-08 17:48:14,0,0,6047J,Resistance is Futile,WESTVIEW MIDDLE SCHOOL,Colorado,United States
2469,16,15,1,15,7,2026-02-14 01:32:48,2026-03-14 16:24:22,0,0,4611F,Flaming Arrows,Robot Revolution MS,New Jersey,United States
2470,16,15,1,15,3,2026-02-21 18:07:02,2025-12-13 18:26:07,0,0,20468C,Hog Riders,Brooks Magnet Middle School,Kansas,United States
2471,16,15,1,15,2,2026-02-21 19:52:14,2026-02-07 19:27:27,0,0,22201P,Bandaholics,PLEASANT VALLEY MIDDLE SCHOOL,Kansas,United States
2472,16,15,1,15,1,2025-09-23 06:46:15,2025-09-23 07:03:20,0,0,4613H,Barker Big Macs,Barker College,Australia,Australia
2473,16,0,16,5,16,2026-01-31 19:18:43,2026-02-07 20:39:52,0,0,31001C,The Chaos Crib,DERBY NORTH MIDDLE SCHOOL,Kansas,United States
2474,16,0,16,1,16,2026-01-04 19:46:47,2026-01-31 19:45:39,44,0,59200D,TECHNOTRONS,India Community Center,California - Region 2,United States
2475,16,1,15,1,15,2026-02-28 16:56:40,2026-02-28 17:55:22,0,0,29649A,The Dino Nuggets,Collierville Middle School,Tennessee,United States
2476,16,0,16,0,16,2026-03-01 16:47:18,2026-03-01 16:39:53,51,10,5298D,DangerBot,The Bishop Strachan School,Ontario,Canada
2477,16,0,16,0,16,2026-02-06 09:57:01,2026-02-06 09:43:58,54,5,5039D,CMT-J2,TWGHS Chang Ming Thien College,Hong Kong,Hong Kong
2478,16,0,16,0,16,2026-02-28 19:15:42,2026-03-01 20:03:15,50,0,7517A,GVMS Robotics 7517A - Antimatter,GREAT VALLEY MIDDLE SCHOOL,Pennsylvania - East,United States
2479,16,0,16,0,16,,2026-01-02 15:01:50,0,40,44654D,Power Puff Peoples,WEST HOLMES MIDDLE SCHOOL,Ohio,United States
2480,16,0,16,0,16,,2026-01-31 17:54:41,0,18,22847D,A Better Name than That,FAIRMONT JR./SR. HIGH SCHOOL,Minnesota,United States
2481,16,0,16,0,16,,2025-11-19 21:22:04,0,17,63857C,Mashpee Middle High School,Mashpee High School,Massachusetts,United States
2482,16,0,16,0,16,,2026-01-24 21:34:23,0,11,54140D,Gummy Girls,Little Chute School District,Wisconsin,United States
2483,16,0,16,0,16,,2026-01-17 20:28:46,0,9,4670C,Flaming Dragons,SUMMIT MIDDLE CHARTER SCHOOL,Colorado,United States
2484,16,0,16,0,16,2026-02-21 15:50:49,2026-02-21 19:41:12,6,0,89147B,GearStorm,Goddard Middle School,Kansas,United States
2485,16,0,16,0,16,,2025-12-13 16:10:56,0,4,43160M,Tungsten,WASHINGTON MIDDLE SCHOOL,Ohio,United States
2486,16,0,16,0,16,,2026-01-05 00:09:08,0,3,59200N,The VEXecutors,India Community center,California - Region 2,United States
2487,16,0,16,0,16,2025-12-21 18:21:33,2026-02-28 17:50:00,45,0,8025B,Locke Monsters Robotics,LOCKE MIDDLE,Massachusetts,United States
2488,16,0,16,0,16,2025-11-20 18:46:19,2026-02-07 17:57:46,42,0,33848Z,Sam's Club,Catholic High School,Louisiana,United States
2489,16,0,16,0,16,2025-12-13 19:58:45,2025-12-13 19:58:20,0,0,9545R,Rangers,ROLAND MIDDLE SCHOOL,Oklahoma,United States
2490,16,0,16,0,16,2026-02-07 15:44:28,2026-02-07 19:56:25,0,0,85963B,SeaHawks 2,POTOMAC SHORES MIDDLE,Virginia,United States
2491,16,0,16,0,16,2026-02-07 16:59:31,2026-02-07 17:01:22,0,0,15486C,Clankers,VISTA SCHOOL,Utah,United States
2492,16,0,16,0,16,2026-02-07 19:20:48,2026-02-07 14:39:39,0,0,21434D,Legacy Jets 4,LEGACY MIDDLE,Florida - North/Central,United States
2493,16,0,16,0,16,2026-02-14 20:44:05,2026-02-14 20:03:49,0,0,99331W,MUS Robotics,MEMPHIS UNIVERSITY SCHOOL,Tennessee,United States
2494,16,0,16,0,16,2026-02-21 15:52:46,2026-02-21 15:04:35,0,0,42748E,Mystery Machine,Florence Chapel Middle School,South Carolina,United States
2495,16,0,16,0,16,2026-02-28 16:25:46,2026-02-28 19:42:59,0,0,16767G,The Goofy Goobers,Cabot Junior High South,Arkansas,United States
2496,16,0,16,0,16,,2025-09-13 17:28:03,0,0,5971B,Compton Junior High,COMPTON JUNIOR HIGH,California - Region 3,United States
2497,16,0,16,0,16,,2025-10-11 17:50:56,0,0,75877A,KnightBots,CASTLE PARK MIDDLE,California - Region 4,United States
2498,16,0,16,0,16,,2025-10-11 20:58:15,0,0,8383A,Washington Middle School,WASHINGTON MIDDLE,California - Region 3,United States
2499,16,0,16,0,16,,2025-10-27 16:17:36,0,0,13000N,602,GRANDVILLE MIDDLE SCHOOL,Michigan,United States
2500,16,0,16,0,16,,2025-11-01 19:32:08,0,0,80550C,Fried Orange Juice Jackets,WINDSOR CHARTER ACADEMY MIDDLE AND EARLY COLLEGE H,Colorado,United States
2501,16,0,16,0,16,,2025-11-08 21:48:48,0,0,8614A,Chubby Chipmunks,Bentonville Schools,Arkansas,United States
2502,16,0,16,0,16,,2025-11-21 17:41:26,0,0,2148E,Los Cholos,Greenville Middle School,Texas - Region 2,United States
2503,16,0,16,0,16,,2025-11-21 19:10:20,0,0,2148C,Purple Cats,Greenville Middle School,Texas - Region 2,United States
2504,16,0,16,0,16,,2025-11-21 19:28:35,0,0,24523D,JAMS - Team D,JOHN ADAMS MIDDLE SCHOOL,West Virginia,United States
2505,16,0,16,0,16,,2025-11-22 18:12:11,0,0,11333A,Snellville Comets,GCPS Schools (Snellville MS),Georgia,United States
2506,16,0,16,0,16,,2025-11-22 18:37:56,0,0,40684Z,Slightly Salmon Sailfish,NAPOLEON MIDDLE SCHOOL,Michigan,United States
2507,16,0,16,0,16,,2025-11-22 19:43:56,0,0,60667B,Robodawgs,Hancock Middle School,Michigan,United States
2508,16,0,16,0,16,,2025-11-23 02:10:22,0,0,61061N,RoboNón,Singapore International School Binh Duong,Vietnam,Vietnam
2509,16,0,16,0,16,,2025-11-24 17:34:45,0,0,16438Y,VEXBOX,UNION CITY MIDDLE SCHOOL,Pennsylvania - West,United States
2510,16,0,16,0,16,,2025-12-06 17:55:16,0,0,9806A,Crusaderbots,BONITA VISTA MIDDLE,California - Region 4,United States
2511,16,0,16,0,16,,2025-12-06 19:25:43,0,0,9594X,RoboCavs,Collingwood School,British Columbia (BC),Canada
2512,16,0,16,0,16,,2025-12-06 21:07:21,0,0,77662A,The Luminoids,Luminar Robotics,California - Region 2,United States
2513,16,0,16,0,16,,2025-12-07 23:28:19,0,0,1868M,Space Cookies VEX 1868M,Space Cookies VEX Robotics Team,California - Region 2,United States
2514,16,0,16,0,16,,2025-12-13 16:21:18,0,0,9149D,Robocats,Meyer Middle School Robotics,Wisconsin,United States
2515,16,0,16,0,16,,2025-12-13 19:34:17,0,0,19306G,Quantum Lizz,ASBURY HIGH SCHOOL,Alabama,United States
2516,16,0,16,0,16,,2025-12-13 20:38:37,0,0,15550Z,FrostByte,E3 Robotics Center,Indiana - Region 1 - North,United States
2517,16,0,16,0,16,,2025-12-13 20:55:09,0,0,10749B,Tech Titans,Liberty Middle School,Indiana - Region 1 - North,United States
2518,16,0,16,0,16,,2025-12-19 16:07:23,0,0,92244A,Meteor Mechanics,KASSON-MANTORVILLE MIDDLE SCHOOL,Minnesota,United States
2519,16,0,16,0,16,,2025-12-20 08:02:29,0,0,54099A,明瑄V5,明瑄华创,North China,China
2520,16,0,16,0,16,,2025-12-21 01:09:51,0,0,42155B,Niu Valley Robotics,NIU VALLEY MIDDLE SCHOOL,Hawaii,United States
2521,16,0,16,0,16,,2026-01-01 06:43:27,0,0,68666X,耀华国际学校,耀华国际教育学校,East China,China
2522,16,0,16,0,16,,2026-01-08 20:01:35,0,0,75458A,Automatic Undertakers,BLAND MIDDLE,Texas - Region 2,United States
2523,16,0,16,0,16,,2026-01-10 16:00:21,0,0,1089A,Alpha Forge,Forge Robotics,Pennsylvania - East,United States
2524,16,0,16,0,16,,2026-01-10 19:20:18,0,0,23001B,Robo Bears 2,TWIN RIVERS MIDDLE SCHOOL,Georgia,United States
2525,16,0,16,0,16,,2026-01-10 21:31:34,0,0,2993Z,We're 'Screw'ed,INTECH COLLEGIATE ACADEMY,Utah,United States
2526,16,0,16,0,16,,2026-01-15 21:17:16,0,0,2206X,CSI-X,Colegio San Ignacio de Loyola,Puerto Rico,Puerto Rico
2527,16,0,16,0,16,,2026-01-16 16:37:05,0,0,85082A,The Marines,JENNINGS COMMUNITY LEARNING CENTER,Ohio,United States
2528,16,0,16,0,16,,2026-01-17 21:03:41,0,0,77938A,MVA Robotics,MAR VISTA ACADEMY,California - Region 4,United States
2529,16,0,16,0,16,,2026-01-18 00:40:35,0,0,98192C,UISG C,Utahloy International School Guangzhou,South China,China
2530,16,0,16,0,16,,2026-01-24 16:22:42,0,0,7135T,Loyola Robotics - T,Loyola Blakefield,Maryland,United States
2531,16,0,16,0,16,,2026-01-24 18:46:21,0,0,76976S,5 Cincos,HORNEDO MIDDLE,Texas - Region 1,United States
2532,16,0,16,0,16,,2026-01-28 14:00:58,0,0,27858A,Stanbots,Stanborough School,United Kingdom,United Kingdom
2533,16,0,16,0,16,,2026-01-31 21:37:22,0,0,221H,Trojans,Westwood Community High School,Alberta/Saskatchewan,Canada
2534,16,0,16,0,16,,2026-02-03 18:54:15,0,0,90242F,York RoboStorm,The York School,Ontario,Canada
2535,16,0,16,0,16,,2026-02-06 05:32:55,0,0,5589A,Wesley 1,The Methodist Church HK Wesley College,Hong Kong,Hong Kong
2536,16,0,16,0,16,,2026-02-07 16:53:17,0,0,6537B,The Rowdy Robots,Glymont Middle School,Maryland,United States
2537,16,0,16,0,16,,2026-02-07 17:11:34,0,0,77774B,Banana Bots,Madison Middle School,Mississippi,United States
2538,16,0,16,0,16,,2026-02-07 18:36:22,0,0,73277A,The Clankers,WEST MIDDLE,Missouri,United States
2539,16,0,16,0,16,,2026-02-07 18:45:47,0,0,71121D,TK Stone 4,Talton K Stone Middle School,Kentucky,United States
2540,16,0,16,0,16,,2026-02-07 20:15:49,0,0,27922D,Clanker Crew,OSSEO MIDDLE SCHOOL,Minnesota,United States
2541,16,0,16,0,16,,2026-02-07 23:00:00,0,0,96388W,White Tigers,ELSINORE MIDDLE,California - Region 4,United States
2542,16,0,16,0,16,,2026-02-13 17:43:51,0,0,76151M,The Fantastic 6,Grafton Junior High School,North Dakota,United States
2543,16,0,16,0,16,,2026-02-14 18:06:46,0,0,9594K,RoboCavs,Collingwood School,British Columbia (BC),Canada
2544,16,0,16,0,16,,2026-02-14 19:26:57,0,0,17380G,Gurlybot,Searsport District Middle/High School,Maine,United States
2545,16,0,16,0,16,,2026-02-14 20:09:04,0,0,1481J,Galaxy Hawks,GAINESVILLE MIDDLE,Virginia,United States
2546,16,0,16,0,16,,2026-02-20 19:02:43,0,0,76976U,Atlas,HORNEDO MIDDLE,Texas - Region 1,United States
2547,16,0,16,0,16,,2026-02-21 18:11:53,0,0,10749A,[null],Liberty Middle School,Indiana - Region 1 - North,United States
2548,16,0,16,0,16,,2026-02-21 18:28:18,0,0,26000G,26000G,DERBY MIDDLE SCHOOL,Kansas,United States
2549,16,0,16,0,16,,2026-02-21 19:34:20,0,0,6972D,BOB,Centerville Community Schools,Iowa,United States
2550,16,0,16,0,16,,2026-02-21 19:44:13,0,0,72801B,Tall Blob Fish,Russellville Junior High School,Arkansas,United States
2551,16,0,16,0,16,,2026-02-28 16:57:35,0,0,41116B,"CCJHS ",Corydon Central Junior High School,Indiana - Region 3 - South,United States
2552,16,0,16,0,16,,2026-02-28 17:18:25,0,0,70663B,RoboGuppies,LEBLANC MIDDLE SCHOOL,Louisiana,United States
2553,16,0,16,0,16,,2026-02-28 18:01:55,0,0,19085F,BRMS Team F,Black Rock Middle School,Pennsylvania - East,United States
2554,16,0,16,0,16,,2026-02-28 19:38:59,0,0,30372B,Absolute Shenanigans,RANCHO SOLANO PREPARATORY SCHOOL,Arizona,United States
2555,16,0,16,0,16,,2026-02-28 20:15:23,0,0,16767C,Clockwork,Cabot Junior High South,Arkansas,United States
2556,16,0,16,0,16,,2026-03-01 14:38:17,0,0,8025A,Locke Monsters Robotics,LOCKE MIDDLE,Massachusetts,United States
2557,15,15,0,15,15,2026-02-28 13:49:11,2025-12-06 14:21:52,59,52,18000N,Iron Patriots,Sullivan East Middle School,Tennessee,United States
2558,15,15,0,15,10,2025-10-28 05:36:22,2025-10-10 23:10:34,59,0,1940E,1940E,Knox Grammar School,Australia,Australia
2559,15,15,0,15,0,2026-01-25 23:11:43,,59,0,800B,WPRA,"Western Pacific Robotics Academy Vancouver ",British Columbia (BC),Canada
2560,15,15,0,15,0,2026-02-14 19:32:26,,59,0,3324T,Supernova T,SCIENCE ACADEMY STEM MAGNET,California - Region 4,United States
2561,15,15,0,15,0,2026-02-21 19:16:40,,58,0,35777B,Capybara Controllers,ULEAP,California - Region 2,United States
2562,15,15,0,15,0,2026-01-31 19:06:30,2026-01-31 19:08:29,57,0,84949C,84949C,SUSSMAN (EDWARD A.) MIDDLE,California - Region 4,United States
2563,15,15,0,15,15,2026-01-17 16:03:08,2025-12-13 18:01:33,56,0,13C,Crossfire,The Potomac School,Virginia,United States
2564,15,15,0,15,15,2026-01-24 15:15:19,2026-01-10 17:40:30,55,0,11581P,Project Robo1 Egg,PLAINWELL MIDDLE SCHOOL,Michigan,United States
2565,15,15,0,15,0,2026-02-04 00:03:50,,55,0,67410A,The Broken Robot,PICKERINGTON RIDGEVIEW JUNIOR HIGH SCHOOL,Ohio,United States
2566,15,15,0,15,0,2026-01-31 21:09:00,,54,0,6722E,Pioneer Wildcats - Panthers,Pioneer Middle School,California - Region 4,United States
2567,15,15,0,15,0,2026-02-07 19:24:24,,47,0,22201A,Robotics Girls,PLEASANT VALLEY MIDDLE SCHOOL,Kansas,United States
2568,15,15,0,15,0,2026-01-24 18:45:28,2026-01-24 16:25:42,46,0,46431B,Technical Terminators,WEST SIDE CHRISTIAN SCHOOL,Michigan,United States
2569,15,15,0,15,15,2026-02-28 19:45:33,2026-02-21 20:04:27,0,0,6972E,Robo Wizards,Centerville Community Schools,Iowa,United States
2570,15,15,0,15,15,2026-02-28 19:57:44,2026-02-21 19:01:04,0,0,20850B,Sneaky Golems,"AOE Robotics Club ",Maryland,United States
2571,15,15,0,15,6,2026-02-07 20:24:31,2026-01-23 18:23:11,0,0,71610Y,Whyyy?,Gordon Parks Academy,Kansas,United States
2572,15,15,0,15,0,2025-09-18 06:59:06,,0,0,4613T,My other bot is a 5090,Barker College,Australia,Australia
2573,15,15,0,15,0,2025-12-06 19:44:17,,0,0,6517C,TRITONBOTS-C,EASTLAKE MIDDLE,California - Region 4,United States
2574,15,15,0,15,0,2025-12-13 20:45:45,,0,0,19306E,Circut Vipers,ASBURY HIGH SCHOOL,Alabama,United States
2575,15,15,0,15,0,2026-02-14 17:48:30,2026-02-14 16:18:26,0,0,56X,56X,Cape Elizabeth Middle School,Maine,United States
2576,15,15,0,15,0,2026-02-21 18:10:45,,0,0,31001B,Hex,DERBY NORTH MIDDLE SCHOOL,Kansas,United States
2577,15,0,15,5,15,2026-02-21 22:28:35,2026-03-07 03:52:41,55,0,31919X,GearBurners,CLACKAMAS ACADEMY OF INDUSTRIAL SCIENCES,Oregon,United States
2578,15,0,15,1,15,2026-02-07 16:44:04,2025-12-06 20:14:31,50,0,739E,The un-stable potato's,Kimball Secondary,Minnesota,United States
2579,15,0,15,1,15,2026-02-02 00:31:02,2025-12-06 15:57:42,0,0,67282D,Zero Brain Cells,WATSON JUNIOR HIGH SCHOOL,Colorado,United States
2580,15,0,15,0,15,2026-01-31 18:54:46,2026-01-31 19:37:38,53,22,69955C,3% Sauce,LADUE MIDDLE,Missouri,United States
2581,15,0,15,0,15,,2025-10-17 23:10:35,0,60,46131D,The ever winding chronicles of DS,Barker College,Australia,Australia
2582,15,0,15,0,15,,2025-08-31 02:41:00,0,59,65100B,Lightning McQueen,"Pymble Ladies College, Sydney, Australia",Australia,Australia
2583,15,0,15,0,15,,2026-01-24 13:18:31,0,58,11581Y,Built Different,PLAINWELL MIDDLE SCHOOL,Michigan,United States
2584,15,0,15,0,15,,2026-02-28 21:08:31,0,57,19991B,Robot Gone Wild,TEXAS SCHOOL FOR THE DEAF,Texas - Region 4,United States
2585,15,0,15,0,15,,2026-02-21 16:15:15,0,54,9089C,The Semi-Nuclear Chicken Nuggets,BrandywineBOTS,Delmarva,United States
2586,15,0,15,0,15,,2026-02-28 19:19:42,0,53,255Y,Norristown Robotics - YETIS,Norristown Robotics,Pennsylvania - East,United States
2587,15,0,15,0,15,2026-03-14 13:51:57,2026-01-11 16:46:24,47,0,1188D,The Right Triangles,HADDAM-KILLINGWORTH MIDDLE SCHOOL,Connecticut,United States
2588,15,0,15,0,15,2026-01-23 16:53:59,2026-01-23 18:45:10,45,0,14287E,Wired Wierdos,DU PONT MIDDLE SCHOOL,West Virginia,United States
2589,15,0,15,0,15,2026-02-27 15:10:25,2025-10-10 19:02:23,42,0,76249D,Diamond Divas,ELKVIEW MIDDLE SCHOOL,West Virginia,United States
2590,15,0,15,0,15,2026-02-22 17:09:10,2026-02-22 20:17:12,40,0,99881J,Robotic Warriors JH,"Waupun Area Jr/Sr High School ",Wisconsin,United States
2591,15,0,15,0,15,,2026-02-14 18:03:45,0,40,10440D,The Bad Batch,Bangor Homeschool,Maine,United States
2592,15,0,15,0,15,,2026-02-20 19:29:31,0,40,76976T,MegaBots,HORNEDO MIDDLE,Texas - Region 1,United States
2593,15,0,15,0,15,,2026-02-07 19:15:34,0,36,20250R,Five Guys and Fries,Garland ISD - Jackson Technology Center,Texas - Region 5,United States
2594,15,0,15,0,15,2025-11-22 17:16:30,2025-11-22 16:48:37,27,2,23438D,The Quantum Four,FIVE FORKS MIDDLE SCHOOL,Georgia,United States
2595,15,0,15,0,15,,2026-02-14 18:26:30,0,28,27905A,Chicken Scratch,MARSHFIELD HIGH,Wisconsin,United States
2596,15,0,15,0,15,,2026-01-10 14:54:08,0,23,45784B,Curie's Creators,PARKSIDE MIDDLE,Virginia,United States
2597,15,0,15,0,15,,2026-02-07 16:09:15,0,20,34113D,Metalloids,FAIRVIEW  SCHOOL,Michigan,United States
2598,15,0,15,0,15,2025-10-27 15:35:04,2025-10-27 15:36:18,0,16,13000J,605,GRANDVILLE MIDDLE SCHOOL,Michigan,United States
2599,15,0,15,0,15,2025-12-06 16:45:01,2025-11-22 15:31:18,0,14,24931B,Quantum STEMBots,LANIER MIDDLE SCHOOL,Georgia,United States
2600,15,0,15,0,15,,2025-11-22 16:04:51,0,13,81000E,Enigma,BAY CREEK MIDDLE SCHOOL,Georgia,United States
2601,15,0,15,0,15,,2025-12-06 20:05:38,0,10,63690B,"Blu3yB0ts ",DOUGLAS MACARTHUR JUNIOR HIGH SCHOOL,Arkansas,United States
2602,15,0,15,0,15,2026-02-14 19:26:57,2026-02-14 18:41:29,0,9,45380W,Versailles MS W,VERSAILLES MIDDLE SCHOOL,Ohio,United States
2603,15,0,15,0,15,,2026-02-08 16:18:56,0,8,26768B,Fusion,C C GRIFFIN MIDDLE,North Carolina,United States
2604,15,0,15,0,15,,2025-12-19 06:46:49,0,4,23457N,BRICK LAB 01,BRICK lab Robotics,Vietnam,Vietnam
2605,15,0,15,0,15,,2025-12-06 18:32:41,0,1,25577A,Dolphins,SILVER LAKES MIDDLE SCHOOL,Florida - South,United States
2606,15,0,15,0,15,2026-02-14 20:30:51,2026-01-03 20:11:21,57,0,9210J,Turtle Bread,SAUK RAPIDS-RICE MIDDLE SCHOOL,Minnesota,United States
2607,15,0,15,0,15,2025-10-27 16:11:28,2025-10-27 14:50:15,0,0,13000Z,401,GRANDVILLE MIDDLE SCHOOL,Michigan,United States
2608,15,0,15,0,15,2025-11-15 16:21:06,2025-11-15 20:22:34,0,0,48787A,Lakeside Llama’s,Lakeside Middle School,South Carolina,United States
2609,15,0,15,0,15,2025-12-29 21:37:14,2025-12-29 21:44:35,0,0,7605C,Eaten Toast,Syringa Middle School,Idaho,United States
2610,15,0,15,0,15,2026-01-10 19:22:52,2026-01-10 19:06:41,0,0,17917M,M,Franklin Community School Corporation,Indiana - Region 2 - Central,United States
2611,15,0,15,0,15,2026-01-17 16:27:06,2026-01-17 15:51:58,0,0,9635B,MS RoboKnights,CHARLOTTE CHRISTIAN SCHOOL,North Carolina,United States
2612,15,0,15,0,15,2026-01-24 18:47:51,2026-01-24 17:51:32,0,0,6047C,Downtown Girls,WESTVIEW MIDDLE SCHOOL,Colorado,United States
2613,15,0,15,0,15,2026-02-07 19:31:18,2026-02-07 16:59:58,0,0,14323M,Robo Gals,FAIRBANKS MIDDLE SCHOOL,Ohio,United States
2614,15,0,15,0,15,2026-02-22 18:42:53,2026-02-22 20:03:15,0,0,9901C,Crushers,ST ANDREW THE APOSTLE SCHOOL,Virginia,United States
2615,15,0,15,0,15,2026-03-01 20:00:29,2026-03-01 19:54:12,0,0,7517B,Great Valley MS 7517B - BinaryBot,GREAT VALLEY MIDDLE SCHOOL,Pennsylvania - East,United States
2616,15,0,15,0,15,2026-03-07 00:03:15,2026-03-07 00:05:28,0,0,48787B,Dark Raiders,Lakeside Middle School,South Carolina,United States
2617,15,0,15,0,15,2026-03-15 12:33:27,2026-03-14 18:58:14,0,0,50395B,Bears B,BROADVIEW MIDDLE SCHOOL,Connecticut,United States
2618,15,0,15,0,15,,2025-07-29 08:37:43,0,0,46665B,46665B,太原森孚机器人,Middle China,China
2619,15,0,15,0,15,,2025-08-12 03:36:20,0,0,87959A,HPSC- IDK,Hampton Park Secondary College,Australia,Australia
2620,15,0,15,0,15,,2025-10-10 20:25:35,0,0,663Y,The 501st Legion,CHATTANOOGA CHRISTIAN SCHOOL,Tennessee,United States
2621,15,0,15,0,15,,2025-10-11 19:41:48,0,0,3083W,The Vex Sharks,Walter Stiern Middle School,California - Region 3,United States
2622,15,0,15,0,15,,2025-10-18 00:16:41,0,0,46131K,Titanic swim team,Barker College,Australia,Australia
2623,15,0,15,0,15,,2025-10-18 16:17:35,0,0,32547B,The Bobtastic Jigglers,Grand Mountain Junior High School,Colorado,United States
2624,15,0,15,0,15,,2025-10-18 16:37:33,0,0,32547E,Parmesan Cheese,Grand Mountain Junior High School,Colorado,United States
2625,15,0,15,0,15,,2025-10-27 14:42:09,0,0,13000S,504,GRANDVILLE MIDDLE SCHOOL,Michigan,United States
2626,15,0,15,0,15,,2025-10-27 15:00:34,0,0,13000K,Mickey Mouse Clubhouse Kids,GRANDVILLE MIDDLE SCHOOL,Michigan,United States
2627,15,0,15,0,15,,2025-10-29 21:58:58,0,0,22331B,Hemingway Team 2,Blaine County School District (Ernest Hemingway STEAM School),Idaho,United States
2628,15,0,15,0,15,,2025-11-08 16:40:58,0,0,52766H,Marble Pi,SABIN MIDDLE SCHOOL,Colorado,United States
2629,15,0,15,0,15,,2025-11-08 21:14:41,0,0,43125B,Eagles,RIVERA MIDDLE,California - Region 4,United States
2630,15,0,15,0,15,,2025-11-12 16:43:50,0,0,31881A,Howling Hardware 1,Truitt Middle School,Texas - Region 3,United States
2631,15,0,15,0,15,,2025-11-15 17:01:59,0,0,2601A,Phoenix,Mead Middle School,Kansas,United States
2632,15,0,15,0,15,,2025-11-15 18:11:59,0,0,45078A,The Cookie Monsters,ELLICOTT MIDDLE SCHOOL,Colorado,United States
2633,15,0,15,0,15,,2025-11-15 18:33:31,0,0,47418D,Boonsboro Middle Robotics Club,Boonsboro Middle School,Maryland,United States
2634,15,0,15,0,15,,2025-11-21 17:56:15,0,0,30202P,Snow Falcons,Perryville Middle School,Delmarva,United States
2635,15,0,15,0,15,,2025-11-21 18:35:56,0,0,30202S,4 Musketeers,North East Middle School,Delmarva,United States
2636,15,0,15,0,15,,2025-11-21 19:29:15,0,0,2148F,Untitled Team name,Greenville Middle School,Texas - Region 2,United States
2637,15,0,15,0,15,,2025-11-21 20:22:18,0,0,70291J,GEARS OF WAR,Commerce High School,Texas - Region 2,United States
2638,15,0,15,0,15,,2025-11-22 15:12:04,0,0,54345C,LFCD Imperials,Landau Forte Derby College,United Kingdom,United Kingdom
2639,15,0,15,0,15,,2025-11-22 16:03:31,0,0,56000D,Squishy Squad,Northern Michigan Robotics Club,Michigan,United States
2640,15,0,15,0,15,,2025-11-22 18:15:53,0,0,81000D,Disaster,BAY CREEK MIDDLE SCHOOL,Georgia,United States
2641,15,0,15,0,15,,2025-11-22 19:01:53,0,0,55615B,Inevitable,FMS Raider Robotics,Michigan,United States
2642,15,0,15,0,15,,2025-12-04 23:17:13,0,0,703D,USBot,NORWELL HIGH SCHOOL,Indiana - Region 1 - North,United States
2643,15,0,15,0,15,,2025-12-06 16:05:34,0,0,52766C,The Ravens,SABIN MIDDLE SCHOOL,Colorado,United States
2644,15,0,15,0,15,,2025-12-06 17:44:16,0,0,48643A,Red Robots,SPROUL JUNIOR HIGH SCHOOL,Colorado,United States
2645,15,0,15,0,15,,2025-12-06 17:45:17,0,0,67282B,Justin Beanber and the Cool Beans,WATSON JUNIOR HIGH SCHOOL,Colorado,United States
2646,15,0,15,0,15,,2025-12-06 19:05:04,0,0,33946B,Full Force,THE FRANKLIN ACADEMY,Washington,United States
2647,15,0,15,0,15,,2025-12-06 21:00:53,0,0,51174D,Dynamic Dragons,WEST COLLIERVILLE MIDDLE SCHOOL,Tennessee,United States
2648,15,0,15,0,15,,2025-12-12 23:13:17,0,0,87711C,Steel Panda,NATIONAL INVENTORS HALL OF FAME SCHOOL CENTER FOR STEM,Ohio,United States
2649,15,0,15,0,15,,2025-12-13 16:13:26,0,0,9149B,Robocats,Meyer Middle School Robotics,Wisconsin,United States
2650,15,0,15,0,15,,2025-12-13 16:37:37,0,0,73548B,8-Bit Alliegators,OXFORD MIDDLE SCHOOL,Mississippi,United States
2651,15,0,15,0,15,,2025-12-13 20:10:45,0,0,77774T,Alvin and the Chipmunks,Madison Middle School,Mississippi,United States
2652,15,0,15,0,15,,2025-12-13 20:21:27,0,0,20468A,Hyperactive Jagwires,Brooks Magnet Middle School,Kansas,United States
2653,15,0,15,0,15,,2026-01-02 17:42:54,0,0,43050E,Rust in Pieces,MOUNT VERNON MIDDLE SCHOOL,Ohio,United States
2654,15,0,15,0,15,,2026-01-10 14:53:09,0,0,703E,Cheese squad!,NORWELL MIDDLE SCHOOL,Indiana - Region 1 - North,United States
2655,15,0,15,0,15,,2026-01-10 18:01:23,0,0,1660E,Enter Name Here,Clover Middle School,South Carolina,United States
2656,15,0,15,0,15,,2026-01-10 18:13:27,0,0,4580C,"E. Russell Hicks VEX Huskies ",E. RUSSELL HICKS MIDDLE,Maryland,United States
2657,15,0,15,0,15,,2026-01-10 19:24:04,0,0,3142D,Paideia Robotics,The Paideia School,Georgia,United States
2658,15,0,15,0,15,,2026-01-10 19:32:16,0,0,24250B,Sandwich Blue Knights 2,SANDWICH HIGH,Massachusetts,United States
2659,15,0,15,0,15,,2026-01-10 22:07:27,0,0,221F,F3N1X,Westwood Community High School,Alberta/Saskatchewan,Canada
2660,15,0,15,0,15,,2026-01-11 23:33:03,0,0,83B,Eagle Engineering MS Bravo,CHAMINADE COLLEGE PREPARATORY MIDDLE SCHOOL,California - Region 4,United States
2661,15,0,15,0,15,,2026-01-17 01:53:33,0,0,24799D,Deadline Fighter,Carmel Divine Grace Foundation Secondary School,Hong Kong,Hong Kong
2662,15,0,15,0,15,,2026-01-17 08:13:59,0,0,98192A,Byte Pack,Utahloy International School Guangzhou,South China,China
2663,15,0,15,0,15,,2026-01-17 15:17:19,0,0,69414F,Type F in the Chat,ANNIE CAMP JR. HIGH SCHOOL,Arkansas,United States
2664,15,0,15,0,15,,2026-01-17 18:33:44,0,0,87265J,Robo Ridge,Southridge School,British Columbia (BC),Canada
2665,15,0,15,0,15,,2026-01-17 19:33:49,0,0,33946C,Force Fielder,THE FRANKLIN ACADEMY,Washington,United States
2666,15,0,15,0,15,,2026-01-17 19:34:48,0,0,75548B,Night Hounds,Cathedral High School,Minnesota,United States
2667,15,0,15,0,15,,2026-01-17 19:41:01,0,0,11677A,Falcons,PERRY MERIDIAN MIDDLE SCHOOL,Indiana - Region 2 - Central,United States
2668,15,0,15,0,15,,2026-01-17 20:11:07,0,0,14144D,Wasteland Wreckers,Wood Ridge Middle School,Missouri,United States
2669,15,0,15,0,15,,2026-01-23 18:31:10,0,0,79192A,Bob the Builders,ANDREW JACKSON MIDDLE SCHOOL,West Virginia,United States
2670,15,0,15,0,15,,2026-01-24 17:00:06,0,0,48657K,RoboStangs,MERIDIAN JUNIOR HIGH SCHOOL,Michigan,United States
2671,15,0,15,0,15,,2026-01-24 18:08:05,0,0,1387V,HMS Wheezendoodles,Harshman Magnet Middle School,Indiana - Region 2 - Central,United States
2672,15,0,15,0,15,,2026-01-24 23:06:44,0,0,71300D,Scrap Mayhem,Lied Middle School,Nevada,United States
2673,15,0,15,0,15,,2026-01-28 13:48:01,0,0,39128A,Fearnhill 1,Fearnhill School,United Kingdom,United Kingdom
2674,15,0,15,0,15,,2026-01-31 05:21:47,0,0,11102B,Namaramune,Bunka Gakuen University Suginami Junior and Senior High School,Japan,Japan
2675,15,0,15,0,15,,2026-01-31 15:06:03,0,0,15290G,Velocity Tech,Campbell Drive K-8 Center,Florida - South,United States
2676,15,0,15,0,15,,2026-01-31 18:02:56,0,0,1055C,OPS - Chiken Stars,Beveridge Magnet Middle School,Nebraska,United States
2677,15,0,15,0,15,,2026-01-31 19:02:19,0,0,2516A,Chargers,ST FRANCIS PARISH SCHOOL,California - Region 3,United States
2678,15,0,15,0,15,,2026-02-06 08:14:26,0,0,24799G,Life Support Company,Carmel Divine Grace Foundation Secondary School,Hong Kong,Hong Kong
2679,15,0,15,0,15,,2026-02-07 13:11:26,0,0,18650P,Cranleigh Prep Robotics,Cranleigh School,United Kingdom,United Kingdom
2680,15,0,15,0,15,,2026-02-07 16:45:47,0,0,20401A,The Girlbots,Flagstaff Academy,Colorado,United States
2681,15,0,15,0,15,,2026-02-07 18:00:03,0,0,34314B,McDonald's Delivery Drivers,NIPHER MIDDLE,Missouri,United States
2682,15,0,15,0,15,,2026-02-07 18:24:25,0,0,80026C,Medieval Metal,ANGEVINE MIDDLE SCHOOL,Colorado,United States
2683,15,0,15,0,15,,2026-02-07 19:04:50,0,0,15486F,The Illusionists,VISTA SCHOOL,Utah,United States
2684,15,0,15,0,15,,2026-02-07 19:33:06,0,0,72733F,Mustangs,Fraser Academy,British Columbia (BC),Canada
2685,15,0,15,0,15,,2026-02-07 20:16:18,0,0,20401C,Error Dragons,Flagstaff Academy,Colorado,United States
2686,15,0,15,0,15,,2026-02-07 21:02:55,0,0,43426N,Blue Dolphins,Girl Scouts of Northern CA,California - Region 2,United States
2687,15,0,15,0,15,,2026-02-08 19:21:17,0,0,85672B,The Langley School,The Langley School,Virginia,United States
2688,15,0,15,0,15,,2026-02-13 17:38:44,0,0,8609C,Prometheus Robotics,Lorain Titans Robotics - Middle School,Ohio,United States
2689,15,0,15,0,15,,2026-02-14 15:36:18,0,0,44442C,44442C,SPRINGFIELD INTERMEDIATE MIDDLE SCHOOL,Ohio,United States
2690,15,0,15,0,15,,2026-02-14 16:42:43,0,0,18938C,NH-S Team C,NEW HOPE-SOLEBURY MIDDLE SCHOOL,Pennsylvania - East,United States
2691,15,0,15,0,15,,2026-02-14 17:22:43,0,0,3557A,The Velocity Vipers,ICGC,Ohio,United States
2692,15,0,15,0,15,,2026-02-14 17:27:02,0,0,42863M,Dragonoid Mechanics,Greens Farms Academy,Connecticut,United States
2693,15,0,15,0,15,,2026-02-14 18:27:41,0,0,26768A,Stark Industries,C C GRIFFIN MIDDLE,North Carolina,United States
2694,15,0,15,0,15,,2026-02-14 18:45:53,0,0,92244C,Cosmic Coders,KASSON-MANTORVILLE MIDDLE SCHOOL,Minnesota,United States
2695,15,0,15,0,15,,2026-02-14 18:59:22,0,0,4580B,"E. Russell Hicks VEX Huskies ",E. RUSSELL HICKS MIDDLE,Maryland,United States
2696,15,0,15,0,15,,2026-02-14 19:02:25,0,0,9845A,Robo Grizzlies 1,Western Heights Middle School,Maryland,United States
2697,15,0,15,0,15,,2026-02-14 19:44:46,0,0,45455H,Winkler Robotics - Hercules,HAROLD E. WINKLER MIDDLE,North Carolina,United States
2698,15,0,15,0,15,,2026-02-21 14:36:20,0,0,42748A,Allie Cats,FLORENCE CHAPEL MIDDLE,South Carolina,United States
2699,15,0,15,0,15,,2026-02-21 16:59:56,0,0,15224B,Highland Christian,Highland Christian School,Indiana - Region 1 - North,United States
2700,15,0,15,0,15,,2026-02-21 17:17:56,0,0,43050B,Quackers,MOUNT VERNON MIDDLE SCHOOL,Ohio,United States
2701,15,0,15,0,15,,2026-02-21 17:21:00,0,0,43011B,Twinkle Toes,CENTERBURG MIDDLE SCHOOL,Ohio,United States
2702,15,0,15,0,15,,2026-02-21 17:55:28,0,0,6390H,Mega Minions,HIGHLAND MIDDLE SCHOOL,Ohio,United States
2703,15,0,15,0,15,,2026-02-21 20:00:42,0,0,35777C,Ludicrous Lemurs,ULEAP,California - Region 2,United States
2704,15,0,15,0,15,,2026-02-26 00:46:17,0,0,5690V,Wall-E's Command Unit,Bishop Chatard,Indiana - Region 2 - Central,United States
2705,15,0,15,0,15,,2026-02-28 00:36:22,0,0,11559X,The Hot Cheeto Crew,CANYON DAY JUNIOR HIGH SCHOOL,Arizona,United States
2706,15,0,15,0,15,,2026-02-28 15:37:42,0,0,76975C,Team 1,GERMANTOWN ACADEMY,Pennsylvania - East,United States
2707,15,0,15,0,15,,2026-02-28 15:39:30,0,0,3075D,JoCo Robos,JOHNSON CO MIDDLE SCHOOL,Tennessee,United States
2708,15,0,15,0,15,,2026-02-28 17:28:27,0,0,46779F,Grayson Gryphons 1,THE GRAYSON SCHOOL,Pennsylvania - East,United States
2709,15,0,15,0,15,,2026-02-28 18:04:55,0,0,1489D,Delta Ducklings,BULL RUN MIDDLE,Virginia,United States
2710,15,0,15,0,15,,2026-03-07 00:40:38,0,0,1061C,Lucky Blocks,KING SCIENCE/TECH MAGNET MIDDLE SCHOOL,Nebraska,United States
2711,15,0,15,0,15,,2026-03-07 16:31:45,0,0,10863A,Neptune I,DENTON MAGNET SCHOOL OF TECHNOLOGY,Alabama,United States
2712,14,0,14,0,14,2026-02-14 17:00:30,2026-02-21 14:11:30,48,0,29449E,The Hush Puppies,HAUT GAP MIDDLE,South Carolina,United States
2713,14,0,14,0,14,,2025-11-22 03:35:33,0,0,25836C,GZ YX Experimental Middle School,GZ YX ErSha Island YanYu South Road Address 1,South China,China
2714,14,0,14,0,14,,2025-11-22 09:16:03,0,0,58666A,future designers,深圳未来双语学校(龙岗),South China,China
2715,13,2,11,2,12,2026-01-18 19:40:40,2025-12-07 14:43:29,46,0,25089A,RoboRagers,NextGen Robotics,New Jersey,United States
2716,13,0,13,0,13,2026-02-13 18:56:24,2026-02-13 18:12:08,0,0,16438X,Dinosaurs and Tacos,UNION CITY MIDDLE SCHOOL,Pennsylvania - West,United States
2717,13,0,13,0,13,,2026-01-24 18:16:55,0,0,2498P,Pew Pew,PiRA,New York-South,United States
2718,13,0,13,0,13,,2026-02-05 22:51:53,0,0,29617A,mugget monkes,LAKEVIEW MIDDLE,South Carolina,United States
2719,12,12,0,12,0,2026-01-24 02:26:14,,18,0,3668B,Sentient Robotics Club,Macau Artificial Intelligence Education Center,Macau,Macau
2720,12,4,8,4,8,2025-11-22 06:21:20,2025-11-22 06:24:54,0,0,32025N,法拉第电磁感应,温州森马协和学校,East China,China
2721,12,1,11,1,11,2026-02-07 10:55:27,2026-02-07 12:28:26,30,0,80745D,Kode_Killers,St. Modan's High School,United Kingdom,United Kingdom
2722,12,1,11,1,11,2026-02-07 22:10:26,2026-02-07 21:56:01,0,0,31389C,The Rust Bucket Ducks,SANTAN JUNIOR HIGH SCHOOL,Arizona,United States
2723,12,0,12,0,12,2025-12-13 21:31:25,2025-12-13 21:38:53,36,0,41658F,RoboBroncs,Rancho San Joaquin Middle School,California - Region 4,United States
2724,12,0,12,0,12,2025-11-22 08:42:28,2025-11-22 08:47:03,0,0,81818V,SIA-V,Sendelta International Academy,South China,China
2725,12,0,12,0,12,2026-02-28 15:08:37,2026-02-28 14:45:06,0,0,65892A,Banana Split,GLENWOOD SENIOR HIGH SCHOOL,Iowa,United States
2726,12,0,12,0,12,,2025-12-20 03:46:44,0,0,66518N,66518N,北京市十一学校石景山实验中学,North China,China
2727,12,0,12,0,12,,2025-12-20 05:05:50,0,0,20901B,清郑初中部二队,清华附中郑州学校,Middle China,China
2728,12,0,12,0,12,,2026-01-11 05:08:54,0,0,13078S,Valkyries,BOWDITCH MIDDLE,California - Region 2,United States
2729,12,0,12,0,12,,2026-01-17 18:46:31,0,0,6408D,Dogan & Roman Empire,Heritage Woods Secondary,British Columbia (BC),Canada
2730,12,0,12,0,12,,2026-02-07 18:53:00,0,0,87023C,Turbo Talons,Academy for Academic Enhancement Middle School RGCGISD,Texas - Region 6,United States
2731,12,0,12,0,12,,2026-02-13 17:00:05,0,0,44287B,Ahtoineoinv-AKA Terminator,Northwestern Middle School,Ohio,United States
2732,11,3,8,3,8,2025-09-28 03:20:15,2025-09-28 03:23:19,0,0,95271B,爱科B队,Ai Tech Robotics,South China,China
2733,11,2,9,2,9,2026-02-21 03:16:08,2026-02-21 03:29:43,0,0,2976A,CBHS A,Christchurch Boys' High School,New Zealand,New Zealand
2734,11,1,10,1,10,2025-12-06 19:34:29,2025-12-06 15:26:33,44,0,97311F,Fire Starters,DUNCAN LAKE MIDDLE SCHOOL,Michigan,United States
2735,11,0,11,0,11,2025-11-19 00:41:09,2025-11-19 00:38:19,0,0,77360R,Onalaska77360R,ONALASKA JR/SR HIGH,Texas - Region 3,United States
2736,11,0,11,0,11,2026-02-28 18:16:38,2026-02-28 15:38:00,0,0,21434X,Legacy World,LEGACY MIDDLE,Florida - North/Central,United States
2737,11,0,11,0,11,,2025-11-22 20:49:42,0,0,27301M,Code Blue,Waianae Intermediate School,Hawaii,United States
2738,11,0,11,0,11,,2026-01-02 07:14:22,0,0,17528C,17528C,17528C,South China,China
2739,11,0,11,0,11,,2026-01-10 17:52:51,0,0,29673C,The Canes,WREN MIDDLE,South Carolina,United States
2740,11,0,11,0,11,,2026-02-14 18:14:51,0,0,45455W,Winkler Robotics - Medusa,HAROLD E. WINKLER MIDDLE,North Carolina,United States
2741,10,0,10,0,10,2026-02-05 21:46:52,2026-02-05 20:54:58,0,0,71589B,Can I Have a Snack?,MONOMOY REGIONAL MIDDLE SCHOOL,Massachusetts,United States
2742,10,0,10,0,10,2026-02-14 17:02:24,2026-02-14 15:06:59,0,0,23301X,OnyX,CHRIST CHAPEL ACADEMY,Virginia,United States
2743,10,0,10,0,10,,2025-11-20 19:22:07,0,0,40404N,Error 404,Error 404 - A.N. Myer S.S.,Ontario,Canada
2744,10,0,10,0,10,,2026-01-10 19:15:52,0,0,3605A,Fantastic Five,BRADEN RIVER MIDDLE SCHOOL,Florida - North/Central,United States
2745,10,0,10,0,10,,2026-01-17 17:16:31,0,0,74361C,Pryor,PRYOR PUBLIC SCHOOLS,Oklahoma,United States
2746,10,0,10,0,10,,2026-01-24 18:49:13,0,0,11462F,The Crazies,GIBSON  ROBERT O MIDDLE SCHOOL LEADERSHIP ACADEMY,Nevada,United States
2747,10,0,10,0,10,,2026-02-07 17:05:04,0,0,74947U,Fenix,Ecole Secondaire Massey-Vanier,Quebec,Canada
2748,10,0,10,0,10,,2026-02-07 19:11:43,0,0,9316A,Sea Jelly McJolly,John Hanson Middle School,Maryland,United States
2749,10,0,10,0,10,,2026-02-08 14:55:57,0,0,15017M,Pirates,HARBOR BEACH MIDDLE SCHOOL,Michigan,United States
2750,10,0,10,0,10,,2026-02-08 16:06:07,0,0,99512C,Gear Guys,CROSWELL-LEXINGTON MIDDLE SCHOOL,Michigan,United States
2751,10,0,10,0,10,,2026-02-14 14:35:57,0,0,95382C,Error404,Laing Middle School of Science and Technology,South Carolina,United States
2752,10,0,10,0,10,,2026-02-14 16:45:31,0,0,12184B,C.O.W.,Northwestern Jr/Sr High School,Ohio,United States
2753,10,0,10,0,10,,2026-02-21 19:55:52,0,0,98575G,Ottawa Hills,Ottawa Hills Jr/Sr High School,Ohio,United States
2754,10,0,10,0,10,,2026-02-28 15:37:59,0,0,4951X,Bobby,Edmond Cimarron Middle School,Oklahoma,United States
2755,10,0,10,0,10,,2026-03-01 15:32:14,0,0,70663C,Goblin Goonies,LEBLANC MIDDLE SCHOOL,Louisiana,United States
2756,9,0,9,5,9,2025-11-07 09:29:18,2025-12-20 07:52:26,0,0,88109D,广东碧桂园学校初中D队,GuangDong Country Garden School（junior）,South China,China
2757,9,3,6,3,6,2025-11-19 00:42:06,2025-11-19 01:06:36,0,0,1383Z,VLI Robotics,VICTORY LAKES INT,Texas - Region 3,United States
2758,9,3,6,3,6,2026-01-15 21:59:34,2026-01-15 14:30:09,0,0,22002B,BWNBots,The Baldwin School of Puerto Rico,Puerto Rico,Puerto Rico
2759,9,0,9,0,9,2025-11-23 01:58:29,2025-11-23 02:00:52,0,0,32025C,温州鸭舌,温州森马协和学校,East China,China
2760,9,0,9,0,9,2026-02-07 17:50:32,2026-02-07 15:55:00,0,0,1832A,Seaside Sharks,Seaside Neighborhood Schools,Florida - North/Central,United States
2761,9,0,9,0,9,,2025-10-24 10:29:54,0,0,97733A,97733A,STEMSTAR,East China,China
2762,9,0,9,0,9,,2025-11-13 13:58:33,0,0,54010B,Puck On Wheels,Cyberadelphia,Pennsylvania - East,United States
2763,9,0,9,0,9,,2025-12-13 20:05:48,0,0,73805B,Bionic Bulldogs,Germantown Middle School,Mississippi,United States
2764,9,0,9,0,9,,2026-01-10 18:08:28,0,0,4077D,MBLT,STEM Collegiate,Alberta/Saskatchewan,Canada
2765,9,0,9,0,9,,2026-01-17 16:14:19,0,0,32285A,B.A.M.,Hudsonville Christian School,Michigan,United States
2766,9,0,9,0,9,,2026-01-24 02:49:06,0,0,11462H,Cyber Emperors,GIBSON  ROBERT O MIDDLE SCHOOL LEADERSHIP ACADEMY,Nevada,United States
2767,9,0,9,0,9,,2026-01-24 15:57:33,0,0,53999T,Robo Hornets,HARPURSVILLE JUNIOR-SENIOR HIGH SCHOOL,New York-North,United States
2768,9,0,9,0,9,,2026-01-24 20:11:58,0,0,4670D,The Tusks,SUMMIT MIDDLE CHARTER SCHOOL,Colorado,United States
2769,9,0,9,0,9,,2026-01-31 15:27:36,0,0,1055A,OPS - Dog Bots,Beveridge Magnet Middle School,Nebraska,United States
2770,9,0,9,0,9,,2026-01-31 18:38:01,0,0,51521A,Krispy Kreamers,NORTH PARK ACADEMY OF THE ARTS,California - Region 4,United States
2771,9,0,9,0,9,,2026-02-08 14:28:51,0,0,10432A,Haileybury Acumen,Haileybury School,United Kingdom,United Kingdom
2772,9,0,9,0,9,,2026-02-21 20:36:00,0,0,466E,466E - The Clankers,CENTRAL MIDDLE SCHOOL,Texas - Region 3,United States
2773,8,2,6,2,6,2026-01-24 18:50:32,2026-01-24 18:33:48,0,0,31775C,Imbecilic Eight Winged Butterflies,ERIE MIDDLE SCHOOL,Colorado,United States
2774,8,0,8,0,8,2025-12-06 23:54:31,2025-12-06 03:11:38,0,0,53397S,Loose Screws,South Coast Baptist College,Australia,Australia
2775,8,0,8,0,8,,2025-10-25 08:05:22,0,0,5811A,宁波上海世外学校,宁波上海世外学校,East China,China
2776,8,0,8,0,8,,2025-10-31 04:05:15,0,0,4139F,Team Nut,Steam Labs Technology and Robotics Studio,Thailand,Thailand
2777,8,0,8,0,8,,2025-12-06 22:16:41,0,0,52050F,BAZINGA!,Aquinas College,Australia,Australia
2778,8,0,8,0,8,,2026-01-10 19:04:12,0,0,55511A,PinkLadiesRobotics,PinkLadiesRobotics,Texas - Region 3,United States
2779,8,0,8,0,8,,2026-01-17 01:42:57,0,0,3071A,Jamon and Cheese,Forge Makerspace LLC,California - Region 4,United States
2780,8,0,8,0,8,,2026-02-07 14:15:53,0,0,33249H,The Golden Gears,BOB JONES ACADEMY MIDDLE SCHOOL,South Carolina,United States
2781,8,0,8,0,8,,2026-02-14 19:17:34,0,0,51332C,Steel Talons,Nagel Middle School,Ohio,United States
2782,8,0,8,0,8,,2026-02-21 17:00:49,0,0,97386C,Mechanical Peanuts,Robinson Middle School,Kansas,United States
2783,8,0,8,0,8,,2026-02-21 17:25:29,0,0,55117Y,Robotic Men,FREMONT HIGH,Utah,United States
2784,8,0,8,0,8,,2026-02-22 18:17:21,0,0,78861A,ApexWolves,Sterling Home,Virginia,United States
2785,8,0,8,0,8,,2026-02-28 19:50:44,0,0,8182A,Zesty Bots,Trinity Academy,Tennessee,United States
2786,8,0,8,0,8,,2026-02-28 20:30:20,0,0,99905R,RoboGryphs,ST GEORGE'S INDEPENDENT SCHOOL,Tennessee,United States
2787,7,5,2,5,2,2026-02-12 00:50:19,2026-02-12 00:50:02,0,0,41000S,41000S,GRANDVILLE MIDDLE SCHOOL,Michigan,United States
2788,7,0,7,4,7,2025-11-15 09:30:57,2025-08-23 08:46:11,0,0,69666M,重庆市育才中学校,重庆市育才中学校,West China,China
2789,7,2,5,2,5,2025-12-06 00:29:15,2025-12-06 00:45:35,0,0,6572A,Creekside Intermediate,CREEKSIDE INT,Texas - Region 3,United States
2790,7,1,6,1,6,2026-02-07 19:27:59,2026-02-07 19:30:58,0,0,57437A,The Knights,EUREKA HIGH SCHOOL - 01,South Dakota,United States
2791,7,0,7,0,7,2025-10-06 05:34:11,2025-10-06 06:43:23,0,0,49161X,Zhengze School,北京市正泽学校,North China,China
2792,7,0,7,0,7,2025-12-05 23:49:43,2025-12-06 00:55:19,0,0,6572C,Creekside Intermediate,CREEKSIDE INT,Texas - Region 3,United States
2793,7,0,7,0,7,2026-01-17 21:18:29,2026-01-17 21:20:33,0,0,9806D,Crusaderbots,BONITA VISTA MIDDLE,California - Region 4,United States
2794,7,0,7,0,7,2026-01-31 22:14:20,2026-01-31 21:51:55,0,0,93098A,Bazinga,FILLMORE ELEMENTARY,California - Region 2,United States
2795,7,0,7,0,7,2026-02-14 18:51:50,2026-02-14 18:59:06,0,0,1102J,Roboteers,ST MARY HELP OF CHRISTIANS CATHOLIC SCHOOL,South Carolina,United States
2796,7,0,7,0,7,2026-02-28 21:05:14,2026-02-28 21:00:43,0,0,30372C,Ryzen 4070,RANCHO SOLANO PREPARATORY SCHOOL,Arizona,United States
2797,7,0,7,0,7,,2025-10-25 05:05:47,0,0,88588B,88588B,余姚市青少年宫,East China,China
2798,7,0,7,0,7,,2025-11-20 18:44:44,0,0,97435E,Mechieval,PIZITZ MIDDLE SCHOOL,Alabama,United States
2799,7,0,7,0,7,,2026-01-31 19:17:44,0,0,22847C,5 Guys (but 1 Quit),FAIRMONT JR./SR. HIGH SCHOOL,Minnesota,United States
2800,7,0,7,0,7,,2026-01-31 20:50:31,0,0,22847B,McTraitors,FAIRMONT JR./SR. HIGH SCHOOL,Minnesota,United States
2801,7,0,7,0,7,,2026-02-07 14:28:07,0,0,9316B,the vexagons,John Hanson Middle School,Maryland,United States
2802,7,0,7,0,7,,2026-02-07 16:38:49,0,0,20944B,Apollo Titans,APOLLO MIDDLE SCHOOL,Florida - South,United States
2803,7,0,7,0,7,,2026-02-07 18:50:48,0,0,12601D,Real Robot was the Friends we made Along the Way,COAL RIDGE MIDDLE SCHOOL,Colorado,United States
2804,7,0,7,0,7,,2026-02-14 16:12:35,0,0,12184A,Rust In Peace,Northwestern Jr/Sr High School,Ohio,United States
2805,7,0,7,0,7,,2026-02-14 18:09:51,0,0,45133G,team G,HILLSBORO MIDDLE SCHOOL,Ohio,United States
2806,7,0,7,0,7,,2026-02-14 20:43:33,0,0,1214C,1214 C,Beville Middle School,Virginia,United States
2807,7,0,7,0,7,,2026-02-21 17:00:57,0,0,12184E,Abi's Violent Obsessive Zebras,Northwestern Jr/Sr High School,Ohio,United States
2808,7,0,7,0,7,,2026-02-21 17:30:34,0,0,11401H,RoPAWtics,Hughes Middle School,Virginia,United States
2809,7,0,7,0,7,,2026-02-27 08:15:04,0,0,98829X,98829X,佛山市实验学校,South China,China
2810,6,4,2,4,2,2026-02-08 19:36:09,2026-02-08 18:54:25,0,0,46630A,CodeZer0,STONE HILL MIDDLE,Virginia,United States
2811,6,1,5,1,5,2026-03-15 19:53:06,2026-03-15 21:14:31,36,0,99406A,Curran Robotics A,CURRAN MIDDLE,California - Region 3,United States
2812,6,0,6,0,6,2025-11-15 21:05:06,2025-11-15 18:52:14,55,0,24118C,EndCode,Southwest Middle School,Minnesota,United States
2813,6,0,6,0,6,2026-01-17 17:50:40,2026-01-17 17:50:04,54,0,6845E,Rothana Heavy Engineering,GOLDEN WEST MIDDLE,California - Region 2,United States
2814,6,0,6,0,6,2026-03-01 15:18:54,2026-02-28 16:23:34,37,0,4344A,CAPn's Crew,1 Lt Charles W. Whitcomb School,Massachusetts,United States
2815,6,0,6,0,6,2026-02-16 21:03:46,2026-02-22 00:26:30,40,0,2924A,OmNom,Roboters,California - Region 2,United States
2816,6,0,6,0,6,2026-02-21 14:46:25,2026-02-14 14:27:54,40,0,29483D,Glitter Gang,GREGG MIDDLE,South Carolina,United States
2817,6,0,6,0,6,2025-12-06 00:37:45,2025-11-21 16:01:52,1,0,4727D,The Forgery,BROOKSIDE INT,Texas - Region 3,United States
2818,6,0,6,0,6,2025-07-19 06:06:50,2025-07-18 06:02:44,0,0,43010C,Brainstorming,长沙市岳麓区萤火羽翼机器人活动中心,Middle China,China
2819,6,0,6,0,6,2025-11-22 20:07:19,2025-11-22 15:43:28,0,0,57783B,Broken Parts (MS),SPEARFISH MIDDLE SCHOOL - 05,South Dakota,United States
2820,6,0,6,0,6,,2025-08-16 05:46:22,0,0,99213K,Future Soldier EZ,Experimental School of Shanghai Conservatory of Music,East China,China
2821,6,0,6,0,6,,2025-10-06 03:11:24,0,0,19176S,SDSZ,SDSZ,North China,China
2822,6,0,6,0,6,,2025-10-27 14:08:24,0,0,13000F,703,GRANDVILLE MIDDLE SCHOOL,Michigan,United States
2823,6,0,6,0,6,,2025-11-01 13:34:59,0,0,13115B,Minor Game Violations,FAIRFOREST MIDDLE,South Carolina,United States
2824,6,0,6,0,6,,2025-11-15 18:21:45,0,0,25900C,Prodigies,ALLISON TRADITIONAL MAGNET MIDDLE,Kansas,United States
2825,6,0,6,0,6,,2025-12-05 16:05:04,0,0,17325C,Chaotic Gizmos,Glenwood Middle School,Ohio,United States
2826,6,0,6,0,6,,2025-12-13 16:27:38,0,0,8615B,LoCo Robotics,LOWNDES CO VOC COMPLEX,Mississippi,United States
2827,6,0,6,0,6,,2026-01-17 19:58:55,0,0,14144C,Tech Titans,Wood Ridge Middle School,Missouri,United States
2828,6,0,6,0,6,,2026-01-22 15:05:18,0,0,98575D,Guido,Ottawa Hills Jr/Sr High School,Ohio,United States
2829,6,0,6,0,6,,2026-01-23 15:56:47,0,0,25304A,EagleForce8,HORACE MANN MIDDLE SCHOOL,West Virginia,United States
2830,6,0,6,0,6,,2026-01-24 18:46:48,0,0,31887B,Mighty Titans,NOVA MIDDLE SCHOOL,Florida - South,United States
2831,6,0,6,0,6,,2026-01-31 21:25:43,0,0,295B,PART B,Placer Robotics (PART),California - Region 2,United States
2832,6,0,6,0,6,,2026-02-05 22:14:15,0,0,29617B,Operation Warden,LAKEVIEW MIDDLE,South Carolina,United States
2833,6,0,6,0,6,,2026-02-07 15:18:04,0,0,99766H,The Band Bros,North Kirkwood Middle School,Missouri,United States
2834,6,0,6,0,6,,2026-02-07 16:12:43,0,0,45135F,The Pickles (Fairfield Local 7th),FAIRFIELD LOCAL MIDDLE SCHOOL,Ohio,United States
2835,6,0,6,0,6,,2026-02-07 19:45:19,0,0,10600C,OrangeCatMafia,Woodbridge Middle School,Virginia,United States
2836,6,0,6,0,6,,2026-02-14 16:55:51,0,0,12184D,The Ball Hoggers,Northwestern Jr/Sr High School,Ohio,United States
2837,6,0,6,0,6,,2026-02-14 17:26:42,0,0,45133T,The Rust Bucket,HILLSBORO MIDDLE SCHOOL,Ohio,United States
2838,6,0,6,0,6,,2026-02-14 19:12:23,0,0,12184C,Ginger Ale,Northwestern Jr/Sr High School,Ohio,United States
2839,6,0,6,0,6,,2026-02-21 14:43:47,0,0,42748D,HotDogs,Florence Chapel Middle School,South Carolina,United States
2840,6,0,6,0,6,,2026-02-21 17:32:45,0,0,1157A,Mini Pekka,R. C. EDWARDS MIDDLE,South Carolina,United States
2841,6,0,6,0,6,,2026-02-21 21:44:10,0,0,466B,466B -The Sharks,CENTRAL MIDDLE SCHOOL,Texas - Region 3,United States
2842,6,0,6,0,6,,2026-02-28 16:56:11,0,0,70663X,Short Circuit,LEBLANC MIDDLE SCHOOL,Louisiana,United States
2843,5,2,3,2,3,2026-02-21 19:29:47,2026-02-21 17:53:46,28,0,45135E,Gear Box (Fairfield Local 8th),FAIRFIELD LOCAL MIDDLE SCHOOL,Ohio,United States
2844,5,1,4,1,4,2026-02-28 19:22:53,2026-02-28 16:33:47,50,0,83009G,Cinco Amigos,BAILEY MIDDLE SCHOOL,Texas - Region 4,United States
2845,5,1,4,1,4,2026-01-24 18:31:06,2026-01-24 20:10:50,0,0,11462D,Certified 5 Beans,GIBSON  ROBERT O MIDDLE SCHOOL LEADERSHIP ACADEMY,Nevada,United States
2846,5,1,4,1,4,2026-01-24 19:34:55,2026-01-24 18:12:53,0,0,79700B,Cyber Jets,JEFFERSON MIDDLE,New Mexico,United States
2847,5,1,4,1,4,2026-01-31 17:49:31,2026-01-31 17:42:46,0,0,70634C,Techno Vipers,EAST BEAUREGARD HIGH SCHOOL,Louisiana,United States
2848,5,0,5,0,5,2026-02-06 09:44:42,2026-02-06 08:40:46,55,2,5039C,CMT-J1,TWGHS Chang Ming Thien College,Hong Kong,Hong Kong
2849,5,0,5,0,5,2026-01-17 16:02:17,2025-12-13 18:06:30,19,0,32285C,Code Cuties,Hudsonville Christian School,Michigan,United States
2850,5,0,5,0,5,2026-02-05 12:17:09,2026-02-05 12:17:28,0,0,6493C,T-ROB - ROBO,Tanfield School,United Kingdom,United Kingdom
2851,5,0,5,0,5,2026-02-15 23:43:36,2026-02-15 21:57:56,0,0,394B,Highlands Inter Robotics,HIGHLANDS INTERMEDIATE SCHOOL,Hawaii,United States
2852,5,0,5,0,5,2026-02-21 19:27:51,2026-02-21 18:15:39,0,0,79338E,Jingle Bell Bots,Westchester Middle School,Indiana - Region 1 - North,United States
2853,5,0,5,0,5,2026-03-08 14:40:33,2026-03-08 15:39:29,0,0,12350A,The Alchemists,LAKE RIDGE MIDDLE,Virginia,United States
2854,5,0,5,0,5,,2025-08-23 05:59:09,0,0,8683B,AIK,Jin Yang Zheng,Australia,Australia
2855,5,0,5,0,5,,2025-09-13 19:18:14,0,0,79793M,RoboPirates,MAGNOLIA SCIENCE ACADEMY SANTA ANA,California - Region 4,United States
2856,5,0,5,0,5,,2025-09-13 20:09:59,0,0,27182A,Robco,SIERRA MIDDLE,California - Region 3,United States
2857,5,0,5,0,5,,2025-09-13 20:16:09,0,0,8781C,OK Robotics,OLIVE KNOLLS CHRISTIAN SCHOOL,California - Region 3,United States
2858,5,0,5,0,5,,2025-10-27 15:53:49,0,0,13000U,502,GRANDVILLE MIDDLE SCHOOL,Michigan,United States
2859,5,0,5,0,5,,2025-11-15 00:19:24,0,0,91123A,MECS 9's,Mount Evelyn Christian School,Australia,Australia
2860,5,0,5,0,5,,2025-11-15 08:11:10,0,0,44110D,PDS MIARMY,Patumwan Demonstration School,Thailand,Thailand
2861,5,0,5,0,5,,2025-11-22 18:26:21,0,0,9594T,RoboCavs,Collingwood School,British Columbia (BC),Canada
2862,5,0,5,0,5,,2025-11-22 19:37:13,0,0,9149C,Robocats,Meyer Middle School Robotics,Wisconsin,United States
2863,5,0,5,0,5,,2025-11-22 19:56:29,0,0,9594N,RoboCavs,Collingwood School,British Columbia (BC),Canada
2864,5,0,5,0,5,,2025-12-06 15:46:06,0,0,90121D,Chaotic Tacos,ACADEMY FOR ADVANCED AND CREATIVE LEARNING,Colorado,United States
2865,5,0,5,0,5,,2025-12-06 20:25:10,0,0,65557U,Bubble Guppies,FOREST HEIGHTS STEM ACADEMY,Arkansas,United States
2866,5,0,5,0,5,,2025-12-13 15:00:30,0,0,85085R,The Rust Buckets,WOODLAWN BEACH MIDDLE SCHOOL,Florida - North/Central,United States
2867,5,0,5,0,5,,2025-12-13 19:46:40,0,0,9413D,Team Invincible,STEAM ACADEMY @ BURKE,California - Region 4,United States
2868,5,0,5,0,5,,2025-12-20 15:28:09,0,0,2392A,Team Prime,Marlboro Robotics,New Jersey,United States
2869,5,0,5,0,5,,2025-12-20 22:27:23,0,0,3134K,Robolabs Kao,Robolabs,California - Region 2,United States
2870,5,0,5,0,5,,2026-01-10 16:28:15,0,0,457C,457C,JENISON JUNIOR HIGH SCHOOL,Michigan,United States
2871,5,0,5,0,5,,2026-01-10 18:11:22,0,0,89509A,89509A,Darrell C Swope Middle School,Nevada,United States
2872,5,0,5,0,5,,2026-01-17 21:42:30,0,0,9806E,Crusaderbots,BONITA VISTA MIDDLE,California - Region 4,United States
2873,5,0,5,0,5,,2026-01-23 16:55:57,0,0,25302A,WSMS Wolfpack,WEST SIDE MIDDLE SCHOOL,West Virginia,United States
2874,5,0,5,0,5,,2026-01-24 18:18:40,0,0,30207A,Altamont A,THE ALTAMONT SCHOOL,Alabama,United States
2875,5,0,5,0,5,,2026-01-31 18:01:23,0,0,19391A,Cougar Robotics,THOMAS JEFFERSON MIDDLE,California - Region 3,United States
2876,5,0,5,0,5,,2026-01-31 18:29:37,0,0,25251B,TEAM Peyton B,VALENTINE PEYTON ELEMENTARY,California - Region 2,United States
2877,5,0,5,0,5,,2026-01-31 22:01:20,0,0,95215S,Henry Great White Sharks,Henry Elementary,California - Region 2,United States
2878,5,0,5,0,5,,2026-02-07 12:37:38,0,0,68851M,GalaktikA,STEAM Azerbaijan,Azerbaijan,Azerbaijan
2879,5,0,5,0,5,,2026-02-07 17:15:31,0,0,77774M,Robot Invaders,Madison Middle School,Mississippi,United States
2880,5,0,5,0,5,,2026-02-07 17:30:10,0,0,938X,Blaze Xtra hot sauce,Blaze Robotics Academy,Washington,United States
2881,5,0,5,0,5,,2026-02-07 19:04:20,0,0,14144B,Rough Riders,WOOD RIDGE MIDDLE SCHOOL,Missouri,United States
2882,5,0,5,0,5,,2026-02-07 19:09:01,0,0,18538A,MWMS01,Meadow Woods Middle School,Florida - North/Central,United States
2883,5,0,5,0,5,,2026-02-08 17:36:40,0,0,45096A,RoboFennatics,The Fenn School,Massachusetts,United States
2884,5,0,5,0,5,,2026-02-14 18:22:58,0,0,4580A,"E. Russell Hicks VEX Huskies ",E. RUSSELL HICKS MIDDLE,Maryland,United States
2885,5,0,5,0,5,,2026-02-14 19:48:15,0,0,41658D,Optimus prime,Rancho San Joaquin MS,California - Region 4,United States
2886,5,0,5,0,5,,2026-02-21 17:52:49,0,0,1055D,OPS - 67boltz,Beveridge Magnet Middle School,Nebraska,United States
2887,5,0,5,0,5,,2026-02-21 19:59:00,0,0,31319Y,Cougar Robotics,COLEMAN MIDDLE SCHOOL,Kansas,United States
2888,5,0,5,0,5,,2026-02-21 21:39:49,0,0,466C,466C - Five Two,CENTRAL MIDDLE SCHOOL,Texas - Region 3,United States
2889,5,0,5,0,5,,2026-02-21 23:57:18,0,0,88397D,Monke,"St Andrew's College, Christchurch",New Zealand,New Zealand
2890,5,0,5,0,5,,2026-02-26 06:55:28,0,0,11118A,Engeeker Guangdong,Engeeker Academy Guangdong,South China,China
2891,4,4,0,4,0,2025-10-04 11:28:49,,0,0,10825B,SD-B,sidunxuetang,South China,China
2892,4,1,3,1,3,2026-01-17 20:25:11,2026-01-17 16:09:59,0,0,4670B,The G.O.A.T.s,SUMMIT MIDDLE CHARTER SCHOOL,Colorado,United States
2893,4,1,3,1,3,2026-02-04 23:27:19,2026-02-04 23:28:31,0,0,726B,Jr. Jagwires,DESERT RIDGE SCHOOL OF INNOVATION,Arizona,United States
2894,4,0,4,0,4,,2025-11-15 07:39:43,0,13,52077X,mummur,Senyes Vanguard,Thailand,Thailand
2895,4,0,4,0,4,2026-01-10 19:01:00,2026-01-10 18:33:12,0,0,1660B,Triple Trouble,Clover Middle School,South Carolina,United States
2896,4,0,4,0,4,2026-01-24 16:17:06,2026-01-24 16:55:33,0,0,46981A,"Roswell robo squad robotics ","Roswell robo squad robotics ",New Mexico,United States
2897,4,0,4,0,4,2026-01-31 22:31:31,2026-01-31 22:03:26,0,0,93098R,Crazy Monkeys,FILLMORE ELEMENTARY,California - Region 2,United States
2898,4,0,4,0,4,,2025-08-02 14:46:34,0,0,3333V,Snowy Circuit,Notre Dame Prep,Michigan,United States
2899,4,0,4,0,4,,2025-08-23 03:06:36,0,0,99232X,QiongWolf X,QongWolf Studio,South China,China
2900,4,0,4,0,4,,2025-09-09 06:23:47,0,0,4613J,The Falcon Force,Barker College,Australia,Australia
2901,4,0,4,0,4,,2025-10-18 22:09:26,0,0,99182W,yogurt,Cupertino STEM,California - Region 2,United States
2902,4,0,4,0,4,,2025-11-01 14:12:56,0,0,29651R,Ballistic Bots,BLUE RIDGE MIDDLE,South Carolina,United States
2903,4,0,4,0,4,,2025-11-15 18:20:59,0,0,55615A,Calamity,FMS Raider Robotics,Michigan,United States
2904,4,0,4,0,4,,2025-11-15 18:34:35,0,0,51521D,Reckless Drivers,NORTH PARK ACADEMY OF THE ARTS,California - Region 4,United States
2905,4,0,4,0,4,,2025-11-15 19:59:12,0,0,9413B,The Tater-Naters,STEAM ACADEMY @ BURKE,California - Region 4,United States
2906,4,0,4,0,4,,2025-11-20 17:27:21,0,0,30117B,CMS Robotics,Carrollton Middle School,Georgia,United States
2907,4,0,4,0,4,,2025-11-22 16:12:04,0,0,24931C,STEMBots,LANIER MIDDLE SCHOOL,Georgia,United States
2908,4,0,4,0,4,,2025-11-22 19:18:12,0,0,61538F,The Bolts,CHENEY MIDDLE SCHOOL  6-8,Kansas,United States
2909,4,0,4,0,4,,2025-11-22 19:55:50,0,0,2481D,Frosted Phoenix,COLORADO SPRINGS EARLY COLLEGES,Colorado,United States
2910,4,0,4,0,4,,2025-12-05 17:50:00,0,0,72247B,Tire Heads,Akron Roman Catholic Home Educators (ARCHE),Ohio,United States
2911,4,0,4,0,4,,2025-12-06 18:16:36,0,0,12601M,Slimers,COAL RIDGE MIDDLE SCHOOL,Colorado,United States
2912,4,0,4,0,4,,2025-12-07 07:32:55,0,0,38657R,Unbrickables,Shrewsbury International School,Thailand,Thailand
2913,4,0,4,0,4,,2025-12-13 03:50:14,0,0,6845B,Burning Bots,GOLDEN WEST MIDDLE,California - Region 2,United States
2914,4,0,4,0,4,,2025-12-13 18:14:02,0,0,79546A,Chezburber,ROTAN K-12,Texas - Region 5,United States
2915,4,0,4,0,4,,2025-12-13 21:05:54,0,0,77774P,The Fantastic 3,Madison Middle School,Mississippi,United States
2916,4,0,4,0,4,,2025-12-17 22:14:26,0,0,33042J,EP Dogs MS - 1,EAST PALESTINE MIDDLE SCHOOL,Ohio,United States
2917,4,0,4,0,4,,2025-12-20 16:26:32,0,0,12169C,Petite Potatoes,TRENTON MIDDLE SCHOOL,Texas - Region 2,United States
2918,4,0,4,0,4,,2026-01-10 16:50:41,0,0,32218C,Robot Raptors,OSBORNE MIDDLE SCHOOL,Georgia,United States
2919,4,0,4,0,4,,2026-01-10 17:07:13,0,0,32218A,Gear Heads,OSBORNE MIDDLE SCHOOL,Georgia,United States
2920,4,0,4,0,4,,2026-01-10 18:10:16,0,0,87422D,Tech Titans,JONES MIDDLE SCHOOL,Georgia,United States
2921,4,0,4,0,4,,2026-01-10 19:58:34,0,0,6634E,Artemis,THE NOKESVILLE SCHOOL,Virginia,United States
2922,4,0,4,0,4,,2026-01-17 16:23:23,0,0,33157A,Warrior Robotics,"WESTMINSTER CHRISTIAN PRIVATE SCHOOL, INC.",Florida - South,United States
2923,4,0,4,0,4,,2026-01-24 18:35:34,0,0,50170D,Fattie Baddie Waddles,GREENWICH ACADEMY,Connecticut,United States
2924,4,0,4,0,4,,2026-01-27 21:36:56,0,0,84949X,84949X,SUSSMAN (EDWARD A.) MIDDLE,California - Region 4,United States
2925,4,0,4,0,4,,2026-01-31 22:08:09,0,0,93098B,RoboRaiders,FILLMORE ELEMENTARY,California - Region 2,United States
2926,4,0,4,0,4,,2026-02-01 22:01:15,0,0,90121B,OverCode,ACADEMY FOR ADVANCED AND CREATIVE LEARNING,Colorado,United States
2927,4,0,4,0,4,,2026-02-07 15:44:54,0,0,15376K,Vortex 3S-KIKI,École secondaire des Trois-Saisons,Quebec,Canada
2928,4,0,4,0,4,,2026-02-07 16:42:13,0,0,31575B,EMS 2,Traverse City Area Public Scho,Michigan,United States
2929,4,0,4,0,4,,2026-02-08 18:40:09,0,0,64950A,Tech Tigers,Tyngsborough Middle School,Massachusetts,United States
2930,4,0,4,0,4,,2026-02-13 18:31:53,0,0,2011X,X-Calibur,BRECKSVILLE-BROADVIEW HEIGHTS MIDDLE SCHOOL,Ohio,United States
2931,4,0,4,0,4,,2026-02-14 19:55:24,0,0,95382B,What If?,Laing Middle School of Science and Technology,South Carolina,United States
2932,4,0,4,0,4,,2026-02-14 20:02:58,0,0,4431F,"First Echelon ""122nd""",WEST HARDIN MIDDLE SCHOOL,Kentucky,United States
2933,4,0,4,0,4,,2026-02-21 17:43:14,0,0,81016T,M-Force,Malesus STEM Innovation Center,Tennessee,United States
2934,4,0,4,0,4,,2026-02-21 19:34:42,0,0,79338C,Clashers,Westchester Middle School,Indiana - Region 1 - North,United States
2935,4,0,4,0,4,,2026-02-21 23:02:04,0,0,94566A,"HPMS VEX Robotics Team ",HARVEST PARK MIDDLE,California - Region 2,United States
2936,4,0,4,0,4,,2026-02-28 18:23:47,0,0,83009C,The Bailey Ballers,BAILEY MIDDLE SCHOOL,Texas - Region 4,United States
2937,4,0,4,0,4,,2026-03-01 17:10:07,0,0,70699B,Wolverine Robotics,F. K. WHITE MIDDLE SCHOOL,Louisiana,United States
2938,3,3,0,3,0,2025-10-26 05:15:04,,41,0,70000X,Beng-Beng,Beijing Lecheng International School,North China,China
2939,3,3,0,3,0,2025-08-22 09:21:42,,40,0,9285A,WuXi JiangNan Middle School Team A,WuXi JiangNan Middle School,East China,China
2940,3,1,2,1,2,2025-12-06 19:20:16,2025-12-06 14:51:00,47,0,1145B,Storm,Unadilla Valley Central School,New York-North,United States
2941,3,0,3,0,3,2026-01-31 19:51:43,2026-02-14 18:56:41,45,0,99750Z,Sparta's Warriors,ROCORI MIDDLE,Minnesota,United States
2942,3,0,3,0,3,,2025-11-15 20:36:36,0,7,96231A,AllSpark Innovators,Shetty Robotics Lab,North Carolina,United States
2943,3,0,3,0,3,2026-01-24 18:16:29,2026-01-24 18:19:41,0,0,79700C,Bionic Jets,JEFFERSON MIDDLE,New Mexico,United States
2944,3,0,3,0,3,,2025-07-19 08:03:24,0,0,99213V,Future Soldier MG,Experimental School of Shanghai Conservatory of Music,East China,China
2945,3,0,3,0,3,,2025-10-11 17:48:39,0,0,70565A,SaberNetics,MCFARLAND Junior High School,California - Region 3,United States
2946,3,0,3,0,3,,2025-10-18 17:31:16,0,0,13115C,Something Hornet Related,FAIRFOREST MIDDLE,South Carolina,United States
2947,3,0,3,0,3,,2025-10-21 22:51:22,0,0,74042B,North Parkway Robotics,NORTH PARKWAY MIDDLE SCHOOL,Tennessee,United States
2948,3,0,3,0,3,,2025-11-08 19:46:05,0,0,6517Y,TRITONBOTS-Y,EASTLAKE MIDDLE,California - Region 4,United States
2949,3,0,3,0,3,,2025-11-15 15:57:28,0,0,2601B,Manic Mangos,Mead Middle School,Kansas,United States
2950,3,0,3,0,3,,2025-11-19 01:17:34,0,0,1247F,The Mechanic Monster,WESTBROOK INT,Texas - Region 3,United States
2951,3,0,3,0,3,,2025-11-22 18:00:49,0,0,72733X,Mustangs,Fraser Academy,British Columbia (BC),Canada
2952,3,0,3,0,3,,2025-11-22 19:49:41,0,0,25900D,Lemons sponsored by PrintCrypto.io,ALLISON TRADITIONAL MAGNET MIDDLE,Kansas,United States
2953,3,0,3,0,3,,2025-12-06 16:53:57,0,0,67282C,Vertical Armor,WATSON JUNIOR HIGH SCHOOL,Colorado,United States
2954,3,0,3,0,3,,2025-12-06 16:54:38,0,0,90235B,Bluey,S. J. WELSH MIDDLE SCHOOL,Louisiana,United States
2955,3,0,3,0,3,,2025-12-06 17:15:07,0,0,90121A,Mechanical Minds,ACADEMY FOR ADVANCED AND CREATIVE LEARNING,Colorado,United States
2956,3,0,3,0,3,,2025-12-06 19:13:05,0,0,33946A,The Force Factor,THE FRANKLIN ACADEMY,Washington,United States
2957,3,0,3,0,3,,2025-12-06 21:08:56,0,0,91625C,Brea Botcats The Chicken Cult,Brea Junior High School,California - Region 4,United States
2958,3,0,3,0,3,,2025-12-08 02:49:23,0,0,5589B,Wesley 2,The Methodist Church HK Wesley College,Hong Kong,Hong Kong
2959,3,0,3,0,3,,2025-12-13 16:46:28,0,0,85085W,The Giggle Gang,WOODLAWN BEACH MIDDLE SCHOOL,Florida - North/Central,United States
2960,3,0,3,0,3,,2025-12-13 19:00:33,0,0,27905K,The Springy Bobs,MARSHFIELD HIGH,Wisconsin,United States
2961,3,0,3,0,3,,2025-12-13 19:42:01,0,0,45784A,Edison's Engineers,PARKSIDE MIDDLE,Virginia,United States
2962,3,0,3,0,3,,2026-01-10 14:22:54,0,0,97625E,Hog Riders,WALHALLA MIDDLE,South Carolina,United States
2963,3,0,3,0,3,,2026-01-10 15:02:48,0,0,70773A,RMS Titans Team A,RICHARDS MIDDLE SCHOOL,Georgia,United States
2964,3,0,3,0,3,,2026-01-10 15:55:49,0,0,97311A,Red Rovers,DUNCAN LAKE MIDDLE SCHOOL,Michigan,United States
2965,3,0,3,0,3,,2026-01-10 20:03:18,0,0,30044C,Crews BroncoBots,CREWS MIDDLE SCHOOL,Georgia,United States
2966,3,0,3,0,3,,2026-01-10 21:16:08,0,0,11770Z,Rust in Piece,WILLOW WOOD J H,Texas - Region 3,United States
2967,3,0,3,0,3,,2026-01-17 14:42:55,0,0,40129A,TCS Vexcaliber,The Cotswold Academy,United Kingdom,United Kingdom
2968,3,0,3,0,3,,2026-01-17 19:39:40,0,0,82953A,CPA - Chicken Nuggies,Christ Presbyterian Academy,Tennessee,United States
2969,3,0,3,0,3,,2026-01-17 19:50:56,0,0,45009S,Cantankerous C- Channels,YOUNG WOMEN'S LEADERSHIP ACADEMY,Texas - Region 1,United States
2970,3,0,3,0,3,,2026-01-17 20:30:52,0,0,18716B,Jersey Gears,FALFURRIAS J H,Texas - Region 6,United States
2971,3,0,3,0,3,,2026-01-24 17:07:00,0,0,15550Y,FrostByte,E3 Robotics Center,Indiana - Region 1 - North,United States
2972,3,0,3,0,3,,2026-01-24 17:16:37,0,0,53999S,Robo Hornets,HARPURSVILLE JUNIOR-SENIOR HIGH SCHOOL,New York-North,United States
2973,3,0,3,0,3,,2026-01-24 19:09:21,0,0,62108B,Bulldogs,Johnston Stem Academy,Nevada,United States
2974,3,0,3,0,3,,2026-01-31 00:16:10,0,0,79294C,Cascades Academy Middle School: C,CASCADES ACADEMY,Oregon,United States
2975,3,0,3,0,3,,2026-01-31 20:46:16,0,0,3744X,Cyber Tigers,GAVIN SOUTH MIDDLE SCHOOL,Illinois,United States
2976,3,0,3,0,3,,2026-02-07 17:31:45,0,0,38742B,Crusader,Cornerstone Christian Academy,Texas - Region 5,United States
2977,3,0,3,0,3,,2026-02-07 18:12:57,0,0,61783F,Daniel,Surrey Christian School,British Columbia (BC),Canada
2978,3,0,3,0,3,,2026-02-07 18:39:10,0,0,80823A,Bulldogs 1,New Haven Junior High School,Indiana - Region 1 - North,United States
2979,3,0,3,0,3,,2026-02-07 19:38:50,0,0,502B,The Swarm,Alpha Robotics,British Columbia (BC),Canada
2980,3,0,3,0,3,,2026-02-07 22:22:07,0,0,61572A,Spirit & Opportunity,"Local club ",California - Region 2,United States
2981,3,0,3,0,3,,2026-02-11 00:33:28,0,0,7784J,C-Bots Jurassic Park,CAVELERO MID HIGH SCHOOL,Washington,United States
2982,3,0,3,0,3,,2026-02-13 17:14:42,0,0,2011U,Beginner’s Luck,BRECKSVILLE-BROADVIEW HEIGHTS MIDDLE SCHOOL,Ohio,United States
2983,3,0,3,0,3,,2026-02-14 16:41:10,0,0,29673E,Shifting Gears,WREN MIDDLE,South Carolina,United States
2984,3,0,3,0,3,,2026-02-14 17:34:13,0,0,98648D,Fish,PALMETTO MIDDLE,South Carolina,United States
2985,3,0,3,0,3,,2026-02-14 17:37:57,0,0,13115D,Roll the Dice,FAIRFOREST MIDDLE,South Carolina,United States
2986,3,0,3,0,3,,2026-02-14 18:48:31,0,0,99750G,Sparta's Hornets,Rocori Middle School,Minnesota,United States
2987,3,0,3,0,3,,2026-02-14 21:00:57,0,0,37148E,Droid Rage,PORTLAND HIGH SCHOOL,Tennessee,United States
2988,3,0,3,0,3,,2026-02-14 21:52:39,0,0,90621B,Beatty Bots,Gordon H. Beatty Middle School,California - Region 4,United States
2989,3,0,3,0,3,,2026-02-21 17:32:05,0,0,18237A,Steel Patriots,Liberty Bell Middle School,Tennessee,United States
2990,3,0,3,0,3,,2026-02-21 17:36:37,0,0,17325G,5th Graders,Glenwood Middle School,Ohio,United States
2991,3,0,3,0,3,,2026-02-21 19:25:50,0,0,48953B,Robo-Hawks B,INDIAN TRAIL MIDDLE SCHOOL,Tennessee,United States
2992,3,0,3,0,3,,2026-02-28 18:56:52,0,0,3075A,JoCo Robos,JOHNSON CO MIDDLE SCHOOL,Tennessee,United States
2993,2,2,0,2,0,2026-02-26 08:54:46,,45,0,98060B,Jing’an-2静安区少年宫,Shanghai Jing’an Children’s Palace,East China,China
2994,2,2,0,2,0,2025-10-25 07:40:28,,40,0,33123B,Mars Style 123B,火星派科技(北京)有限公司,North China,China
2995,2,2,0,2,0,2026-02-06 22:13:06,,0,0,4077E,STEM Scammers,STEM Collegiate,Alberta/Saskatchewan,Canada
2996,2,1,1,1,1,2026-02-27 19:20:39,2026-02-27 18:17:35,49,0,25304B,EagleForce7,HORACE MANN MIDDLE SCHOOL,West Virginia,United States
2997,2,0,2,1,2,2025-12-06 14:21:46,2026-02-13 19:02:19,0,0,48953D,Robo-Hawks D,Indian Trail Middle School,Tennessee,United States
2998,2,1,1,1,2,2026-02-14 17:36:08,2026-01-24 18:56:26,0,0,1089B,Brass Forge,Forge Robotics,Pennsylvania - East,United States
2999,2,1,1,1,1,2026-01-31 19:11:51,2026-01-31 19:24:03,0,0,3083C,Shark Prodigies,Walter Stiern Middle School,California - Region 3,United States
3000,2,1,1,1,1,2026-01-31 20:25:43,2026-01-31 18:45:25,0,0,70565B,SaberNetics B,MCFARLAND Junior High School,California - Region 3,United States
3001,2,1,1,1,1,2026-01-31 22:46:36,2026-01-31 22:10:01,0,0,95215W,Henry Tiger Sharks,WILHELMINA HENRY ELEMENTARY,California - Region 2,United States
3002,2,0,2,0,2,2026-02-07 16:37:57,2025-12-13 20:25:16,48,0,77774J,The Five Guys,Madison Middle School,Mississippi,United States
3003,2,0,2,0,2,2026-02-14 15:03:21,2026-02-14 13:56:31,44,0,44442A,44442A,SPRINGFIELD INTERMEDIATE MIDDLE SCHOOL,Ohio,United States
3004,2,0,2,0,2,2026-02-07 18:22:21,2026-02-07 16:16:38,43,0,43160H,Blues Clues,WASHINGTON MIDDLE SCHOOL,Ohio,United States
3005,2,0,2,0,2,2026-01-09 23:51:20,2026-01-10 14:22:01,0,0,29483E,Bill The Builders,GREGG MIDDLE,South Carolina,United States
3006,2,0,2,0,2,2026-02-07 20:54:13,2026-02-07 21:03:45,0,0,6364Z,The Hawks,BG Hudson Middle School,Texas - Region 5,United States
3007,2,0,2,0,2,2026-02-21 16:12:11,2026-02-21 17:47:19,0,0,33249B,Omega Systems,BOB JONES ACADEMY MIDDLE SCHOOL,South Carolina,United States
3008,2,0,2,0,2,,2025-07-19 07:31:21,0,0,20360D,North of Aquarius @SHSSIP,suzhou high school SIP,East China,China
3009,2,0,2,0,2,,2025-09-13 18:07:32,0,0,3083A,Tiger Sharks,WALTER STIERN MIDDLE,California - Region 3,United States
3010,2,0,2,0,2,,2025-09-18 06:21:04,0,0,4613Z,The way I gear,Barker College,Australia,Australia
3011,2,0,2,0,2,,2025-09-18 06:49:59,0,0,46131J,Xanadu,Barker College,Australia,Australia
3012,2,0,2,0,2,,2025-10-11 14:16:15,0,0,39475J,RGS Robo Kai 9,The Royal Grammar School Newcastle Upon Tyne,United Kingdom,United Kingdom
3013,2,0,2,0,2,,2025-10-11 17:31:31,0,0,77938B,MVA Robotics,MAR VISTA ACADEMY,California - Region 4,United States
3014,2,0,2,0,2,,2025-10-11 17:57:15,0,0,27182B,Cybot Galactica,SIERRA MIDDLE,California - Region 3,United States
3015,2,0,2,0,2,,2025-10-11 19:54:47,0,0,52451C,Cavalier Robotics,PAUL L. CATO MIDDLE,California - Region 3,United States
3016,2,0,2,0,2,,2025-10-17 06:12:23,0,0,79419C,"Wir sind dumm, alles ist kaput",Carey Baptist College,Australia,Australia
3017,2,0,2,0,2,,2025-11-08 13:45:47,0,0,45173A,The Vexanots,Fennville Middle School,Michigan,United States
3018,2,0,2,0,2,,2025-11-08 16:53:02,0,0,32547K,Discharge,Grand Mountain Junior High School,Colorado,United States
3019,2,0,2,0,2,,2025-11-08 18:50:59,0,0,6356C,Mythic Dragons,TRAIL RIDGE MIDDLE SCHOOL,Colorado,United States
3020,2,0,2,0,2,,2025-11-15 18:54:58,0,0,43125C,Eagles,RIVERA MIDDLE,California - Region 4,United States
3021,2,0,2,0,2,,2025-11-15 21:23:11,0,0,37768E,Big Nacho,BROWN JR. (WILLIE L) MIDDLE,California - Region 2,United States
3022,2,0,2,0,2,,2025-11-21 22:51:48,0,0,87711A,Bad Chad,NATIONAL INVENTORS HALL OF FAME SCHOOL CENTER FOR STEM,Ohio,United States
3023,2,0,2,0,2,,2025-11-22 18:02:43,0,0,11333B,Snellville Comets,GCPS Schools (Snellville MS),Georgia,United States
3024,2,0,2,0,2,,2025-11-22 20:05:42,0,0,4670E,The RoboRoyals,SUMMIT MIDDLE CHARTER SCHOOL,Colorado,United States
3025,2,0,2,0,2,,2025-12-05 17:05:46,0,0,97778F,Frost Fever,TALLMADGE MIDDLE SCHOOL,Ohio,United States
3026,2,0,2,0,2,,2025-12-05 17:30:18,0,0,32740A,Metal Menders,Donnell Middle School,Ohio,United States
3027,2,0,2,0,2,,2025-12-05 17:54:17,0,0,32740B,Screw-Ups,Donnell Middle School,Ohio,United States
3028,2,0,2,0,2,,2025-12-05 19:53:47,0,0,91187M,JB Titans MS,Jubilee Brownsville,Texas - Region 6,United States
3029,2,0,2,0,2,,2025-12-06 16:52:03,0,0,19901B,Janitell Jagwires 2,JANITELL JUNIOR HIGH SCHOOL,Colorado,United States
3030,2,0,2,0,2,,2025-12-06 18:24:18,0,0,17931A,North Schuylkill Jr High,NORTH SCHUYLKILL JSHS,Pennsylvania - East,United States
3031,2,0,2,0,2,,2025-12-06 18:37:22,0,0,91625A,Brea Botcats 91625A,Brea Junior High School,California - Region 4,United States
3032,2,0,2,0,2,,2025-12-06 20:55:01,0,0,31775E,Two By Twos,ERIE MIDDLE SCHOOL,Colorado,United States
3033,2,0,2,0,2,,2025-12-11 21:56:23,0,0,29617C,Chicken little,LAKEVIEW MIDDLE,South Carolina,United States
3034,2,0,2,0,2,,2025-12-13 14:58:06,0,0,18160A,Coding Christians,Vision 1883,Georgia,United States
3035,2,0,2,0,2,,2025-12-13 20:06:41,0,0,4077F,PAN-CAKES,STEM Collegiate,Alberta/Saskatchewan,Canada
3036,2,0,2,0,2,,2025-12-13 21:21:36,0,0,12012H,HydroMechs,HENLEY MIDDLE SCHOOL,Oregon,United States
3037,2,0,2,0,2,,2025-12-13 21:35:05,0,0,13455B,Marce Herz Team #2: Strawberry Girls,MARCE HERZ MIDDLE SCHOOL,Nevada,United States
3038,2,0,2,0,2,,2025-12-17 22:11:40,0,0,33042K,EP Dogs - MS 2,EAST PALESTINE MIDDLE SCHOOL,Ohio,United States
3039,2,0,2,0,2,,2026-01-03 19:08:43,0,0,9210F,Chassis and Crossnails,SAUK RAPIDS-RICE MIDDLE SCHOOL,Minnesota,United States
3040,2,0,2,0,2,,2026-01-04 18:46:09,0,0,59200M," Mission Constructable",India Community Center,California - Region 2,United States
3041,2,0,2,0,2,,2026-01-10 13:31:14,0,0,81000C,Galaxy Rovers,BAY CREEK MIDDLE SCHOOL,Georgia,United States
3042,2,0,2,0,2,,2026-01-10 14:19:42,0,0,29456B,Robo Eagles,OAKBROOK MIDDLE,South Carolina,United States
3043,2,0,2,0,2,,2026-01-10 16:24:38,0,0,74361T,Pryor,PRYOR PUBLIC SCHOOLS,Oklahoma,United States
3044,2,0,2,0,2,,2026-01-10 17:13:24,0,0,11033P,Pandabotics,Pandabotics,California - Region 2,United States
3045,2,0,2,0,2,,2026-01-10 19:52:57,0,0,13455D,Marce Herz Team #4,MARCE HERZ MIDDLE SCHOOL,Nevada,United States
3046,2,0,2,0,2,,2026-01-17 19:09:29,0,0,6517D,TRITONBOTS-D,EASTLAKE MIDDLE,California - Region 4,United States
3047,2,0,2,0,2,,2026-01-17 20:03:55,0,0,99766E,Sesame Street,NORTH KIRKWOOD MIDDLE,Missouri,United States
3048,2,0,2,0,2,,2026-01-17 22:24:41,0,0,93060B,Briggs #1,BRIGGS ELEMENTARY,California - Region 4,United States
3049,2,0,2,0,2,,2026-01-21 20:50:18,0,0,2011Y,Y-Axis,BRECKSVILLE-BROADVIEW HEIGHTS MIDDLE SCHOOL,Ohio,United States
3050,2,0,2,0,2,,2026-01-24 17:08:38,0,0,32959E,Droïde-3.1,Collège Saint-Sacrement,Quebec,Canada
3051,2,0,2,0,2,,2026-01-24 17:24:48,0,0,56847A,Bosque Clashers,Bosque School,New Mexico,United States
3052,2,0,2,0,2,,2026-01-24 19:01:54,0,0,62108A,Bulldogs,Johnston Stem Academy,Nevada,United States
3053,2,0,2,0,2,,2026-01-31 15:21:32,0,0,50395A,Bears A,BROADVIEW MIDDLE SCHOOL,Connecticut,United States
3054,2,0,2,0,2,,2026-01-31 17:28:30,0,0,43125E,Eagles,RIVERA MIDDLE,California - Region 4,United States
3055,2,0,2,0,2,,2026-01-31 18:15:01,0,0,95206M,Rivercat Robotics,MONROE ELEMENTARY,California - Region 2,United States
3056,2,0,2,0,2,,2026-01-31 19:15:16,0,0,9494B,The Republic of Joe,Tripp Middle School,Maine,United States
3057,2,0,2,0,2,,2026-01-31 20:27:18,0,0,99406C,Curran Robotics C,CURRAN MIDDLE,California - Region 3,United States
3058,2,0,2,0,2,,2026-01-31 20:37:18,0,0,20807A,Legacy Lions,LEGACY CHRISTIAN ACADEMY,California - Region 3,United States
3059,2,0,2,0,2,,2026-02-07 17:52:09,0,0,10385C,Cycle-Breakers,"Texas Robotics Alliance ",Texas - Region 6,United States
3060,2,0,2,0,2,,2026-02-07 18:36:16,0,0,92719B,SkyBuddies,"Premier Robotics  Club ",Ontario,Canada
3061,2,0,2,0,2,,2026-02-07 19:05:00,0,0,9142K,KnoWhere,WILL ROGERS JHS,Oklahoma,United States
3062,2,0,2,0,2,,2026-02-07 19:59:14,0,0,92315R,Rampage,POTOMAC MIDDLE,Virginia,United States
3063,2,0,2,0,2,,2026-02-07 20:08:56,0,0,32717B,Ramblewood Raiders,Ramblewood Middle School Robotics,Florida - South,United States
3064,2,0,2,0,2,,2026-02-07 20:31:10,0,0,84927D,Little Kids Inc.,MARY G. PORTER TRADITIONAL,Virginia,United States
3065,2,0,2,0,2,,2026-02-07 20:50:16,0,0,99515B,Patribots (MS),Douglas Middle School,South Dakota,United States
3066,2,0,2,0,2,,2026-02-08 17:13:38,0,0,4344D,King Krafters,1 Lt Charles W. Whitcomb School,Massachusetts,United States
3067,2,0,2,0,2,,2026-02-08 21:29:23,0,0,92614C,SLMS Sharks 3,SOUTH LAKE MIDDLE,California - Region 4,United States
3068,2,0,2,0,2,,2026-02-10 23:35:22,0,0,13727A,WC Pirates,WEST CARROLLTON MIDDLE SCHOOL,Ohio,United States
3069,2,0,2,0,2,,2026-02-12 22:51:56,0,0,85082X,NOVA,JENNINGS COMMUNITY LEARNING CENTER,Ohio,United States
3070,2,0,2,0,2,,2026-02-14 16:27:10,0,0,81432A,Little Ceasars,Keystone High School,Pennsylvania - West,United States
3071,2,0,2,0,2,,2026-02-14 17:45:07,0,0,26263B,SIMS TEAM 7,Starr-iva Middle School,South Carolina,United States
3072,2,0,2,0,2,,2026-02-14 19:34:41,0,0,1481B,Golden Gears,GAINESVILLE MIDDLE,Virginia,United States
3073,2,0,2,0,2,,2026-02-28 15:08:39,0,0,8512B,Gears of Steel,MURCHISON MIDDLE,Texas - Region 4,United States
3074,2,0,2,0,2,,2026-02-28 17:39:16,0,0,1096B,Techno Panthers,Payne Junior High School,Arizona,United States
3075,2,0,2,0,2,,2026-02-28 20:04:06,0,0,49959Z,Quantum Drive,PINNACLE VIEW MIDDLE SCHOOL,Arkansas,United States
3076,1,1,0,1,0,2026-01-31 19:21:03,,42,0,27922C,Robbed Tech,OSSEO Middle School,Minnesota,United States
3077,1,1,0,1,0,2026-01-10 17:08:05,,0,0,22778B,Austin Classical School Robotics B,Austin Classical School,Texas - Region 4,United States
3078,1,1,0,1,0,2026-01-29 12:03:58,,0,0,45097X,Hardware,Consett Academy,United Kingdom,United Kingdom
3079,1,1,0,1,0,2026-02-28 17:38:10,2026-02-28 15:44:04,0,0,46151W,JRW Wooden Winners,JOHN R. WOODEN MIDDLE SCHOOL,Indiana - Region 2 - Central,United States
3080,1,0,1,0,1,2026-02-07 15:18:48,2026-02-07 18:20:48,55,0,6537A,The California Gurls,GLYMONT MIDDLE SCHOOL,Maryland,United States
3081,1,0,1,0,1,2026-03-01 16:52:53,2026-02-28 16:26:13,48,0,70663Z,Crashout Crew,LEBLANC MIDDLE SCHOOL,Louisiana,United States
3082,1,0,1,0,1,2025-11-23 16:25:05,2025-11-23 16:29:39,45,0,119M,Meter Sticks,ST BERNARD SCHOOL,Connecticut,United States
3083,1,0,1,0,1,,2026-01-10 20:36:14,0,45,97778E,The Evil >:D,TALLMADGE MIDDLE SCHOOL,Ohio,United States
3084,1,0,1,0,1,2025-12-13 18:16:58,2025-12-13 21:04:30,38,0,12012X,X-IT,HENLEY MIDDLE SCHOOL,Oregon,United States
3085,1,0,1,0,1,,2025-11-19 07:36:48,0,30,68610A,YT Alpha,Yishun Town Secondary School,Singapore,Singapore
3086,1,0,1,0,1,,2025-12-13 18:17:01,0,16,67410C,The Toasted Waffles,PICKERINGTON RIDGEVIEW JUNIOR HIGH SCHOOL,Ohio,United States
3087,1,0,1,0,1,,2026-01-10 14:03:41,0,10,11581F,Fluorescent Flamingos,PLAINWELL MIDDLE SCHOOL,Michigan,United States
3088,1,0,1,0,1,2025-12-13 16:37:25,2025-12-13 16:35:12,0,0,73548C,Minion Mechs.,OXFORD MIDDLE SCHOOL,Mississippi,United States
3089,1,0,1,0,1,2026-01-17 19:49:30,2026-01-17 23:55:12,0,0,3324W,Supernova W,SCIENCE ACADEMY STEM MAGNET,California - Region 4,United States
3090,1,0,1,0,1,2026-01-22 22:21:20,2026-01-22 22:39:51,0,0,29617E,Krusty Krab,LAKEVIEW MIDDLE,South Carolina,United States
3091,1,0,1,0,1,2026-01-30 19:52:57,2026-01-30 19:50:51,0,0,11532H,Error 101,BEMIDJI MIDDLE,Minnesota,United States
3092,1,0,1,0,1,,2025-09-20 01:32:27,0,0,23660T,Why_So_Serious?,Loreto Kirribilli,Australia,Australia
3093,1,0,1,0,1,,2025-10-04 20:33:52,0,0,9413E,The Six Seven Monkeyteers,STEAM ACADEMY @ BURKE,California - Region 4,United States
3094,1,0,1,0,1,,2025-10-11 19:39:15,0,0,99406B,Curran Robotics B,CURRAN MIDDLE,California - Region 3,United States
3095,1,0,1,0,1,,2025-10-11 19:48:18,0,0,13077C,PROUD Robotics,Youth Support Services,California - Region 3,United States
3096,1,0,1,0,1,,2025-10-11 19:57:56,0,0,8383B,Washington Middle School,WASHINGTON MIDDLE,California - Region 3,United States
3097,1,0,1,0,1,,2025-10-24 23:33:45,0,0,23660S,The Mechanism in a Mechanical Pencil,Loreto Kirribilli,Australia,Australia
3098,1,0,1,0,1,,2025-10-25 07:31:05,0,0,88588A,88588A,余姚市青少年宫,East China,China
3099,1,0,1,0,1,,2025-10-25 07:38:34,0,0,88588C,88588C,余姚市青少年宫,East China,China
3100,1,0,1,0,1,,2025-10-25 17:28:09,0,0,84927E,NEAAAD,MARY G. PORTER TRADITIONAL,Virginia,United States
3101,1,0,1,0,1,,2025-11-01 17:12:01,0,0,38053F,Ladies of Light,OAKLAND CHRISTIAN SCHOOL,Michigan,United States
3102,1,0,1,0,1,,2025-11-08 16:33:32,0,0,32547F,Cyberstorm,Grand Mountain Junior High School,Colorado,United States
3103,1,0,1,0,1,,2025-11-08 16:40:33,0,0,52102B,The Unpredictables,SOUTH GIRARD SCHOOL,Alabama,United States
3104,1,0,1,0,1,,2025-11-08 19:31:19,0,0,6356F,Automatic Bots,TRAIL RIDGE MIDDLE SCHOOL,Colorado,United States
3105,1,0,1,0,1,,2025-11-15 17:36:34,0,0,22201M,Patasium Pumblers,PLEASANT VALLEY MIDDLE SCHOOL,Kansas,United States
3106,1,0,1,0,1,,2025-11-15 18:17:21,0,0,37768D,D1BB,BROWN JR. (WILLIE L) MIDDLE,California - Region 2,United States
3107,1,0,1,0,1,,2025-11-15 18:32:27,0,0,25900G,NMD,ALLISON TRADITIONAL MAGNET MIDDLE,Kansas,United States
3108,1,0,1,0,1,,2025-11-15 18:53:22,0,0,8512E,BLT Sandwich,MURCHISON MIDDLE,Texas - Region 4,United States
3109,1,0,1,0,1,,2025-11-19 00:09:24,0,0,2368C,RoboKnights,BAYSIDE INT,Texas - Region 3,United States
3110,1,0,1,0,1,,2025-11-19 00:43:10,0,0,6572D,Creekside Intermediate,CREEKSIDE INT,Texas - Region 3,United States
3111,1,0,1,0,1,,2025-11-21 15:07:54,0,0,12169E,Red Alert,TRENTON MIDDLE SCHOOL,Texas - Region 2,United States
3112,1,0,1,0,1,,2025-11-21 15:41:05,0,0,24523C,JAMS - Team C,JOHN ADAMS MIDDLE SCHOOL,West Virginia,United States
3113,1,0,1,0,1,,2025-11-21 18:22:52,0,0,30202N,Falcon Storm,Perryville Middle School,Delmarva,United States
3114,1,0,1,0,1,,2025-12-06 14:47:34,0,0,1068A,OPS - Enginerds,BRYAN MIDDLE SCHOOL,Nebraska,United States
3115,1,0,1,0,1,,2025-12-06 15:06:29,0,0,87736A,Bobcats,R C BARTON MIDDLE,Texas - Region 4,United States
3116,1,0,1,0,1,,2025-12-06 18:00:35,0,0,17931B,North Schuylkill Jr High,NORTH SCHUYLKILL JSHS,Pennsylvania - East,United States
3117,1,0,1,0,1,,2025-12-06 18:26:53,0,0,96863C,TV MS 3,TRI-VALLEY JSHS,Pennsylvania - East,United States
3118,1,0,1,0,1,,2025-12-06 19:07:21,0,0,67309B,ManeFrame 67309A,Sagemont Preparatory School,Florida - South,United States
3119,1,0,1,0,1,,2025-12-08 16:06:02,0,0,75442R,EAGLE FANG ROBOTICS GANG,Farmersville Junior High School,Texas - Region 2,United States
3120,1,0,1,0,1,,2025-12-13 15:21:42,0,0,2148B,Six-Seven,Greenville Middle School,Texas - Region 2,United States
3121,1,0,1,0,1,,2025-12-13 16:33:39,0,0,2626C,Nutz & Boltz,ST FRANCIS XAVIER Middle SCHOOL,Wisconsin,United States
3122,1,0,1,0,1,,2025-12-13 17:12:44,0,0,33157C,Warrior Robotics,"WESTMINSTER CHRISTIAN PRIVATE SCHOOL, INC.",Florida - South,United States
3123,1,0,1,0,1,,2025-12-13 17:13:42,0,0,94773C,Rancho Star-Bots,RANCHO-STARBUCK INTERMEDIATE,California - Region 4,United States
3124,1,0,1,0,1,,2025-12-13 17:20:19,0,0,75693B,The Elite Comets,MIKE OCALLAGHAN MIDDLE SCHOOL,Nevada,United States
3125,1,0,1,0,1,,2025-12-13 18:29:11,0,0,9901B,Big Bad Bumble Bees,ST ANDREW THE APOSTLE SCHOOL,Virginia,United States
3126,1,0,1,0,1,,2025-12-13 20:16:43,0,0,77774H,The Pythons,Madison Middle School,Mississippi,United States
3127,1,0,1,0,1,,2025-12-14 17:13:10,0,0,50395C,Bears C,BROADVIEW MIDDLE SCHOOL,Connecticut,United States
3128,1,0,1,0,1,,2025-12-19 17:52:15,0,0,55301D,Rechargers,UNITED SOUTH CENTRAL HIGH SCHOOL,Minnesota,United States
3129,1,0,1,0,1,,2025-12-21 16:24:26,0,0,4344E,Tech Dragons,1 Lt Charles W. Whitcomb School,Massachusetts,United States
3130,1,0,1,0,1,,2026-01-10 14:45:32,0,0,1157D,The Five Frogs,R. C. EDWARDS MIDDLE,South Carolina,United States
3131,1,0,1,0,1,,2026-01-10 16:37:13,0,0,72247A,Ring Leaders,Akron Roman Catholic Home Educators (ARCHE),Ohio,United States
3132,1,0,1,0,1,,2026-01-10 18:13:17,0,0,65557Z,Rubber Duckiez,FOREST HEIGHTS STEM ACADEMY,Arkansas,United States
3133,1,0,1,0,1,,2026-01-10 18:52:32,0,0,3620D,Forgot Password,RANDALL MIDDLE SCHOOL,Florida - North/Central,United States
3134,1,0,1,0,1,,2026-01-10 19:05:23,0,0,26208D,RoboCats,Gwinnett County Public Schools,Georgia,United States
3135,1,0,1,0,1,,2026-01-11 18:03:17,0,0,12711A,RoboDragons - Chain Saw,DON ESTRIDGE HIGH TECH MIDDLE SCHOOL,Florida - South,United States
3136,1,0,1,0,1,,2026-01-14 00:08:51,0,0,34042A,Dem Boyz,STRUTHERS MIDDLE SCHOOL,Ohio,United States
3137,1,0,1,0,1,,2026-01-17 15:53:45,0,0,6356B,Tina Fam,TRAIL RIDGE MIDDLE SCHOOL,Colorado,United States
3138,1,0,1,0,1,,2026-01-17 19:51:34,0,0,85403A,Robo-Raiders,TRIADELPHIA MIDDLE SCHOOL,West Virginia,United States
3139,1,0,1,0,1,,2026-01-24 18:30:13,0,0,56847D,Team Jesssssssssssssssica,Bosque School,New Mexico,United States
3140,1,0,1,0,1,,2026-01-27 16:40:00,0,0,31881B,Howling Hardware 2,Truitt Middle School,Texas - Region 3,United States
3141,1,0,1,0,1,,2026-01-28 11:24:50,0,0,26921Z,Hitchin Boys' School,Hitchin Boys' School,United Kingdom,United Kingdom
3142,1,0,1,0,1,,2026-01-28 14:07:54,0,0,72689M,Marriotts,Marriotts School,United Kingdom,United Kingdom
3143,1,0,1,0,1,,2026-01-31 17:44:44,0,0,61170E,The Recylers,SOUTH JUNIOR HIGH,Minnesota,United States
3144,1,0,1,0,1,,2026-01-31 18:16:28,0,0,95204A,Eagle209A,DOLORES HUERTA ELEMENTARY,California - Region 2,United States
3145,1,0,1,0,1,,2026-01-31 18:52:20,0,0,27922E,Cheez-it Quackers,Osseo Middle School,Minnesota,United States
3146,1,0,1,0,1,,2026-01-31 22:11:07,0,0,93098C,Robotics Crew,FILLMORE ELEMENTARY,California - Region 2,United States
3147,1,0,1,0,1,,2026-01-31 22:35:28,0,0,95215H,Henry Hammerhead Sharks,WILHELMINA HENRY ELEMENTARY,California - Region 2,United States
3148,1,0,1,0,1,,2026-02-01 18:28:39,0,0,32547D,The Wall-E Crew,Grand Mountain Junior High School,Colorado,United States
3149,1,0,1,0,1,,2026-02-07 14:36:16,0,0,13727B,The Robot Pirates,WEST CARROLLTON MIDDLE SCHOOL,Ohio,United States
3150,1,0,1,0,1,,2026-02-07 15:55:04,0,0,31575Z,EMS 22,Traverse City Area Public Scho,Michigan,United States
3151,1,0,1,0,1,,2026-02-07 16:03:40,0,0,73805K,The Benchwarmers,GERMANTOWN MIDDLE SCHOOL,Mississippi,United States
3152,1,0,1,0,1,,2026-02-07 16:49:15,0,0,99515C,Box-E (MS),Douglas Middle School,South Dakota,United States
3153,1,0,1,0,1,,2026-02-07 17:02:11,0,0,75605B,Christian Heritage M1,CHRISTIAN HERITAGE CLASSICAL SCHOOL,Texas - Region 2,United States
3154,1,0,1,0,1,,2026-02-07 17:46:58,0,0,73805A,Robo Mavs,GERMANTOWN MIDDLE SCHOOL,Mississippi,United States
3155,1,0,1,0,1,,2026-02-07 18:34:03,0,0,60946A,Spartan Robotics,SOSSAMAN MIDDLE SCHOOL,Arizona,United States
3156,1,0,1,0,1,,2026-02-07 18:48:00,0,0,12601C,Galactic Bakers,COAL RIDGE MIDDLE SCHOOL,Colorado,United States
3157,1,0,1,0,1,,2026-02-07 19:16:23,0,0,72733Z,Mustangs,Fraser Academy,British Columbia (BC),Canada
3158,1,0,1,0,1,,2026-02-07 19:54:50,0,0,22201B,The Kings,PLEASANT VALLEY MIDDLE SCHOOL,Kansas,United States
3159,1,0,1,0,1,,2026-02-07 19:58:17,0,0,83110D,Byte Size Disaster,STAR VALLEY MIDDLE SCHOOL,Wyoming,United States
3160,1,0,1,0,1,,2026-02-08 17:43:04,0,0,25600A,25600A,The Roxbury Latin School,Massachusetts,United States
3161,1,0,1,0,1,,2026-02-11 02:04:06,0,0,7784G,C-Bots Cherry Bomb,CAVELERO MID HIGH SCHOOL,Washington,United States
3162,1,0,1,0,1,,2026-02-13 17:08:48,0,0,2011T,Titans,BRECKSVILLE-BROADVIEW HEIGHTS MIDDLE SCHOOL,Ohio,United States
3163,1,0,1,0,1,,2026-02-14 18:47:30,0,0,1506B,Octadecagons,PACT CHARTER SCHOOL,Minnesota,United States
3164,1,0,1,0,1,,2026-02-14 19:44:31,0,0,8614D,Tech Masters,Bentonville Schools,Arkansas,United States
3165,1,0,1,0,1,,2026-02-14 20:21:55,0,0,1506P,Pan-cakes,PACT CHARTER SCHOOL,Minnesota,United States
3166,1,0,1,0,1,,2026-02-14 23:17:52,0,0,83C,Eagle Engineering MS - Charlie,CHAMINADE COLLEGE PREPARATORY MIDDLE SCHOOL,California - Region 4,United States
3167,1,0,1,0,1,,2026-02-21 15:23:53,0,0,6390K,Droids,HIGHLAND MIDDLE SCHOOL,Ohio,United States
3168,1,0,1,0,1,,2026-02-21 17:25:37,0,0,43011C,I Ready Robots,CENTERBURG MIDDLE SCHOOL,Ohio,United States
3169,1,0,1,0,1,,2026-02-21 18:13:28,0,0,83110A,Geoffrey's Homies,STAR VALLEY MIDDLE SCHOOL,Wyoming,United States
3170,1,0,1,0,1,,2026-02-21 22:44:13,0,0,43426A,The Chinchillas,Girl Scouts of Northern CA,California - Region 2,United States
3171,1,0,1,0,1,,2026-02-22 20:58:19,0,0,9901A,Aimbot Apple Bees,ST ANDREW THE APOSTLE SCHOOL,Virginia,United States
3172,1,0,1,0,1,,2026-02-28 15:50:46,0,0,90J,VEXMEN: Jetstream,Brandywine Robotics Inc.,Pennsylvania - East,United States
3173,1,0,1,0,1,,2026-02-28 17:13:33,0,0,3075B,JoCo Robos,JOHNSON CO MIDDLE SCHOOL,Tennessee,United States