Rank,Score,Autonomous Coding Skills,Driver Skills,Highest Autonomous Coding Skills,Highest Driver Skills,Highest Autonomous Score Timestamp,Highest Driver Score Timestamp,Highest Autonomous Score Stop Time,Highest Driver Score Stop Time,Team Number,Team Name,Organization,Event Region,Country / Region
1,229,112,117,112,117,2026-02-20 20:10:46,2026-02-20 20:10:22,0,0,47874J,Occam's Chainsaw,Squalicum High School,Washington,United States
2,223,115,108,115,108,2026-02-27 22:17:49,2026-02-28 00:03:14,0,0,16620B,Bluey Getting There,Blyth Academy The Glebe,Ontario,Canada
3,219,109,110,109,111,2026-03-07 18:01:24,2026-02-07 19:49:09,3,0,89040B,Dread Pirates,MOAPA VALLEY HIGH SCHOOL,Nevada,United States
4,219,102,117,102,117,2026-02-28 00:57:03,2026-02-28 02:14:09,0,0,1028A,WASHED,Brownell Talbot College Preparatory School,Nebraska,United States
5,219,100,119,100,119,2026-02-06 03:31:50,2026-02-07 00:11:09,0,0,13212D,SixSeven MEOW,Concordia International School Shanghai,East China,China
6,217,102,115,102,115,2026-02-01 01:36:42,2026-02-01 02:53:44,0,0,3588X,Galaxy,Edubot Inc.,California - Region 4,United States
7,217,99,118,99,118,2026-02-08 20:05:02,2026-02-08 17:11:40,0,0,16099A,Overclock,KG Computech,New York-South,United States
8,213,94,119,97,119,2026-02-14 18:44:28,2026-03-14 23:04:02,0,0,10B,Exothermic Burnout,Exothermic Robotics,Washington,United States
9,213,96,117,96,117,2026-01-04 22:31:30,2026-01-05 01:27:29,0,0,16610A,Snacky Cakes,Techblazers,Ontario,Canada
10,211,95,116,95,116,2026-02-27 06:41:37,2026-02-27 07:42:14,0,4,2815Z,Hongyi STEM International Academy,深圳市弘毅高级中学STEM国际书院,South China,China
11,210,92,118,92,118,2026-02-14 15:11:13,2026-02-14 21:00:26,0,0,8151W,Parts on Order,Grand Island Senior High School,Nebraska,United States
12,209,112,97,112,97,2026-03-13 22:07:52,2026-03-14 17:19:03,0,0,38535A,TitanTron,GLENBROOK SOUTH HIGH SCHOOL,Illinois,United States
13,209,97,112,97,112,2026-03-07 23:35:11,2026-03-07 22:44:31,0,0,11101K,Catch me if you can,Barcbots,California - Region 2,United States
14,209,93,116,96,116,2026-02-07 19:35:35,2026-02-28 19:52:51,0,0,74074Y,Bamboozled,Pioneer Robotics,Oklahoma,United States
15,208,92,116,96,116,2026-02-27 22:33:45,2026-01-17 19:20:34,0,3,3150A,Silver Owl,Silver Owl Robotics Inc.,Ontario,Canada
16,207,103,104,103,104,2026-02-14 03:29:45,2026-02-14 04:14:37,0,0,937X,Aurora,Team Aurora,Arizona,United States
17,207,101,106,101,106,2026-02-26 22:41:22,2026-02-26 22:13:59,0,0,6842K,Killer Instinct,PARK TUDOR SCHOOL,Indiana - Region 2 - Central,United States
18,203,98,105,98,105,2026-02-28 14:00:16,2026-02-28 15:39:59,1,0,4610Z,Zenith: Robot Rev,Robot Revolution,New Jersey,United States
19,203,98,105,98,105,2026-03-14 02:56:08,2026-03-14 18:02:13,0,0,917X,Aviation Nerds,Quantum Robotics,Washington,United States
20,203,84,119,84,119,2026-01-02 02:01:16,2026-01-02 06:12:05,0,2,8977A,上海市市北初级中学＆达罗捷派学院联队,Shanghai Shibei Junior High School,East China,China
21,202,96,106,96,106,2026-02-28 13:36:01,2026-02-28 14:55:54,1,0,7405R,Millburn Riptide,Millburn High School,New Jersey,United States
22,202,92,110,92,110,2026-02-07 02:26:11,2026-02-08 02:06:55,0,0,86669A,EDS_Bunreal,Edison Schools,Vietnam,Vietnam
23,201,100,101,100,112,2026-01-24 15:38:29,2025-12-30 18:03:21,0,6,98601Y,Atlantis (Troy),TROY HIGH NJROTC,California - Region 4,United States
24,200,94,106,94,116,2026-03-14 03:16:29,2026-02-21 17:37:27,0,0,10W,Exothermic Willy Wonkers,Exothermic Robotics,Washington,United States
25,200,90,110,90,110,2026-03-13 21:41:16,2026-03-13 22:13:31,0,2,41618H,Hermes,CAMDEN CATHOLIC HIGH SCHOOL,New Jersey,United States
26,200,86,114,86,114,2026-03-08 13:48:38,2026-03-07 17:56:14,0,0,10102Z,[Vinci] Hard Drive,iSTEAM Academy,Massachusetts,United States
27,198,88,110,98,110,2026-02-07 02:37:08,2026-03-14 03:14:58,0,0,8931R,V-Bots Arsenic,LAKE STEVENS SR HIGH SCHOOL,Washington,United States
28,197,100,97,100,101,2026-02-14 03:36:05,2026-01-25 20:30:51,1,0,2154A,ad astra,Robobotics,California - Region 2,United States
29,197,97,100,97,100,2026-02-21 18:24:08,2026-02-21 19:53:40,0,0,80001X,Double Double,Double Play,California - Region 2,United States
30,197,97,100,97,100,2026-02-21 23:06:33,2026-02-21 17:36:09,0,0,95071Y,Saratoga High Yabbadabbadoo,Saratoga High School,California - Region 2,United States
31,197,94,103,94,103,2026-03-13 23:10:43,2026-03-13 22:12:40,0,0,4610W,Wreckage: Robot Rev,Robot Revolution,New Jersey,United States
32,196,100,96,100,96,2026-03-07 18:12:04,2026-03-08 13:27:44,0,0,2602K,Hopkinetics KryptoKnights,HOPKINTON HIGH,Massachusetts,United States
33,196,96,100,96,100,2026-02-21 19:56:39,2026-02-21 22:08:02,0,0,77277C,Quantum Crew,Private,Washington,United States
34,195,97,98,97,98,2026-03-06 23:43:40,2026-03-07 00:55:33,0,0,65162A,Déjà vu,BOB JONES ACADEMY,South Carolina,United States
35,195,96,99,96,99,2026-03-08 16:07:54,2026-03-08 18:06:56,0,0,2550R,Rowdy Grizzlies,GRANITE BAY HIGH,California - Region 2,United States
36,195,95,100,95,100,2026-03-13 21:43:37,2026-03-14 15:05:05,0,0,586E,Easy Breezy,PLYMOUTH HIGH SCHOOL,Indiana - Region 1 - North,United States
37,195,91,104,91,104,2026-02-20 20:05:53,2026-02-20 20:05:17,0,0,47874Z,SUB ZERO,Squalicum High School,Washington,United States
38,195,86,109,86,110,2026-02-14 17:22:22,2026-03-07 17:18:58,0,0,2054V,Pika Pika,Pika Pika Robotics,Utah,United States
39,193,98,95,98,99,2026-02-14 19:47:00,2026-02-27 23:11:59,0,6,3150X,Three One Five Zero A,Silver Owl Robotics Inc.,Ontario,Canada
40,193,95,98,95,98,2026-01-11 16:45:26,2026-01-09 19:58:23,1,0,1523C,Charisma,Steamoji,Washington,United States
41,193,92,101,92,101,2026-02-28 03:10:24,2026-02-28 18:00:37,0,0,1010X,TenTon Robotics,West Vancouver School District #45,British Columbia (BC),Canada
42,192,96,96,96,96,2026-01-25 23:23:29,2026-01-25 22:35:01,2,6,95111V,Garage Productions,Hackathon4Kids,California - Region 2,United States
43,192,90,102,90,103,2026-01-25 19:11:45,2026-03-08 18:00:54,0,0,77787W,Whiteout,T-REX CLUB Corporation,California - Region 2,United States
44,192,89,103,89,103,2026-02-28 22:48:07,2026-02-28 17:52:26,0,0,839Z,// Caution Tape ZOOM! //,Caution Tape Robotics ////,Ontario,Canada
45,192,78,114,78,114,2026-02-14 20:49:55,2026-02-14 19:56:55,0,0,9123S,Shanghai RuiGuan Team 9123S,ShangHai RuiGuan Robotics Activity Center,East China,China
46,191,96,95,96,97,2026-02-15 02:14:12,2025-10-25 17:46:16,0,1,2570R,Royal Flush,"Next Gen AI Bots ",California - Region 2,United States
47,191,91,100,91,100,2026-02-14 21:29:03,2026-02-14 02:52:08,0,0,88909X,Parallelogram,INOBOTICS,California - Region 2,United States
48,191,90,101,90,101,2026-03-07 00:38:20,2026-03-07 19:30:43,0,0,9447G,Exploding Kittens,Palmetto Scholars Academy,South Carolina,United States
49,191,89,102,89,102,2026-02-07 04:37:52,2026-02-08 02:04:43,0,0,50922T,LSTS MAKO MANIACS,Lawrence S.Ting School,Vietnam,Vietnam
50,190,101,89,101,98,2026-02-28 18:26:59,2026-01-24 23:29:26,1,4,360H,Half Circle,Vexcellent Minds,California - Region 4,United States
51,190,86,104,86,104,2026-03-06 18:34:36,2026-03-06 18:12:44,0,0,7225F,Red 40,Southland High School,Minnesota,United States
52,190,85,105,85,105,2026-03-07 20:16:21,2026-03-07 20:28:18,0,0,32092G,Mile High Mechanics,Stargate Charter School,Colorado,United States
53,189,107,82,107,82,2026-03-07 20:00:36,2026-03-07 18:30:37,0,0,3332A,Astrabot,Astrabot,California - Region 2,United States
54,189,90,99,91,99,2026-01-10 15:04:43,2026-02-21 15:49:57,0,0,2790B,buh,Valparaiso High School,Indiana - Region 1 - North,United States
55,189,90,99,90,99,2026-03-14 00:24:53,2026-03-14 16:18:28,0,0,24658J,The Danny Devitos,Jay High School,Oklahoma,United States
56,189,85,104,85,104,2025-11-15 13:25:42,2025-11-15 13:46:11,0,0,15442A,Capybara,CANYON HIGH,California - Region 4,United States
57,189,74,115,78,115,2026-02-14 22:26:14,2026-03-14 22:36:30,0,0,1523W,Washington Football Team,Steamoji,Washington,United States
58,188,114,74,114,74,2026-02-14 19:25:28,2026-02-14 18:33:12,0,0,58676R,Corsaires R,Ecole Pointe-Levy,Quebec,Canada
59,188,94,94,94,102,2026-02-21 19:17:01,2026-02-14 22:57:18,0,0,1023E,Evolution,Evolution Robotics,Washington,United States
60,188,87,101,92,101,2026-03-15 13:46:31,2025-12-27 23:24:02,0,0,64411B,B>U,STEM SQUAD ROBOTICS,Florida - South,United States
61,188,90,98,90,98,2026-03-06 17:50:25,2026-03-06 16:12:56,0,0,8110W,Whisper,Mankato West Robotics,Minnesota,United States
62,188,89,99,89,99,2026-01-18 00:41:20,2026-01-17 23:43:42,0,9,6374B,Bionic Bruins,BRANHAM HIGH,California - Region 2,United States
63,188,87,101,87,104,2026-01-25 04:09:01,2026-02-04 01:36:58,2,0,1791V,JOINUS,Curious X-Lab,Chinese Taipei,Taiwan
64,187,96,91,96,91,2026-02-15 18:30:33,2026-02-15 16:04:41,0,0,5956A,Bangarang,TIMBER CREEK HIGH,Florida - North/Central,United States
65,187,90,97,90,97,2026-02-02 09:12:45,2026-02-03 06:34:38,0,0,81988B,Artemis,Shanghai Hongkou Robotics Club,East China,China
66,187,89,98,89,98,2026-02-27 02:32:49,2026-02-26 07:38:56,0,0,1690X,RAVEN X,Chengdu ShuDe High School,West China,China
67,187,86,101,86,101,2026-02-26 08:14:19,2026-02-26 06:04:25,0,0,7618A,Earthmover,Shanghai Xiangming High School,East China,China
68,187,85,102,85,102,2026-01-17 10:07:26,2026-01-17 10:09:56,0,0,2623K,Kingsmen,Independent,United Kingdom,United Kingdom
69,187,81,106,81,106,2026-02-13 14:34:47,2026-02-12 21:23:26,0,0,91231C,IRVINE RUIGUAN,IRVINE RUIGUAN,California - Region 4,United States
70,187,80,107,80,107,2026-02-28 17:06:41,2026-02-28 18:54:20,8,2,8675A,Jenny,NRAI,Nebraska,United States
71,187,79,108,79,108,2026-03-14 02:49:21,2026-03-14 21:51:13,0,0,10C,"Ex Machina: Rush, Jame, S, P, S2, NoLegDay, Vivian",Exothermic Robotics,Washington,United States
72,187,78,109,78,109,2026-02-28 17:44:36,2026-02-28 21:43:07,0,0,92087S,Sage Hill Robotics,Sage Hill School,California - Region 4,United States
73,186,87,99,89,99,2026-02-13 14:44:46,2026-02-28 17:43:14,0,0,11211X,Xelsius,OCSA,California - Region 4,United States
74,186,87,99,87,99,2026-03-13 22:58:31,2026-03-13 23:43:02,0,0,7405M,Millburn Mayhem,Millburn High School,New Jersey,United States
75,186,86,100,86,102,2026-02-28 03:28:55,2025-12-13 18:54:38,0,0,1010G,TenTon Robotics,West Vancouver School District #45,British Columbia (BC),Canada
76,186,85,101,85,106,2026-01-23 14:30:42,2026-03-07 01:40:10,0,0,6219B,Rock Em' Sock Em' Robot,NEENAH HIGH,Wisconsin,United States
77,186,84,102,84,113,2026-02-03 03:20:29,2026-01-25 03:19:25,1,7,17022A,Pangolin,Happy Robot,Chinese Taipei,Taiwan
78,185,92,93,92,94,2026-03-14 18:55:00,2025-11-14 17:56:36,0,0,40000E,Equinox,Brentwood Community Robotics,Tennessee,United States
79,185,91,94,91,94,2026-02-07 08:44:42,2026-02-08 01:08:40,0,0,2597Z,I0veless,A啊拉丁,South China,China
80,185,85,100,87,103,2026-03-13 22:52:30,2026-02-28 14:20:10,0,0,59218B,Cedar  Grove Panthers,CEDAR GROVE HIGH SCHOOL,New Jersey,United States
81,185,85,100,85,105,2026-02-21 19:48:32,2026-03-14 16:22:12,0,0,62880A,C2C - Tidal,Coast 2 Coast Robotics,New York-South,United States
82,185,77,108,77,108,2026-02-21 15:14:29,2026-02-21 18:53:32,0,0,4828X,Redux,BREWTECH TECHNOLOGY MAGNET HIGH SCHOOL,Alabama,United States
83,184,98,86,98,86,2026-01-23 15:07:32,2026-01-23 22:20:56,0,0,2011F,FaZe Clan,BRECKSVILLE-BROADVIEW HEIGHTS HIGH SCHOOL,Ohio,United States
84,184,90,94,96,99,2025-11-22 18:54:15,2026-01-10 22:41:22,0,0,1698V,Power Beans,1698,California - Region 2,United States
85,184,84,100,87,100,2026-01-01 04:27:49,2026-03-14 17:58:59,0,0,70407R,Refraction,Meahagh Robotics,New York-South,United States
86,184,86,98,86,98,2026-02-06 22:24:38,2026-02-06 23:42:55,0,0,8682A,Apollo,Newton College and Career Academy,Georgia,United States
87,184,86,98,86,98,2026-02-26 00:09:25,2026-02-26 00:22:47,0,0,1412J,BANSHEE!,CYPRESS SPRINGS HIGH SCHOOL,Texas - Region 3,United States
88,184,85,99,85,100,2026-02-14 19:45:40,2026-02-20 02:47:28,0,0,10K,Exothermic Knockout,Exothermic Robotics,Washington,United States
89,184,70,114,72,114,2025-11-22 17:07:11,2026-02-14 17:54:22,0,10,2982X,ALL ON RED,Robotfun Academy,Massachusetts,United States
90,183,85,98,85,100,2026-01-24 16:41:28,2026-01-05 02:33:12,0,0,1069A,After Hours,Berthoud Robotics,Colorado,United States
91,183,85,98,85,98,2026-03-06 21:18:34,2026-03-06 22:21:49,0,0,1764P,Paradox,Yarmouth High School,Maine,United States
92,182,96,86,96,86,2026-02-15 17:22:34,2026-02-15 20:19:10,0,0,32792B,COGNEX,Winter Park High School,Florida - North/Central,United States
93,182,85,97,85,97,2026-02-03 06:38:44,2026-02-04 03:06:48,0,0,66994D,Gigantic Marshmallow,Dr. Player Robotic Lab . Taichung,Chinese Taipei,Taiwan
94,182,84,98,84,98,2025-11-15 08:54:14,2025-11-14 08:59:09,0,0,54001A,西安市铁一中学A队,Xi'an TieYi Highschool,West China,China
95,181,87,94,87,94,2026-03-15 17:12:51,2026-03-14 16:30:45,0,0,2787V,Windforce,San Diego Stem Lab,Pennsylvania - East,United States
96,181,85,96,85,100,2026-03-08 14:43:09,2026-01-10 17:50:51,0,5,295Y,PARTY,Placer Robotics (PART),California - Region 2,United States
97,181,84,97,84,97,2026-02-27 21:03:53,2026-02-27 20:14:57,0,0,39Y,Yolt,CRANBROOK SCHOOLS,Michigan,United States
98,181,83,98,83,100,2026-03-06 19:34:23,2025-12-13 17:36:48,1,1,2011B,BlastOff,BRECKSVILLE-BROADVIEW HEIGHTS HIGH SCHOOL,Ohio,United States
99,181,82,99,82,103,2026-01-31 18:02:21,2026-02-07 22:23:54,0,0,5069Y,Havoc,Millard North High School,Nebraska,United States
100,181,80,101,80,101,2026-03-06 15:38:12,2026-03-06 21:02:02,2,0,45133J,Chicken Tender Defenders,HILLSBORO HIGH SCHOOL,Ohio,United States
101,181,80,101,80,101,2026-02-27 23:20:14,2026-02-28 18:48:58,0,0,1104V,Discobots Venom ひ,Brampton Robotics Education,Ontario,Canada
102,181,79,102,79,102,2026-02-28 14:46:52,2026-02-27 23:18:34,0,0,3150Z,Wing It,Silver Owl Robotics Inc.,Ontario,Canada
103,180,96,84,97,92,2026-03-06 23:22:21,2025-12-13 18:36:24,0,4,9623W,Lucky Charms,West Ashley Center for Advanced Studies,South Carolina,United States
104,180,90,90,90,90,2026-02-14 18:51:37,2026-02-14 20:39:38,4,0,2150A,Ratio - Chadwick School,CHADWICK SCHOOL,California - Region 4,United States
105,180,89,91,89,91,2026-03-14 12:05:52,2026-03-14 12:57:23,0,0,750S,Sentinels,SOUTH BRUNSWICK HIGH SCHOOL,New Jersey,United States
106,180,86,94,86,101,2026-02-28 15:20:55,2026-02-14 15:46:37,0,0,4610C,Bent C-channel: Robot Rev,Robot Revolution,New Jersey,United States
107,180,84,96,84,96,2026-02-28 16:23:04,2026-02-28 20:27:38,0,2,16610V,Vanadium,Techblazers,Ontario,Canada
108,180,82,98,82,98,2026-03-15 14:09:54,2026-03-15 14:51:37,0,0,4154R,U.S.S. ROBOTICS,NSU UNIVERSITY SCHOOL,Florida - South,United States
109,180,80,100,80,100,2026-01-17 06:49:49,2026-01-17 07:39:45,0,4,8076X,Recoil,Hwa Chong Institution,Singapore,Singapore
110,180,79,101,79,101,2026-03-14 21:26:16,2026-03-14 18:38:31,0,0,10P,Exothermic Pick Me,Exothermic Robotics,Washington,United States
111,180,65,115,77,115,2026-02-03 18:29:13,2026-03-07 00:45:00,0,0,13358C,Collision,SILVER CREEK HIGH SCHOOL,Colorado,United States
112,179,89,90,89,106,2026-01-01 01:26:47,2026-03-08 14:58:49,0,0,8889A,99%,Numberosity Academy,Massachusetts,United States
113,179,89,90,89,90,2026-03-08 18:34:19,2026-03-08 16:07:03,0,0,95071V,Saratoga High Velocity,Saratoga High School,California - Region 2,United States
114,179,82,97,82,97,2026-02-06 08:44:44,2026-01-10 04:35:27,0,5,28176N,Overwatch,Newton Robotics Club,Vietnam,Vietnam
115,179,82,97,82,97,2026-02-28 18:28:20,2026-02-28 15:28:11,0,0,81208X,LeRoi Xenon,LeRoi Robotics,Ontario,Canada
116,179,78,101,78,101,2026-01-25 07:09:20,2026-01-25 04:05:28,2,5,78181A,Genesis,IBSH-Curious Robotics,Chinese Taipei,Taiwan
117,178,91,87,91,87,2026-02-04 04:10:04,2026-02-03 03:05:05,0,0,4253S,Raid Zero S,Taipei American School,Chinese Taipei,Taiwan
118,178,80,98,90,98,2026-01-30 20:33:07,2026-02-26 23:02:18,0,0,6210M,Meta Mafia,Heritage Christian School,Indiana - Region 2 - Central,United States
119,178,89,89,89,89,2026-02-27 23:31:07,2026-02-27 22:30:40,0,0,3150K,Juicy Owls,Silver Owl Robotics Inc,Ontario,Canada
120,178,83,95,88,95,2026-02-07 20:34:16,2026-02-28 21:48:42,0,0,1010N,TenTon Robotics,West Vancouver School District #45,British Columbia (BC),Canada
121,178,85,93,85,93,2025-11-15 06:42:52,2025-11-14 08:02:32,0,0,3283A,TIEYI ICC,XIAN TIEYI ICC,West China,China
122,178,84,94,84,100,2026-02-13 13:18:57,2026-02-28 19:45:38,0,0,91231X,IRVINE RUIGUAN,IRVINE RUIGUAN,California - Region 4,United States
123,178,84,94,84,94,2026-03-07 16:52:19,2026-03-07 18:10:10,0,0,80080X,Nailed,Private Team,Arizona,United States
124,178,81,97,81,101,2026-02-28 22:26:50,2026-02-15 21:22:40,0,0,886S,Why So Serious | WPRA,Western Pacific Robotics Academy,British Columbia (BC),Canada
125,178,81,97,81,97,2026-02-27 23:14:46,2026-02-28 16:30:00,0,0,7686A,ISLANDERS,Tiger Robotics,South Dakota,United States
126,178,80,98,80,98,2026-03-08 15:53:19,2026-03-08 17:43:13,0,0,88909Y,88909Y,INOBOTICS,California - Region 2,United States
127,178,75,103,75,103,2026-02-14 04:20:41,2026-02-15 00:09:37,0,0,96789Z,Mililani Mechs,Mililani Mechs Robotics,Hawaii,United States
128,178,64,114,72,114,2026-03-06 16:02:41,2026-02-19 21:27:40,0,3,7316X,Xcalibur,FIRESTONE HIGH SCHOOL,Ohio,United States
129,177,96,81,96,81,2026-02-06 23:15:53,2026-02-07 00:55:42,0,0,71811N,Nemesis,NORTHVIEW HIGH SCHOOL,Georgia,United States
130,177,83,94,83,94,2026-02-28 23:44:42,2026-02-28 18:40:40,0,0,210C,Comet,Western Mechatronics Robotics Club,Alberta/Saskatchewan,Canada
131,177,80,97,80,97,2025-12-18 03:13:51,2025-12-18 07:25:51,0,0,4253A,Raid Zero A,Taipei American School,Chinese Taipei,Taiwan
132,177,77,100,77,100,2026-02-28 17:07:26,2026-02-28 20:45:19,0,0,8894R,ragebait.,MRZ Robotics,British Columbia (BC),Canada
133,177,74,103,74,103,2026-02-15 14:46:15,2026-02-15 18:22:57,0,0,13722A,Green House,The Frazer School,Florida - North/Central,United States
134,176,96,80,96,89,2026-02-01 17:08:36,2026-03-07 17:58:34,0,0,69955X,Gheese,LADUE HORTON WATKINS HIGH,Missouri,United States
135,176,95,81,95,85,2026-03-14 18:48:53,2026-02-11 01:58:22,0,0,8931W,V-Bots Vexing Vipers,LAKE STEVENS SR HIGH SCHOOL,Washington,United States
136,176,86,90,90,91,2026-02-26 02:17:50,2026-02-05 20:05:06,0,0,1412E,Hypercharged!,CYPRESS SPRINGS HIGH SCHOOL,Texas - Region 3,United States
137,176,86,90,86,98,2026-02-12 19:21:09,2026-02-21 16:03:09,0,0,45434H,Aftershock,Beavercreek Robotics Club,Ohio,United States
138,176,80,96,80,96,2026-02-06 05:53:43,2026-02-06 06:51:30,0,0,2053X,PXR0,Shanghai American School Puxi,East China,China
139,176,80,96,80,96,2026-02-08 01:21:41,2026-02-08 02:51:47,0,0,78857U,Only U,Tsinglan shool,South China,China
140,176,79,97,79,97,2026-02-28 17:49:10,2026-02-28 18:19:28,1,0,393E,Expedite,Legacy Magnet Academy,California - Region 4,United States
141,176,78,98,78,98,2026-02-07 18:33:57,2026-02-07 00:02:55,0,5,7009X,//Xcceleration//,Tech360,Georgia,United States
142,176,78,98,78,98,2026-03-15 14:51:36,2026-03-14 17:36:51,0,0,197E,Ethereus,Harriton Senior High School,Pennsylvania - East,United States
143,175,83,92,83,92,2026-03-14 13:33:16,2026-03-13 22:51:58,0,0,7405K,Millburn Kinetic,Millburn High School,New Jersey,United States
144,175,82,93,82,93,2026-02-26 01:40:37,2026-02-26 02:16:52,0,1,1065A,Sunny,SunnyRobotics,Texas - Region 3,United States
145,175,77,98,77,98,2026-03-13 22:30:38,2026-03-14 01:09:04,0,1,333Y,FourDollar SeventyFive Cent SpicyChicken Sandwich,Niles North 333 Robotics,Illinois,United States
146,175,77,98,77,98,2025-11-14 14:43:23,2025-11-15 16:22:08,0,0,2145V,Pink Swirlee Unicorns,Pink Unicorns,Virginia,United States
147,175,77,98,77,98,2026-02-03 20:04:45,2026-02-03 20:42:19,0,0,334W,Supernova Double U,SCIENCE ACADEMY STEM MAGNET,California - Region 4,United States
148,175,76,99,76,101,2026-02-12 19:49:09,2026-02-28 17:53:48,0,0,1795X,Vanity,Vanity Robotics,California - Region 4,United States
149,175,73,102,74,111,2025-12-30 19:19:01,2026-02-12 14:30:22,4,0,66556Z,Nameless,Nameless Robotics,Arizona,United States
150,174,73,101,87,101,2026-01-01 04:13:18,2025-12-27 16:52:32,0,0,3004A,qwerty,Independent,Ontario,Canada
151,174,75,99,82,99,2026-03-14 03:32:21,2026-02-13 14:09:02,0,0,42824A,Eternity,Private Team,Washington,United States
152,174,78,96,78,99,2026-03-07 02:57:15,2026-02-14 17:56:29,5,0,1168A,Victory,Victor Robotics,Oregon,United States
153,174,76,98,76,98,2026-03-08 13:16:41,2026-03-08 15:10:53,0,0,10102C,[Vinci] Corean Khicken,iSTEAM Academy,Massachusetts,United States
154,173,85,88,85,88,2026-02-08 03:05:08,2026-02-08 03:35:30,0,3,20811W,ZWIS,广州市中黄港澳子弟学校,South China,China
155,173,77,96,80,97,2025-12-13 15:07:41,2026-03-15 13:50:09,0,0,12914X,OmegaBotz,A-Technology Robotics Corp,Virginia,United States
156,173,77,96,79,96,2026-02-15 15:12:36,2026-02-07 17:29:16,0,0,6121C,The Pioneers,CONESTOGA SHS,Pennsylvania - East,United States
157,173,77,96,77,96,2026-01-30 18:02:24,2026-01-30 23:44:34,0,0,11101B,Barcbots Getting There,Barcbots,California - Region 2,United States
158,173,77,96,77,96,2026-03-15 16:48:21,2026-03-15 14:12:30,0,0,4478B,Blizzard,MASUK HIGH SCHOOL,Connecticut,United States
159,173,75,98,75,98,2026-02-28 14:02:14,2026-02-28 17:05:41,3,6,42652C,Slip Hazard,SULLIVAN EAST HIGH SCHOOL,Tennessee,United States
160,173,75,98,75,100,2026-02-27 00:13:37,2026-02-22 18:16:42,0,0,6210A,Apocalypse,Heritage Christian School,Indiana - Region 2 - Central,United States
161,173,75,98,75,98,2026-02-07 17:15:16,2026-02-07 17:35:19,0,0,6403Z,Zedonk,Brookside High School,Ohio,United States
162,172,86,86,86,86,2026-02-26 17:17:52,2026-02-26 19:26:07,0,0,3184A,Torquers,SULPHUR HIGH SCHOOL,Louisiana,United States
163,172,75,97,83,100,2026-01-17 13:45:07,2025-12-27 16:02:48,0,0,550X,XAWG,APOPKA HIGH,Florida - North/Central,United States
164,172,73,99,73,99,2026-02-28 15:09:40,2026-02-28 18:09:01,0,0,5813R,The Allen Keys,Abraham Lincoln High School,Iowa,United States
165,171,88,83,88,98,2026-01-18 17:03:14,2026-01-10 17:42:51,0,0,1739C,Nonapplicable,Nonapplicable Robotics,Oklahoma,United States
166,171,81,90,81,93,2025-12-13 18:54:34,2026-01-30 19:22:32,0,0,9039Z,Zen,BrandywineBOTS,Delmarva,United States
167,171,81,90,81,90,2026-02-28 15:57:46,2026-02-28 16:45:30,0,0,28006B,Robots R Us,NextGen Robotics Association,Texas - Region 5,United States
168,171,76,95,77,95,2026-02-15 18:32:39,2026-01-10 14:37:14,0,0,727G,Terrapin Gold,TAMPA PREPARATORY SCHOOL,Florida - North/Central,United States
169,171,75,96,75,96,2026-02-20 20:03:58,2026-02-20 20:04:28,0,0,47874B,Sisyphus,SQUALICUM HIGH SCHOOL,Washington,United States
170,171,74,97,74,97,2026-02-14 16:50:27,2026-02-14 18:16:04,0,1,7701X,(formerly Twitter),Zionsville Community High School,Indiana - Region 2 - Central,United States
171,171,73,98,73,98,2026-03-06 02:09:29,2026-03-06 15:33:13,0,0,8110C,Alpacas,Mankato West Robotics,Minnesota,United States
172,170,88,82,88,82,2026-02-12 14:19:07,2026-02-13 14:43:04,0,0,11P,Power Pulse,Cubo Robotics,North China,China
173,170,83,87,83,87,2026-02-06 02:15:11,2026-02-06 03:25:39,0,0,2053V,Vantage,Shanghai American School Puxi,East China,China
174,170,80,90,80,97,2026-02-15 00:02:07,2026-01-11 17:50:36,0,0,1687C,Genesis,Private,Washington,United States
175,170,80,90,80,90,2026-02-15 18:42:09,2026-02-15 18:11:48,0,0,5956Z,Bangarang,Timber Creek High School,Florida - North/Central,United States
176,170,65,105,79,105,2026-02-08 20:09:18,2026-03-14 18:06:29,0,0,355Z,Falcons,Fox Valley Robotics,Illinois,United States
177,170,76,94,79,99,2026-03-07 17:25:15,2025-11-22 17:19:10,0,0,4265X,APX,Holy Family High School,Colorado,United States
178,170,75,95,79,95,2025-12-31 19:49:54,2025-11-24 16:48:05,0,0,16689A,Dracobots,Dracobots,Oregon,United States
179,170,74,96,75,96,2026-01-17 16:57:24,2026-02-14 19:03:21,0,0,4894A,Overcooked,4894,California - Region 2,United States
180,170,75,95,75,95,2026-03-14 14:46:32,2026-03-14 16:24:33,0,0,6121E,The Pioneers,CONESTOGA SHS,Pennsylvania - East,United States
181,170,74,96,74,96,2026-02-28 23:14:52,2026-02-28 04:11:09,0,0,886W,Wipeout | WPRA,Western Pacific Robotics Academy,British Columbia (BC),Canada
182,170,73,97,73,97,2026-03-15 00:07:15,2026-03-15 15:55:20,0,0,1727X,REX,DULANEY HIGH,Maryland,United States
183,170,69,101,69,101,2026-02-28 18:41:20,2026-02-28 03:59:40,0,0,9181G,Ghost,Seaquam Secondary,British Columbia (BC),Canada
184,169,83,86,83,91,2025-12-20 05:39:37,2025-11-22 02:51:46,0,0,16666A,Hefei X-No.1 HS,HF HS No.1,Middle China,China
185,169,79,90,79,91,2026-02-21 19:29:05,2026-03-07 16:20:33,0,0,15486N,Tyrannical Turtles,VISTA SCHOOL,Utah,United States
186,169,79,90,79,90,2026-03-08 17:48:35,2026-03-08 19:09:42,0,0,5776T,DVHS Robotics,DOUGHERTY VALLEY HIGH,California - Region 2,United States
187,169,75,94,78,94,2026-01-15 00:19:56,2026-02-07 14:46:26,0,1,76316J,QC Robotics,QC Robotics,Indiana - Region 2 - Central,United States
188,169,74,95,76,95,2025-12-13 19:18:33,2026-02-27 23:25:14,0,0,17924A,Pocket Rockets,Boswin Robotics,Ontario,Canada
189,169,73,96,73,96,2026-02-28 00:27:02,2026-02-28 02:05:55,0,0,43280C,El Zeusadores,Elkhorn North High School,Nebraska,United States
190,169,71,98,71,98,2026-03-07 21:13:00,2026-03-07 02:51:33,0,5,1769A,EXtreme,Lakeridge Robotics,Oregon,United States
191,169,69,100,69,100,2026-03-06 00:14:04,2026-03-06 00:29:59,0,0,7192F,Masked Bandits,WINDOM SENIOR HIGH,Minnesota,United States
192,168,80,88,80,88,2026-03-07 15:53:12,2026-03-06 22:05:29,0,0,2627E,Demotorized,Demotorized Robotics,Arizona,United States
193,168,76,92,76,92,2026-03-15 14:41:39,2026-03-14 22:54:54,0,4,20850W,Accelerated Dragon,"AOE Robotics Club ",Maryland,United States
194,168,76,92,76,92,2026-01-31 13:54:09,2026-01-31 20:41:54,0,2,229Y,NOVA,ACE Robotics,Florida - North/Central,United States
195,168,70,98,74,98,2026-01-18 14:49:49,2025-12-06 17:10:22,0,0,1082M,Meltdown,LOVEJOY HIGH SCHOOL,Texas - Region 5,United States
196,168,72,96,72,98,2026-02-22 19:18:22,2026-03-08 17:47:52,0,0,5327D,Gael Force Durk,DUBLIN HIGH SCHOOL,California - Region 2,United States
197,167,78,89,86,119,2025-08-15 08:09:23,2026-02-02 06:45:57,0,0,81988E,Extropy,Shanghai Hongkou Robotics Club,East China,China
198,167,85,82,85,82,2026-02-26 23:19:25,2026-02-26 23:07:49,0,0,2393S,Valor,Valor Robotics,Indiana - Region 2 - Central,United States
199,167,82,85,82,85,2026-02-28 19:04:53,2026-02-28 18:57:25,0,0,17924B,Big Yahu,Boswin Robotics,Ontario,Canada
200,167,82,85,82,85,2026-03-06 23:58:14,2026-03-07 00:16:14,0,0,11811A,Hula Hooligans,Hula Hooligans,Missouri,United States
201,167,71,96,76,98,2026-02-14 15:26:40,2026-01-24 15:24:00,0,0,45434M,Meltdown,Beavercreek Robotics Club,Ohio,United States
202,167,76,91,76,91,2026-01-01 05:46:06,2026-01-01 06:49:36,0,0,7258C,HSch Attached to BJUT-C,High School Attached to Beijing University of Technology,North China,China
203,167,76,91,76,91,2026-03-08 18:16:10,2026-03-08 16:21:55,0,0,392X,SpeedZappers,SpeedZappers,California - Region 2,United States
204,167,73,94,73,95,2026-02-07 16:27:54,2026-02-26 16:07:12,0,0,16329E,CURRENT,CYPRESS RIDGE HIGH SCHOOL,Texas - Region 3,United States
205,167,66,101,72,101,2026-01-31 17:33:08,2026-03-06 18:12:25,0,2,2011A,Apex,BRECKSVILLE-BROADVIEW HEIGHTS HIGH SCHOOL,Ohio,United States
206,167,69,98,69,98,2026-03-13 19:18:12,2026-03-14 18:32:29,0,0,57711X,Rocky,Alchemy Global STEM Institute,Tennessee,United States
207,167,67,100,67,100,2026-02-07 07:45:55,2026-02-07 02:19:00,0,0,65519A,CL_COFFEA,CHI LANG HIGH SCHOOL,Vietnam,Vietnam
208,166,74,92,74,99,2026-02-28 15:06:00,2026-02-07 16:10:41,0,0,3150V,How Did We Get Here?,Silver Owl Robotics Inc.,Ontario,Canada
209,166,71,95,71,95,2025-12-31 14:43:48,2025-12-30 18:31:59,0,0,1281A,It's MyGO!!!!! - Radiant,Radiant Robot,California - Region 4,United States
210,166,69,97,69,98,2026-03-14 19:17:04,2026-02-21 17:48:51,0,0,2545A,ByteForce,ByteForce,Texas - Region 4,United States
211,166,68,98,68,98,2026-02-28 20:34:23,2026-02-27 22:30:52,0,0,19109B,UTS Bloor Street Bots,University of Toronto Schools,Ontario,Canada
212,166,66,100,66,100,2026-03-06 21:58:56,2026-03-07 15:32:16,0,11,2011G,Godspeed,BRECKSVILLE-BROADVIEW HEIGHTS HIGH SCHOOL,Ohio,United States
213,166,66,100,66,100,2026-03-01 18:16:56,2026-02-28 22:26:08,0,0,12125A,Sublime,Sublime Robotics,California - Region 4,United States
214,166,66,100,66,100,2026-03-06 15:03:53,2026-03-06 19:28:05,0,0,2011J,Jester,BRECKSVILLE-BROADVIEW HEIGHTS HIGH SCHOOL,Ohio,United States
215,165,86,79,86,91,2026-02-08 20:04:04,2026-03-14 15:56:42,0,0,16099C,Overclock,KG Computech,New York-South,United States
216,165,82,83,82,85,2026-03-14 16:51:38,2026-02-14 17:10:36,0,0,1523X,xplosive naptime,Steamoji,Washington,United States
217,165,77,88,77,98,2026-02-28 01:30:33,2026-01-18 16:13:26,0,1,91416N,S.W.A.T.,Wahoo Robotics (Saunders Catholic Schools & Wahoo Public Schools),Nebraska,United States
218,165,69,96,75,99,2026-01-10 15:34:23,2026-01-24 14:33:30,6,0,6121B,The Pioneers,CONESTOGA SHS,Pennsylvania - East,United States
219,165,68,97,75,97,2025-12-20 18:32:17,2026-02-07 16:43:36,0,0,6008D,Dark Mode,NORTH UNION HIGH SCHOOL,Ohio,United States
220,165,74,91,74,98,2026-02-07 16:19:58,2026-02-28 20:51:21,0,0,27265A,Steamrollers,WESTCHESTER COUNTRY DAY SCHOOL,North Carolina,United States
221,165,71,94,71,94,2026-02-28 17:47:24,2026-02-28 21:24:56,0,0,1010V,TenTon Robotics,West Vancouver School District #45,British Columbia (BC),Canada
222,165,70,95,70,95,2026-03-06 15:08:44,2026-03-06 15:43:57,0,0,9185K,Kratos,BELLEFONTAINE HIGH SCHOOL,Ohio,United States
223,165,53,112,68,112,2026-01-17 18:17:51,2026-02-28 15:20:18,0,0,1082E,Carbonated Potato,LOVEJOY HIGH SCHOOL,Texas - Region 5,United States
224,165,65,100,66,100,2026-01-24 17:55:13,2026-03-01 00:15:00,0,0,34020A,Tokyo Mater,LA SERNA HIGH,California - Region 4,United States
225,164,84,80,84,90,2026-01-10 12:25:55,2025-12-19 10:00:19,0,0,62024P,Panda Robotics,Panda Robotics,Vietnam,Vietnam
226,164,80,84,80,96,2026-02-08 18:09:12,2026-02-14 00:23:09,0,0,14749K,Dark Fenix,Dark Fenix robotic,Quebec,Canada
227,164,76,88,76,88,2026-03-14 21:40:19,2026-03-14 15:40:42,0,0,40824A,Equinox,Equinox,Washington,United States
228,164,75,89,75,96,2026-02-23 15:57:12,2026-02-07 16:29:49,0,0,62449A,MSMS Blue Waves,The MISSISSIPPI SCHOOL FOR MATH AND SCIENCE,Mississippi,United States
229,164,74,90,74,90,2026-02-15 18:25:21,2026-02-15 17:52:58,0,0,13722V,Invictus,The Frazer School,Florida - North/Central,United States
230,164,69,95,69,95,2026-01-16 23:17:46,2026-01-16 22:36:14,0,0,32636A,Triple A's + Amr,OXFORD HIGH SCHOOL,Mississippi,United States
231,164,66,98,68,101,2026-02-14 18:55:29,2026-03-07 14:32:15,0,3,45434Y,ODYSSEY,Beavercreek Robotics Club,Ohio,United States
232,164,67,97,67,97,2026-02-28 21:52:37,2026-03-01 16:57:00,0,0,7700R,Rolling Robots Ravens,Rolling Robots,California - Region 4,United States
233,164,67,97,67,97,2026-03-06 21:59:42,2026-03-07 18:50:43,0,0,2142S,The SnuggleMuffins,John Bapst Memorial High School,Maine,United States
234,164,66,98,66,103,2026-02-14 21:35:48,2025-11-23 01:31:54,3,0,8198X,Rolling Robots Infinity,"Rolling Robots ",California - Region 4,United States
235,164,65,99,65,99,2026-02-28 16:51:20,2026-02-28 17:27:10,2,5,7110A,Andromeda,CARROLL HIGH SCHOOL,Texas - Region 5,United States
236,163,83,80,83,84,2026-02-28 22:34:51,2026-01-18 17:10:42,0,0,15442B,Canyon Crackshots,CANYON HIGH,California - Region 4,United States
237,163,75,88,75,97,2025-12-06 15:54:27,2025-11-01 15:52:28,0,0,9189X,Aurex,Private Team,Texas - Region 2,United States
238,163,71,92,71,92,2026-02-28 17:44:34,2025-12-13 19:04:56,0,3,2135A,Iron Core,Iron-Core Robotics,Nebraska,United States
239,163,66,97,70,97,2025-11-14 19:48:35,2025-12-10 00:25:17,8,0,6008G,G-Force,NORTH UNION HIGH SCHOOL,Ohio,United States
240,163,64,99,68,99,2026-01-30 17:04:01,2026-03-07 19:29:34,0,0,2131N,~Nuisance~,DAVIS HIGH,Utah,United States
241,163,64,99,64,99,2026-03-14 03:35:41,2026-03-14 02:51:53,0,0,12516B,Boundless,"Event horizon ",Washington,United States
242,162,69,93,84,93,2026-03-14 21:34:45,2026-02-14 19:50:35,0,0,1091A,RCode:5,Private,Washington,United States
243,162,83,79,83,82,2026-02-28 13:06:07,2026-01-17 13:53:57,0,0,40684D,Griffilicious,NAPOLEON HIGH SCHOOL,Michigan,United States
244,162,80,82,80,82,2026-02-08 01:34:33,2026-02-08 02:09:13,0,0,1599N,Big Pink Pegasus,Saigon South International School (SSIS),Vietnam,Vietnam
245,162,78,84,78,87,2026-01-11 02:48:51,2026-02-07 02:23:02,0,0,62595A,EDS _ Phomidable,Edison Schools,Vietnam,Vietnam
246,162,73,89,73,89,2026-03-15 15:05:49,2026-03-15 16:15:46,0,6,6121A,The Pioneers,CONESTOGA SHS,Pennsylvania - East,United States
247,162,66,96,73,96,2026-01-24 13:42:29,2026-02-15 19:22:36,0,0,5956W,Bangarang,Bangarang - Timber Creek High School,Florida - North/Central,United States
248,162,70,92,73,96,2026-02-07 21:14:12,2026-01-24 15:34:51,0,0,1028T,Toxic,Brownell Talbot College Preparatory School,Nebraska,United States
249,162,72,90,72,90,2026-02-14 17:24:48,2026-02-14 19:01:12,0,0,4886S,String Theory,Thetford Academy,New Hampshire/Vermont,United States
250,162,69,93,69,98,2026-01-30 16:49:00,2026-03-07 19:38:34,1,0,98548H,Revamped,Bear River High School,Utah,United States
251,162,69,93,69,97,2026-02-14 17:42:08,2026-02-27 23:43:27,0,0,91416X,Lechuga,Wahoo Robotics (Saunders Catholic Schools & Wahoo Public Schools),Nebraska,United States
252,162,69,93,69,93,2026-03-13 23:38:44,2026-03-14 00:30:55,0,0,10702X,Milky Way Monkeys,Galaxy Robotics,Texas - Region 4,United States
253,162,66,96,66,96,2026-02-20 01:37:55,2026-02-20 20:09:15,0,0,47874A,"Slippery Johns -- Andrew M, Jon P, Graeme H",SQUALICUM HIGH SCHOOL,Washington,United States
254,162,63,99,65,99,2026-01-24 18:42:07,2026-03-08 14:58:35,6,0,10102A,[Vinci] Vinsanity,iSTEAM Academy,Massachusetts,United States
255,162,65,97,65,99,2026-03-14 12:48:39,2026-02-21 18:47:37,0,0,6842V,Vicious Vortex,PARK TUDOR SCHOOL,Indiana - Region 2 - Central,United States
256,162,58,104,58,104,2026-02-28 22:46:44,2026-02-28 23:00:14,0,0,1022Z,Inspector Quackett,Claremont Secondary School,Vancouver Island (BC),Canada
257,161,84,77,84,90,2025-12-14 17:55:12,2025-11-22 18:43:39,0,0,884A,Space Pandas,Bamboo Lab,California - Region 4,United States
258,161,72,89,72,99,2026-01-24 17:55:51,2026-03-07 19:42:02,0,0,29712C,COGNITAUR,Cognitaur,California - Region 2,United States
259,161,68,93,70,96,2026-01-17 18:20:54,2026-02-28 23:50:01,11,0,210K,Kawaii Kittens,Western Mechatronics Robotics Club,Alberta/Saskatchewan,Canada
260,161,70,91,70,91,2026-02-07 00:33:48,2026-02-07 01:51:26,0,0,13212A,Shld Be Chill,Concordia International School Shanghai,East China,China
261,161,70,91,70,91,2026-03-08 13:57:42,2026-03-07 16:07:12,0,0,15797A,Monka Mechanics,LexVEX Robotics,Massachusetts,United States
262,161,69,92,69,92,2026-01-31 14:25:03,2026-01-31 14:54:15,7,0,6293X,X-ECUTE,PINECREST ACADEMY CHARTER HIGH SCHOOL,Florida - South,United States
263,161,63,98,63,98,2026-03-08 13:18:55,2026-03-08 14:00:01,0,0,83149B,Babylon,Northfield Mount Hermon School,Massachusetts,United States
264,161,55,106,55,106,2026-01-02 06:36:43,2026-01-01 05:13:58,0,0,8993A,SESID Team A,Shanghai Experimental School International Division,East China,China
265,160,68,92,81,92,2025-11-01 16:21:31,2026-02-03 16:30:19,7,0,77717F,Flip,Peak Robotics,Colorado,United States
266,160,80,80,80,80,2026-01-17 17:42:53,2026-01-17 19:11:40,0,0,5327R,Resurgence,DUBLIN HIGH,California - Region 2,United States
267,160,80,80,80,80,2026-03-14 21:14:28,2026-03-14 18:11:05,0,0,99621M,67 Sharks,SHORECREST HIGH SCHOOL,Washington,United States
268,160,75,85,75,96,2026-01-31 18:42:11,2026-01-05 01:28:02,0,0,9039J,Jinx,BrandywineBOTS,Delmarva,United States
269,160,74,86,74,86,2026-01-18 17:41:13,2026-01-18 21:19:08,0,3,2115P,Peekaboo,Peekaboo Robotics,California - Region 4,United States
270,160,69,91,69,91,2026-02-27 19:20:08,2026-02-27 20:01:25,0,4,56000A,Botley Crue,Northern Michigan Robotics Club,Michigan,United States
271,160,69,91,69,91,2026-02-14 21:55:19,2026-02-14 21:11:03,0,0,66957B,TuringBots - Aplite,Folsom-El Dorado Hills HS Students,California - Region 2,United States
272,160,68,92,68,92,2026-03-14 14:24:16,2026-03-14 19:10:03,0,3,12357A,aleph null,Infinite Robotics,New York-South,United States
273,160,68,92,68,93,2026-03-14 01:01:34,2026-02-05 17:25:00,0,0,654J,Jupiter,LAKE TRAVIS HIGH SCHOOL,Texas - Region 4,United States
274,160,68,92,68,92,2026-02-03 06:34:33,2026-02-03 06:02:43,0,0,44404E,No Brain No Pain.GC,喬智創意機器人研究室,Chinese Taipei,Taiwan
275,160,67,93,67,93,2026-03-14 17:02:40,2026-03-14 03:24:02,0,0,22050A,148th Ave NE(terminators for shart),Robospark,Washington,United States
276,160,64,96,64,96,2025-12-06 15:47:07,2025-12-05 15:23:41,0,3,9364V,Iron Eagles - Vitality,Brentwood Academy,Tennessee,United States
277,160,63,97,64,97,2026-01-17 20:51:46,2026-02-07 16:36:07,0,0,45519X,RefleX,STEM Innovation Academy,Alberta/Saskatchewan,Canada
278,160,59,101,59,101,2026-02-28 19:21:24,2026-02-28 13:37:34,0,0,4610J,Jariffe : Robot Rev,Robot Revolution,New Jersey,United States
279,160,58,102,58,102,2026-03-06 15:35:00,2026-03-06 21:58:10,0,0,8110S,Subzero,Mankato West Robotics,Minnesota,United States
280,159,68,91,76,91,2026-03-14 19:10:09,2025-11-15 16:22:50,0,0,57249C,Raptor Robotics - JOKR,Ravenwood High School,Tennessee,United States
281,159,75,84,75,84,2026-03-15 14:32:30,2026-02-07 16:46:30,0,5,91U,VEXMEN: Luminous,Brandywine Robotics Inc.,Pennsylvania - East,United States
282,159,75,84,75,84,2026-02-07 00:12:03,2026-02-07 16:40:54,0,0,1961D,SFHS Eaglebots D,South Forsyth High School,Georgia,United States
283,159,58,101,73,101,2026-02-21 19:41:02,2026-03-08 17:58:03,0,0,95071X,Saratoga High Extremity,Saratoga High School,California - Region 2,United States
284,159,73,86,73,86,2025-12-14 17:02:31,2025-12-14 19:23:09,0,0,45250J,Renaissance Robotics,Renaissance Robotics,Ontario,Canada
285,159,69,90,69,90,2025-12-13 20:22:36,2025-12-13 21:08:00,0,0,210E,Equilibrium,Western Mechatronics Robotics Club,Alberta/Saskatchewan,Canada
286,159,67,92,67,92,2026-02-28 03:52:09,2026-02-28 21:12:50,6,0,8894X,XERØ,MRZ Robotics,British Columbia (BC),Canada
287,159,65,94,65,95,2026-03-15 00:02:45,2026-01-30 22:49:38,8,0,23382A,Fifth Dimension,Fifth Dimension Robotics,Maryland,United States
288,159,65,94,65,94,2026-01-24 21:32:46,2026-01-24 21:09:24,1,3,507A,Mustang Robotics,Otay Ranch High School,California - Region 4,United States
289,159,58,101,65,101,2025-11-15 21:09:35,2025-12-31 22:53:48,0,0,21510R,Graveyard Shift,BLUE RIDGE HIGH,South Carolina,United States
290,159,65,94,65,94,2026-03-08 15:01:37,2026-03-08 14:38:00,0,0,2602G,Hopkinetics G-Force,HOPKINTON HIGH,Massachusetts,United States
291,159,62,97,62,97,2026-02-28 12:57:36,2026-03-01 10:22:49,0,1,34001A,IOROBOT,İbrahim Özaydın Mesleki ve Teknik Anadolu Lisesi,Türkiye,Türkiye
292,159,52,107,53,107,2026-02-08 20:30:43,2026-03-14 14:53:16,0,0,16099B,Overclock,KG Computech,New York-South,United States
293,158,79,79,79,79,2026-01-17 03:42:33,2026-01-17 05:21:30,0,0,77789A,FA-Supreme Squad,Futurum Academy Singapore,Singapore,Singapore
294,158,74,84,74,84,2025-10-25 11:52:54,2025-10-25 10:39:39,0,0,7925S,H.I.I Super Robot,Hangzhou No.2 High School,East China,China
295,158,71,87,71,87,2026-02-07 19:46:22,2026-02-07 18:23:10,0,0,663A,&,CHATTANOOGA CHRISTIAN SCHOOL,Tennessee,United States
296,158,61,97,70,97,2025-12-20 00:58:47,2026-02-03 03:06:43,7,0,66994T,Samuel Crossing,Dr. Player Robotic Lab . Taichung,Chinese Taipei,Taiwan
297,158,59,99,59,99,2026-03-06 23:23:58,2026-03-07 20:25:33,0,0,3946S,Shenanigan,Kent Denver School,Colorado,United States
298,157,78,79,78,79,2026-03-14 18:30:50,2026-03-14 13:18:07,0,0,96138A,Monroe Alchemy,MONROE TOWNSHIP HIGH SCHOOL,New Jersey,United States
299,157,75,82,75,84,2025-12-06 16:04:18,2026-03-06 23:57:35,5,0,65162C,Antares,BOB JONES ACADEMY,South Carolina,United States
300,157,75,82,75,96,2026-02-12 20:37:00,2026-02-28 19:54:34,0,0,2496V,Beckman Robotics Void,Arnold O. Beckman High School,California - Region 4,United States
301,157,74,83,74,88,2026-02-07 15:06:41,2026-03-14 15:25:17,0,0,78634E,Discount Toasters,HUTTO HIGH SCHOOL,Texas - Region 4,United States
302,157,74,83,74,84,2025-12-18 03:06:27,2025-10-26 06:32:54,0,0,66994B,Unicorn Puncher,Dr. Player Robotic Lab . Taichung,Chinese Taipei,Taiwan
303,157,71,86,71,99,2025-12-10 02:18:16,2026-02-07 18:10:44,0,0,45434R,Rift,Beavercreek Robotics Club,Ohio,United States
304,157,67,90,67,92,2026-02-01 04:35:45,2026-03-01 00:21:47,3,0,7899X,Rolling Robots Sting Rays,Rolling Robots,California - Region 4,United States
305,157,66,91,66,100,2026-01-17 13:58:27,2026-03-07 19:27:30,0,0,3796F,Pay Respects,J. L. MANN HIGH ACADEMY,South Carolina,United States
306,157,62,95,62,95,2026-02-21 18:05:21,2026-02-21 20:10:46,0,0,1000A,Foothill Robotics,Foothill Robotics,California - Region 2,United States
307,157,57,100,58,100,2025-11-15 16:05:59,2026-02-26 01:21:40,0,0,5013X,Quiet,ALL NATIONS COMMUNITY SCHOOL,Texas - Region 3,United States
308,156,79,77,79,77,2026-02-14 19:28:49,2026-02-14 15:51:31,0,0,58676S,Corsaires S,Ecole Pointe-Levy,Quebec,Canada
309,156,77,79,77,81,2026-02-22 00:20:27,2026-03-08 17:00:08,0,0,95071R,Saratoga High Resonance,Saratoga High School,California - Region 2,United States
310,156,76,80,76,91,2026-02-07 04:09:26,2026-01-10 08:49:58,0,0,20226H,NGS Hogrider,Newton Secondary and High School,Vietnam,Vietnam
311,156,66,90,75,90,2025-12-06 00:32:57,2026-02-04 05:42:55,0,0,4253Z,Raid Zero Z,Taipei American School,Chinese Taipei,Taiwan
312,156,75,81,75,81,2026-03-07 17:25:01,2026-03-07 03:25:27,0,0,3017D,Diffusion,HENLEY HIGH SCHOOL,Oregon,United States
313,156,72,84,72,84,2026-02-20 01:29:00,2026-02-20 01:26:53,0,0,2605B,Hydra,Sehome High School,Washington,United States
314,156,70,86,70,100,2026-02-26 09:43:05,2026-02-11 06:55:31,0,0,117B,Robo Charizard,Suzhou Foreign Language School,East China,China
315,156,70,86,70,87,2026-01-30 17:26:32,2026-03-07 02:03:12,0,0,98548G,Golden Eagles,Bear River High School,Utah,United States
316,156,66,90,66,97,2026-03-14 19:09:55,2026-02-12 01:02:44,0,0,7368G,CCHS Backlash,Covenant Christian High School,Indiana - Region 2 - Central,United States
317,156,64,92,64,95,2026-02-21 19:13:46,2026-03-14 19:37:26,0,2,11753A,Nylock,Jericho Families,New York-South,United States
318,155,80,75,80,87,2026-02-07 13:38:33,2026-03-06 23:49:04,0,0,7447G,The Dysfunctional,Pickens County Career and Technology Center,South Carolina,United States
319,155,79,76,79,76,2026-02-28 20:19:05,2026-02-28 23:34:03,0,0,210Z,Eclipse,Western Mechatronics Robotics Club,Alberta/Saskatchewan,Canada
320,155,77,78,77,78,2026-03-14 22:59:34,2026-03-14 22:49:45,0,0,10Y,Exothermic Your Name. (君の名は。),Exothermic Robotics,Washington,United States
321,155,75,80,75,80,2026-03-13 20:33:42,2026-03-14 12:55:06,0,5,1233A,Astro,CROWN POINT HIGH SCHOOL,Indiana - Region 1 - North,United States
322,155,75,80,75,80,2026-03-07 03:03:00,2026-03-07 03:58:54,0,3,3249F,Formula 5,VANCOUVER ITECH PREPARATORY,Oregon,United States
323,155,75,80,75,80,2026-03-13 19:21:22,2026-03-14 18:24:38,0,0,96504E,Tech-N0-Logic,Brentwood High School,Tennessee,United States
324,155,74,81,74,84,2025-11-14 19:00:35,2026-02-12 22:44:47,4,3,2145Z,Pink Shinee Unicorns,Pink Unicorns,Virginia,United States
325,155,74,81,74,81,2026-03-14 15:00:11,2026-03-14 17:35:17,0,0,12S,Syndicate,The Potomac School,Virginia,United States
326,155,70,85,70,85,2026-03-14 19:28:55,2026-03-14 16:31:24,0,3,106X,Xtreme,Excel-Robotic Lab LLC,Texas - Region 2,United States
327,155,69,86,69,86,2026-03-15 17:18:44,2026-03-15 14:46:49,0,0,46V,Venom,Seton SCHOOL,Virginia,United States
328,155,68,87,68,87,2026-03-06 23:10:04,2026-03-07 16:24:00,0,0,86400V,The Mavericks,WADE HAMPTON HIGH,South Carolina,United States
329,155,66,89,66,89,2026-03-07 16:07:17,2026-03-07 17:32:47,0,0,2449V,High Voltage,Hamilton HS,Arizona,United States
330,155,66,89,66,89,2026-03-14 22:36:32,2026-03-14 23:22:39,0,0,1727R,REX,Dulaney High School,Maryland,United States
331,155,62,93,64,98,2026-01-31 16:17:13,2026-03-15 13:11:05,9,0,12C,Caffeine,The Potomac School,Virginia,United States
332,155,59,96,59,96,2026-03-13 20:00:38,2026-03-13 23:48:51,0,0,1233J,Janitors,CROWN POINT HIGH SCHOOL,Indiana - Region 1 - North,United States
333,155,57,98,57,98,2026-03-07 23:12:23,2026-03-08 17:39:22,0,2,5776A,DV Anomaly,DOUGHERTY VALLEY HIGH,California - Region 2,United States
334,155,56,99,56,99,2026-03-06 15:16:39,2026-03-06 21:56:28,0,0,6978Y,Yellow Jackets,Highland High School,Ohio,United States
335,155,43,112,43,112,2026-02-02 07:58:26,2026-02-03 07:06:05,0,0,10085A,Kirby pelican,Hiba Academy Shanghai	,East China,China
336,154,75,79,75,83,2026-01-23 14:34:26,2026-02-07 19:07:02,0,0,7316D,Drop Test,FIRESTONE HIGH SCHOOL,Ohio,United States
337,154,74,80,74,80,2026-01-24 17:48:54,2026-01-24 18:33:36,0,5,8000C,Chain Reaction,HEAD ROYCE SCHOOL,California - Region 2,United States
338,154,73,81,73,81,2026-03-14 17:08:33,2026-03-14 14:59:57,0,0,1075A,Aftermath,Hamilton Heights High School Robotics Inc.,Indiana - Region 2 - Central,United States
339,154,69,85,69,94,2026-03-15 15:53:50,2026-02-07 17:04:16,0,1,81Y,VEXMEN: Paradox,Brandywine Robotics Inc.,Pennsylvania - East,United States
340,154,69,85,69,85,2026-01-24 05:33:21,2026-01-24 03:21:40,0,0,32881X,Arrowhead,Arrowhead Robotics,Philippines,Philippines
341,154,62,92,62,92,2026-02-28 17:57:40,2026-02-28 04:15:37,0,0,9181F,Frenzy,Seaquam Secondary,British Columbia (BC),Canada
342,153,73,80,73,86,2026-02-14 16:11:13,2026-03-06 15:57:31,0,0,8110T,Capytech,Mankato West Robotics,Minnesota,United States
343,153,71,82,71,82,2026-02-26 19:44:04,2026-02-26 17:29:46,0,0,43146R,RipTide,ALFRED M. BARBE HIGH SCHOOL,Louisiana,United States
344,153,69,84,69,84,2026-02-26 01:07:32,2026-02-26 00:54:00,0,0,63310A,Event Horizon,KATY HIGH SCHOOL,Texas - Region 3,United States
345,153,67,86,67,86,2026-02-06 22:52:22,2026-02-07 00:54:00,0,0,3142C,Cuties,PAIDEIA SCHOOL,Georgia,United States
346,153,66,87,66,96,2026-02-07 18:35:04,2026-03-14 16:43:01,0,0,7701Z,Zero Gravity,ZIONSVILLE COMMUNITY HIGH SCHOOL,Indiana - Region 2 - Central,United States
347,153,64,89,64,99,2026-01-23 18:22:09,2026-01-10 20:11:38,0,0,26038A,George Drinks Water,JOHN MARSHALL HIGH SCHOOL,West Virginia,United States
348,153,63,90,63,90,2026-03-14 13:17:02,2026-03-13 21:23:46,0,0,21408E,Trojan Chargers,CHESTERTON SENIOR HIGH SCHOOL,Indiana - Region 1 - North,United States
349,153,63,90,63,90,2026-03-14 16:17:04,2026-03-14 18:06:23,0,0,7701A,Albino Rhino,ZIONSVILLE COMMUNITY HIGH SCHOOL,Indiana - Region 2 - Central,United States
350,153,53,100,56,100,2026-01-31 20:35:30,2026-03-07 01:49:00,7,0,6219X,Charging...,NEENAH HIGH,Wisconsin,United States
351,153,55,98,55,98,2026-02-21 17:51:01,2026-02-21 00:42:32,0,0,8448G,winGmen,MOUNTAIN BROOK HIGH SCHOOL,Alabama,United States
352,153,54,99,54,99,2026-03-06 18:06:29,2026-03-07 18:02:15,0,5,43141Z,VEXCALIBUR,HIGHLAND HIGH SCHOOL,Arizona,United States
353,153,54,99,54,99,2026-02-21 19:32:54,2026-02-21 20:20:52,0,0,16099E,Overclock,KG Computech,New York-South,United States
354,152,63,89,73,89,2026-01-30 15:31:32,2026-03-08 19:23:44,0,0,62629Y,Iron Patriots:  Yikes,WHEELING PARK HIGH SCHOOL,West Virginia,United States
355,152,73,79,73,79,2025-11-08 05:51:05,2025-11-08 03:54:58,0,0,88941C,88941C,Foshan No.1 Middle School,South China,China
356,152,69,83,69,85,2026-03-14 23:54:46,2026-02-28 20:15:30,0,3,20850X,Superposition,"AOE Robotics Club ",Maryland,United States
357,152,64,88,68,88,2026-02-04 00:07:26,2026-03-06 22:01:00,0,3,43779Z,Shenandoah High Institute of Technology,SHENANDOAH HIGH SCHOOL,Ohio,United States
358,152,62,90,62,90,2026-03-14 19:06:13,2026-03-14 17:43:36,9,0,10702S,Storm Bots,Galaxy Robotics,Texas - Region 4,United States
359,152,61,91,61,91,2026-01-25 20:56:35,2026-01-26 15:28:42,1,0,56114A,Robo Riders,ROOSEVELT HIGH SCHOOL,Texas - Region 4,United States
360,152,57,95,61,96,2026-01-30 16:08:38,2026-02-28 17:27:35,0,0,1220X,RoboRedux,PWCS Robotics,Virginia,United States
361,152,60,92,60,92,2026-01-02 03:00:20,2026-01-02 05:10:14,0,1,71113X,GCGS-X,Guangdong Country Garden School,South China,China
362,152,59,93,59,95,2026-02-12 21:14:50,2026-02-07 17:58:50,0,0,57249A,Raptor Robotics - Goose,Ravenwood High School,Tennessee,United States
363,152,52,100,52,100,2026-03-15 00:26:05,2026-03-15 01:39:07,0,0,84260V,Invasion,CABOT HIGH SCHOOL,Arkansas,United States
364,151,75,76,75,76,2026-02-24 13:24:00,2026-02-24 11:56:28,0,0,23805S,Imagineers,CONFEY COMMUNITY COLLEGE,Ireland,Ireland
365,151,63,88,74,88,2026-01-10 09:06:05,2026-02-02 05:50:53,0,0,291Z,H!ghL!ght,重庆市广益中学校,West China,China
366,151,72,79,72,90,2026-03-14 12:36:08,2026-02-28 16:36:09,0,1,7405V,Millburn Velocity,Millburn High School,New Jersey,United States
367,151,72,79,72,89,2026-01-30 19:34:41,2026-03-08 18:04:50,0,9,5776K,DV Kiwi Krew,DOUGHERTY VALLEY HIGH,California - Region 2,United States
368,151,71,80,71,80,2026-03-07 01:52:27,2026-03-07 20:02:55,0,0,2323X,Ring Masters,Weber Innovation High School,Utah,United States
369,151,70,81,70,83,2026-02-28 18:04:10,2026-03-15 18:15:06,0,0,7121B,Maverick Robotics “BLITZ”,ARCHBISHOP EDWARD MCCARTHY HIGH SCHOOL,Florida - South,United States
370,151,60,91,64,91,2026-03-08 13:31:32,2026-01-24 19:10:39,0,0,8568A,Knights,NORTH ANDOVER HIGH,Massachusetts,United States
371,151,58,93,58,98,2026-02-15 14:39:44,2026-01-10 15:49:06,0,0,10278A,APEX Robotics,Horizon West Robotics,Florida - North/Central,United States
372,151,58,93,58,93,2026-03-15 15:38:50,2026-03-15 18:35:10,0,0,1727K,REX,Dulaney High School,Maryland,United States
373,151,55,96,55,96,2026-03-08 14:44:45,2026-03-08 14:27:26,0,0,8676A,Amazing Engineer,AMZING ENGINEER,Massachusetts,United States
374,150,80,70,80,71,2026-03-06 22:32:36,2026-02-21 15:41:20,0,0,3796K,Roomba,J. L. MANN HIGH ACADEMY,South Carolina,United States
375,150,74,76,74,76,2026-03-07 02:46:54,2026-03-07 18:11:40,0,0,65554A,Asterisk,Asterisk Robotics,Kentucky,United States
376,150,73,77,73,94,2026-02-26 22:28:23,2026-03-14 15:53:15,0,0,99904E,I'm a Banana,NEW PALESTINE HIGH SCHOOL,Indiana - Region 2 - Central,United States
377,150,70,80,70,80,2026-02-28 13:54:15,2026-03-01 09:25:19,0,0,59001A,TFL Robotics,Tekirdağ Ebru Nayim Fen Lisesi,Türkiye,Türkiye
378,150,68,82,68,82,2026-03-06 23:46:41,2026-03-07 00:30:20,0,0,44252S,Sulfur,LEXINGTON TECHNOLOGY CENTER,South Carolina,United States
379,150,68,82,68,82,2026-03-07 17:27:52,2026-03-07 16:13:53,0,0,43440X,X^2,MARLBOROUGH HIGH,Massachusetts,United States
380,150,62,88,62,88,2026-02-20 01:36:14,2026-02-20 20:04:51,0,0,47874R,BATMAN,Squalicum High School,Washington,United States
381,150,53,97,53,97,2026-02-08 19:11:13,2026-02-08 20:03:51,0,0,9257C,House Cats,COVINGTON CATHOLIC HIGH SCHOOL,Kentucky,United States
382,149,74,75,74,75,2026-01-24 02:45:12,2026-01-24 02:24:03,0,0,62880D,C2C - Disconnected,Coast 2 Coast Robotics,New York-South,United States
383,149,70,79,70,81,2026-03-07 16:17:32,2025-12-20 15:35:26,2,0,6008X,X-Factor,NORTH UNION HIGH SCHOOL,Ohio,United States
384,149,70,79,70,83,2026-02-28 04:29:44,2026-01-09 23:44:37,0,0,9181C,C-Channel,Seaquam Secondary,British Columbia (BC),Canada
385,149,69,80,69,80,2026-03-14 14:30:08,2026-03-14 18:27:19,0,0,2068B,Metal Jackets - Tonka,OSBOURN PARK HIGH,Virginia,United States
386,149,68,81,68,81,2026-03-14 00:18:20,2026-03-14 14:09:50,0,0,74403X,74403 X,HILLDALE HIGH SCHOOL,Oklahoma,United States
387,149,67,82,67,82,2026-03-14 13:38:03,2026-03-14 17:34:20,0,0,6277B,Off The Wall,THE HARVEY SCHOOL,New York-South,United States
388,149,65,84,65,95,2026-03-07 01:05:27,2026-02-07 19:23:27,0,0,3796B,Birds Aren't Real,J. L. MANN HIGH ACADEMY,South Carolina,United States
389,149,57,92,57,92,2026-02-22 04:27:28,2026-02-22 04:35:10,0,0,2448W,Samuryq,ZERTTEU ROBOTICS,Kazakhstan,Kazakhstan
390,148,84,64,84,67,2026-03-01 17:46:24,2025-11-15 20:19:05,0,0,569A,Angular Acceleration,MURRIETA VALLEY HIGH,California - Region 4,United States
391,148,75,73,75,83,2026-02-14 19:39:43,2026-01-31 22:27:05,0,0,6374X,Bionic Bruins,BRANHAM HIGH,California - Region 2,United States
392,148,64,84,72,84,2026-02-14 16:22:31,2026-02-28 19:32:15,0,0,73017D,RoboTopia,RoboTopia,North Carolina,United States
393,148,68,80,68,80,2026-02-28 18:25:21,2026-02-28 15:51:12,0,6,7110X,Xceleration,CARROLL HIGH SCHOOL,Texas - Region 5,United States
394,148,67,81,67,81,2026-02-08 02:18:07,2026-02-07 09:32:09,0,0,8861E,Error 404: Brain Not Found,International School Bangkok,Thailand,Thailand
395,148,65,83,65,83,2026-02-12 17:27:49,2026-02-12 19:45:20,0,0,2496J,Beckman Robotics Jenesis,Arnold O. Beckman High School,California - Region 4,United States
396,148,58,90,58,90,2026-02-28 18:58:36,2026-02-28 00:38:52,0,0,5069G,Ziptide,Millard North High School,Nebraska,United States
397,148,52,96,52,96,2026-02-28 15:15:19,2026-02-28 14:37:15,0,0,2501T,Robo Turtles,THOMAS JEFFERSON HIGH SCHOOL,Iowa,United States
398,148,51,97,51,102,2026-02-03 03:21:50,2026-01-02 02:07:22,0,0,7258A,HSch Attached to BJUT-A,High School Attached to Beijing University of Technology,North China,China
399,147,83,64,83,64,2026-02-28 18:16:09,2026-02-28 20:55:31,0,0,61568A,Genesis,Private team,North Carolina,United States
400,147,74,73,74,97,2025-11-23 16:27:48,2026-01-18 22:16:56,0,0,8917B,Armageddon,Independent Organization,California - Region 4,United States
401,147,73,74,73,74,2026-03-15 19:07:41,2026-03-15 14:53:24,0,0,11005B,TERRAWOLVES-2,TERRA ENVIRONMENTAL RESEARCH INSTITUTE,Florida - South,United States
402,147,72,75,72,75,2025-11-07 09:34:25,2025-11-08 06:28:47,0,0,99219M,MeiSha Robo Advancer,梅沙机甲学院,South China,China
403,147,71,76,71,76,2025-11-15 08:00:42,2025-11-14 07:18:24,0,0,54666A,XIAN TIEYI HS & GAOXIN NO.1 HS,XIAN TIEYI HS & XIAN GAOXIN NO.1 HS,West China,China
404,147,70,77,70,85,2025-11-26 20:47:24,2026-02-04 22:05:34,0,0,8047F,GSI Robotics,FNATIC Robotics,Mexico,Mexico
405,147,63,84,70,84,2026-01-26 13:46:29,2026-02-21 18:25:43,0,0,92008A,Warrior Robotics,ARMY & NAVY ACADEMY,California - Region 4,United States
406,147,69,78,69,91,2026-03-13 19:17:12,2026-02-28 20:33:16,0,0,22391B,Odometry Outlaws,WESTMORELAND HIGH SCHOOL,Tennessee,United States
407,147,63,84,68,84,2026-02-14 14:19:53,2026-02-21 00:54:47,0,0,6978K,Kilo,Highland High School,Ohio,United States
408,147,67,80,67,89,2026-02-20 18:53:55,2026-03-14 00:34:15,0,0,16756A,B.R.I.C.C.C.,WINNSBORO HIGH SCHOOL,Texas - Region 2,United States
409,147,63,84,63,84,2026-03-14 13:42:51,2026-03-14 17:27:30,0,0,119B,BOTMAN,ST BERNARD SCHOOL,Connecticut,United States
410,147,59,88,59,88,2026-03-14 15:09:13,2026-03-15 13:25:15,0,0,20164T,Tidal Wave,CHARLES J. COLGAN SR. HIGH,Virginia,United States
411,147,53,94,53,94,2026-01-17 03:23:51,2026-01-17 08:34:19,0,2,8059X,Blank.,Anglo-Chinese School (Independent),Singapore,Singapore
412,146,70,76,70,79,2026-01-24 00:24:53,2026-01-24 18:44:30,7,0,62880C,C2C - C’Mon Man!,Coast 2 Coast Robotics,New York-South,United States
413,146,70,76,70,76,2026-03-14 12:43:09,2026-03-14 20:40:39,0,0,5249V,Sparta Robotics Velocity,Sparta High School,New Jersey,United States
414,146,69,77,69,85,2026-03-07 15:08:25,2026-02-10 23:40:54,0,0,9185T,Terminator,BELLEFONTAINE HIGH SCHOOL,Ohio,United States
415,146,69,77,69,77,2026-03-15 15:51:36,2026-03-14 17:54:53,0,0,6121F,The Pioneers,CONESTOGA SHS,Pennsylvania - East,United States
416,146,68,78,68,78,2026-03-13 20:46:13,2026-03-13 22:31:17,0,0,2567P,Porta-Botz! - Particle Effect,PORTAGE HIGH SCHOOL,Indiana - Region 1 - North,United States
417,146,48,98,67,98,2026-01-30 15:25:54,2026-03-15 16:25:16,0,2,12Z,Zap,The Potomac School,Virginia,United States
418,146,65,81,65,81,2026-03-06 16:08:14,2026-03-06 21:03:25,0,0,8110A,ReStart,Mankato West Robotics,Minnesota,United States
419,146,64,82,64,86,2026-01-18 17:27:26,2026-02-14 18:05:50,0,0,2429V,Lithium Mamba - Radiant,Radiant Robot,California - Region 4,United States
420,146,64,82,64,82,2026-02-26 16:12:05,2026-02-26 22:07:14,0,0,285Z,DiscoBots Zephyr,Carnegie Vanguard HS,Texas - Region 3,United States
421,146,64,82,64,82,2026-03-06 17:48:44,2026-03-06 18:26:59,0,0,74762B,Unlucky Ducky :(,HORIZON HIGH SCHOOL,Texas - Region 1,United States
422,146,63,83,63,83,2026-02-15 18:04:25,2026-02-14 02:00:22,0,0,94517A,Brimstone,Clayton Valley Charter High School,California - Region 2,United States
423,146,62,84,62,91,2026-02-14 13:50:52,2026-03-07 15:22:35,17,0,98575C,Ottawa Hills Chaos,Ottawa Hills Jr/Sr High School,Ohio,United States
424,146,62,84,62,84,2026-03-06 18:59:31,2026-03-06 17:53:46,0,0,9821C,Chain Reaction,EAST GRAND FORKS SENIOR HIGH,Minnesota,United States
425,146,61,85,61,85,2026-02-21 18:35:34,2026-02-21 17:59:57,0,0,1357X,Radiance,Prime Academy,Massachusetts,United States
426,146,60,86,60,89,2026-02-15 17:48:51,2026-02-01 00:57:08,0,0,3758X,Kaboom,Apex Robotics,California - Region 2,United States
427,145,74,71,74,71,2026-03-14 14:52:47,2026-03-15 16:53:25,0,0,119P,Polarity,ST BERNARD SCHOOL,Connecticut,United States
428,145,70,75,70,75,2026-02-15 15:40:44,2026-02-15 16:27:16,0,0,550S,Superior,APOPKA HIGH,Florida - North/Central,United States
429,145,70,75,70,75,2026-03-15 14:54:00,2026-03-14 14:11:16,0,0,169X,The Cavalry,THE HAVERFORD SCHOOL,Pennsylvania - East,United States
430,145,57,88,69,88,2026-03-14 13:39:44,2026-02-07 18:33:25,0,0,9909V,Valor,MIDDLETOWN HIGH SCHOOL,Connecticut,United States
431,145,69,76,69,76,2026-03-06 23:54:18,2026-03-06 23:33:29,0,0,2624C,CapyVaders,CapyVaders,Missouri,United States
432,145,68,77,68,77,2026-02-14 17:34:57,2026-02-14 16:04:10,4,0,77275B,Hello Kitty,Spark Academy,New Hampshire/Vermont,United States
433,145,68,77,68,85,2026-01-10 18:24:26,2026-02-07 18:03:31,0,0,9909M,Marco,MIDDLETOWN HIGH SCHOOL,Connecticut,United States
434,145,68,77,68,77,2025-11-22 08:48:54,2025-11-22 08:53:38,0,0,58888A,Hefei X-No.8 HS,HF HS No.8,Middle China,China
435,145,63,82,63,82,2026-01-10 08:01:18,2026-01-10 09:04:29,0,0,666X,SRobotX,Xian Gaoxin No.1 High School,West China,China
436,145,62,83,62,83,2026-02-14 18:16:19,2026-02-14 19:31:26,3,0,11981C,COOKIE MONSTER,STEINBRENNER HIGH SCHOOL,Florida - North/Central,United States
437,145,60,85,60,94,2025-08-23 05:08:18,2026-02-14 02:56:36,1,0,9123C,Shanghai RuiGuan Team 9123C,ShangHai RuiGuan Robotics Activity Center,East China,China
438,145,60,85,60,85,2026-02-14 22:07:54,2026-02-14 20:19:09,0,0,80852B,Royal Robotics,HANALANI SCHOOLS,Hawaii,United States
439,145,60,85,60,85,2026-03-06 21:31:30,2026-03-06 19:42:27,0,0,7192D,Yippie Ki Yay,WINDOM SENIOR HIGH,Minnesota,United States
440,145,47,98,57,98,2026-02-08 17:23:58,2025-12-13 19:33:03,0,0,55288A,Makapaka,Makapaka - Meow,Ontario,Canada
441,145,54,91,57,91,2026-02-21 20:13:29,2026-03-07 01:46:12,0,0,1200B,YETI,ST MARY CATHOLIC SCHOOLS,Wisconsin,United States
442,145,48,97,48,97,2026-02-28 18:01:01,2026-02-28 21:54:43,7,0,1010Z,Zero | TenTon Robotics,West Vancouver School District #45,British Columbia (BC),Canada
443,144,75,69,75,69,2026-02-14 21:50:37,2026-02-14 04:08:27,0,0,93607D,Dragon Mechs,Pacific Buddhist Academy,Hawaii,United States
444,144,73,71,73,71,2026-02-14 15:37:35,2026-02-14 17:38:05,0,0,11981D,Deimos,STEINBRENNER HIGH SCHOOL,Florida - North/Central,United States
445,144,70,74,70,76,2026-01-24 17:49:57,2026-02-21 16:25:38,0,0,81218V,Vicious Vagabonds,Loveless Academic Magnet Prog High School,Alabama,United States
446,144,69,75,69,91,2026-02-14 21:25:59,2026-02-27 21:53:48,2,0,16868C,Rushdown,CheckMate Robotics Club,Ontario,Canada
447,144,69,75,69,80,2026-01-10 19:57:50,2026-02-07 18:01:06,0,0,77360Z,Eagercats,ONALASKA JR/SR HIGH,Texas - Region 3,United States
448,144,69,75,69,75,2026-03-15 13:42:26,2026-03-14 17:52:39,0,0,9909C,Chad,MIDDLETOWN HIGH SCHOOL,Connecticut,United States
449,144,68,76,68,79,2026-03-07 16:19:17,2026-01-24 18:13:12,0,0,2982Z,Zesty Zebras,Robotfun Academy,Massachusetts,United States
450,144,68,76,68,76,2026-03-06 23:04:24,2026-03-06 23:25:02,0,0,3743C,Intellectual Idiots,ERIE HIGH SCHOOL,Colorado,United States
451,144,67,77,67,77,2026-01-23 02:43:41,2026-01-23 01:43:53,2,4,85301X,No!,The International School of Macao,Macau,Macau
452,144,67,77,67,90,2026-02-21 02:33:12,2026-02-28 17:45:03,0,0,7410X,X-CEPT," Arsenal Technical High School",Indiana - Region 2 - Central,United States
453,144,66,78,66,78,2026-02-07 03:30:08,2026-02-07 07:09:54,4,0,10368A,JSTEA,JSTEA,Hong Kong,Hong Kong
454,144,64,80,64,85,2026-02-26 02:11:10,2026-01-17 16:43:05,0,0,22603B,Black,KLEIN OAK HIGH SCHOOL,Texas - Region 3,United States
455,144,64,80,64,82,2026-02-28 22:57:04,2026-01-10 17:53:27,0,0,2055A,Capybaras,Mi3L School,Ontario,Canada
456,144,62,82,62,82,2026-03-13 21:46:12,2026-03-14 17:08:13,0,0,5690W,Technophobia,BISHOP CHATARD HIGH SCHOOL,Indiana - Region 2 - Central,United States
457,144,61,83,61,83,2026-02-28 18:47:04,2026-02-28 23:18:32,0,0,15442C,The Minions,CANYON HIGH,California - Region 4,United States
458,144,55,89,55,89,2026-03-14 18:58:27,2026-03-14 19:05:57,0,0,1474X,Prestige Worldwide,Unhinged Robotics,Oklahoma,United States
459,143,80,63,80,63,2026-03-14 20:50:53,2026-03-14 00:57:07,6,0,11475B,Liberty Patriots,LIBERTY HIGH,California - Region 3,United States
460,143,69,74,69,74,2026-03-13 22:22:43,2026-03-14 15:25:02,0,0,9142C,Clanker,CLAREMORE HIGH SCHOOL,Oklahoma,United States
461,143,64,79,64,92,2026-01-02 03:13:51,2026-02-03 02:49:48,0,0,19539X,The Second HS Attached to BNU,北京师范大学第二附属中学国际部,North China,China
462,143,61,82,61,82,2026-02-28 21:58:28,2026-02-28 23:11:25,0,0,45519F,f(x),STEM Innovation Academy,Alberta/Saskatchewan,Canada
463,143,60,83,60,86,2026-03-14 14:19:45,2026-02-14 15:27:46,3,0,7282K,AutoFlashes: Kachow,Franklin Central High School,Indiana - Region 2 - Central,United States
464,143,47,96,52,97,2025-12-13 16:03:55,2026-03-07 18:53:23,0,0,1229W,The Wet Sprockets,Twelve Twenty Nine Robotics,Kentucky,United States
465,143,47,96,47,96,2026-03-01 20:01:56,2026-02-28 23:46:17,0,0,9924X,Hydra,Hydra Robotics,California - Region 4,United States
466,142,69,73,69,83,2025-12-06 18:59:27,2025-12-07 18:43:44,0,0,502N,The Swarm,"SD41 Mechatronics, Burnaby ",British Columbia (BC),Canada
467,142,66,76,66,90,2026-03-08 16:27:00,2026-02-22 21:37:12,0,0,295A,Habibi,Placer Robotics (PART),California - Region 2,United States
468,142,64,78,64,84,2026-03-07 20:15:07,2026-02-21 18:04:49,0,0,9421W,Wicked Smaht,Framingham High School,Massachusetts,United States
469,142,64,78,64,82,2026-03-09 16:10:07,2026-01-30 17:02:02,0,0,62629X,Iron Patriots:  X-RAY,WHEELING PARK HIGH SCHOOL,West Virginia,United States
470,142,62,80,62,80,2026-03-15 16:58:08,2026-03-14 16:33:09,0,0,474G,Paragon,Wakefield HS,Virginia,United States
471,142,61,81,61,81,2026-03-14 17:31:30,2026-03-14 17:22:51,0,0,50878X,Geometric Mangos,Geometric Mangos,Virginia,United States
472,142,49,93,49,93,2026-03-08 14:54:41,2026-03-07 22:06:53,0,0,8000X,HRS Robohawks,Head-Royce School,California - Region 2,United States
473,142,48,94,48,94,2026-02-28 18:39:00,2026-02-28 19:10:22,6,0,2025X,Styrax,N Garland High School,Texas - Region 5,United States
474,141,67,74,67,80,2026-02-28 16:43:33,2026-03-14 19:09:07,0,0,7701Y,Y-FI,ZIONSVILLE COMMUNITY HIGH SCHOOL,Indiana - Region 2 - Central,United States
475,141,63,78,63,78,2026-03-14 13:44:46,2026-03-14 17:10:56,0,0,4588B,Radiant,BELTON NEW TECH HIGH SCHOOL AT WASKOW,Texas - Region 4,United States
476,141,62,79,62,79,2025-11-08 06:18:33,2025-11-07 08:32:04,0,0,99219F,MeiSha Robo Advancer,梅沙机甲学院,South China,China
477,141,61,80,61,80,2026-03-06 20:03:25,2026-03-07 18:17:44,0,0,2490P,Perplexity,Perplexity,Arizona,United States
478,141,59,82,59,82,2026-03-07 16:41:33,2026-03-07 15:47:35,0,0,39541X,Mecha Titans - Nylocked In,PSJA THOMAS JEFFERSON T-STEM EARLY COLLEGE HIGH SCHOOL,Texas - Region 6,United States
479,141,59,82,59,82,2026-03-07 21:18:50,2026-03-07 19:41:30,0,0,7870X,5XL,CORONADO HIGH SCHOOL,Nevada,United States
480,141,59,82,59,82,2026-03-15 16:11:29,2026-03-14 20:27:35,0,0,4303H,Hypnotic,FOREST PARK HIGH,Virginia,United States
481,141,58,83,58,83,2026-03-15 15:20:40,2026-03-14 14:57:28,0,0,197G,Genesis,Harriton High School,Pennsylvania - East,United States
482,141,57,84,57,84,2025-11-15 15:55:33,2025-11-15 16:59:44,0,0,1658S,Practice Years 2.5,Education Empowerment Asia,California - Region 4,United States
483,141,57,84,57,84,2026-02-06 06:43:28,2026-02-06 09:22:33,0,0,50922S,LSTS VERTEX,Lawrence S.Ting School,Vietnam,Vietnam
484,141,57,84,57,84,2026-03-14 22:21:10,2026-03-15 15:52:49,0,0,53F,Area 53 Alien Raiders,Eleanor Roosevelt High School,Maryland,United States
485,141,44,97,44,97,2026-01-31 15:27:59,2026-01-31 20:14:57,0,3,87867C,Eclipse,AI Robotics Academy LLC,Texas - Region 5,United States
486,140,76,64,76,67,2026-02-01 00:23:36,2025-12-20 20:05:01,0,0,6374R,Bionic Bruins,Branham High School,California - Region 2,United States
487,140,73,67,73,72,2026-03-15 16:31:34,2026-02-28 16:05:08,0,0,50805Z,K-Pop Demon Hunters,Harsha's Basement,Virginia,United States
488,140,58,82,70,82,2026-01-31 17:38:53,2025-11-25 15:04:32,0,0,1239E,Flashbang,Flashbang Robotics,Oklahoma,United States
489,140,68,72,68,72,2026-02-21 17:37:50,2026-02-21 18:18:07,0,0,81218G,Overcooked,Loveless Academic Magnet Prog High School,Alabama,United States
490,140,64,76,64,76,2026-02-23 15:38:33,2026-02-23 14:57:10,0,0,39702A,New Hope Robotics,NEW HOPE HIGH SCHOOL,Mississippi,United States
491,140,53,87,53,87,2026-03-14 16:47:42,2026-03-13 22:45:26,0,0,7282T,AutoFlashes: Tsunami,Franklin Central High School,Indiana - Region 2 - Central,United States
492,140,50,90,50,90,2025-12-06 15:45:11,2025-12-06 15:56:06,0,0,1356B,Parkview Bane,PARKVIEW HIGH SCHOOL,Georgia,United States
493,140,28,112,28,112,2026-03-07 16:35:50,2026-03-07 00:52:42,0,0,7447X,eXile,Pickens County Career and Technology Center,South Carolina,United States
494,139,70,69,70,95,2026-02-26 00:15:20,2026-02-07 17:39:40,0,0,33111C,RMC,Robot Mastery,Texas - Region 3,United States
495,139,48,91,63,91,2026-02-15 17:44:01,2026-02-03 17:18:54,0,0,3131V,Drumroll Please,EASTSIDE HIGH SCHOOL,Florida - North/Central,United States
496,139,62,77,62,77,2026-02-21 19:46:12,2026-02-21 17:22:31,0,0,750C,Cobras,SOUTH BRUNSWICK HIGH SCHOOL,New Jersey,United States
497,139,61,78,61,83,2026-02-21 18:36:30,2026-02-07 15:46:07,0,0,81Z,VEXMEN: Zephyr,Brandywine Robotics Inc.,Pennsylvania - East,United States
498,139,60,79,60,86,2025-12-13 18:15:26,2026-02-28 19:43:57,0,0,87867D,Dawnfire,AI & Robotics Academy LLC,Texas - Region 5,United States
499,139,60,79,60,79,2026-01-01 05:38:48,2026-01-01 09:10:24,0,0,666S,SRobotS,Xian Gaoxin No.1 High School,West China,China
500,139,60,79,60,79,2026-02-21 00:41:05,2026-02-21 23:02:18,0,0,2915V,Lynfield V,Lynfield College,New Zealand,New Zealand
501,139,58,81,58,95,2026-02-06 22:11:08,2026-02-19 01:29:19,0,2,5689B,Social Hour,CALDWELL SENIOR HIGH SCHOOL,Idaho,United States
502,139,45,94,58,94,2026-01-31 17:20:18,2026-03-07 19:03:31,0,0,1511X,Nexus,EASTMARK HIGH SCHOOL,Arizona,United States
503,139,58,81,58,81,2026-02-24 09:52:17,2026-02-24 12:18:33,0,0,81785G,Kinsale SheerForce,KINSALE COMMUNITY SCHOOL,Ireland,Ireland
504,139,55,84,55,84,2026-03-06 19:54:51,2026-03-06 01:31:20,0,8,9457Y,Why?,MANKATO EAST SENIOR HIGH,Minnesota,United States
505,139,55,84,55,84,2026-03-04 17:35:16,2026-03-04 19:50:58,0,0,14711B,Screwdriver,Belfast School,New York-North,United States
506,139,54,85,54,93,2026-01-18 19:01:37,2026-02-08 21:44:20,8,0,742A,Perry A,PerryBotics,California - Region 4,United States
507,139,53,86,53,86,2026-03-08 13:28:43,2026-03-07 22:36:18,0,0,15797X,Precipice,LexVEX Robotics,Massachusetts,United States
508,139,52,87,52,87,2026-02-21 18:08:19,2026-02-21 16:06:02,0,0,96671C,Celestial,RED RIVER HIGH SCHOOL,North Dakota,United States
509,138,69,69,69,69,2026-01-13 10:39:31,2026-01-13 10:32:50,0,0,17280A,Flying Monkeys,St Francis College Rochestown,Ireland,Ireland
510,138,66,72,66,72,2026-03-14 18:07:36,2026-03-13 23:41:16,0,0,991S,BearBots - Sourdough!,HARPETH HALL SCHOOL,Tennessee,United States
511,138,65,73,65,83,2025-12-20 19:49:08,2026-02-12 22:54:39,0,0,2145X,Pink Shimmeree Unicorns,Pink Unicorns,Virginia,United States
512,138,64,74,64,92,2026-03-14 03:28:03,2026-01-31 18:29:17,0,0,98040C,Slippery Penguins,Islander Robotics Academy,Washington,United States
513,138,63,75,63,81,2026-02-21 15:47:36,2026-03-15 16:06:46,7,0,842T,Nova,Nova,Pennsylvania - East,United States
514,138,63,75,63,75,2026-03-09 17:11:44,2026-03-09 16:10:01,7,0,52575C,I can't pronounce that!,WARREN AREA HIGH SCHOOL,Pennsylvania - West,United States
515,138,57,81,61,81,2026-01-10 15:53:42,2026-03-15 17:24:36,0,0,76624S,Box Bots,Box Bots,Florida - South,United States
516,138,59,79,59,79,2026-02-14 15:03:22,2026-02-14 16:46:08,5,0,3773P,BowBots - Phosphorus (P),Bow High School,New Hampshire/Vermont,United States
517,138,59,79,59,79,2026-03-07 02:52:12,2026-03-07 03:30:56,2,0,51581E,Syntax Error,The Dalles High School,Oregon,United States
518,138,57,81,57,87,2026-01-11 16:02:30,2026-03-07 14:53:36,0,0,9039H,Harold,BrandywineBOTS,Delmarva,United States
519,138,48,90,48,90,2026-02-28 19:31:52,2026-02-28 19:19:20,0,0,16610Z,"Zee happy ",Techblazers,Ontario,Canada
520,138,47,91,47,94,2026-03-01 18:29:36,2026-01-31 18:44:24,0,0,52274X,Xenon,Xenon,California - Region 4,United States
521,137,74,63,74,65,2026-03-14 13:45:06,2026-02-15 16:58:30,3,0,6277C,Hard Wired,THE HARVEY SCHOOL,New York-South,United States
522,137,70,67,70,69,2026-03-01 06:04:23,2025-12-28 07:48:54,0,0,34100A,Robotist,İstanbul Havalimanı Mesleki ve Teknik Anadolu Lisesi,Türkiye,Türkiye
523,137,64,73,64,73,2026-02-03 17:43:41,2026-02-03 21:00:21,2,0,28466S,There's a Strategy to this Tragedy,SPRINGS STUDIO FOR ACADEMIC EXCELLENCE,Colorado,United States
524,137,60,77,60,77,2025-12-05 06:44:01,2025-12-05 09:13:26,0,0,11207S,im the real one,American International School of Guangzhou,South China,China
525,137,57,80,57,80,2026-03-14 15:10:08,2026-03-15 16:54:44,0,0,5150D,Mad Hatters - Delta,DANBURY HIGH SCHOOL,Connecticut,United States
526,137,54,83,54,83,2026-01-17 05:26:50,2026-01-17 04:40:44,0,0,3632A,Mistakes,Peter's workshop,Singapore,Singapore
527,137,53,84,53,84,2026-02-26 19:41:44,2026-02-26 01:51:35,0,0,285C,DiscoBots Chaos,Carnegie Vanguard HS,Texas - Region 3,United States
528,137,46,91,47,91,2026-02-14 17:23:36,2025-12-20 19:01:35,0,0,1862A,Shining Bots,Knowledge Tree Institute Inc.,California - Region 2,United States
529,137,44,93,44,93,2026-01-10 07:55:44,2026-01-10 08:00:42,0,0,7925B,H.I.I 杭州二中Barrett,Hangzhou No.2 High School,East China,China
530,137,41,96,41,96,2026-02-27 23:01:35,2026-02-27 23:35:45,0,2,10501D,Dynamic,Team Dynamic,Ontario,Canada
531,136,79,57,79,92,2025-10-25 09:33:16,2026-02-03 06:16:56,0,0,1692A,HangZhou FLS-A,Hangzhou Foreign Languages School,East China,China
532,136,64,72,72,72,2026-02-21 14:17:31,2026-03-14 14:22:11,11,0,46B,Code Red,Seton School,Virginia,United States
533,136,72,64,72,88,2025-12-19 07:54:05,2026-02-03 02:43:37,0,0,8223X,Team 8223X of Beijing No.80 High School,Beijing No.80 High school,North China,China
534,136,68,68,68,68,2026-03-15 12:58:15,2026-03-15 18:02:14,0,0,929R,929Reckoning,Hereford High School,Maryland,United States
535,136,63,73,63,90,2026-01-10 17:07:44,2026-02-03 21:35:57,0,0,10F,Exothermic Fusion,Exothermic Robotics,Washington,United States
536,136,63,73,63,79,2026-03-13 18:29:30,2026-02-21 20:45:30,0,0,99905X,XOR,ST GEORGE'S INDEPENDENT SCHOOL,Tennessee,United States
537,136,63,73,63,73,2026-01-17 19:09:59,2026-01-17 21:58:20,0,0,10J,Exothermic Jester,Exothermic Robotics,Washington,United States
538,136,62,74,62,74,2026-03-07 16:05:03,2026-03-07 17:32:18,0,0,3946Z,Ziptied,Kent Denver School,Colorado,United States
539,136,62,74,62,74,2026-03-08 15:18:17,2026-03-07 18:19:20,0,0,20203Z,Robo Turtle,Alpha Robotics,Massachusetts,United States
540,136,60,76,60,79,2026-03-14 13:50:49,2026-01-10 19:18:46,0,0,2498B,bummer.,PiRA,New York-South,United States
541,136,59,77,59,77,2026-02-06 23:58:30,2026-02-07 00:59:33,0,0,63780B,Conductor We Have A Problem,LAKESIDE HIGH SCHOOL,Georgia,United States
542,136,44,92,53,92,2026-02-07 14:57:09,2026-02-26 16:55:52,0,0,33007X,Ctrl + Alt + Defeat,Bellaire High School,Texas - Region 3,United States
543,135,77,58,77,58,2026-02-28 14:32:30,2026-02-28 18:29:41,0,0,82855T,STL Talos,STL Robotics,Ontario,Canada
544,135,72,63,72,81,2026-02-28 01:13:12,2026-01-24 18:35:24,0,0,43280A,GooN GanG,Elkhorn North High School,Nebraska,United States
545,135,66,69,66,83,2026-02-21 17:25:52,,0,0,8448X,Team Rocket,MOUNTAIN BROOK HIGH SCHOOL,Alabama,United States
546,135,64,71,64,71,2026-02-28 13:14:17,2026-02-28 13:59:24,0,0,39H,HNS,CRANBROOK SCHOOLS,Michigan,United States
547,135,63,72,63,75,2026-02-14 19:23:24,2025-12-14 16:10:44,0,0,74947J,Fenix - Jello,Ecole Secondaire Massey-Vanier,Quebec,Canada
548,135,62,73,62,73,2026-03-07 23:10:55,2026-03-07 21:02:36,6,0,75551A,We Tried,BISHOP GORMAN HIGH SCHOOL,Nevada,United States
549,135,61,74,61,77,2025-10-26 02:25:22,2025-12-19 05:57:28,0,0,8223Y,Team 8223Y of Beijing No.80 High School,Beijing No.80 High school,North China,China
550,135,59,76,59,76,2026-02-23 15:58:26,2026-02-23 16:02:58,0,0,55230X,TEAM X,Mississippi Robotics,Mississippi,United States
551,135,58,77,58,86,2025-11-09 22:32:48,2026-01-25 21:52:50,0,0,3577A,DogeBotics,Innovagine Robotics,California - Region 4,United States
552,135,57,78,57,78,2025-12-05 19:39:02,2025-12-06 16:00:36,0,0,2602E,Hopkinetics Entropy,HOPKINTON HIGH,Massachusetts,United States
553,135,55,80,55,85,2025-12-13 15:35:51,2026-02-07 21:23:45,0,6,71909X,TESLA MODEL X,Baton Rouge Magnet High School,Louisiana,United States
554,135,55,80,55,80,2026-02-27 23:16:47,2026-02-28 16:27:44,0,0,71414A,Smooth Operators,PIERCE JR/SR HIGH SCHOOL,Nebraska,United States
555,135,54,81,54,83,2025-12-30 20:09:13,2026-03-01 17:35:47,4,0,2147Z,Integer Robotics,"Integer Applied Technologies ",California - Region 4,United States
556,135,44,91,44,91,2026-02-26 15:28:12,2026-02-26 20:47:25,0,0,1137B,Versyn,Clements High School,Texas - Region 3,United States
557,134,75,59,75,64,2026-03-06 22:53:33,2025-11-08 15:40:42,0,0,95059D,Wubba Duckies,"Greer Middle College Charter High School ",South Carolina,United States
558,134,71,63,71,83,2026-03-08 14:18:01,2026-01-24 18:15:52,0,0,15797H,Honka,LexVEX Robotics,Massachusetts,United States
559,134,44,90,69,90,2026-02-21 20:57:28,2026-03-14 22:58:35,0,0,20850A,AirHeads,"AOE Robotics Club ",Maryland,United States
560,134,54,80,65,80,2026-02-28 00:06:47,2026-02-14 17:02:04,0,0,68763E,Ziptie Engineers,O'NEILL HIGH SCHOOL,Nebraska,United States
561,134,65,69,65,69,2026-03-07 19:06:33,2026-03-07 13:55:47,0,0,5430B,BreakPoint,Parkway West High School,Missouri,United States
562,134,63,71,63,74,2026-02-07 18:54:38,2025-11-22 18:30:12,0,3,1898A,Olympus,MILTON ACADEMY,Massachusetts,United States
563,134,63,71,63,71,2026-02-03 03:28:26,2026-02-02 09:27:32,0,0,99219A,MeiSha Robo Advancer,梅沙教育,South China,China
564,134,53,81,61,98,2026-01-18 14:30:22,2026-02-07 16:12:01,0,0,1585B,Dawn,SULPHUR SPRINGS HIGH SCHOOL,Texas - Region 2,United States
565,134,48,86,60,86,2025-11-20 15:46:42,2026-01-22 15:28:11,0,0,20605A,First Class,ALEXANDRIA HIGH SCHOOL,Alabama,United States
566,134,59,75,59,75,2026-02-23 16:18:45,2026-02-23 15:46:31,0,0,39110C,Biggie Bots,Germantown High School,Mississippi,United States
567,134,58,76,58,76,2025-10-25 16:53:23,2025-10-25 17:16:05,0,0,12478X,Bobaionics,group of friends,California - Region 2,United States
568,134,38,96,55,96,2026-02-04 05:50:36,2026-02-08 03:51:19,0,0,96969Y,PAS1,Pacific American School,Chinese Taipei,Taiwan
569,134,45,89,52,89,2026-02-27 19:39:02,2026-02-07 16:24:21,0,0,74485B,Perpetual,BENZIE CENTRAL SR HIGH SCHOOL,Michigan,United States
570,134,50,84,50,84,2026-03-06 16:18:47,2026-03-06 18:44:19,0,0,6008P,Pixel,NORTH UNION HIGH SCHOOL,Ohio,United States
571,134,48,86,48,86,2026-03-14 20:39:45,2026-03-13 23:33:19,0,0,7405N,Millburn Nebula,Millburn High School,New Jersey,United States
572,134,42,92,42,92,2026-03-07 16:00:42,2026-03-07 19:32:50,0,0,98548K,½mv²,Bear River High School,Utah,United States
573,133,66,67,66,90,2026-03-15 18:12:04,2026-02-28 17:08:27,2,0,1616Y,Shaft Collars,Don Tyson School of Innovation,Arkansas,United States
574,133,64,69,64,96,2026-02-21 19:28:59,2026-03-14 17:06:55,0,5,11212A,Apex,Private,Washington,United States
575,133,63,70,63,70,2026-03-15 15:08:59,2026-03-15 15:25:30,0,0,12A,Absolute Zero,The Potomac School,Virginia,United States
576,133,61,72,61,78,2026-03-15 13:44:08,2026-01-04 22:39:19,0,0,197C,Carnation,Harriton Senior High School,Pennsylvania - East,United States
577,133,52,81,52,81,2025-12-31 14:46:33,2025-12-30 19:00:15,8,3,3595V,Vortex,Irvine Area Robotics,California - Region 4,United States
578,133,52,81,52,82,2025-12-09 21:53:18,2026-03-07 15:53:56,0,0,9185W,it's whatever,BELLEFONTAINE HIGH SCHOOL,Ohio,United States
579,133,51,82,51,82,2026-01-31 04:01:16,2026-01-31 07:10:58,8,0,67000A,Big Dippers,FIVE by DOHSCHOOL.,Japan,Japan
580,133,51,82,51,82,2026-03-08 15:26:26,2026-03-08 18:01:18,0,0,25809A,Apollo Robotics,Apollo Robotics,California - Region 2,United States
581,133,50,83,50,83,2026-03-14 16:58:11,2026-03-14 15:01:12,0,0,2622T,Tritium,New Energy Education,New York-South,United States
582,133,48,85,48,85,2026-03-15 14:53:13,2026-03-15 15:23:56,7,0,169Y,The Cavalry,THE HAVERFORD SCHOOL,Pennsylvania - East,United States
583,133,48,85,48,90,2026-02-21 14:35:39,2026-02-06 16:28:31,0,3,30029B,Code X,SJPF,North Dakota,United States
584,133,38,95,38,95,2026-02-20 07:42:33,2026-02-20 22:23:48,0,2,30597J,SamCook,Korea International School Jeju Campus,South Korea,"Korea, Republic of"
585,133,33,100,33,100,2026-02-06 23:51:24,2026-02-07 13:18:15,0,5,60053B,bonk,PAUL DUKE STEM HIGH SCHOOL,Georgia,United States
586,132,49,83,64,88,2026-02-22 00:00:13,2026-02-14 02:16:26,0,0,2925X,Teddy,Roboters,California - Region 2,United States
587,132,53,79,53,79,2026-02-27 06:50:01,2026-02-27 06:54:48,0,0,999D,Affiliated High School of Fujian Normal University,Affiliated High School of Fujian Normal University,South China,China
588,132,49,83,49,86,2026-03-14 08:23:22,2026-02-26 09:45:33,0,0,35993A,The Rockys 1,IGS Rockenhausen,Germany,Germany
589,132,42,90,42,90,2026-03-07 01:04:32,2026-03-07 00:48:52,0,0,9784A,Wingin-It,TROY BUCHANAN HIGH,Missouri,United States
590,131,68,63,68,63,2026-03-07 18:46:20,2026-03-07 20:24:31,6,0,4082X,Freedom Titans,Freedom Titans Robotics Team,Wisconsin,United States
591,131,63,68,63,68,2025-11-14 08:22:25,2025-11-14 08:46:48,0,0,68729S,未来科技战队-S,西安艾客机器人教育科技有限责任公司,Middle China,China
592,131,61,70,61,73,2025-10-24 09:13:15,2026-01-10 08:39:28,0,0,2731H,Hangzhou No.14 Qingshanhu School,Hangzhou Foreign Languages School,East China,China
593,131,58,73,58,83,2026-02-28 18:24:43,2026-01-24 14:53:57,0,0,6842N,Nitro,PARK TUDOR SCHOOL,Indiana - Region 2 - Central,United States
594,131,56,75,56,75,2026-02-28 18:22:02,2026-02-28 22:30:32,0,0,98549V,Venom,Burnsview Secondary,British Columbia (BC),Canada
595,131,54,77,54,77,2026-03-14 17:00:19,2026-03-15 16:26:37,0,0,293Y,Eclypse,Echo Robotics,Pennsylvania - East,United States
596,131,50,81,50,99,2025-10-13 21:17:34,2026-02-28 23:20:45,0,0,886Y,Yabadabadoo | WPRA,Western Pacific Robotics Academy,British Columbia (BC),Canada
597,131,48,83,48,83,2025-10-25 18:55:04,2025-10-25 14:44:26,0,0,91923A,RED,Texas Academy at Lamar University,Texas - Region 3,United States
598,131,31,100,43,100,2026-01-04 23:03:24,2026-03-15 14:37:24,0,0,293Z,Equinox,Echo Robotics,Pennsylvania - East,United States
599,130,75,55,75,71,2026-02-28 18:07:51,2026-01-17 21:37:03,10,3,1022R,Remastered,Claremont Secondary School,Vancouver Island (BC),Canada
600,130,68,62,68,75,2026-01-31 20:55:06,2026-02-07 17:13:51,0,2,98377H,Pink Havoc,TECHNICAL SENIOR HIGH,Minnesota,United States
601,130,60,70,60,70,2026-02-07 19:57:22,2026-02-07 19:58:38,0,0,3303M,Dublin Robotics Mariner,Dublin Robotics Club,California - Region 2,United States
602,130,59,71,59,73,2026-03-07 16:39:10,2026-02-17 22:37:47,1,0,6741V,Viper,PICKERINGTON HIGH SCHOOL CENTRAL,Ohio,United States
603,130,56,74,56,74,2025-12-31 23:11:45,2025-12-31 23:31:07,0,0,8889V,Vortex,Numberosity Academy,Massachusetts,United States
604,130,56,74,56,74,2026-03-08 15:15:32,2026-03-08 14:13:40,0,0,58566B,Burnout,GRAFTON HIGH SCHOOL,Massachusetts,United States
605,130,54,76,54,83,2026-01-17 17:43:54,2025-12-06 18:33:38,0,0,2140A,Quiet Riot,JENISON HIGH SCHOOL,Michigan,United States
606,130,53,77,53,77,2026-02-07 16:01:25,2026-02-07 15:19:29,0,0,91708A,Electrobots,HANCOCK HIGH SCHOOL,Mississippi,United States
607,130,52,78,52,78,2025-12-30 18:19:40,2025-12-30 18:36:26,0,0,7899B,Rolling Robots - Sharks,Rolling Robots,California - Region 4,United States
608,130,52,78,52,78,2026-02-21 22:11:15,2026-02-21 21:58:29,0,0,3948A,MRT,Modesto Robotics & Technology,California - Region 2,United States
609,130,52,78,52,78,2026-03-01 19:57:31,2026-02-28 19:55:13,0,0,2397A,Frequency,Frequency,California - Region 4,United States
610,130,51,79,51,79,2026-02-07 06:40:33,2026-02-07 07:21:33,0,0,4275V,CCK Victory,CMA Choi Cheung Kok Secondary School,Hong Kong,Hong Kong
611,130,50,80,50,80,2026-03-06 16:01:42,2026-03-06 15:45:34,0,0,8110Z,RIP Tide,Mankato West Robotics,Minnesota,United States
612,130,45,85,45,85,2026-03-13 19:37:08,2026-03-14 12:31:49,0,0,1115E,Exothermic,Greenfield-Central High School,Indiana - Region 2 - Central,United States
613,130,33,97,33,97,2026-03-06 21:02:39,2026-03-06 18:11:57,8,3,45133K,Korrupt,HILLSBORO HIGH SCHOOL,Ohio,United States
614,129,69,60,69,68,2026-03-14 19:16:27,2026-02-13 13:40:56,0,0,57249D,Raptor Robotics - Dart Goblin,Ravenwood High School,Tennessee,United States
615,129,62,67,62,68,2026-02-04 07:06:25,2025-12-19 01:47:50,6,0,14683A,KCIS Robotics A,Kang Chiao International School,Chinese Taipei,Taiwan
616,129,62,67,62,81,2026-03-07 14:37:06,2026-02-09 21:47:24,0,0,3264X,Xenon,NORWALK HIGH SCHOOL,Ohio,United States
617,129,62,67,62,80,2026-01-04 20:04:52,2026-03-14 15:52:10,0,0,8995H,Habanero,Metea Valley High School,Illinois,United States
618,129,62,67,62,67,2026-01-10 20:06:10,2026-01-10 18:40:12,0,0,81208G,LeRoi Galaxy,LeRoi Robotics,Ontario,Canada
619,129,61,68,61,68,2026-03-06 20:57:19,2026-03-06 17:14:24,0,0,7225Z,Borderbots,Southland Senior High,Minnesota,United States
620,129,58,71,58,78,2026-01-24 16:11:28,2025-12-13 18:44:33,2,0,338A,Iterated,High Caliber Robotics,Kentucky,United States
621,129,57,72,57,72,2026-02-14 03:52:09,2026-02-14 17:31:47,0,0,21316A,Goofy Goobers,Goofy Goobers,California - Region 2,United States
622,129,55,74,55,74,2026-01-22 17:19:11,2026-01-22 19:44:02,0,7,29204B,Dougatron,CREATE,Alabama,United States
623,129,55,74,55,76,2025-12-06 20:12:39,2025-11-22 18:42:15,0,0,1010W,TenTon Robotics,West Vancouver School District #45,British Columbia (BC),Canada
624,129,54,75,54,75,2026-03-01 22:07:58,2026-03-01 21:45:14,0,7,42747M,Maven,West Morris Regional High School District,New Jersey,United States
625,129,54,75,54,75,2026-02-21 16:41:34,2026-02-21 18:31:43,0,0,20850G,Tigers Robotics,"AOE Robotics Club ",Maryland,United States
626,129,52,77,52,77,2026-01-24 03:58:58,2026-01-23 01:59:33,0,0,5868C,CATARIA,PUI CHING MIDDLE SCHOOL MACAU,Macau,Macau
627,129,50,79,50,79,2026-03-07 19:40:28,2026-03-06 20:12:52,2,0,5509E,VHS Excelsior!,Valley Home Schoolers,Wisconsin,United States
628,129,49,80,49,80,2026-02-14 18:17:18,2026-02-14 16:32:29,0,0,58676X,Corsaires X,Ecole Pointe-Levy,Quebec,Canada
629,129,31,98,31,98,2026-02-28 13:38:22,2026-03-01 06:32:52,0,0,34001B,MARIO,İbrahim Özaydın Mesleki ve Teknik Anadolu Lisesi,Türkiye,Türkiye
630,128,69,59,69,75,2026-03-07 17:23:33,2026-02-21 18:33:10,0,1,2930B,Blackout,Scott County High School RoboCards,Kentucky,United States
631,128,62,66,62,71,2026-03-07 19:10:53,2025-10-11 18:48:29,0,0,82777A,Koi Fish,Magikid Cupertino Robotics Lab,California - Region 2,United States
632,128,60,68,60,77,2026-03-14 18:36:31,2026-03-01 15:38:01,0,0,4610T,Turtle Tots,Robot Revolution,New Jersey,United States
633,128,53,75,53,84,2026-01-17 19:23:09,2026-02-28 21:30:22,0,0,87265B,Robo Ridge,Southridge School,British Columbia (BC),Canada
634,128,43,85,53,85,2026-02-14 15:03:20,2026-01-03 18:14:43,0,0,45434V,Vortex,Beavercreek Robotics Club,Ohio,United States
635,128,51,77,51,94,2026-02-21 20:18:29,2026-03-14 17:35:56,0,0,654Y,Vanguards,LAKE TRAVIS HIGH SCHOOL,Texas - Region 4,United States
636,128,51,77,51,80,2026-03-07 16:52:28,2026-02-15 15:51:15,0,0,8568G,Jim Clang,NORTH ANDOVER HIGH,Massachusetts,United States
637,128,43,85,43,85,2026-03-07 15:46:14,2026-03-07 20:31:36,0,0,2131F,Fiddlesticks,DAVIS HIGH,Utah,United States
638,128,33,95,42,95,2026-01-31 14:16:53,2026-02-07 15:32:02,0,4,36830A,Leprechauns,Auburn High School,Alabama,United States
639,128,32,96,41,96,2026-02-08 15:08:25,2026-03-14 15:49:12,0,0,321B,BLAST OFF!,Niles West HS 321 Robotics,Illinois,United States
640,127,72,55,72,63,2026-03-01 16:33:22,2026-02-07 19:49:57,0,0,20698A,L2 Orbit,CC'S Robotics Space,California - Region 4,United States
641,127,58,69,58,69,2026-01-31 17:22:37,2026-01-31 18:34:30,0,0,83149A,Apollo 13.1,Northfield Mount Hermon School,Massachusetts,United States
642,127,55,72,55,72,2026-03-14 23:54:56,2026-03-15 16:41:47,0,3,7135D,Loyola Robotics-D,Loyola Blakefield,Maryland,United States
643,127,52,75,52,76,2025-12-13 18:12:21,2025-12-05 22:22:36,0,0,4478N,Nightfall,MASUK HIGH SCHOOL,Connecticut,United States
644,127,46,81,50,81,2026-02-14 15:42:51,2026-03-07 18:57:50,3,0,99751X,Leverage,Colorado Early College Fort Collins,Colorado,United States
645,127,40,87,50,92,2026-02-14 22:23:51,2026-03-01 17:06:50,0,0,6627A,Knight Time Bots - Ace,FOOTHILL HIGH,California - Region 4,United States
646,127,46,81,46,81,2026-02-07 18:24:40,2026-02-07 13:48:13,0,6,31617Z,Zero Gravity,CSRA HEA,South Carolina,United States
647,127,42,85,42,85,2026-02-15 17:26:17,2026-02-15 14:37:22,0,0,14141X,BlueShift Robotics,South Lake Robotics,Florida - North/Central,United States
648,126,52,74,68,75,2026-03-06 19:06:21,2026-02-21 14:42:15,0,0,8823E,Erudite,Milford Robotics,Ohio,United States
649,126,61,65,61,75,2026-03-14 13:00:44,2026-02-07 16:27:40,0,0,7701R,R not listening,ZIONSVILLE COMMUNITY HIGH SCHOOL,Indiana - Region 2 - Central,United States
650,126,54,72,60,72,2026-02-21 16:09:39,2026-03-15 16:45:58,10,0,242W,Wombo Combo,Holy Ghost Preparatory,Pennsylvania - East,United States
651,126,60,66,60,66,2025-11-08 06:42:36,2025-11-08 03:49:19,0,0,93211C,SD,SDXT,South China,China
652,126,58,68,58,75,2026-01-18 02:12:39,2026-02-28 18:36:13,0,0,9568A,→RoboPlanet←,RoboPlanet Education and Community Society,British Columbia (BC),Canada
653,126,58,68,58,68,2026-02-28 21:49:20,2026-03-01 18:23:29,0,0,21S,SPUR-FLYS,CHAMPS - CHARTER HIGH SCHOOL OF ARTS-MULTIMEDIA & PERFORMING,California - Region 4,United States
654,126,56,70,56,78,2026-03-07 20:07:22,2026-02-03 16:09:11,0,3,32092D,Sky's the Limit,Stargate Charter School,Colorado,United States
655,126,54,72,54,80,2026-01-17 20:03:35,2025-11-08 16:30:31,0,0,26038X,Atomic,JOHN MARSHALL HIGH SCHOOL,West Virginia,United States
656,126,53,73,53,73,2026-03-14 19:26:31,2026-03-15 14:15:46,0,4,169A,The Cavalry,THE HAVERFORD SCHOOL,Pennsylvania - East,United States
657,126,51,75,51,77,2026-01-25 20:05:09,2026-02-14 21:57:30,0,0,334Y,Supernova Ylem,SCIENCE ACADEMY STEM MAGNET,California - Region 4,United States
658,126,50,76,50,76,2026-01-31 17:17:54,2026-01-31 16:45:05,0,0,11211W,wdym,OCSA,California - Region 4,United States
659,126,44,82,44,82,2026-02-23 17:18:20,2026-02-23 22:25:54,0,0,98225F,Fiasco,Bellingham High School,Washington,United States
660,126,43,83,43,83,2026-02-19 01:34:22,2026-02-19 01:50:08,0,0,11777J,Double CROSS,NAMPA CHRISTIAN SCHOOLS,Idaho,United States
661,126,40,86,40,87,2026-02-08 18:51:10,2026-02-28 19:37:59,0,0,2496W,Beckman Robotics Watermelon,Arnold O. Beckman High School,California - Region 4,United States
662,126,36,90,36,90,2026-03-06 01:13:26,2026-03-06 15:37:49,0,0,79912C,Genesis,FRANKLIN HIGH SCHOOL,Texas - Region 1,United States
663,125,67,58,67,68,2026-03-15 15:01:49,2026-02-07 18:29:28,0,0,76763A,Cyber Knights,NORTH COUNTY HIGH,Maryland,United States
664,125,52,73,64,73,2025-12-06 14:35:54,2026-03-08 13:41:42,0,0,25600Y,Roxbury Latin - Blackbird,THE ROXBURY LATIN SCHOOL,Massachusetts,United States
665,125,63,62,63,62,2026-03-14 14:29:22,2026-03-14 15:10:38,0,0,50805X,Trinity,Harsha Robotics,Virginia,United States
666,125,54,71,54,79,2026-02-22 13:58:23,2026-03-14 18:03:19,0,0,1731V,The Fire Breathing Rubber Duckies,Loudoun County Robotics,Virginia,United States
667,125,54,71,54,72,2025-12-13 13:25:02,2025-11-08 18:11:21,0,4,3536V,Vortex,NORTH FORSYTH HIGH SCHOOL,Georgia,United States
668,125,54,71,54,71,2026-03-01 06:01:31,2026-03-01 08:12:28,0,0,34100B,RobotIST Jr.,İstanbul Havalimanı Mesleki ve Teknik Anadolu Lisesi,Türkiye,Türkiye
669,125,49,76,49,76,2026-02-28 22:50:45,2026-02-28 17:48:41,0,0,82855S,STL Symphony,STL Robotics,Ontario,Canada
670,125,49,76,49,76,2026-03-14 15:52:10,2026-03-14 22:16:29,0,0,70077A,Super Kings,Private,Washington,United States
671,125,48,77,48,77,2026-02-08 02:31:56,2026-02-06 06:28:41,3,0,8059M,Blank.,Anglo-Chinese School (Independent),Singapore,Singapore
672,125,47,78,47,78,2026-01-10 14:44:28,2026-01-10 18:26:05,0,0,2971B,Bromine,NORTHWESTERN HIGH SCHOOL,Ohio,United States
673,125,47,78,47,78,2026-02-23 19:52:58,2026-02-23 17:40:35,0,0,20027W,Watt.,ST ANDREW'S EPISCOPAL SCHOOL,Mississippi,United States
674,125,39,86,43,86,2026-01-30 20:57:24,2026-03-15 14:42:29,0,0,4154S,U.S.S. ROBOTICS,NSU UNIVERSITY SCHOOL,Florida - South,United States
675,124,58,66,58,66,2026-03-07 16:12:02,2026-03-07 16:24:17,0,0,9039F,Ferocity,BrandywineBOTS,Delmarva,United States
676,124,57,67,57,67,2026-01-31 06:32:42,2026-01-31 05:44:17,0,0,901E,Brotato Chip,The American School in Japan,Japan,Japan
677,124,56,68,56,68,2026-02-28 16:04:30,2026-02-28 17:02:03,0,0,7110H,HAUNTED,CARROLL HIGH SCHOOL,Texas - Region 5,United States
678,124,55,69,55,70,2026-03-01 21:57:17,2026-02-14 16:27:21,0,0,42747R,Riot,West Morris Central High School,New Jersey,United States
679,124,32,92,49,92,2026-01-17 22:18:11,2026-03-08 19:19:54,0,0,5327A,Gael Force All In,DUBLIN HIGH,California - Region 2,United States
680,124,43,81,47,87,2026-02-07 20:52:18,2026-02-27 22:25:32,0,0,97779X,St Andrews College,St Andrew’s College,Ontario,Canada
681,124,43,81,43,81,2026-02-07 19:02:36,2026-02-07 17:04:19,0,0,45434X,Paradox,Beavercreek Robotics Club,Ohio,United States
682,124,40,84,40,84,2026-03-06 23:35:45,2026-03-07 18:24:06,0,0,3743A,Attention Defi-SQUIRREL!!,ERIE HIGH SCHOOL,Colorado,United States
683,123,61,62,61,80,2026-01-24 19:57:32,2026-02-21 19:09:01,0,0,750W,Wolves,SOUTH BRUNSWICK HIGH SCHOOL,New Jersey,United States
684,123,56,67,56,69,2026-02-23 21:30:13,2025-12-13 15:47:28,0,0,77772V,Acidic French Toast,Acidic French Toast Robotics,Mississippi,United States
685,123,54,69,54,74,2026-03-07 15:38:51,2026-02-21 18:35:04,0,0,7862T,Low VEXpectations,Hesston High School,Kansas,United States
686,123,53,70,53,89,2025-11-08 06:09:44,2025-12-19 05:28:03,0,0,33333C,X-Robo.C,X-Robo,Middle China,China
687,123,51,72,51,72,2026-02-28 14:57:49,2026-02-28 16:02:36,0,0,71999A,The Patilies,R3V3RB Robotics,Virginia,United States
688,123,48,75,48,75,2026-01-04 15:27:42,2026-01-04 17:06:28,0,3,2360A,Arachnid,Neuqua Valley High School,Illinois,United States
689,123,48,75,48,80,2026-02-25 00:12:11,2026-03-14 13:05:16,0,1,33112D,Robo Rangers - Eat Mor Chikin,CONCORDIA LUTHERAN HIGH SCHOOL,Indiana - Region 1 - North,United States
690,123,48,75,48,77,2026-03-15 16:16:26,2026-02-07 14:04:33,0,0,53C,Area 53 C Chronos,Greenbelt Robotics Team,Maryland,United States
691,123,48,75,48,75,2026-02-28 15:33:32,2026-02-28 16:53:33,0,0,33112J,Robo Rangers - Judgement Day,CONCORDIA LUTHERAN HIGH SCHOOL,Indiana - Region 1 - North,United States
692,123,46,77,46,77,2026-03-14 16:18:43,2026-03-14 01:01:01,0,0,2360C,Clockwork,Neuqua Valley High School,Illinois,United States
693,123,45,78,45,78,2026-01-02 05:40:34,2026-01-02 05:18:26,0,0,52222B,Beijing No.4 High School,北京四中国际校区,North China,China
694,123,45,78,45,78,2026-01-15 13:19:33,2026-01-15 12:12:27,0,0,2290Z,Eagle's Descendants,Colegio Adianez,Puerto Rico,Puerto Rico
695,123,44,79,44,79,2026-02-28 22:08:44,2026-02-28 21:54:37,0,6,1022W,Wonder,Claremont Secondary School,Vancouver Island (BC),Canada
696,123,43,80,43,80,2026-03-15 14:35:30,2026-03-15 16:03:54,0,0,5691X,Hornet Robotics- Hephaestus,BRYANT HIGH SCHOOL,Arkansas,United States
697,123,42,81,42,81,2026-03-06 21:06:36,2026-03-06 17:52:31,3,0,45133U,Momentum,HILLSBORO HIGH SCHOOL,Ohio,United States
698,122,76,46,76,62,2026-02-03 02:18:50,2025-12-19 07:47:46,0,0,18190D,BIGZ-D,BASIS INTERNATIONAL SCHOOL GUANGZHOU,South China,China
699,122,63,59,63,77,2026-01-10 18:50:09,2025-12-06 16:41:38,0,0,4154D,U.S.S. ROBOTICS,NSU University School,Florida - South,United States
700,122,61,61,61,61,2026-03-07 20:37:27,2026-03-07 22:39:10,2,0,29760S,Spectre,Shasta Charter Academy,California - Region 1,United States
701,122,57,65,57,79,2026-03-13 23:09:03,2026-01-17 17:06:41,0,0,2567V,Porta-Botz!-Venom,PORTAGE HIGH SCHOOL,Indiana - Region 1 - North,United States
702,122,56,66,56,82,2026-02-21 17:14:19,2026-03-07 02:01:19,5,0,2131Y,Susan,DAVIS HIGH,Utah,United States
703,122,56,66,56,71,2025-12-05 07:21:26,2025-11-07 08:22:43,0,0,60206Y,MeiSha Robo Advancer,梅沙机甲学院,South China,China
704,122,49,73,49,74,2026-03-14 14:17:39,2026-02-21 18:17:33,0,0,2668A,Bobot,Bobot Robotics,Texas - Region 4,United States
705,122,49,73,49,73,2026-03-14 21:28:16,2026-03-14 22:45:53,0,0,119X,Exponential,ST BERNARD SCHOOL,Connecticut,United States
706,122,47,75,47,75,2026-02-08 03:13:38,2026-02-07 06:44:29,0,4,86254B,CAPMI1,Capmi,Hong Kong,Hong Kong
707,122,42,80,47,94,2025-12-06 18:00:57,2026-02-21 18:33:04,0,0,9621V,Void,First Principles Robotics Group,Nevada,United States
708,122,47,75,47,75,2026-02-08 01:16:09,2026-02-07 07:44:29,0,0,23457H,BL SAI GON CHEETAH,BRICK lab Robotics,Vietnam,Vietnam
709,122,47,75,47,75,2026-02-21 18:06:25,2026-02-21 19:15:41,0,0,3145H,Hysteria,Triway High School,Ohio,United States
710,122,46,76,46,76,2026-02-28 23:16:30,2026-02-28 02:47:56,1,2,45519C,NPC.exe,STEM Innovation Academy,Alberta/Saskatchewan,Canada
711,122,42,80,46,80,2026-01-17 15:27:51,2026-02-15 19:27:02,0,0,550F,Footlong,APOPKA HIGH,Florida - North/Central,United States
712,122,39,83,39,83,2026-03-15 15:28:34,2026-03-15 15:01:09,0,0,11342A,Royal Flush,Christopher Columbus High School,Florida - South,United States
713,122,38,84,38,84,2026-02-23 17:00:04,2026-02-23 17:01:41,0,0,98225C,Curiosity,Bellingham High School,Washington,United States
714,122,37,85,37,85,2026-02-28 14:48:46,2026-02-27 23:08:40,5,8,34051R,Raiders Robotics,Richmond Hill High School,Ontario,Canada
715,122,31,91,31,91,2026-02-14 19:50:31,2026-02-14 16:08:05,0,0,74947D,Fenix - Dynamo,Ecole Secondaire Massey-Vanier,Quebec,Canada
716,121,62,59,62,59,2026-02-14 18:26:38,2026-02-14 21:14:44,0,0,98601E,Eclipse (Troy),TROY HIGH NJROTC,California - Region 4,United States
717,121,57,64,57,64,2026-03-15 15:50:12,2026-03-15 17:34:18,0,0,4330P,RoboPigeons,RANSOM EVERGLADES SCHOOL,Florida - South,United States
718,121,48,73,56,73,2026-02-28 16:21:59,2026-02-14 16:15:12,0,0,19109A,UTS BELLO BELLO!,University of Toronto Schools,Ontario,Canada
719,121,56,65,56,70,2026-02-02 20:09:54,2026-02-28 18:58:31,0,10,75019A,Coppell ARCANE,COPPELL HIGH SCHOOL,Texas - Region 5,United States
720,121,50,71,50,71,2026-01-02 02:55:03,2026-01-02 02:34:24,0,0,3359A,Team 1 of Hangzhou Entel Foreign Language School,Hangzhou Entel Foreign Language School,East China,China
721,121,48,73,48,73,2025-12-19 07:35:10,2025-12-19 07:51:46,0,0,88613V,88613V,Middle school affiliated to Beijing Normal University,North China,China
722,121,48,73,48,73,2026-02-27 16:04:00,2026-02-27 16:40:37,0,0,71909Z,Phantom ZEPHYR,Baton Rouge Magnet High School,Louisiana,United States
723,121,47,74,47,77,2026-02-06 22:24:38,2026-01-16 22:58:15,0,0,8682N,Nighthawks,Newton College and Career Academy,Georgia,United States
724,121,46,75,46,77,2026-02-08 20:44:29,2026-03-14 19:15:43,0,0,355V,Ghost,Fox Valley Robotics,Illinois,United States
725,121,42,79,45,79,2026-02-21 18:16:30,2026-02-14 01:53:34,0,0,94517D,SECURITY,Clayton Valley Charter High School,California - Region 2,United States
726,121,44,77,44,77,2026-02-28 14:31:57,2026-02-27 23:38:00,0,0,18080V,HTS Hawks,Holy Trinity School,Ontario,Canada
727,121,43,78,43,78,2026-03-14 14:16:35,2026-03-14 14:21:53,20,0,355U,UltraPink,Fox Valley Robotics,Illinois,United States
728,121,42,79,42,82,2026-01-31 18:14:02,2026-02-06 15:40:04,0,0,76058A,Why nOt,JOSHUA HIGH SCHOOL,Texas - Region 5,United States
729,121,41,80,41,80,2026-02-24 11:05:54,2026-02-24 10:21:49,0,0,81785K,Kinsale Vexecutionars,Kinsale Community School,Ireland,Ireland
730,121,32,89,39,89,2026-01-01 17:04:15,2026-01-03 16:36:27,0,0,6978R,Roger67,Highland High School,Ohio,United States
731,121,31,90,31,90,2026-02-03 16:11:50,2026-02-03 00:47:19,0,1,6627D,Knight Time Bots - Dragons,FOOTHILL HIGH,California - Region 4,United States
732,120,74,46,74,46,2026-03-07 18:09:11,2026-03-08 15:07:32,0,0,10009A,Arc Robotics,Arc Robotics,California - Region 2,United States
733,120,54,66,54,66,2026-01-02 04:14:38,2026-01-02 04:03:02,0,0,18189A,BIPH-A,BIPH,South China,China
734,120,53,67,53,76,2026-02-26 16:53:53,2026-02-21 16:23:07,0,0,285X,DiscoBots X,Carnegie Vanguard HS,Texas - Region 3,United States
735,120,51,69,51,69,2026-02-14 22:27:46,2026-02-14 23:01:29,0,0,334N,Supernova N,SCIENCE ACADEMY STEM MAGNET,California - Region 4,United States
736,120,49,71,49,75,2026-02-28 18:20:32,2026-01-31 17:33:18,0,0,3160X,Genesis,Prestonwood Christian Robotics,Texas - Region 5,United States
737,120,46,74,46,74,2026-02-28 14:52:11,2026-02-28 17:44:36,0,0,74559D,Daydream,CELINA HIGH SCHOOL,Texas - Region 5,United States
738,120,44,76,44,83,2026-02-21 18:44:16,2026-02-14 19:08:04,0,0,34543M,Mechannibalism,Top Tier Robotics,Indiana - Region 1 - North,United States
739,120,44,76,44,76,2026-02-22 18:23:05,2026-02-22 18:09:06,0,0,6210B,Built Different,Heritage Christian School,Indiana - Region 2 - Central,United States
740,120,44,76,44,76,2026-02-28 15:34:36,2026-02-28 11:54:48,0,0,2732Z,SWEET BUBBLES,SWEET BUBBLES,Spain,Spain
741,120,41,79,41,79,2026-03-06 00:57:56,2026-03-06 19:50:52,0,0,13056C,Megabytes,ROYALTON HIGH SCHOOL,Minnesota,United States
742,120,40,80,40,80,2026-03-01 00:54:44,2026-03-01 17:01:29,0,0,393A,Aquanots,Legacy Magnet Academy,California - Region 4,United States
743,120,40,80,40,80,2026-03-01 08:17:39,2026-03-01 08:16:09,0,0,34035A,MVR,Yıldız Teknik Üniversitesi Maçka Mesleki ve Teknik Anadolu Lisesi,Türkiye,Türkiye
744,119,56,63,56,64,2026-03-06 19:35:25,2026-02-14 15:40:26,0,0,7225T,Yellow Jackets,Southland High School,Minnesota,United States
745,119,53,66,53,72,2026-02-26 22:18:59,2026-03-13 22:46:19,0,0,6210P,Please Work,HERITAGE CHRISTIAN SCHOOL,Indiana - Region 2 - Central,United States
746,119,48,71,51,73,2026-03-14 18:31:54,2026-02-28 18:03:40,0,0,74074R,Revenant,Pioneer Robotics,Oklahoma,United States
747,119,48,71,48,71,2026-02-27 21:45:08,2026-02-28 15:07:20,13,5,416X,Xylem,St Clement's School,Ontario,Canada
748,119,47,72,47,72,2026-01-01 08:35:48,2026-01-01 08:29:44,0,0,2966A,HD Beijing School Team A,HD Beijing School,North China,China
749,119,47,72,47,72,2026-02-06 02:20:40,2026-02-07 02:00:34,0,0,1294C,Chromatic,Shanghai American School,East China,China
750,119,44,75,44,75,2026-03-07 15:53:06,2026-03-07 17:37:48,10,0,99751V,Greater Than Average,Colorado Early College Fort Collins,Colorado,United States
751,119,44,75,44,75,2026-02-07 21:07:17,2026-02-07 21:26:44,0,0,3340E,Robolabs Endeavor,Robolabs Foundation,California - Region 2,United States
752,119,43,76,43,76,2026-03-07 17:21:04,2026-03-07 18:53:25,5,0,4869C,Birthday Boy,Berlin High School,Wisconsin,United States
753,119,43,76,43,76,2026-03-06 21:33:41,2026-03-07 15:18:03,0,0,3145N,NOXIOUS,Triway High School,Ohio,United States
754,119,39,80,39,80,2026-02-07 22:13:40,2026-02-07 21:39:52,21,10,41939V,ROKKR,ROKKR,California - Region 4,United States
755,119,25,94,35,101,2026-02-15 01:27:08,2026-01-25 19:03:11,0,3,11101X,Coming Soon,Barcbots,California - Region 2,United States
756,119,35,84,35,84,2026-02-14 18:53:41,2026-02-14 17:19:56,0,0,88909A,88909A,88909,California - Region 2,United States
757,119,20,99,20,99,2026-02-07 19:36:15,2026-02-07 20:06:19,0,0,89250K,Katastrophe,PINECREST NORTH PREPARATORY (FONTAINEBLEAU CAMPUS),Florida - South,United States
758,118,63,55,63,65,2025-10-24 09:32:49,2026-02-03 01:43:52,0,0,12883A,12883A,Hangzhou No.2 High School QianJiang,East China,China
759,118,60,58,60,62,2026-03-15 13:56:20,2026-01-10 16:40:59,0,5,24Z,Super Sonic Sparks Z,Sparks 4-H Robotics,Maryland,United States
760,118,55,63,55,73,2026-02-28 15:08:10,2026-01-31 19:31:59,0,0,2474X,C.A.T.S.,Walnut Grove Robotics,Texas - Region 5,United States
761,118,50,68,50,77,2026-02-15 17:43:55,2026-01-10 16:42:36,0,0,727R,Terrapin Red,Tampa Preparatory School,Florida - North/Central,United States
762,118,50,68,50,68,2026-03-07 18:24:52,2026-03-07 00:39:45,0,0,32092B,2000iq,Stargate Charter School,Colorado,United States
763,118,43,75,43,75,2026-03-07 19:14:47,2026-03-07 18:50:10,0,5,526C,Zippin Pippin,MENASHA HIGH,Wisconsin,United States
764,118,39,79,39,79,2026-01-16 16:01:49,2026-01-16 18:28:37,0,0,87490Z,Men in Purple,FARMERSVILLE HIGH SCHOOL,Texas - Region 2,United States
765,118,38,80,38,80,2026-02-07 19:44:36,2026-02-07 17:47:02,0,0,9909D,Delilah,MIDDLETOWN HIGH SCHOOL,Connecticut,United States
766,118,38,80,38,80,2026-03-14 00:43:50,2026-03-14 18:29:51,0,0,13205B,Infrared,STEM SCHOOL CHATTANOOGA,Tennessee,United States
767,118,33,85,33,85,2026-02-21 15:57:22,2026-02-21 16:41:01,0,0,7368M,Drive it LIKE you stole it,Covenant Christian High School,Indiana - Region 2 - Central,United States
768,117,60,57,60,57,2026-03-09 15:43:41,2026-03-09 15:30:05,0,0,71881M,Breaking Bot,CAPITAL HIGH SCHOOL,West Virginia,United States
769,117,54,63,54,63,2026-03-07 21:56:14,2026-03-07 19:23:10,0,0,1898Z,Zenith,MILTON ACADEMY,Massachusetts,United States
770,117,53,64,53,64,2025-11-07 06:26:46,2025-11-07 07:40:55,0,0,988B,福州金山中学、福州第八中学,福州金山中学、福州第八中学,South China,China
771,117,52,65,52,69,2026-02-22 21:23:38,2026-02-14 18:24:19,0,0,2550V,Grizzly Robotics V,GRANITE BAY HIGH,California - Region 2,United States
772,117,51,66,51,80,2026-02-15 15:51:44,2026-01-10 18:57:39,0,0,6104G,Tempest,Shorecrest Preparatory School,Florida - North/Central,United States
773,117,49,68,49,79,2026-02-21 17:30:41,2026-03-07 00:58:48,0,0,9623F,FrostByte,West Ashley Center for Advanced Studies,South Carolina,United States
774,117,49,68,49,68,2026-03-07 19:28:41,2026-03-07 17:11:47,0,0,12323K,Blue Eagles Robotics,PLYMOUTH NORTH HIGH,Massachusetts,United States
775,117,43,74,48,79,2026-03-13 20:50:59,2026-02-14 16:29:29,0,0,84954B,Wa-Nee:  Momentum,NORTH WOOD HIGH SCHOOL,Indiana - Region 1 - North,United States
776,117,48,69,48,69,2026-03-14 14:09:32,2026-03-14 19:09:51,0,0,78889S,SuperCharged,KILLINGLY HIGH SCHOOL,Connecticut,United States
777,117,48,69,48,69,2026-03-14 14:15:06,2026-03-15 14:48:37,0,0,6121D,The Pioneers,CONESTOGA SHS,Pennsylvania - East,United States
778,117,47,70,47,75,2026-03-09 14:57:42,2026-01-31 15:42:07,0,0,62629K,Iron Patriots:  K-otic,WHEELING PARK HIGH SCHOOL,West Virginia,United States
779,117,46,71,46,74,2025-11-15 18:09:45,2025-12-03 00:15:33,3,0,99989D,Codra Kai - CODEmandos,Hendersonville High School,Tennessee,United States
780,117,45,72,45,83,2026-03-07 15:51:13,2026-02-07 20:34:40,0,0,2131W,Wipeout,Davis High School,Utah,United States
781,117,43,74,43,74,2026-03-13 19:05:40,2026-03-14 16:54:45,21,0,69315A,TurkeyBots - Adobe,ST MARY'S EPISCOPAL SCHOOL,Tennessee,United States
782,117,42,75,42,75,2026-03-07 04:18:06,2026-03-07 04:30:50,38,4,27508A,Viking Robotics Team Valkyrie,North Salem High School,Oregon,United States
783,117,42,75,42,75,2026-03-15 12:37:14,2026-03-15 14:13:19,0,5,36422A,Phoenix Valkyrie Robotics,"Phoenix Valkyrie Robotics ",Maryland,United States
784,117,42,75,42,75,2026-02-21 19:23:36,2026-02-21 20:17:05,0,0,44244R,Render,Mukilteo Robotics,Washington,United States
785,117,41,76,41,76,2026-03-06 19:53:21,2026-03-06 19:06:41,2,0,6030M,Mages,Arizona College Prep High School,Arizona,United States
786,117,40,77,40,77,2026-03-15 01:44:33,2026-03-15 19:23:23,0,0,84260K,Kobra,Cabot High School,Arkansas,United States
787,117,37,80,37,80,2026-02-14 19:07:50,2026-02-14 20:09:30,0,0,3484X,Ad Astra,Private,Washington,United States
788,117,35,82,35,83,2026-01-01 08:24:37,2025-11-14 09:03:40,0,0,28S,So7en ICD7,Chengdu No.7 High School International Department,West China,China
789,117,30,87,30,87,2026-02-26 02:04:34,2026-02-26 01:16:34,0,0,19697W,Purgatory,JORDAN HIGH SCHOOL,Texas - Region 3,United States
790,117,26,91,26,91,2026-01-17 18:03:19,2026-01-17 17:20:35,0,0,94989A,Froglets,Riverside Secondary,British Columbia (BC),Canada
791,116,54,62,54,62,2026-01-09 07:41:58,2026-01-09 07:47:18,0,0,2731C,Joymate VEX,杭州中学,East China,China
792,116,47,69,53,69,2026-03-15 18:31:19,2026-02-28 20:46:53,0,0,99719X,SPXDER,Bentonville High School,Arkansas,United States
793,116,52,64,52,73,2026-02-28 18:44:38,2026-02-08 18:04:40,0,8,7842F,Fractal,Robotics71 - School District #71,Vancouver Island (BC),Canada
794,116,49,67,49,73,2026-03-07 16:22:35,2026-01-23 21:10:16,2,0,6741R,[redacted],PICKERINGTON HIGH SCHOOL CENTRAL,Ohio,United States
795,116,48,68,48,70,2026-02-28 17:24:22,2026-03-14 17:45:22,2,0,9545X,Wreckin' Crew,Roland High School,Oklahoma,United States
796,116,45,71,45,71,2026-03-14 18:28:04,2026-03-13 23:59:53,5,5,597B,Robobusters Green,SCHOOL OF SCIENCE AND ENGINEERING,Texas - Region 2,United States
797,116,42,74,42,74,2026-02-15 17:26:08,2026-02-15 17:47:47,0,0,6743P,Paradigm┃LRHS,Lakewood Ranch High School,Florida - North/Central,United States
798,116,38,78,38,78,2026-02-28 17:39:25,2026-02-28 20:16:34,0,3,14142A,Axiom,Irrational Robotics,Texas - Region 5,United States
799,116,36,80,37,80,2026-01-24 14:47:14,2026-02-14 15:07:19,0,5,2790C,Circuit Breakers,Valparaiso High School,Indiana - Region 1 - North,United States
800,116,29,87,35,87,2025-12-10 23:43:23,2026-03-07 18:02:32,4,0,96021A,JavaJags,JAMES IRWIN CHARTER HIGH SCHOOL,Colorado,United States
801,116,23,93,26,93,2026-02-07 16:05:39,2026-02-16 21:39:26,0,0,87490A,Quantum,FARMERSVILLE HIGH SCHOOL,Texas - Region 2,United States
802,115,57,58,57,63,2026-01-09 23:22:19,2026-01-04 21:10:09,0,1,8995R,Riptide,Metea Valley High School,Illinois,United States
803,115,50,65,57,88,2026-02-27 07:19:33,2026-02-03 03:49:14,0,0,84841Z,Zephyrus,HANGZHOU XUEJUN HIGH SCHOOL,East China,China
804,115,56,59,56,59,2025-11-08 05:32:38,2025-11-08 05:45:34,0,0,11987T,Lanzhou No.1 Senior High School,Lanzhou No.1 Senior High School,West China,China
805,115,52,63,52,65,2026-02-21 20:47:55,2026-03-07 16:26:28,0,0,98548M,Overkill,Bear River High School,Utah,United States
806,115,51,64,51,64,2026-02-27 08:48:26,2026-02-27 08:57:00,0,0,99268C,STS900,a,South China,China
807,115,38,77,50,77,2026-02-26 01:01:01,2026-01-17 19:12:45,0,0,77360B,Astromechs,ONALASKA JR/SR HIGH,Texas - Region 3,United States
808,115,49,66,49,79,2026-02-12 20:40:20,2026-03-14 19:19:21,0,0,40000A,Apogee,Brentwood Community Robotics,Tennessee,United States
809,115,48,67,48,82,2026-02-07 19:30:53,2026-02-19 16:46:51,0,0,9776D,Project Delta,RIGBY HIGH SCHOOL,Idaho,United States
810,115,48,67,48,67,2026-02-28 16:50:32,2026-02-28 01:36:51,0,0,74100D,dGoats,CONCORDIA JR/SR HIGH SCHOOL,Nebraska,United States
811,115,47,68,47,70,2026-03-07 14:44:03,2026-01-10 19:14:40,0,0,6741D,Doom,PICKERINGTON HIGH SCHOOL CENTRAL,Ohio,United States
812,115,45,70,45,79,2026-02-20 23:17:45,2026-02-11 06:51:14,0,0,71910F,Diversity,APIS,South Korea,"Korea, Republic of"
813,115,42,73,44,73,2026-02-01 13:57:27,2026-02-27 17:38:10,0,0,1649E,The Empire,St Mary Redcliffe Sixth Form,United Kingdom,United Kingdom
814,115,44,71,44,71,2026-03-15 01:18:07,2026-03-15 13:24:28,0,0,967P,Paladins,Russellville High School,Arkansas,United States
815,115,43,72,43,87,2026-02-23 16:34:48,2026-01-16 00:13:39,0,0,39702F,New Hope Robotics,New Hope Robotics,Mississippi,United States
816,115,42,73,42,73,2026-02-07 17:28:29,2026-02-07 17:17:20,0,0,2854X,YUM YUM,Lake Creek High School,Texas - Region 3,United States
817,115,41,74,41,74,2026-01-27 16:00:19,2026-01-27 15:39:10,0,0,16329U,PROTON,CYPRESS RIDGE HIGH SCHOOL,Texas - Region 3,United States
818,115,40,75,40,75,2026-03-14 19:39:37,2026-03-14 15:12:47,2,0,1585Z,Blitz,SULPHUR SPRINGS HIGH SCHOOL,Texas - Region 2,United States
819,115,40,75,40,82,2026-02-03 18:46:37,2026-01-17 19:11:09,0,0,3946E,Enigma,KENT DENVER SCHOOL,Colorado,United States
820,115,40,75,40,75,2026-02-28 19:35:16,2026-02-28 20:01:58,0,0,6264W,Shawnigan Robotics,Shawnigan Lake School,Vancouver Island (BC),Canada
821,115,33,82,34,82,2026-03-14 14:44:47,2026-02-17 21:54:24,10,0,99904W,Wooosh,NEW PALESTINE HIGH SCHOOL,Indiana - Region 2 - Central,United States
822,115,33,82,33,82,2025-12-05 06:15:11,2025-12-06 02:29:59,0,0,77776Z,Zhengze School,北京市正泽学校,North China,China
823,115,31,84,32,84,2026-02-21 17:13:09,2026-03-07 16:37:33,0,0,38141D,PiBotics Disconnect,IGNITE INSTITUTE,Kentucky,United States
824,115,25,90,25,90,2026-02-28 21:25:30,2026-02-28 20:10:22,0,0,82855G,STL Gambit,STL Robotics,Ontario,Canada
825,114,59,55,59,55,2026-03-14 15:17:46,2026-03-14 17:52:04,0,0,15981A,Evarts Engineers,D. R. Evarts Library,New York-South,United States
826,114,53,61,53,61,2026-03-14 13:28:37,2026-03-14 15:34:51,0,0,78792E,MARS,Mount Academy,New York-South,United States
827,114,48,66,48,66,2026-02-28 19:24:58,2026-02-28 15:30:45,0,0,5225A,E-Bots PiLons,E-Bots Robotics,Ontario,Canada
828,114,47,67,47,67,2026-02-06 02:09:14,2026-02-06 07:01:32,57,0,42785B,WAB 2,Western Academy  of Beijing,North China,China
829,114,47,67,47,67,2026-01-23 02:40:23,2026-01-23 06:22:59,4,3,5864E,RIPTEDE,Macau Baptist College,Macau,Macau
830,114,44,70,44,71,2026-03-08 18:34:15,2026-02-21 23:43:53,0,0,1516X,Grizzly Overdrive,California High School,California - Region 2,United States
831,114,44,70,44,70,2026-02-26 09:30:30,2026-02-26 09:02:00,0,0,73037W,Robosapiens,Werner-Heisenberg-Gymnasium Göppingen,Germany,Germany
832,114,44,70,44,70,2026-03-09 18:05:45,2026-03-09 17:56:55,0,0,32767A,2^15-1,SHADY SIDE ACADEMY,Pennsylvania - West,United States
833,114,43,71,43,71,2026-02-14 17:59:01,2026-02-14 22:03:06,1,0,20000X,red.,Folsom Robotics,California - Region 2,United States
834,114,43,71,43,74,2026-02-01 17:17:35,2026-01-17 18:30:20,0,0,9181J,Jelopesis,Seaquam Secondary,British Columbia (BC),Canada
835,114,43,71,43,71,2026-03-13 22:33:41,2026-03-13 23:22:34,0,0,1585X,Gelly,SULPHUR SPRINGS HIGH SCHOOL,Texas - Region 2,United States
836,114,42,72,42,72,2026-03-09 17:16:04,2026-03-09 18:41:12,0,0,79163D,Low IQ,North Clarion Co Jshs,Pennsylvania - West,United States
837,114,38,76,38,76,2026-02-08 04:20:55,2026-02-07 06:18:28,0,0,85202R,꒰ঌ( •ө• )໒꒱ Shiba Inu Is My Idol,China Holiness College,Hong Kong,Hong Kong
838,114,36,78,36,78,2026-03-14 18:16:54,2026-03-14 15:28:00,0,0,13974A,Talos,Robotic Study Group,Texas - Region 2,United States
839,113,50,63,53,63,2026-02-07 19:14:54,2026-03-14 19:55:15,0,0,97934H,RoboPanthers - Hear Me Out,FRANKLIN ROAD ACADEMY,Tennessee,United States
840,113,48,65,48,65,2026-02-06 19:22:57,2026-02-06 16:59:34,0,0,74762E,L.A. Woman,Horizon High School,Texas - Region 1,United States
841,113,31,82,47,82,2026-02-21 13:54:42,2026-03-06 19:19:34,0,0,11254G,Antidisestablishmentarianism 2.0,William Henry Harrison High School,Ohio,United States
842,113,43,70,43,70,2026-01-10 14:59:41,2026-01-10 16:29:42,21,0,44691X,Heat Wave,WOOSTER HIGH SCHOOL,Ohio,United States
843,113,38,75,43,75,2026-02-07 17:42:28,2026-02-14 17:39:51,0,0,2708A,Zenith,Douglas Robotics,Kansas,United States
844,113,39,74,39,74,2026-02-07 16:56:58,2026-02-07 19:44:33,15,2,7121F,Maverick Robotics,ARCHBISHOP EDWARD MCCARTHY HIGH SCHOOL,Florida - South,United States
845,113,39,74,39,74,2026-03-07 19:15:44,2026-03-07 18:28:14,0,7,61353A,BlackJack,ADVANCED TECHNOLOGIES ACADEMY,Nevada,United States
846,113,36,77,36,77,2026-03-07 04:30:31,2026-03-07 17:48:18,0,1,2990U,蜜蜂 [Hive-mind],West Salem High School,Oregon,United States
847,113,27,86,34,86,2026-02-14 20:23:58,2026-03-06 19:59:15,3,0,2011D,Dopamine,BRECKSVILLE-BROADVIEW HEIGHTS HIGH SCHOOL,Ohio,United States
848,113,32,81,32,83,2026-02-11 01:10:52,2026-02-07 20:33:20,37,0,44244N,Nox,Mukilteo Robotics,Washington,United States
849,112,61,51,61,51,2026-02-06 08:51:13,2026-02-07 09:54:54,0,0,13135F,FPT_CanTho_Enterprise,TRƯỜNG TRUNG HỌC PHỔ THÔNG FPT CẦN THƠ,Vietnam,Vietnam
850,112,57,55,57,59,2026-02-21 19:10:40,2026-01-31 18:06:33,0,0,34835A,Fantastic X,THE GIRLS MIDDLE SCHOOL,California - Region 2,United States
851,112,33,79,54,79,2026-01-25 20:50:01,2026-03-01 19:04:31,0,0,34020G,Chopper,LA SERNA HIGH,California - Region 4,United States
852,112,32,80,51,80,2025-12-06 19:28:46,2026-01-04 23:42:50,0,0,4330N,Eureeka NOT,RANSOM EVERGLADES SCHOOL,Florida - South,United States
853,112,48,64,48,78,2026-03-06 16:08:46,2026-01-03 15:24:27,0,4,6741A,anarchy,PICKERINGTON HIGH SCHOOL CENTRAL,Ohio,United States
854,112,48,64,48,64,2026-03-15 17:17:34,2026-03-14 21:31:44,0,0,5150F,Mad Hatters - Freaky,DANBURY HIGH SCHOOL,Connecticut,United States
855,112,45,67,47,67,2025-11-16 00:15:24,2025-11-26 23:31:34,0,0,3134G,Dublin Robotics Genesis,Robolabs,California - Region 2,United States
856,112,47,65,47,65,2026-01-31 06:59:59,2026-01-31 02:37:34,0,0,901X,BAZINGA,The American School in Japan,Japan,Japan
857,112,38,74,38,74,2026-02-28 16:55:21,2026-02-28 04:08:32,1,0,4471A,Eagles Robotics,Richmond Christian School,British Columbia (BC),Canada
858,112,38,74,38,74,2026-02-21 13:37:25,2026-02-21 17:27:05,0,0,8823A,Alter Ego,"Milford Robotics ",Ohio,United States
859,112,37,75,37,75,2025-12-07 22:49:51,2025-12-07 19:59:57,20,0,295S,Search and Rescue,Placer Robotics (PART),California - Region 2,United States
860,112,33,79,33,81,2026-01-27 15:51:38,2026-02-05 19:42:51,0,0,16329C,AMOS,CYPRESS RIDGE HIGH SCHOOL,Texas - Region 3,United States
861,112,33,79,33,84,2026-02-28 14:57:15,2026-02-14 15:30:23,0,0,2501S,Shenanigan's,THOMAS JEFFERSON HIGH SCHOOL,Iowa,United States
862,112,33,79,33,79,2026-02-06 05:46:41,2026-02-06 05:17:20,0,0,4139B,Febreeze,Steam Labs Technology and Robotics Studio,Thailand,Thailand
863,112,33,79,33,79,2026-03-15 13:35:07,2026-03-14 18:14:39,0,0,2509A,Blue Wave Elite,VA Robotics,Virginia,United States
864,112,30,82,30,82,2026-02-26 17:34:52,2026-02-26 18:17:19,0,0,43146B,Buccaneers,ALFRED M. BARBE HIGH SCHOOL,Louisiana,United States
865,111,52,59,52,75,2026-02-28 19:19:51,2025-12-06 16:04:38,0,0,1082J,Jumbo Shrimp,LOVEJOY HIGH SCHOOL,Texas - Region 5,United States
866,111,50,61,50,65,2026-01-24 05:37:03,2026-02-20 08:09:15,0,0,30597E,Out of stock,Korea International School Jeju Campus,South Korea,"Korea, Republic of"
867,111,50,61,50,66,2026-03-14 22:13:33,2026-02-21 20:21:28,0,0,93199G,Gear Grinders,Robo Pals,Washington,United States
868,111,47,64,47,73,2026-03-13 23:32:42,2026-01-17 14:59:01,0,0,4148B,That Team,Greenville High School,Texas - Region 2,United States
869,111,45,66,45,76,2026-03-14 18:07:49,2025-12-06 16:26:29,0,0,9364A,Iron Eagles - Avalanche,Brentwood Academy,Tennessee,United States
870,111,45,66,45,72,2026-01-24 14:54:29,2026-02-27 22:51:40,0,0,5155E,Cereal Killers,CROSS COUNTY HIGH SCHOOL,Nebraska,United States
871,111,44,67,44,82,2026-01-17 19:22:58,2026-01-31 17:32:44,0,0,39792D,Delta Aviators,ACADEMY FOR INNOVATIVE EDUCATION CHARTER SCHOOL,Florida - South,United States
872,111,40,71,42,71,2026-02-19 21:19:20,2026-02-14 14:28:04,0,0,11124X,The Butterfly Effect,ELYRIA HIGH SCHOOL,Ohio,United States
873,111,41,70,41,70,2026-02-14 14:47:00,2026-02-14 16:21:28,20,0,68561H,Robros,WEST HOLMES HIGH SCHOOL,Ohio,United States
874,111,37,74,37,74,2026-01-10 08:45:36,2026-01-09 07:24:31,0,0,8782A,Einstein @SHSSIP,SUZHOU HIGH SCHOOL - SIP,East China,China
875,111,33,78,33,78,2026-02-21 00:11:27,2026-02-21 00:49:26,0,0,6978M,The Misfits!,Highland High School,Ohio,United States
876,111,31,80,31,80,2026-02-28 18:38:34,2026-02-28 18:56:43,0,0,1581D,Breaking VEX,DEWITT HIGH SCHOOL,Michigan,United States
877,111,29,82,29,82,2026-01-01 06:34:32,2026-01-01 06:31:08,19,0,28Z,Best Robotics Team Z,Best Robotics,North China,China
878,110,51,59,51,73,2026-01-10 15:14:49,2026-03-07 18:18:45,14,0,54677A,Norse Force,WESTBY HIGH,Wisconsin,United States
879,110,47,63,47,77,2025-08-22 09:16:15,2026-02-02 06:37:10,2,0,7925X,H.I.I 杭州二中Sharpness X,Hangzhou No.2 High School,East China,China
880,110,47,63,47,63,2025-11-08 09:09:28,2025-11-08 10:06:44,0,0,54000Z,TIEYI ICC-Z,XIAN TIEYI ICC,West China,China
881,110,44,66,44,73,2026-03-14 12:11:10,2026-02-28 13:51:10,0,0,2616V,Vortex,CHERRY HILL HIGH SCHOOL EAST,New Jersey,United States
882,110,41,69,41,78,2026-02-21 15:51:40,2026-03-14 18:23:26,0,0,8637A,Antiderivative,GERMANTOWN ACADEMY,Pennsylvania - East,United States
883,110,41,69,41,69,2026-02-07 18:49:08,2026-02-07 17:25:05,0,0,8780A,Ascend,Waubonsie Valley High School,Illinois,United States
884,110,37,73,39,84,2026-02-28 21:33:33,2026-02-13 14:03:07,0,0,2496N,Beckman Robotics Nemesis,Arnold O. Beckman High School,California - Region 4,United States
885,110,39,71,39,78,2026-02-07 09:11:06,2026-01-10 04:30:44,0,0,65519H,POCOPOCO,CHI LANG HIGH SCHOOL,Vietnam,Vietnam
886,110,38,72,38,72,2026-03-14 15:39:42,2026-03-14 22:05:08,0,0,78889X,Extraction,KILLINGLY HIGH SCHOOL,Connecticut,United States
887,110,36,74,36,74,2026-02-14 22:08:58,2026-02-14 19:24:11,10,0,569C,NightHawk Robotics Club,MURRIETA VALLEY HIGH,California - Region 4,United States
888,110,36,74,36,74,2026-02-07 06:11:20,2026-02-07 06:07:45,0,0,4694B,Barricade,BAPTIST LUI MING CHOI SECONDARY SCHOOL,Hong Kong,Hong Kong
889,110,36,74,36,74,2026-02-11 18:19:51,2026-02-11 17:52:17,0,0,5686X,Existential Crisis,Mazama High School,Oregon,United States
890,110,36,74,36,74,2026-03-15 13:21:14,2026-03-14 16:36:35,0,0,21795X,La Flame,La Flame,Virginia,United States
891,110,34,76,34,84,2026-03-15 18:03:47,2025-12-06 18:29:52,10,0,39792E,ECHO Aviators,ACADEMY FOR INNOVATIVE EDUCATION CHARTER SCHOOL,Florida - South,United States
892,110,27,83,27,83,2026-02-17 21:25:48,2026-02-17 21:42:01,0,8,43230A,Classy Chassis,Gahanna Robotics Squad,Ohio,United States
893,109,49,60,49,65,2026-02-07 17:39:26,2026-02-27 20:30:31,0,0,7580P,Overcooked Bread,Haslett Robotics Club,Michigan,United States
894,109,46,63,46,67,2026-02-21 20:30:11,2025-10-25 16:27:38,0,0,45434A,Atomic,Beavercreek Robotics Club,Ohio,United States
895,109,41,68,41,80,2026-02-07 18:47:14,2026-02-15 15:23:47,22,0,9061X,Vortex,The Mind Spark,Pennsylvania - East,United States
896,109,40,69,40,81,2026-01-10 08:58:31,2026-01-02 01:47:09,0,0,666A,SRobotA,Xian Gaoxin No.1 High School,West China,China
897,109,40,69,40,69,2026-01-31 17:48:59,2026-01-31 18:44:35,0,0,2496Y,Beckman Robotics Yellowish,Arnold O. Beckman High School,California - Region 4,United States
898,109,40,69,40,69,2026-02-14 19:15:52,2026-02-14 18:34:25,0,0,43280X,X-HAUST,Elkhorn North High School,Nebraska,United States
899,109,37,72,37,72,2026-02-08 18:02:23,2026-02-07 18:08:47,0,0,3300A,Event Horizon,Western Canada High School,Alberta/Saskatchewan,Canada
900,109,36,73,36,84,2026-02-03 17:03:08,2026-01-31 21:13:47,0,0,652A,RoboMonkeys,ARKY Robotics,California - Region 4,United States
901,109,33,76,33,76,2026-02-28 19:40:05,2026-02-28 16:41:28,0,0,59735X,CobraBionix,CABARRUS EARLY COLLEGE OF TECHNOLOGY,North Carolina,United States
902,109,26,83,32,83,2026-02-11 01:01:29,2026-02-07 19:20:04,0,0,44244D,Venio,Mukilteo Robotics,Washington,United States
903,109,29,80,29,80,2026-01-31 19:38:26,2026-01-31 16:22:02,0,0,31218W,The Moderately Sized Wave,ETOWAH HIGH SCHOOL,Alabama,United States
904,109,28,81,28,81,2026-03-14 19:13:27,2026-03-14 18:07:40,3,1,9576X,Ascent,Unbound Robotics,Texas - Region 4,United States
905,108,50,58,50,58,2026-01-09 07:32:22,2026-01-10 08:22:30,0,0,12883X,12883X,Hangzhou No.2 High School QianJiang,East China,China
906,108,48,60,48,76,2026-03-06 15:58:50,2026-02-07 21:38:19,0,0,98377R,Roulette,TECHNICAL SENIOR HIGH,Minnesota,United States
907,108,45,63,45,63,2025-10-04 09:07:52,2025-10-04 06:38:08,0,0,96666A,Only One,Fuzhou No. 1 High School,South China,China
908,108,45,63,45,63,2026-02-07 15:39:11,2026-02-07 17:23:07,0,0,1961A,SFHS Eaglebots A,SOUTH FORSYTH HIGH SCHOOL,Georgia,United States
909,108,45,63,45,63,2026-02-28 17:44:21,2026-02-28 19:54:12,0,0,14241M,Altitude,Level V Robotics,North Carolina,United States
910,108,44,64,44,64,2026-01-17 17:36:21,2026-01-17 17:59:59,0,0,19350A,Xenonite,South Surrey Independent,British Columbia (BC),Canada
911,108,26,82,43,82,2026-03-14 11:59:58,2026-03-01 14:47:44,0,0,4610D,Delta Donuts : Robot Rev,Robot Revolution,New Jersey,United States
912,108,42,66,42,66,2026-02-14 19:15:02,2026-02-14 18:07:16,7,0,85711A,The Golden Horde,UNIVERSITY HIGH SCHOOL,Arizona,United States
913,108,41,67,41,67,2026-03-07 20:06:35,2026-03-07 17:52:37,0,0,97834X,OIA - Singularity,OWENSBORO INNOVATION ACADEMY,Kentucky,United States
914,108,40,68,40,77,2026-01-17 19:04:14,2026-01-31 19:25:07,0,0,35075A,[BHr] Milk & Cookies,BELMONT HILL SCHOOL,Massachusetts,United States
915,108,40,68,40,68,2026-01-17 02:06:47,2026-01-17 02:19:35,0,0,8059A,Blank.,Anglo-Chinese School (Independent),Singapore,Singapore
916,108,39,69,39,73,2026-02-07 17:46:46,2026-02-28 19:57:32,0,0,77174A,Holy Airball!,St. George's School,British Columbia (BC),Canada
917,108,37,71,37,74,2026-01-17 17:33:55,2026-01-24 17:53:01,0,0,90385G,Pumas: Green,UPREP,Washington,United States
918,108,37,71,37,71,2026-02-15 18:18:47,2026-02-14 23:25:06,0,0,5776E,DV Inferno,DOUGHERTY VALLEY HIGH,California - Region 2,United States
919,108,33,75,36,75,2026-03-14 13:29:26,2026-02-07 17:40:52,0,0,42652E,The Escapees,SULLIVAN EAST HIGH SCHOOL,Tennessee,United States
920,108,23,85,35,85,2025-12-06 04:53:19,2025-12-19 09:55:01,0,0,1940A,High-Q,Knox Grammar School,Australia,Australia
921,108,34,74,34,80,2026-02-08 18:34:33,2026-02-07 22:19:23,0,5,1755K,Kinetic Robotics,Private,Illinois,United States
922,108,31,77,31,77,2026-03-07 20:08:36,2026-03-06 21:26:35,4,6,84443F,Ingenuity,RICE LAKE HIGH,Wisconsin,United States
923,108,28,80,28,80,2026-02-28 23:59:28,2026-02-28 17:04:08,0,0,886K,Khaos | WPRA,Western Pacific Robotics Academy,British Columbia (BC),Canada
924,108,27,81,27,81,2026-03-07 16:49:30,2026-03-07 14:21:47,0,0,98575H,Havoc,Ottawa Hills Jr/Sr High School,Ohio,United States
925,108,20,88,20,90,2026-02-07 20:55:20,2026-01-22 16:10:14,55,0,35016Z,(AERO) It'll Buff,ARAB HIGH SCHOOL,Alabama,United States
926,108,20,88,20,88,2025-12-13 22:05:26,2026-01-31 19:46:11,58,0,74559A,The Super Cool Woospiedoo,CELINA HIGH SCHOOL,Texas - Region 5,United States
927,108,15,93,20,93,2026-02-07 17:22:01,2025-12-07 17:31:28,56,0,1011G,Ten Ton Robotics,West Vancouver School District #45,British Columbia (BC),Canada
928,107,46,61,46,61,2026-02-14 15:25:27,2026-02-14 16:08:13,0,0,75432B,Parallax,THE TAFT SCHOOL,Connecticut,United States
929,107,44,63,44,75,2026-02-04 06:15:33,2026-02-07 10:13:48,0,8,66799X,AST-onishing X,American School in Taichung,Chinese Taipei,Taiwan
930,107,42,65,42,79,2026-03-14 14:39:04,2026-02-14 18:36:46,0,0,18031A,Alt + F4,RIVERSIDE CHRISTIAN ACADEMY,Tennessee,United States
931,107,42,65,42,76,2025-12-28 15:01:24,2026-01-17 20:19:55,0,0,8336B,Jonesy,Hialeah Gardens High School,Florida - South,United States
932,107,38,69,38,69,2026-03-07 18:41:44,2026-03-07 02:02:49,36,0,1200C,Big Dawgs,ST MARY CATHOLIC SCHOOLS,Wisconsin,United States
933,107,37,70,37,70,2026-03-14 14:23:35,2026-03-14 15:23:22,0,0,21010V,The V5 Vipers,"Equanimity Labs, LLC",Tennessee,United States
934,107,36,71,36,71,2026-02-21 23:58:07,2026-02-21 19:17:37,0,0,95111X,Rui Goons,Hackathon4Kids,California - Region 2,United States
935,107,35,72,35,72,2026-03-06 15:46:15,2026-03-06 16:48:20,0,2,8787A,Archive,EASTWOOD HIGH SCHOOL,Texas - Region 1,United States
936,107,33,74,35,80,2025-11-14 17:58:20,2026-02-28 15:17:57,0,0,20541B,Cu?iosity?,TAHLEQUAH HIGH SCHOOL,Oklahoma,United States
937,107,31,76,34,77,2026-01-15 00:53:04,2026-01-10 19:09:22,0,5,13713A,SharkByte,Bitey Byte Bite Robotics,Colorado,United States
938,107,33,74,33,74,2026-03-14 19:03:34,2026-03-14 16:05:26,34,0,663J,JellyBotz,CHATTANOOGA CHRISTIAN SCHOOL,Tennessee,United States
939,107,32,75,32,75,2026-03-14 19:25:43,2026-03-14 15:56:27,7,0,4610E,Exploding Squirrels,Robot Revolution,New Jersey,United States
940,107,23,84,32,84,2026-03-15 14:29:34,2026-02-22 15:27:00,0,0,20164B,Bioluminescence,Charles J. Colgan Senior. High School,Virginia,United States
941,107,32,75,32,77,2026-02-07 17:23:11,2026-01-10 17:48:52,0,0,67100G,Genesis,Maize Bot Club,Kansas,United States
942,107,28,79,31,86,2025-11-22 03:56:19,2026-01-01 06:20:42,1,0,5138K,Low Key Robotics,Beijing 21st Century School,North China,China
943,107,18,89,30,89,2026-01-31 17:01:35,2026-03-14 15:50:25,0,0,750B,Blitz,SOUTH BRUNSWICK HIGH SCHOOL,New Jersey,United States
944,107,25,82,25,82,2026-02-03 20:20:36,2026-02-03 00:36:23,0,0,13358V,Velocity,SILVER CREEK HIGH SCHOOL,Colorado,United States
945,106,50,56,50,72,2026-03-01 17:50:28,2026-01-31 21:16:04,0,0,2150X,Exabyte - Chadwick School,Chadwick School,California - Region 4,United States
946,106,43,63,43,71,2026-02-20 22:34:42,2026-02-07 16:29:35,0,0,36830B,Roshambo,Auburn High School,Alabama,United States
947,106,43,63,43,63,2026-03-07 14:04:20,2026-03-07 00:17:58,0,0,63379A,Mech Masters,Letendre Family,Missouri,United States
948,106,41,65,41,65,2026-03-04 17:43:37,2026-03-04 18:19:53,0,4,26455A,Radical Robots,Adirondack Robotics Club,New York-North,United States
949,106,39,67,39,67,2026-02-27 19:55:54,2026-02-28 18:28:38,0,0,39R,Serenity,CRANBROOK SCHOOLS,Michigan,United States
950,106,39,67,39,67,2026-03-14 23:36:57,2026-03-14 22:31:52,0,0,929S,929ScrewLoose,HEREFORD HIGH,Maryland,United States
951,106,38,68,38,68,2026-02-14 22:47:04,2026-02-14 23:12:18,0,0,47000X,CyberGash,Private,Washington,United States
952,106,37,69,37,69,2026-02-14 21:30:46,2026-02-14 21:05:27,0,0,334X,Supernova Phat Chickens,SCIENCE ACADEMY STEM MAGNET,California - Region 4,United States
953,106,35,71,35,71,2025-11-08 21:01:22,2025-11-08 19:19:56,0,0,22603A,Gold,KLEIN OAK HIGH SCHOOL,Texas - Region 3,United States
954,106,34,72,34,72,2026-02-14 02:11:49,2026-02-14 02:06:44,0,0,74947N,Fenix - Nightmare,Ecole Secondaire Massey-Vanier,Quebec,Canada
955,106,33,73,33,73,2026-03-15 16:07:10,2026-03-15 13:39:50,0,0,93785A,Little Ponies,Robot Engineers,Virginia,United States
956,106,32,74,32,74,2026-02-14 14:14:12,2026-02-14 14:56:07,0,0,20080X,CrossFire,Knox County Ohio Robotics,Ohio,United States
957,106,27,79,27,82,2026-02-05 18:10:54,2026-02-28 17:57:32,1,0,22204V,Vanguard,WYLIE HIGH SCHOOL,Texas - Region 5,United States
958,106,27,79,27,79,2026-01-04 17:49:30,2026-01-04 16:02:11,0,0,2558A,Floppy Fish,Private,Illinois,United States
959,106,26,80,26,80,2026-03-14 13:40:07,2026-03-14 17:44:16,0,3,9142B,Pulse,CLAREMORE HIGH SCHOOL,Oklahoma,United States
960,106,20,86,20,86,2026-02-27 23:04:12,2026-02-27 23:35:32,0,0,61803P,PeteyBots Robotics,St. Peter's Catholic Secondary School,Ontario,Canada
961,106,18,88,18,88,2025-12-31 21:10:42,2025-12-31 21:03:41,13,2,1138B,Eagle Engineering Bravo,CHAMINADE COLLEGE PREPARATORY HIGH SCHOOL,California - Region 4,United States
962,105,48,57,48,57,2025-11-08 03:04:39,2025-11-08 09:45:57,0,0,54000S,TIEYI ICC-S,XIAN TIEYI CC,West China,China
963,105,38,67,47,69,2026-03-01 20:47:33,2026-02-28 16:05:26,0,0,7405H,Millburn Havoc,Millburn High School,New Jersey,United States
964,105,43,62,43,72,2025-12-08 15:44:39,2026-01-16 16:08:41,0,0,87490X,FORGED,FARMERSVILLE HIGH SCHOOL,Texas - Region 2,United States
965,105,38,67,39,67,2026-01-31 16:06:04,2026-02-07 19:44:04,0,0,1235D,Nifty,West Forsyth High School,Georgia,United States
966,105,22,83,38,83,2026-02-14 16:45:05,2026-03-07 15:47:43,0,0,45133F,Foxtrot,HILLSBORO HIGH SCHOOL,Ohio,United States
967,105,31,74,37,74,2026-03-08 18:53:15,2026-02-22 22:24:30,5,0,20000Z,Technical Difficulties,Folsom Robotics,California - Region 2,United States
968,105,36,69,36,74,2026-03-07 15:39:34,2026-01-31 20:21:28,6,0,9144C,Somerset Vitamin C,SOMERSET HIGH,Wisconsin,United States
969,105,36,69,36,69,2026-02-23 17:40:39,2026-02-23 22:29:14,0,0,98225D,Dynamo,BELLINGHAM HIGH SCHOOL,Washington,United States
970,105,35,70,35,70,2026-02-07 16:28:31,2026-02-07 20:20:46,0,0,1815G,WCS CATaclysm - Glacier,WESTBURY CHRISTIAN SCHOOL,Texas - Region 3,United States
971,105,35,70,35,70,2026-03-06 20:52:56,2026-03-07 14:50:27,0,0,6219H,Rizky Bizness,NEENAH HIGH,Wisconsin,United States
972,105,34,71,34,71,2025-10-25 11:01:04,2025-10-25 03:05:29,0,0,14882Z,JLSC Team,Vanke School Pudong,East China,China
973,105,32,73,32,73,2026-02-07 16:18:36,2026-02-07 18:39:46,0,7,53073N,The Jawas,Northwest High School,Louisiana,United States
974,105,31,74,32,74,2026-03-15 18:11:32,2026-02-21 18:18:59,0,0,11342B,Rubber Duckies,Christopher Columbus High School,Florida - South,United States
975,105,32,73,32,73,2026-02-28 15:22:03,2026-02-28 19:25:01,0,0,89250X,Xerneas,PINECREST NORTH PREPARATORY (FONTAINEBLEAU CAMPUS),Florida - South,United States
976,105,31,74,31,74,2026-01-31 06:01:37,2026-01-31 03:01:46,0,0,901Z,Zero Latency,The American School in Japan,Japan,Japan
977,105,28,77,28,77,2026-03-07 14:23:24,2026-03-06 21:51:43,0,0,4112A,The Scorpions,ZANESVILLE HIGH SCHOOL,Ohio,United States
978,105,25,80,25,83,2026-02-21 19:29:00,2026-03-14 14:54:21,39,0,43272X,Fox Robotics - Vacuum Sealed Hamster,Caddo Mills High School,Texas - Region 2,United States
979,105,24,81,24,81,2026-03-15 13:35:57,2026-03-14 20:14:15,0,0,4303D,Duality,FOREST PARK HIGH,Virginia,United States
980,104,53,51,53,51,2026-03-14 20:32:03,2026-03-14 21:05:35,0,0,49637A,McFarland S-TIER,Mcfarland High School,California - Region 3,United States
981,104,27,77,43,77,2025-12-11 22:46:33,2026-03-14 12:53:31,0,0,1193X,I MISS MY X,Jay County Robotics,Indiana - Region 1 - North,United States
982,104,40,64,41,64,2026-01-24 13:54:52,2025-12-31 22:45:36,0,0,9447W,Stark Industries,Palmetto Scholars Academy,South Carolina,United States
983,104,39,65,39,65,2026-01-23 14:28:31,2026-01-23 00:28:41,0,0,333R,Los Robos,Niles North 333 Robotics,Illinois,United States
984,104,37,67,37,67,2026-01-10 16:06:12,2026-01-10 16:18:52,8,0,2011C,Carbon Copy,BRECKSVILLE-BROADVIEW HEIGHTS HIGH SCHOOL,Ohio,United States
985,104,27,77,36,77,2025-11-15 20:10:57,2026-03-07 18:55:47,17,0,781X,Dark Matter,Dark Matter,Arizona,United States
986,104,33,71,33,71,2026-01-01 05:07:45,2026-01-02 06:42:52,0,0,3268A,3268A,Dulwich College Shanghai Pudong,East China,China
987,104,20,84,32,84,2026-02-21 16:03:28,2026-01-31 15:58:14,0,0,99040B,Blackout robotics,VESTAVIA HILLS HIGH SCHOOL,Alabama,United States
988,104,29,75,29,79,2026-03-14 17:51:06,2026-02-07 18:17:11,0,0,2790F,Fatal Error 404,Valparaiso High School,Indiana - Region 1 - North,United States
989,104,27,77,27,77,2026-02-21 19:12:32,2026-02-21 15:42:35,30,3,2616A,Ad Astra,CHERRY HILL HIGH SCHOOL EAST,New Jersey,United States
990,104,27,77,27,80,2026-02-21 19:35:12,2026-03-14 12:58:57,25,0,21619A,Aluminum Vengeance,LA LUMIERE SCHOOL,Indiana - Region 1 - North,United States
991,104,12,92,20,92,2025-12-07 18:25:59,2026-02-28 21:39:40,0,0,1010A,"Ten Ton Robotics ",West Vancouver School District,British Columbia (BC),Canada
992,103,34,69,43,78,2026-01-17 19:00:51,2026-02-06 19:07:55,0,0,74762A,Lucky Ducky,Horizon High School,Texas - Region 1,United States
993,103,40,63,40,63,2026-01-23 02:33:00,2026-01-23 03:43:59,0,0,85301V,Generic,The International School of Macao,Macau,Macau
994,103,39,64,39,64,2026-02-21 21:35:41,2026-02-22 00:16:46,10,7,8000J,HRS Robohawks,Head-Royce School,California - Region 2,United States
995,103,4,99,36,99,2026-01-10 17:26:45,2026-02-07 14:21:28,0,0,2771X,《XR》,Unknown Robotics,Georgia,United States
996,103,35,68,35,68,2026-02-27 17:50:22,2026-02-27 16:07:04,32,0,17711C,Cyclone,Independent,United Kingdom,United Kingdom
997,103,35,68,35,70,2026-02-22 04:15:35,2025-12-20 07:36:28,0,0,1737Y,Free Riders,International Robotics Academy,Kazakhstan,Kazakhstan
998,103,33,70,33,70,2026-02-28 10:38:56,2026-02-27 16:30:52,0,0,13765W,MTS_Andromeda,Merchant Taylors' School,United Kingdom,United Kingdom
999,103,29,74,29,74,2026-02-28 18:57:14,2026-02-28 20:51:00,6,0,76449A,Sprocket,GRAFORD SCHOOL,Texas - Region 5,United States
1000,103,28,75,28,75,2026-02-20 08:31:03,2026-02-20 08:47:56,2,3,30410V,Vandalgom,St. Johnsbury Academy Jeju,South Korea,"Korea, Republic of"
1001,103,28,75,28,75,2026-01-24 18:37:29,2026-01-24 18:11:08,0,0,39792C,Charlie Aviators,ACADEMY FOR INNOVATIVE EDUCATION CHARTER SCHOOL,Florida - South,United States
1002,103,26,77,26,78,2026-03-06 16:17:10,2026-02-14 14:06:32,0,7,6008R,Ruin,NORTH UNION HIGH SCHOOL,Ohio,United States
1003,103,24,79,24,79,2026-02-20 22:19:11,2026-02-20 23:05:42,0,0,3723A,Millennia,Seoul Foreign School,South Korea,"Korea, Republic of"
1004,103,20,83,20,83,2026-01-31 21:58:13,2026-01-31 18:53:06,55,2,3050W,Peninsula High School Wildcard,PALOS VERDES PENINSULA HIGH,California - Region 4,United States
1005,103,15,88,20,88,2026-02-08 17:52:29,2025-12-13 17:58:35,54,2,1554P,Photon,Photon,Alberta/Saskatchewan,Canada
1006,102,49,53,49,53,2026-03-15 19:12:11,2026-03-14 23:42:47,0,0,1893B,Baltimore Polytechnic Institute,BALTIMORE POLYTECHNIC INSTITUTE,Maryland,United States
1007,102,46,56,46,68,2026-02-28 18:04:25,2026-02-14 20:30:09,0,0,82855Z,STL Metro,STL Robotics,Ontario,Canada
1008,102,41,61,41,61,2026-03-14 13:40:08,2026-03-14 18:26:24,0,0,6277A,Azygos,THE HARVEY SCHOOL,New York-South,United States
1009,102,33,69,40,69,2025-11-16 17:35:07,2026-01-31 19:02:16,0,0,393C,Cooked Fish,Legacy Magnet Academy,California - Region 4,United States
1010,102,40,62,40,62,2025-11-22 19:20:10,2025-11-22 16:54:47,0,0,296A,Hurricane Robotics,Heart Lake Secondary School,Ontario,Canada
1011,102,38,64,38,74,2026-01-10 15:42:08,2026-01-24 15:58:58,0,0,3223D,The Three Blind Mice,WEST MICHIGAN AVIATION ACADEMY,Michigan,United States
1012,102,37,65,37,65,2026-01-31 20:39:03,2026-01-31 21:12:54,0,0,2492X,Xtreme,Xtreme Robotics,California - Region 4,United States
1013,102,33,69,34,69,2026-03-14 19:13:22,2026-02-27 02:19:10,21,0,7282H,AutoFlashes: Helix,Franklin Central High School,Indiana - Region 2 - Central,United States
1014,102,29,73,34,73,2026-03-15 14:53:44,2026-02-15 14:45:10,0,0,66300A,Aurora,Northstar Robots,Pennsylvania - East,United States
1015,102,33,69,33,69,2025-11-22 23:33:47,2025-11-22 23:01:10,0,0,1037X,Molokai Robotics,MOLOKAI HIGH SCHOOL,Hawaii,United States
1016,102,29,73,29,73,2026-02-27 22:22:25,2026-02-28 21:20:19,0,0,45250G,Renaissance Robotics,St. joseph's High School - Renaissance Robotics,Ontario,Canada
1017,102,27,75,27,79,2026-03-07 19:44:29,2026-01-24 17:36:39,15,0,2083Z,Z-Axis,Fond du Lac Area Robotics Team,Wisconsin,United States
1018,102,27,75,27,75,2026-03-14 16:29:03,2026-03-13 22:14:12,0,0,20541F,Brobots,TAHLEQUAH HIGH SCHOOL,Oklahoma,United States
1019,102,26,76,26,76,2026-02-26 19:39:54,2026-02-26 16:23:40,0,0,19697U,Pandamonium,JORDAN HIGH SCHOOL,Texas - Region 3,United States
1020,102,20,82,20,82,2026-02-28 19:40:03,2026-02-28 17:28:10,48,0,76058E,Exogenesis,JOSHUA HIGH SCHOOL,Texas - Region 5,United States
1021,102,20,82,20,82,2026-01-24 22:01:15,2026-01-24 22:26:34,0,0,886U,Über | WPRA,Western Pacific Robotics Academy,British Columbia (BC),Canada
1022,102,19,83,19,83,2026-03-15 15:32:35,2026-03-15 15:40:45,25,0,89250Z,Zipties,PINECREST NORTH PREPARATORY (FONTAINEBLEAU CAMPUS),Florida - South,United States
1023,101,51,50,51,51,2026-02-28 19:08:55,2025-12-09 18:40:06,0,0,540W,Appleby - West,Appleby College,Ontario,Canada
1024,101,44,57,44,68,2026-02-21 20:26:01,2026-03-14 18:46:11,0,0,84954C,Wa-Nee: Backlash,NORTH WOOD HIGH SCHOOL,Indiana - Region 1 - North,United States
1025,101,43,58,43,58,2026-02-28 10:53:12,2026-02-27 11:09:51,0,0,17711W,ASAP,Independent,United Kingdom,United Kingdom
1026,101,36,65,42,65,2026-02-07 16:48:33,2026-02-21 17:39:54,0,0,1248K,Lakeside Kinematics,Lakeside Upper School,Washington,United States
1027,101,36,65,42,65,2025-12-27 23:00:06,2026-01-03 14:13:35,13,0,66954A,Circuit Girls,"Ponte Vedra High School ",Florida - North/Central,United States
1028,101,42,59,42,59,2026-02-22 20:07:15,2026-02-22 16:59:18,0,0,64411Z,Z.E.R.O,STEM SQUAD ROBOTICS,Florida - South,United States
1029,101,39,62,40,62,2025-12-13 19:08:42,2026-03-15 16:38:27,23,0,5150H,Mad Hatters - Havoc,DANBURY HIGH SCHOOL,Connecticut,United States
1030,101,40,61,40,68,2026-03-15 20:30:12,2026-02-07 19:38:17,0,0,719U,Untitled,Bentonville Public Schools,Arkansas,United States
1031,101,39,62,39,62,2026-02-21 02:21:03,2026-02-21 21:24:00,23,0,35461A,BRUH,Hillmorton High School,New Zealand,New Zealand
1032,101,33,68,38,68,2025-12-13 17:14:15,2026-02-28 02:04:59,1,1,99197W,Stress Test,Bowness High School,Alberta/Saskatchewan,Canada
1033,101,27,74,37,74,2026-03-14 20:18:17,2026-03-01 18:41:13,2,0,5249J,Sparta Robotics JumpStart,Sparta High School,New Jersey,United States
1034,101,32,69,35,74,2026-03-14 14:06:10,2026-02-08 20:27:45,0,0,355P,PowerHouse,Fox Valley Robotics,Illinois,United States
1035,101,26,75,34,75,2026-02-14 20:52:32,2026-03-07 02:11:41,0,0,6219W,Tyrannosaurus VEX,NEENAH HIGH,Wisconsin,United States
1036,101,32,69,33,69,2026-03-07 02:19:01,2026-02-14 21:12:17,0,0,1790C,Bacon Kilobytes,WRIGHTSTOWN HIGH,Wisconsin,United States
1037,101,26,75,32,75,2026-02-22 16:26:29,2026-02-14 21:26:23,0,0,295Z,PART Z,Placer Robotics (PART),California - Region 2,United States
1038,101,32,69,32,74,2026-03-13 21:49:57,2026-02-21 17:47:24,0,0,11227S,Zoophytes,Momentum Robotics,Tennessee,United States
1039,101,26,75,26,75,2026-03-07 18:14:52,2026-03-07 15:31:59,0,0,5062E,Steel Fox,FOX VALLEY LUTHERAN HIGH SCHOOL,Wisconsin,United States
1040,101,26,75,26,75,2026-03-08 17:47:03,2026-03-08 19:21:25,0,0,9451A,My Favorite Team,JAMES RUMSEY TECHNICAL INSTITUTE,West Virginia,United States
1041,101,25,76,25,80,2026-02-26 17:37:25,2026-02-07 17:53:31,0,0,9204B,Dragons,The John Cooper School,Texas - Region 3,United States
1042,101,20,81,23,81,2026-03-07 03:33:47,2026-02-14 18:04:43,6,0,51581B,Disconauts,The Dalles High School,Oregon,United States
1043,101,20,81,20,81,2026-01-02 05:48:21,2026-01-02 07:49:57,52,0,7258K,HSch Attached to BJUT-K,High School Attached to Beijing University of Technology,North China,China
1044,101,17,84,18,84,2026-02-08 19:48:33,2026-03-14 19:16:14,0,3,2502S,Serotonin,Playideasny Inc,New York-South,United States
1045,101,17,84,17,84,2026-02-28 23:07:41,2026-02-28 18:44:37,23,1,221X,Origin,Westwood Community High School,Alberta/Saskatchewan,Canada
1046,101,17,84,17,84,2026-02-28 16:36:40,2026-02-27 23:32:19,0,0,1509Z,Rmageddon,Ridley College High School,Ontario,Canada
1047,100,42,58,42,71,2026-03-07 20:19:34,2026-02-21 16:38:12,23,0,6219Z,SUB-ZER0,NEENAH HIGH,Wisconsin,United States
1048,100,39,61,39,73,2025-11-15 16:52:06,2026-02-14 17:25:50,0,4,1764V,Voyager,Yarmouth High School,Maine,United States
1049,100,19,81,37,81,2025-11-15 13:57:34,2026-01-03 18:40:29,0,3,45434W,Hogwild,Beavercreek Robotics Club,Ohio,United States
1050,100,37,63,37,74,2026-03-06 21:05:26,2026-02-06 21:14:22,0,0,6127D,Exodus,Del Valle High School,Texas - Region 1,United States
1051,100,32,68,36,68,2026-03-13 18:52:20,2026-02-14 18:06:14,0,0,98709Z,Shirebots - Zealous,DAYSPRING ACADEMY,Tennessee,United States
1052,100,34,66,34,72,2025-11-09 03:05:56,2025-12-06 03:47:44,0,11,1831D,King's Team Delta,The King's School,Australia,Australia
1053,100,33,67,33,67,2026-01-17 06:27:29,2026-01-17 07:00:26,0,0,8076Y,Chonky,Hwa Chong Institution,Singapore,Singapore
1054,100,32,68,32,72,2026-02-07 15:46:08,2026-03-06 23:33:24,40,0,3796H,Hooligans,J. L. MANN HIGH ACADEMY,South Carolina,United States
1055,100,31,69,31,69,2026-01-31 14:49:16,2026-01-31 15:15:45,0,7,229X,GALACTIC,ACE Robotics,Florida - North/Central,United States
1056,100,31,69,31,69,2026-02-03 18:20:21,2026-02-03 15:54:10,0,0,54996F,Flux,SKYLINE HIGH SCHOOL,Colorado,United States
1057,100,31,69,31,69,2026-02-15 00:03:43,2026-02-14 04:16:05,0,0,4142B,Gizmo,PEARL CITY HIGH SCHOOL,Hawaii,United States
1058,100,30,70,30,70,2026-03-07 19:34:16,2026-03-06 23:59:13,0,0,29485B,Robotic Rebels,"Dorchester 2 High School Robotics ",South Carolina,United States
1059,100,28,72,28,72,2026-02-28 13:33:44,2026-03-01 07:15:21,0,0,22532V,ORION,Bahçeşehir Vizyon Anadolu Lisesi,Türkiye,Türkiye
1060,100,27,73,27,73,2026-03-07 20:02:02,2026-03-06 23:03:19,0,0,3743Z,Brain Rot,ERIE HIGH SCHOOL,Colorado,United States
1061,100,22,78,22,78,2026-02-21 18:15:46,2026-02-21 19:59:28,0,0,9257F,Flintstones,COVINGTON CATHOLIC HIGH SCHOOL,Kentucky,United States
1062,100,20,80,20,88,2026-02-07 19:45:12,2026-03-14 23:36:48,57,0,53D,Area 53 Alien Raiders,Greenbelt Robotics Team,Maryland,United States
1063,100,20,80,20,80,2026-01-17 18:11:53,2026-01-17 18:09:24,0,0,70291C,007,Commerce High School,Texas - Region 2,United States
1064,100,19,81,19,81,2026-02-15 20:25:22,2026-02-15 19:04:38,0,0,2072V,Vyper,Enginotic 6 Robotics,Virginia,United States
1065,99,55,44,55,57,2026-02-28 19:09:59,2026-02-07 20:53:15,0,0,10053B,seb,Sebtronics,Alberta/Saskatchewan,Canada
1066,99,48,51,48,51,2026-03-15 15:03:43,2026-03-15 18:28:52,0,0,72116C,Cheeseburgers,Catholic High School For Boys,Arkansas,United States
1067,99,43,56,43,56,2026-02-21 20:25:41,2026-02-21 21:30:50,0,0,8115X,Kristin School: Doves,Kristin School,New Zealand,New Zealand
1068,99,30,69,41,76,2025-11-15 20:44:38,2026-03-14 19:04:10,0,0,50421A,Rogue 1,"Summit City Robotics, Inc.",Indiana - Region 1 - North,United States
1069,99,40,59,40,61,2026-02-05 17:16:50,2026-01-17 18:36:15,0,0,63310K,Nemesis,Katy High School,Texas - Region 3,United States
1070,99,39,60,39,66,2026-03-06 21:35:25,2026-02-14 17:42:08,0,0,68561B,Sweet Peas,WEST HOLMES HIGH SCHOOL,Ohio,United States
1071,99,36,63,36,69,2026-03-14 15:03:46,2025-12-06 17:59:59,0,0,70478S,Gen Z,Generation Robotics,Texas - Region 4,United States
1072,99,34,65,34,65,2026-02-28 12:50:58,2026-02-28 12:33:08,0,0,1816X,Creamy,Independent Team,United Kingdom,United Kingdom
1073,99,33,66,33,66,2026-02-06 23:47:33,2026-02-07 00:24:42,0,0,5278D,Doubled,BROOKWOOD HIGH SCHOOL,Georgia,United States
1074,99,32,67,32,73,2026-03-14 16:51:32,2026-02-21 18:04:50,18,0,32789B,NRT - Bent,NORTHFIELD JR-SR HIGH SCHOOL,Indiana - Region 1 - North,United States
1075,99,32,67,32,67,2026-01-16 08:30:07,2026-01-15 09:51:08,0,0,44077T,Vajiravudh College,Vajiravudh College,Thailand,Thailand
1076,99,31,68,31,74,2026-01-10 17:53:07,2026-01-31 16:36:50,1,0,9457W,Wolfram,MANKATO EAST SENIOR HIGH,Minnesota,United States
1077,99,31,68,31,68,2026-02-14 23:35:14,2026-02-14 23:44:02,0,0,316W,Wall-E,Island Robotics,Hawaii,United States
1078,99,31,68,31,68,2026-03-13 22:28:01,2026-03-14 19:27:03,0,0,99299X,Scorpion,BEECH SR HIGH SCHOOL,Tennessee,United States
1079,99,30,69,30,71,2026-02-14 20:24:04,2026-02-08 22:12:55,40,0,11211Y,YMCA,OCSA,California - Region 4,United States
1080,99,29,70,29,70,2026-03-01 20:30:18,2026-03-01 20:01:53,0,0,30000S,Robo Sapiens,Robo Sapiens,New Jersey,United States
1081,99,28,71,28,71,2026-03-04 15:44:24,2026-03-04 19:41:12,0,6,53417P,Firebirds,JOHN C BIRDLEBOUGH HIGH SCHOOL,New York-North,United States
1082,99,26,73,28,73,2025-11-16 18:38:37,2026-03-14 00:40:59,27,0,355A,2Xstream Robotics,Fox Valley Robotics,Illinois,United States
1083,99,19,80,26,80,2025-11-15 17:36:04,2026-01-09 23:04:48,33,0,10Z,Exothermic Zenith,Exothermic Robotics,Washington,United States
1084,99,26,73,26,73,2026-01-17 17:39:47,2026-01-17 17:19:14,0,0,64178B,Crash and Burn,PLANT HIGH SCHOOL,Florida - North/Central,United States
1085,99,25,74,25,74,2026-01-24 22:22:08,2026-01-24 22:58:23,0,0,348A,Choo Choo,THE BUSH SCHOOL,Washington,United States
1086,99,22,77,22,77,2026-02-07 06:58:56,2026-02-07 07:03:32,5,0,4815R,CPCMS. ROVINA,WEO CHANG PUI CHUNG MEMORIAL SCHOOL,Hong Kong,Hong Kong
1087,99,20,79,20,79,2026-03-06 21:43:59,2026-03-06 17:22:37,0,0,1532D,Synergy,Bemidji VEX Robotics,Minnesota,United States
1088,98,52,46,52,66,2026-02-28 18:16:08,2026-02-14 20:57:14,0,0,82855X,STL Xpedition,STL Robotics,Ontario,Canada
1089,98,48,50,48,52,2026-03-14 19:17:19,2026-02-14 17:42:25,0,0,71774B,Hour Minute,Newark Academy,New Jersey,United States
1090,98,42,56,42,66,2026-03-13 22:31:07,2026-02-03 20:15:52,0,1,99905C,10AC RoboGryphs,ST GEORGE'S INDEPENDENT SCHOOL,Tennessee,United States
1091,98,17,81,38,81,2026-03-14 19:28:06,2026-01-18 14:14:33,0,3,4610P,Penguin Mafia: Robot Rev,Robot Revolution,New Jersey,United States
1092,98,29,69,34,69,2026-01-10 13:02:42,2026-02-07 09:26:41,0,0,82296A,WE ARE FROM VIETNAM,KID ENGINEER,Vietnam,Vietnam
1093,98,34,64,34,64,2025-10-26 02:24:47,2025-10-26 02:30:46,0,0,10222G,"New Start Robotics Team G ",NewStartRobotics,North China,China
1094,98,33,65,33,65,2026-03-07 19:49:04,2026-03-07 15:37:19,24,0,98548N,Nightmare,Bear River High School,Utah,United States
1095,98,33,65,33,65,2025-12-20 02:04:01,2025-12-20 04:20:37,0,0,2779A,AKTIVATED,Curious Robotics Hsinchu,Chinese Taipei,Taiwan
1096,98,31,67,31,74,2026-03-13 20:23:10,2026-02-22 18:24:17,0,4,26989Z,RoboKnights,Traders Point Christian High School,Indiana - Region 2 - Central,United States
1097,98,31,67,31,67,2026-03-07 01:45:39,2026-03-07 20:53:57,0,0,1255A,Alphahawks,GREAT CROSSING HIGH SCHOOL,Kentucky,United States
1098,98,30,68,30,68,2026-01-31 05:21:06,2026-01-31 05:06:52,0,0,901A,Carl,The American School in Japan,Japan,Japan
1099,98,29,69,29,69,2026-03-08 13:55:06,2026-03-07 16:11:27,0,2,2606E,The Merry Band of Pirates,SOUTH HIGH COMMUNITY,Massachusetts,United States
1100,98,28,70,28,70,2026-01-24 18:32:11,2026-01-24 18:36:18,30,0,16718A,VEXTRA,Desert Robotics,Arizona,United States
1101,98,23,75,27,75,2026-02-07 18:45:46,2026-03-06 17:01:43,0,0,79912D,Singularity,FRANKLIN HIGH SCHOOL,Texas - Region 1,United States
1102,98,27,71,27,71,2026-02-15 02:24:52,2026-02-14 21:33:16,0,0,8737A,Rampage,ARCADIA HIGH,California - Region 4,United States
1103,98,21,77,26,77,2026-02-28 20:09:07,2026-03-14 16:46:58,0,0,80208K,Ka-Chow!,Rock Ridge High School,Virginia,United States
1104,98,20,78,20,78,2026-03-04 17:45:56,2026-03-04 18:32:51,58,0,64040B,Lake George Robotics,LAKE GEORGE High School,New York-North,United States
1105,98,20,78,20,78,2026-01-10 17:24:08,2026-01-10 17:02:52,47,0,63857D,Out for Delivery,Mashpee High School,Massachusetts,United States
1106,98,19,79,19,79,2026-02-28 22:39:37,2026-02-28 17:19:50,0,0,9181A,Auxiliary,Seaquam Secondary,British Columbia (BC),Canada
1107,98,18,80,18,80,2025-12-20 17:35:32,2025-12-20 19:58:08,35,1,5327K,Chinese New Year KIBBA,DUBLIN HIGH SCHOOL,California - Region 2,United States
1108,98,16,82,17,82,2026-01-31 17:22:49,2026-01-17 15:59:50,0,0,3556A,Phaze,Phaze Robotics,Florida - North/Central,United States
1109,97,17,80,37,80,2025-11-18 22:56:39,2026-02-27 22:52:27,22,0,288A,RoboDawgs: Counter-Strike,Grandville High School,Michigan,United States
1110,97,37,60,37,60,2026-02-07 18:51:42,2026-02-07 19:50:25,0,0,71811X,X-Quisite,NORTHVIEW HIGH SCHOOL,Georgia,United States
1111,97,36,61,36,61,2026-02-15 16:16:42,2026-02-15 16:24:58,0,0,83149C,CosMcChicken,Northfield Mount Hermon School,Massachusetts,United States
1112,97,36,61,36,61,2026-03-15 13:12:56,2026-03-15 13:37:02,0,0,967R,Radioactive,Russellville High School,Arkansas,United States
1113,97,32,65,32,81,2025-11-22 10:23:02,2026-01-10 11:08:23,0,0,1408C,Caution!,King Henry VIII School,United Kingdom,United Kingdom
1114,97,32,65,32,65,2026-03-15 16:46:10,2026-03-14 18:52:49,0,0,1784W,Torqueit!,Moses Brown School,Connecticut,United States
1115,97,30,67,30,73,2026-03-14 19:40:49,2026-02-07 17:22:34,0,0,654X,Xcalibur,LAKE TRAVIS HIGH SCHOOL,Texas - Region 4,United States
1116,97,26,71,26,71,2026-03-07 16:59:04,2026-03-07 19:39:01,16,0,98548T,Titanium,Bear River High School,Utah,United States
1117,97,26,71,26,83,2025-12-06 16:52:03,2026-01-10 18:57:16,0,0,2567M,Porta-Botz! - Maverick,PORTAGE HIGH SCHOOL,Indiana - Region 1 - North,United States
1118,97,21,76,21,76,2026-03-14 18:38:19,2026-03-14 14:02:16,15,1,1308E,Dos Gatos,BOWIE HIGH SCHOOL,Texas - Region 4,United States
1119,97,14,83,20,83,2025-11-01 19:51:35,2026-02-28 20:24:22,6,0,1028B,Bee-Cause,Brownell Talbot Preparatory School,Nebraska,United States
1120,97,20,77,20,77,2026-02-28 01:16:57,2026-02-28 16:04:23,0,0,7410G,ATHS - Goofy Goobers," Arsenal Technical High School",Indiana - Region 2 - Central,United States
1121,97,20,77,20,77,2026-03-07 20:27:48,2026-03-07 19:37:24,0,0,76308A,KCDGearcats1,Kentucky Country Day School,Kentucky,United States
1122,96,47,49,47,55,2026-02-21 15:33:40,2026-01-24 19:58:34,0,0,28466C,Mag(Pi),SPRINGS STUDIO FOR ACADEMIC EXCELLENCE,Colorado,United States
1123,96,45,51,45,51,2026-02-04 21:54:11,2026-02-04 22:08:01,0,0,8047G,GSI Robotics,GSI Robotics,Mexico,Mexico
1124,96,42,54,42,54,2026-03-14 00:08:52,2026-03-13 23:55:56,0,0,4148S,咸的,GREENVILLE HIGH SCHOOL,Texas - Region 2,United States
1125,96,37,59,37,76,2026-03-07 15:11:13,2025-12-28 14:28:18,0,0,43779P,Tachanka,SHENANDOAH HIGH SCHOOL,Ohio,United States
1126,96,36,60,36,68,2026-02-21 15:16:58,2026-03-06 19:19:46,0,0,8823M,Mystery Incorporated,Milford Robotics,Ohio,United States
1127,96,36,60,36,65,2026-01-31 18:32:31,2026-02-21 00:48:31,0,0,41469A,OH NO! WSA,STANHOPE ELMORE HIGH SCHOOL,Alabama,United States
1128,96,34,62,34,62,2025-10-25 05:28:17,2025-10-25 07:00:02,0,0,18961C,Pixel Bot,"High School Affiliated To Shanghai Jiao Tong University, Minghang Branch",East China,China
1129,96,34,62,34,62,2026-03-14 14:10:36,2026-03-14 16:43:15,0,0,321H,Hawks,Niles West HS 321 Robotics,Illinois,United States
1130,96,27,69,27,69,2026-02-07 20:24:50,2026-02-07 15:29:07,35,0,53A,Area 53 Alien Raiders,Greenbelt Robotics Team,Maryland,United States
1131,96,27,69,27,69,2026-02-28 22:10:50,2026-02-28 18:57:08,0,0,10836G,Flying Dodos,Robostorm,British Columbia (BC),Canada
1132,96,26,70,26,72,2026-02-28 17:00:27,2026-03-14 01:01:06,1,0,97934U,RoboPanthers - Up the Ante,FRANKLIN ROAD ACADEMY,Tennessee,United States
1133,96,26,70,26,70,2026-02-21 16:19:18,2026-02-21 15:20:04,0,0,4828A,OVO,BREWTECH TECHNOLOGY MAGNET HIGH SCHOOL,Alabama,United States
1134,96,22,74,22,74,2025-12-07 19:12:45,2025-12-07 18:24:47,1,0,502G,The Swarm,"SD41 Mechatronics, Burnaby",British Columbia (BC),Canada
1135,96,20,76,20,76,2025-11-09 00:53:15,2025-11-08 23:20:40,55,0,4613F,Barker Redbacks,Barker College,Australia,Australia
1136,96,20,76,20,76,2026-02-28 19:28:48,2026-02-28 19:35:03,54,0,3141W,Wow Factor,Gross Catholic Robotics,Nebraska,United States
1137,96,20,76,20,76,2026-01-09 23:39:45,2026-02-04 05:05:25,58,2,4253V,Raid Zero V,Taipei American School,Chinese Taipei,Taiwan
1138,96,20,76,20,86,2026-03-01 17:56:53,2026-01-18 19:22:48,59,0,334C,Supernova Chimera,SCIENCE ACADEMY STEM MAGNET,California - Region 4,United States
1139,95,48,47,48,47,2025-11-22 02:56:27,2025-11-22 08:30:18,0,0,16666B,Hefei No.1 HS-B,Hefei No.1 HS-B,Middle China,China
1140,95,45,50,45,50,2025-12-05 09:35:11,2025-12-06 07:02:52,0,0,12883K,STI-K,Hangzhou No.2 Middle School Qianjiang Branch,East China,China
1141,95,44,51,44,68,2025-12-06 18:22:02,2025-10-25 18:41:40,0,0,58593B,Flying Penguins,Robocubs Robotics Club,California - Region 2,United States
1142,95,43,52,43,61,2026-02-07 16:23:24,2026-03-07 17:43:17,0,0,9065S,Phantom Robotics,PLATTE COUNTY HIGH,Missouri,United States
1143,95,43,52,43,59,2026-03-07 01:19:05,2026-02-14 14:28:45,0,0,53171N,Nocturne,Shoreland Lutheran High School,Wisconsin,United States
1144,95,42,53,42,53,2026-03-06 20:39:44,2026-03-06 21:01:30,24,0,72527A,Robot Rampage,St Croix Lutheran Academy,Minnesota,United States
1145,95,38,57,38,57,2025-11-18 23:20:23,2025-11-17 23:58:12,2,0,63600C,Eaglebots: Blackjack,GRAND RAPIDS CHRISTIAN HIGH SCHOOL,Michigan,United States
1146,95,35,60,35,60,2026-02-08 04:24:23,2026-02-07 06:54:37,0,0,7602K,KenKen,KrossLink,Hong Kong,Hong Kong
1147,95,30,65,30,65,2026-03-07 03:44:57,2026-03-07 18:47:28,20,5,2990W,Wall-E,West Salem High School,Oregon,United States
1148,95,30,65,30,65,2026-02-21 17:11:24,2026-02-21 17:17:36,9,0,68561Z,ZigZag,WEST HOLMES HIGH SCHOOL,Ohio,United States
1149,95,29,66,29,73,2026-02-28 16:14:06,2026-02-21 14:22:40,0,0,13150E,Lockdown,Gainesville High School,Virginia,United States
1150,95,28,67,28,67,2026-02-08 20:29:41,2026-02-08 20:36:43,21,0,355X,Hexa-Force,Fox Valley Robotics,Illinois,United States
1151,95,27,68,27,69,2026-02-14 22:29:11,2026-02-28 22:43:46,27,0,393B,Legacy Robotics,Legacy Magnet Academy,California - Region 4,United States
1152,95,18,77,26,77,2026-03-01 18:23:52,2025-11-15 22:00:19,0,0,507E,507E,OTAY RANCH SENIOR HIGH,California - Region 4,United States
1153,95,26,69,26,69,2026-03-07 21:16:48,2026-03-07 17:19:14,0,0,99751H,Heatstroke,Colorado Early College Fort Collins,Colorado,United States
1154,95,15,80,25,80,2026-02-28 12:36:57,2026-01-16 11:52:18,0,0,6023F,Fundamentalistically Floccinaucinihilipilification,Stowe School,United Kingdom,United Kingdom
1155,95,21,74,21,74,2026-01-17 22:19:05,2026-01-17 17:20:37,36,0,89040A,Marauders,MOAPA VALLEY HIGH SCHOOL,Nevada,United States
1156,95,21,74,21,79,2026-02-07 21:16:23,2026-03-14 02:34:03,0,0,90385R,Pumas: Red,UPREP,Washington,United States
1157,95,21,74,21,74,2026-02-11 01:46:56,2026-02-11 01:14:54,0,0,44244C,Chattahoochee Chippers,Mukilteo Robotics,Washington,United States
1158,95,20,75,20,75,2026-02-07 20:28:00,2026-02-07 20:33:59,58,0,5805X,X-Factor,Concordia Academy,Minnesota,United States
1159,95,20,75,20,75,2026-02-14 19:55:47,2026-03-13 20:54:48,55,6,71774A,Second Minute,Newark Academy,New Jersey,United States
1160,95,20,75,20,75,2026-01-31 14:38:15,2026-01-31 14:26:49,0,0,6293Z,ZODIAC,PINECREST ACADEMY CHARTER HIGH SCHOOL,Florida - South,United States
1161,95,18,77,18,77,2026-02-07 17:05:12,2026-02-07 17:51:11,0,0,654V,Willy,LAKE TRAVIS HIGH SCHOOL,Texas - Region 4,United States
1162,94,27,67,38,74,2026-02-21 15:55:42,2026-03-15 14:35:02,0,0,19355A,G.O.A.T. Robotics,G.O.A.T. Robotics,Pennsylvania - East,United States
1163,94,37,57,37,84,2026-01-17 17:42:11,2026-03-07 00:30:48,24,0,32092C,Squid Squad,Stargate Charter School,Colorado,United States
1164,94,37,57,37,57,2026-02-21 17:34:19,2026-02-21 16:17:20,0,0,54225A,The Wag,WAGGENER HIGH,Kentucky,United States
1165,94,25,69,36,69,2026-03-07 14:44:25,2026-02-14 15:19:24,0,6,6978F,AWG,Highland High School,Ohio,United States
1166,94,35,59,35,59,2025-10-26 02:19:59,2025-10-26 02:31:14,0,0,10222H,New Start Robotics Team H,New Start Robotics,North China,China
1167,94,35,59,35,59,2026-03-14 15:19:42,2026-03-14 18:46:03,0,0,28921A,Big Mac,WAPAHANI HIGH SCHOOL,Indiana - Region 1 - North,United States
1168,94,20,74,32,74,2026-01-17 22:32:44,2026-03-07 23:50:05,0,0,74177M,mid,PINECREST ACADEMY OF NEVADA SLOAN CANYON,Nevada,United States
1169,94,30,64,30,64,2025-12-06 22:30:16,2025-12-06 21:57:09,36,0,3477C,MSND,St Andrews Christian College,Australia,Australia
1170,94,30,64,30,64,2025-11-08 14:11:29,2026-01-17 15:50:36,10,0,2667R,Radiant,Radiant Engineering Collective,Florida - North/Central,United States
1171,94,30,64,30,64,2026-02-14 15:31:06,2026-02-14 16:20:36,0,0,603B,I DON'T KNOW,BELMONT HIGH SCHOOL,New Hampshire/Vermont,United States
1172,94,27,67,29,67,2026-03-14 17:20:37,2026-02-28 15:00:31,21,0,39972A,Olympic Gears,Columbus East High School,Indiana - Region 3 - South,United States
1173,94,24,70,28,70,2026-01-17 19:52:19,2026-03-07 01:57:20,0,0,2131S,O.W.C.A.,DAVIS HIGH,Utah,United States
1174,94,26,68,26,68,2025-12-30 20:09:37,2025-12-30 21:55:59,21,0,2035X,Danny Guarantee,Danny Guarantee,Arizona,United States
1175,94,23,71,23,71,2026-03-14 21:24:10,2026-03-14 19:59:55,0,0,7983P,Centennial CyberHawks P,Centennial High School,California - Region 3,United States
1176,94,22,72,22,72,2026-03-07 01:32:26,2026-03-07 18:59:37,10,0,50130A,Trobots,PARK HILL HIGH,Missouri,United States
1177,94,20,74,20,74,2026-02-06 17:09:03,2026-02-11 17:46:42,59,0,3017X,Xccelerate,HENLEY HIGH SCHOOL,Oregon,United States
1178,94,20,74,20,74,2026-02-21 21:44:20,2026-02-21 23:20:02,57,0,85829A,Rovers,Rovers Robotics,New Zealand,New Zealand
1179,94,20,74,20,74,2026-02-14 21:55:59,2026-02-14 20:14:13,54,3,3284B,Jank,Jank,California - Region 4,United States
1180,94,20,74,20,74,2026-02-28 15:13:15,2026-02-28 15:07:16,0,1,3333B,Bromance,Notre Dame Prep,Michigan,United States
1181,94,20,74,20,74,2025-11-22 15:07:56,2025-11-22 18:15:45,0,0,13205A,Aurora,STEM SCHOOL CHATTANOOGA,Tennessee,United States
1182,94,20,74,20,74,2026-01-31 18:24:02,2026-01-31 19:19:41,0,0,8433W,Wildcats,WOSS Robotics,Ontario,Canada
1183,94,19,75,19,75,2026-02-20 22:10:45,2026-02-20 22:25:12,0,2,1100A,Ascenders,LogandSteam,South Korea,"Korea, Republic of"
1184,93,48,45,48,58,2026-03-13 20:25:06,2026-02-21 20:00:29,0,0,2567U,Porta-Botz!-UltraViolet,PORTAGE HIGH SCHOOL,Indiana - Region 1 - North,United States
1185,93,28,65,46,75,2026-02-07 14:35:27,2026-03-07 17:23:14,0,0,56S,Self Destruct System,CAPE ELIZABETH HIGH SCHOOL,Maine,United States
1186,93,46,47,46,51,2025-12-19 03:14:38,2026-02-04 06:33:01,0,0,23083Y,Anaxagoras,臺北市私立薇閣高級中學,Chinese Taipei,Taiwan
1187,93,33,60,33,78,2026-03-01 19:50:51,2026-02-15 17:55:49,0,0,91745C,Screwless,GLEN A. WILSON HIGH,California - Region 4,United States
1188,93,33,60,33,63,2026-01-15 14:05:54,2025-12-06 14:33:11,0,0,2208C,Colegio San Jose,Colegio San Jose,Puerto Rico,Puerto Rico
1189,93,26,67,31,69,2026-01-10 18:30:19,2026-01-31 17:03:05,28,0,4886Y,Yogurt,THETFORD ACADEMY,New Hampshire/Vermont,United States
1190,93,30,63,30,63,2026-03-07 15:43:02,2026-03-07 14:06:20,0,0,7862W,DNR,Hesston High School,Kansas,United States
1191,93,28,65,28,65,2026-01-31 20:32:34,2026-01-31 18:34:09,0,0,3724X,PCTI Bulldogs,PCTI STEM Academy,New Jersey,United States
1192,93,27,66,27,66,2026-02-07 20:19:59,2026-02-07 17:59:58,0,0,8780E,Epic Gamer Gang,Waubonsie Valley High School,Illinois,United States
1193,93,27,66,27,66,2026-02-22 17:24:03,2026-02-22 18:02:31,0,0,31458A,Stripped Axles,TechWise Academy,Indiana - Region 1 - North,United States
1194,93,27,66,27,66,2026-02-27 22:58:56,2026-02-28 16:12:41,0,0,540Z,Appleby - Integer,Appleby College,Ontario,Canada
1195,93,26,67,26,67,2025-12-14 18:24:00,2025-12-14 19:47:48,34,0,14241A,RoboDragons,Level V Robotics,North Carolina,United States
1196,93,26,67,26,67,2026-02-14 23:28:32,2026-02-14 04:10:56,0,0,4142C,Calamity,PEARL CITY HIGH SCHOOL,Hawaii,United States
1197,93,25,68,25,68,2026-03-09 15:33:10,2026-03-08 15:01:32,29,0,8330X,Sci-botics,Westwood Competition Robotics,West Virginia,United States
1198,93,25,68,25,68,2026-03-07 20:22:24,2026-03-07 18:00:20,0,0,80550G,Redneck Engineering,WINDSOR CHARTER ACADEMY MIDDLE AND EARLY COLLEGE H,Colorado,United States
1199,93,24,69,24,69,2026-02-19 23:47:19,2026-02-19 23:12:15,0,0,11124Z,Carnivorous Llamaz,ELYRIA HIGH SCHOOL,Ohio,United States
1200,93,20,73,22,74,2025-12-06 18:05:12,2026-01-04 23:32:22,33,0,19085Z,Porg,Black Rock Middle School,Pennsylvania - East,United States
1201,93,22,71,22,71,2026-02-28 19:48:15,2026-02-28 00:29:33,0,0,1064B,OPS - Perfectly Flawed,OMAHA NORTH MAGNET HIGH SCHOOL,Nebraska,United States
1202,93,20,73,20,75,2026-03-14 13:44:53,2026-02-14 18:11:42,51,0,41618F,V-Tech,CAMDEN CATHOLIC HIGH SCHOOL,New Jersey,United States
1203,93,20,73,20,80,2025-09-14 12:24:26,2026-03-14 14:46:22,20,0,255H,Norristown Robotics - HOG RIDAAAAA,NORRISTOWN AREA HIGH SCHOOL,Pennsylvania - East,United States
1204,93,4,89,20,89,2025-12-27 13:41:31,2026-03-01 06:12:40,50,0,19190T,Takevians,Samsun TAKEV Lisesi,Türkiye,Türkiye
1205,93,20,73,20,73,2026-01-17 04:44:49,2026-01-17 04:30:26,0,0,6546A,One Degree North,Singapore American School,Singapore,Singapore
1206,93,15,78,15,78,2026-02-07 17:37:03,2026-02-07 17:20:25,47,0,7316V,Voltage,FIRESTONE HIGH SCHOOL,Ohio,United States
1207,93,14,79,14,79,2026-02-03 01:05:53,2026-02-02 07:27:51,0,0,117V,Virtus Pro,Suzhou Foreign Language School,East China,China
1208,92,17,75,54,75,2026-02-21 15:38:09,2026-01-24 19:35:16,0,0,81218B,Brisquet Again,Loveless Academic Magnet Prog High School,Alabama,United States
1209,92,52,40,52,52,2026-03-01 00:01:16,2026-02-07 17:08:41,0,0,3388H,Hyperion,Sir Winston Churchill High School,Alberta/Saskatchewan,Canada
1210,92,40,52,40,70,2026-03-06 00:36:40,2026-02-14 18:31:16,5,5,1532F,218 Ways to Break Down,Bemidji VEX Robotics,Minnesota,United States
1211,92,32,60,32,60,2026-03-06 21:33:40,2026-03-06 16:52:13,32,0,72527B,The Phongtastic Phive,St Croix Lutheran Academy,Minnesota,United States
1212,92,18,74,32,74,2025-11-22 20:13:08,2026-03-06 20:38:23,1,0,47510S,Quasar,"Robotics Edge, LLC.",Arizona,United States
1213,92,32,60,32,62,2025-11-22 20:51:47,2025-11-08 21:18:22,0,1,67002V,VEXCALIBUR,Northwest Career And Technical Academy,Nevada,United States
1214,92,20,72,31,72,2026-03-07 15:11:28,2025-11-22 20:00:27,0,0,66778X,Axis,Axis Robotics,Arizona,United States
1215,92,30,62,30,62,2026-02-28 16:58:19,2026-02-28 17:23:09,0,0,1575M,Maximus,Woodbridge Senior High School,Virginia,United States
1216,92,28,64,28,71,2026-03-07 00:30:10,2025-11-22 18:53:51,0,0,3009H,Heroic Robotics,RANDALL K. COOPER HIGH SCHOOL,Kentucky,United States
1217,92,28,64,28,69,2026-01-31 20:48:20,2026-02-21 17:09:41,0,0,99040Z,Current Control,VESTAVIA HILLS HIGH SCHOOL,Alabama,United States
1218,92,27,65,28,65,2026-02-21 19:20:25,2026-03-13 23:06:24,0,0,2536H,Hurricane,UNIVERSITY SCHOOL,Tennessee,United States
1219,92,28,64,28,64,2026-03-14 19:47:05,2026-03-14 16:30:18,0,0,75503F,Sticker Bomb,PLEASANT GROVE HIGH SCHOOL,Texas - Region 2,United States
1220,92,20,72,26,72,2025-11-01 15:33:13,2026-01-31 15:41:38,0,0,99040A,Awesome Sauce!,VESTAVIA HILLS HIGH SCHOOL,Alabama,United States
1221,92,12,80,24,80,2025-11-02 04:06:02,2026-01-10 04:24:01,0,3,24751A,GreenAms Robotics Team,Hanoi Amsterdam High School for the Gifted,Vietnam,Vietnam
1222,92,23,69,23,69,2026-02-28 19:04:38,2026-02-28 20:01:34,23,0,1082N,No Way Micheal,LOVEJOY HIGH SCHOOL,Texas - Region 5,United States
1223,92,23,69,23,69,2026-02-14 18:41:50,2026-02-14 16:01:49,0,0,3505E,Parsec,Zebra Robotics,Ontario,Canada
1224,92,21,71,21,72,2025-12-06 17:14:42,2025-11-25 15:34:55,0,0,4118J,JACKBOT,Clear Creek ISD,Texas - Region 3,United States
1225,92,20,72,20,73,2026-02-14 16:37:56,2026-03-06 20:53:40,57,0,9821B,BOOM,EAST GRAND FORKS SENIOR HIGH,Minnesota,United States
1226,92,20,72,20,72,2026-02-07 20:23:00,2026-02-07 18:49:08,52,0,58566A,Onyx,GRAFTON HIGH SCHOOL,Massachusetts,United States
1227,92,20,72,20,72,2026-02-08 17:35:57,2026-02-08 17:39:10,0,0,14153M,HiveMind,HINSDALE SOUTH HIGH SCHOOL,Illinois,United States
1228,92,17,75,17,75,2026-02-08 16:32:48,2026-02-08 15:37:36,14,2,8995S,Spades,Metea Valley High School,Illinois,United States
1229,92,17,75,17,75,2026-03-07 19:43:40,2026-03-07 16:06:56,0,0,39541A,Mecha Titans - Short Circuit,PSJA THOMAS JEFFERSON T-STEM EARLY COLLEGE HIGH SCHOOL,Texas - Region 6,United States
1230,92,0,92,1,92,2025-08-16 08:56:00,2026-02-27 03:11:16,44,0,86X,Xterprise,Beijing International Bilingual School Haidian Academy,North China,China
1231,91,43,48,43,64,2026-03-14 13:27:38,2026-02-07 16:54:33,0,0,9142T,Tetris,Claremore High School,Oklahoma,United States
1232,91,43,48,43,61,2026-02-26 17:48:54,2026-01-31 20:19:30,0,0,8892A,Vidreams Redux,Delhi Charter School,Louisiana,United States
1233,91,39,52,39,62,2025-11-08 14:53:36,2026-01-17 15:35:05,0,0,3885B,"Screws, Nuts, Bolts",UNITEC CAREER CTR.,Missouri,United States
1234,91,33,58,33,58,2025-11-08 05:28:57,2025-11-08 07:16:37,0,0,22666A,MKES,"Mu Kuang English School,MKES",Hong Kong,Hong Kong
1235,91,32,59,32,60,2026-03-07 15:22:50,2025-12-13 19:26:22,33,0,344E,THUNDER CHICKENS,SCARBOROUGH HIGH SCHOOL,Maine,United States
1236,91,32,59,32,60,2025-12-29 20:36:55,2026-02-19 18:47:01,0,0,5689E,Dead Weight,CALDWELL SENIOR HIGH SCHOOL,Idaho,United States
1237,91,32,59,32,59,2026-02-28 20:54:01,2026-02-28 19:53:06,0,0,9871S,Stargazer,ACADEMY FOR TECHNOLOGY ENGINEERING MATH & SCIENCE,Texas - Region 5,United States
1238,91,31,60,31,60,2026-01-19 15:06:03,2026-02-14 17:20:13,17,0,4886W,Wiseguys,Thetford Academy,New Hampshire/Vermont,United States
1239,91,31,60,31,76,2026-03-07 21:00:11,2026-01-17 19:59:20,0,2,10008A,Student Driver,BASIS SCOTTSDALE,Arizona,United States
1240,91,31,60,31,60,2026-02-28 13:36:16,2026-02-28 17:40:18,0,0,63600A,Eaglebots: Atlas,GRAND RAPIDS CHRISTIAN HIGH SCHOOL,Michigan,United States
1241,91,31,60,31,60,2026-03-04 18:04:06,2026-03-04 17:22:45,0,0,53999P,Robo Hornets,HARPURSVILLE JUNIOR-SENIOR HIGH SCHOOL,New York-North,United States
1242,91,24,67,30,78,2025-12-06 17:56:02,2026-01-17 17:55:18,13,0,98548D,Deviance,Bear River High School,Utah,United States
1243,91,30,61,30,64,2025-12-13 15:04:48,2025-12-11 16:53:10,0,0,55230Z,Zenith,Mississippi Robotics,Mississippi,United States
1244,91,30,61,30,64,2025-12-13 19:52:23,2025-12-14 18:12:43,0,0,29295A,"Stratford Robotics Arcane ",Stratford District Secondary School,Ontario,Canada
1245,91,29,62,29,62,2026-02-14 17:31:29,2026-02-14 18:26:09,0,0,60883B,Big Daddies,AKRON STEM HIGH SCHOOL,Ohio,United States
1246,91,28,63,28,68,2026-02-21 20:10:36,2026-03-06 21:44:41,0,0,1570R,Lions - Roll Pride,LOMIRA HIGH,Wisconsin,United States
1247,91,15,76,27,87,2025-11-12 17:36:11,2026-01-17 19:06:47,38,0,83280Y,Lobos Rojos,LANGHAM CREEK HIGH SCHOOL,Texas - Region 3,United States
1248,91,26,65,26,65,2026-01-17 17:14:26,2026-01-17 17:47:21,0,0,6408H,Hollow,Heritage Woods Secondary,British Columbia (BC),Canada
1249,91,16,75,24,75,2025-11-01 16:30:11,2026-02-27 23:17:20,34,0,15800A,"""Atticus"" - Omaha Westview HS JROTC",Omaha Westview High School,Nebraska,United States
1250,91,24,67,24,67,2026-03-07 17:59:21,2026-03-07 17:30:06,0,0,1460T,Top Gun,Sandy Robotics,Oregon,United States
1251,91,23,68,23,81,2026-01-31 15:21:54,2026-01-17 00:02:59,0,0,36830Z,Edgebotics,Auburn High School,Alabama,United States
1252,91,22,69,22,69,2026-02-14 19:39:00,2026-02-14 16:54:41,28,0,8737B,Sleepy Pandas,ARCADIA HIGH,California - Region 4,United States
1253,91,22,69,22,69,2025-12-20 05:17:31,2025-12-19 08:13:27,0,0,28K,"Chengdu No.7 High School International Department ","Chengdu No.7 High School International Department ",West China,China
1254,91,22,69,22,69,2026-03-07 01:43:39,2026-03-07 01:15:37,0,0,2323H,Havok Infusion,WEBER INNOVATION HIGH SCHOOL,Utah,United States
1255,91,21,70,21,77,2026-02-28 21:17:53,2026-02-14 21:33:28,27,3,393D,Deadly Dumplings,Legacy Magnet Academy,California - Region 4,United States
1256,91,20,71,20,82,2025-12-27 13:51:19,2026-02-14 12:46:30,50,0,19190S,Takevians,Samsun TAKEV Lisesi,Türkiye,Türkiye
1257,91,15,76,20,76,2026-01-25 23:02:21,2026-02-25 20:54:54,0,0,39599B,FarmBots,WINTERS HIGH,California - Region 2,United States
1258,91,20,71,20,71,2026-01-24 01:51:48,2026-01-24 01:49:44,0,0,68424A,CK Form 6A,Sheng Kung Hui Choi Kou School (Macau),Macau,Macau
1259,91,17,74,17,74,2026-02-14 16:47:22,2026-02-14 19:45:27,38,0,76058B,McFeins,JOSHUA HIGH SCHOOL,Texas - Region 5,United States
1260,91,17,74,17,74,2026-01-16 03:30:13,2026-01-16 08:11:04,3,0,8861G,Clankers,International School Bangkok,Thailand,Thailand
1261,91,15,76,15,76,2026-01-27 18:56:44,2026-02-05 21:13:55,59,0,77786H,CyberKings,BRIDGELAND HIGH SCHOOL,Texas - Region 3,United States
1262,91,15,76,15,76,2025-10-18 14:51:55,2026-02-26 00:03:41,49,0,54600A,Team Dynamite,Global Minds Academy,Texas - Region 3,United States
1263,91,15,76,15,77,2026-02-07 21:43:38,2026-02-28 16:10:07,0,0,1028X,Rubber Bandits,Brownell Talbot College Preparatory School,Nebraska,United States
1264,90,42,48,42,63,2025-12-20 01:58:55,2026-02-07 17:16:37,0,0,13176A,Smilebots,Smilebots Academy,Switzerland,Switzerland
1265,90,40,50,40,70,2026-01-31 19:14:05,2026-02-18 16:48:23,0,0,654G,Phoenix,LAKE TRAVIS HIGH SCHOOL,Texas - Region 4,United States
1266,90,40,50,40,50,2026-03-01 09:10:05,2026-02-28 13:00:52,0,0,11543G,GreenTech,Beykoz Doğa Koleji,Türkiye,Türkiye
1267,90,37,53,37,53,2026-02-15 22:54:32,2026-02-15 23:50:32,0,0,9181R,Radiant,Seaquam Secondary,British Columbia (BC),Canada
1268,90,27,63,35,63,2026-02-07 20:29:41,2026-03-07 17:23:09,20,0,32092A,CNTRL,Stargate Charter School,Colorado,United States
1269,90,32,58,32,58,2026-02-21 22:37:15,2026-02-21 20:27:23,0,0,2915M,Lynfield M,Lynfield College,New Zealand,New Zealand
1270,90,30,60,30,73,2026-02-28 16:45:14,2026-03-13 22:01:00,1,0,26163X,"Team Black Knights ""Excalibur""",KENWOOD HIGH,Tennessee,United States
1271,90,28,62,28,62,2026-02-06 23:36:12,2026-02-07 18:44:59,0,0,3536P,Phantom,NORTH FORSYTH HIGH SCHOOL,Georgia,United States
1272,90,9,81,27,81,2025-10-18 16:47:25,2026-01-23 15:31:21,0,0,9364E,Iron Eagles - Ember,Brentwood Academy,Tennessee,United States
1273,90,21,69,26,69,2026-03-07 17:50:44,2025-12-31 19:50:46,0,0,84496N,NPC,NPC,Arizona,United States
1274,90,25,65,25,65,2026-01-24 01:06:19,2026-01-24 00:50:55,2,0,68424X,XO Sauca,Sheng Kung Hui Choi Kou School (Macau),Macau,Macau
1275,90,23,67,23,74,2026-02-08 18:21:07,2026-02-07 18:20:31,0,0,2827Z,True Copper Shortsword,Chasewood Learning,Illinois,United States
1276,90,22,68,22,68,2026-03-15 13:27:36,2026-03-14 18:33:38,0,3,2872R,Overcharge,Bridge the Gap Foundation,Virginia,United States
1277,90,15,75,20,75,2025-12-06 22:06:41,2026-03-07 03:13:52,37,10,5686R,Rewind,Mazama High School,Oregon,United States
1278,90,20,70,20,70,2026-01-18 19:17:04,2026-02-07 19:56:28,57,0,7686X,Phoenix Rising,Tiger Robotics,South Dakota,United States
1279,90,20,70,20,70,2025-12-06 19:37:31,2025-12-06 18:03:29,52,0,886Z,Zorp | WPRA,Western Pacific Robotics Academy,British Columbia (BC),Canada
1280,90,15,75,20,75,2026-03-01 16:07:14,2026-03-15 13:48:51,48,0,81H,VEXMEN: Hurricane,Brandywine Robotics Inc.,Pennsylvania - East,United States
1281,90,15,75,20,75,2025-12-13 16:30:51,2026-03-07 18:34:28,55,0,7996F,Fracture,HIGLEY HIGH SCHOOL,Arizona,United States
1282,90,20,70,20,73,2025-11-08 18:54:14,2025-11-15 21:42:33,56,0,3796E,Caution! Student Drivers!,J. L. MANN HIGH ACADEMY,South Carolina,United States
1283,90,20,70,20,70,2026-02-28 18:42:43,2026-02-28 19:18:16,0,0,13205C,ColorStorm,STEM SCHOOL CHATTANOOGA,Tennessee,United States
1284,90,20,70,20,70,2026-03-15 17:39:27,2026-03-15 14:08:51,0,0,33418T,The Benjineers,THE BENJAMIN SCHOOL,Florida - South,United States
1285,90,15,75,17,77,2026-01-27 16:41:35,2026-02-26 20:58:39,0,0,16329A,vagabond,CYPRESS RIDGE HIGH SCHOOL,Texas - Region 3,United States
1286,90,15,75,16,75,2026-02-21 20:51:05,2026-01-31 19:05:55,0,0,97970A,Minerbots,Sunrise Mountain High School,Nevada,United States
1287,90,15,75,15,75,2025-12-28 13:43:41,2026-01-10 13:33:04,59,0,11981B,BEN.,Steinbrenner High School,Florida - North/Central,United States
1288,90,11,79,11,79,2026-03-14 19:30:04,2026-03-14 13:38:20,0,0,11432B,"Thomas Edison ""Inventors"" II",THOMAS A EDISON CAREER AND TECHNICAL EDUCATION HIGH SCHOOL,New York-South,United States
1289,89,49,40,49,44,2026-03-07 18:21:54,2026-02-14 17:08:15,0,0,53551W,Resilience,Lakeside Lutheran High School,Wisconsin,United States
1290,89,41,48,41,48,2026-02-20 07:59:39,2026-02-20 22:38:38,33,0,1740X,Dwight Robotics,Dwight School Seoul,South Korea,"Korea, Republic of"
1291,89,39,50,39,50,2026-01-04 08:22:16,2026-01-03 09:57:31,0,0,1430X,AutoVortex,Asociatia Romana de Studii Economice,Romania,Romania
1292,89,38,51,38,51,2026-03-14 01:22:30,2026-03-14 20:58:38,12,0,49637D,McFarland DOOM-Botics,Mcfarland High School,California - Region 3,United States
1293,89,36,53,36,53,2025-12-20 22:06:06,2025-12-20 19:16:00,9,0,295G,PART G,Placer Robotics (PART),California - Region 2,United States
1294,89,36,53,36,59,2026-01-25 05:43:03,2026-02-08 03:41:18,0,2,96969W,Smooth Operator,Pacific American School,Chinese Taipei,Taiwan
1295,89,25,64,25,64,2026-02-14 18:08:05,2026-02-14 22:14:34,0,0,24626B,CRHS Polaris - Bootës,Cinco Ranch High School Polaris Robotic Club,Texas - Region 3,United States
1296,89,21,68,21,68,2026-02-21 17:21:48,2026-02-21 16:13:40,0,0,8823Z,Zoom Call,Milford Robotics,Ohio,United States
1297,89,20,69,20,69,2026-02-26 00:42:56,2026-02-26 01:20:02,60,0,5013Y,Polar Dynamics,ALL NATIONS COMMUNITY SCHOOL,Texas - Region 3,United States
1298,89,20,69,20,69,2026-03-06 16:09:24,2026-03-06 19:52:34,59,0,739B,Men In black,KIMBALL SECONDARY,Minnesota,United States
1299,89,20,69,20,69,2025-11-08 16:24:49,2025-11-08 16:33:26,56,0,5430A,Blue Brains,Parkway West High School,Missouri,United States
1300,89,15,74,20,74,2026-02-08 16:31:53,2026-02-14 15:48:28,0,5,13155U,Vortex,Hometeam,North Carolina,United States
1301,89,20,69,20,69,2025-12-06 18:33:33,2026-01-23 22:15:49,58,0,631A,Chargoggagoggmanchauggagoggchaubunagungamaugg,Leo Robotics,Indiana - Region 1 - North,United States
1302,89,20,69,20,69,2025-12-13 20:03:31,2026-01-17 19:50:18,57,0,106A,Spyder,Excel-Robotic Lab LLC,Texas - Region 2,United States
1303,89,20,69,20,69,2026-02-21 15:32:38,2026-02-21 15:45:04,0,0,16021N,Tanka Jahari,Canadian Valley Technology Center,Oklahoma,United States
1304,89,19,70,19,70,2026-02-07 16:57:42,2026-02-07 18:41:52,0,0,15376E,Vortex 3S-E,École secondaire des Trois-Saisons,Quebec,Canada
1305,89,3,86,15,86,2025-11-22 22:14:56,2025-12-13 21:39:58,59,0,3388S,Spirit,Sir Winston Churchill High School,Alberta/Saskatchewan,Canada
1306,89,15,74,15,74,2026-01-18 17:38:21,2026-02-28 01:44:23,60,0,9050F,Gladiators,GROTON AREA HIGH SCHOOL,South Dakota,United States
1307,89,11,78,15,78,2026-02-14 20:34:06,2026-02-19 20:48:38,59,0,7316E,Eggs N' Bacon,FIRESTONE HIGH SCHOOL,Ohio,United States
1308,89,15,74,15,74,2025-12-06 19:43:12,2026-02-10 22:10:19,59,0,68561D,Canadian Loners,WEST HOLMES HIGH SCHOOL,Ohio,United States
1309,89,0,89,0,89,,2025-11-22 22:30:29,0,0,80001C,Double Play,Double Play,California - Region 2,United States
1310,88,47,41,47,42,2026-01-23 06:18:32,2026-01-02 05:47:30,0,0,63936D,Lingnan D,"Lingnan Middle School, Macau",Macau,Macau
1311,88,37,51,37,51,2025-12-05 22:48:12,2025-12-06 00:04:56,0,0,39M,Michelin,CRANBROOK SCHOOLS,Michigan,United States
1312,88,31,57,36,65,2026-02-21 16:06:35,2026-02-07 17:23:53,2,0,99751E,Electrical Fire,Colorado Early College Fort Collins,Colorado,United States
1313,88,32,56,32,56,2026-02-03 15:22:06,2026-02-03 14:00:44,18,0,11412B,WinterBears,"City of Riihimaki,",Finland,Finland
1314,88,32,56,32,58,2026-02-27 23:10:53,2026-02-10 17:46:47,0,0,21520A,Lakeshore Catholic High School,Lakeshore Catholic High School,Ontario,Canada
1315,88,31,57,31,58,2026-01-09 21:53:43,2026-02-20 00:00:41,0,0,39313Z,Insomniac Black,ASOTIN JR SR HIGH,Washington,United States
1316,88,6,82,30,82,2026-01-31 21:12:01,2026-03-14 20:20:51,0,0,3512X,Fellow Chaps,SUMNER HIGH SCHOOL,Washington,United States
1317,88,30,58,30,73,2026-02-27 17:26:32,2025-12-13 18:13:18,0,0,43146K,Kraken,ALFRED M. BARBE HIGH SCHOOL,Louisiana,United States
1318,88,28,60,28,60,2026-02-07 16:48:35,2026-02-07 18:58:41,0,0,28027A,Meddling Kids,Geeks Robotics,North Carolina,United States
1319,88,15,73,24,73,2026-03-01 16:51:25,2026-02-14 19:28:33,0,0,8737C,Arcadia High School Team C,ARCADIA HIGH,California - Region 4,United States
1320,88,20,68,20,71,2026-03-07 01:19:19,2026-02-07 20:14:32,53,0,4691R,RoboRaptors,Uintah High School,Utah,United States
1321,88,20,68,20,68,2026-02-07 17:00:50,2026-01-30 19:06:00,58,0,62629P,Iron Patriots: Platypus,WHEELING PARK HIGH SCHOOL,West Virginia,United States
1322,88,20,68,20,68,2026-01-17 16:53:40,2026-01-24 20:58:44,55,0,80550A,Pi-Rates,WINDSOR CHARTER ACADEMY MIDDLE AND EARLY COLLEGE H,Colorado,United States
1323,88,20,68,20,72,2026-01-05 15:57:30,2026-03-14 17:03:32,0,0,16099D,Overclock,KG Computech,New York-South,United States
1324,88,20,68,20,68,2026-02-20 22:34:49,2026-02-20 23:26:31,0,0,56448A,Apollo,Hartselle High School,Alabama,United States
1325,88,15,73,15,73,2025-11-08 17:58:19,2026-03-15 01:22:34,56,0,72734N,Wall-E,"GENTRY HIGH SCHOOL ",Arkansas,United States
1326,88,15,73,15,73,2026-03-15 17:41:58,2026-03-15 15:06:50,0,0,34532D,Dragon Robotics,PINECREST GLADES PREPARATORY ACADEMY MIDDLE HIGH SCHOOL,Florida - South,United States
1327,87,57,30,57,64,2026-02-28 19:09:48,2025-12-31 17:51:20,0,0,65696C,TVT VEX Robotics C,TARBUT V'TORAH COMMUNITY DAY SCHOOL,California - Region 4,United States
1328,87,53,34,53,34,2026-02-10 23:34:35,2026-02-10 23:08:03,53,10,91775A,Aegleseeker,FAIRBANKS HIGH SCHOOL,Ohio,United States
1329,87,48,39,48,58,2026-02-07 07:14:03,2026-01-17 03:31:45,18,0,35986W,Dawn Knights,Handle Sports (Hong Kong) Development Limited,Hong Kong,Hong Kong
1330,87,42,45,42,45,2026-02-28 13:47:13,2026-02-28 14:34:18,0,0,39Z,Bobby Wasabi,CRANBROOK SCHOOLS,Michigan,United States
1331,87,26,61,32,61,2026-02-07 14:55:30,2026-02-21 17:03:31,0,0,28809A,Debugged and Dangerous,NCCHS,Kentucky,United States
1332,87,32,55,32,55,2026-01-16 06:11:59,2026-01-15 10:02:06,0,0,8861A,Good Boy,International School Bangkok,Thailand,Thailand
1333,87,31,56,31,56,2026-01-10 17:17:34,2026-01-10 20:56:46,0,0,3702G,GIGABYTE,Danville High School,Kentucky,United States
1334,87,31,56,31,56,2026-03-14 14:04:35,2026-03-14 17:33:54,0,0,38535K,Titan McQueen,Glenbrook South High School,Illinois,United States
1335,87,14,73,30,74,2026-03-08 17:07:18,2026-01-31 21:51:00,5,0,16889X,Dead weight Loss,Garage Team,California - Region 2,United States
1336,87,25,62,25,62,2025-10-04 06:20:21,2025-10-04 06:24:28,0,0,32266C,佛山一中,佛山第一中学,South China,China
1337,87,22,65,22,65,2026-02-15 19:28:48,2026-02-15 15:20:06,18,0,2072A,Ares,Enginotic 6 Robotics,Virginia,United States
1338,87,15,72,22,72,2025-11-08 19:37:40,2026-03-07 18:43:55,30,0,18888A,Heavy Metal Mush,Power Robot Foundation,California - Region 2,United States
1339,87,21,66,21,66,2025-10-04 08:02:17,2025-10-04 05:14:01,0,0,96666V,96666V 随机炜杰晨,"福州第一中学 Fuzhou No. 1 Middle School ",South China,China
1340,87,20,67,20,67,2026-01-30 20:14:09,2026-01-30 21:09:42,58,0,96671V,Quad Aces,RED RIVER HIGH SCHOOL,North Dakota,United States
1341,87,20,67,20,67,2025-11-23 00:01:12,2025-11-22 22:03:02,55,0,2443C,Blue Thunder Circuits,MAUI HIGH SCHOOL,Hawaii,United States
1342,87,20,67,20,67,2026-02-01 18:52:24,2026-02-01 18:38:16,52,0,727T,727 Gamma,TAMPA PREPARATORY SCHOOL,Florida - North/Central,United States
1343,87,20,67,20,67,2026-03-14 22:42:50,2026-03-14 14:59:42,52,0,78889W,VIPER,KILLINGLY HIGH SCHOOL,Connecticut,United States
1344,87,20,67,20,67,2026-02-28 18:15:48,2026-02-28 17:03:14,1,0,46311B,Bits N' Pieces - Illiana,Illiana Christian High School,Indiana - Region 1 - North,United States
1345,87,20,67,20,67,2026-01-24 18:30:16,2026-01-24 17:09:55,0,0,26468C,Bengal Tigertrons,BLYTHEWOOD HIGH,South Carolina,United States
1346,87,20,67,20,67,2026-02-21 17:58:31,2026-02-21 19:17:41,0,0,16021J,BurnOut,Canadian Valley Technology Center,Oklahoma,United States
1347,87,20,67,20,67,2026-02-26 01:44:18,2026-02-26 15:59:15,0,0,12208C,Depth Charge,FRIENDSWOOD HIGH SCHOOL,Texas - Region 3,United States
1348,87,20,67,20,67,2026-03-14 01:17:34,2026-03-14 00:54:20,0,0,7983R,Centennial CyberHawks R,Centennial High School,California - Region 3,United States
1349,87,15,72,15,72,2026-01-31 15:45:40,2026-01-31 16:16:19,59,0,2011K,Kinetic,BRECKSVILLE-BROADVIEW HEIGHTS HIGH SCHOOL,Ohio,United States
1350,87,15,72,15,72,2026-02-21 15:38:54,2026-02-21 15:24:07,49,0,7701U,Parabola,ZIONSVILLE COMMUNITY HIGH SCHOOL,Indiana - Region 2 - Central,United States
1351,86,38,48,38,75,2025-08-01 01:33:14,2025-12-26 22:44:17,0,0,11444X,Clairvoyance,play ground Robotics,California - Region 4,United States
1352,86,20,66,36,66,2026-03-15 19:28:44,2026-02-28 19:27:20,0,0,46673B,Slithering Snippers,IPREP  ACADEMY NORTH,Florida - South,United States
1353,86,33,53,33,68,2026-01-04 00:23:07,2026-02-15 01:10:22,0,0,2459C,Golden Hawks Robotics,NANAKULI HIGH & INTERMEDIATE SCHOOL,Hawaii,United States
1354,86,30,56,30,56,2026-03-06 20:39:00,2026-03-07 16:46:55,0,0,1200E,Terminators,St. Mary Catholic High School,Wisconsin,United States
1355,86,22,64,29,64,2026-02-28 22:03:07,2026-02-07 14:45:06,0,0,41529A,St. Anne's School A,St. Anne's School,Ontario,Canada
1356,86,11,75,26,75,2025-10-24 08:08:00,2026-01-09 07:57:07,0,0,88299A,HZ.Robot Club,HZ.Robot Club,East China,China
1357,86,25,61,25,65,2026-01-16 00:40:35,2025-11-20 18:00:59,35,0,29204A,r/Obot,CREATE,Alabama,United States
1358,86,25,61,25,61,2026-03-06 15:53:13,2026-03-06 21:12:12,30,0,44585A,HSI Echo,Harmony School of Innovation El Paso- Middle/High,Texas - Region 1,United States
1359,86,25,61,25,61,2026-02-21 17:08:56,2026-02-21 17:33:29,0,0,4112B,Bleed Blue,Zanesville High School,Ohio,United States
1360,86,20,66,23,66,2025-11-22 19:05:51,2026-01-03 15:13:53,0,0,2140D,2140D,JENISON HIGH SCHOOL,Michigan,United States
1361,86,15,71,23,71,2026-01-27 22:54:36,2025-12-13 22:57:02,0,0,62019A,SeaKings A,PALOS VERDES HIGH,California - Region 4,United States
1362,86,15,71,20,71,2025-11-12 17:40:32,2025-12-13 16:46:09,52,0,19713N,The Oil Rig,Cypress Ranch High School,Texas - Region 3,United States
1363,86,17,69,17,69,2026-02-20 19:25:14,2026-02-20 17:44:44,26,0,77711J,The Slurpers,NIMITZ HIGH SCHOOL,Texas - Region 2,United States
1364,86,15,71,16,71,2025-11-21 17:34:34,2026-02-20 18:03:38,1,0,2750A,The Spin Doctors,MILLER GROVE SCHOOL,Texas - Region 2,United States
1365,86,15,71,15,71,2026-03-15 17:21:15,2026-03-15 14:20:12,59,1,53E,Area 53 Alien Raiders,Greenbelt Robotics Team,Maryland,United States
1366,86,15,71,15,71,2025-12-06 17:03:27,2026-02-05 15:54:13,57,0,78634D,Blackout,HUTTO HIGH SCHOOL,Texas - Region 4,United States
1367,86,15,71,15,75,2026-02-03 18:39:47,2026-02-27 22:19:33,0,0,18080X,HTS Hawks,Holy Trinity School,Ontario,Canada
1368,85,42,43,42,47,2026-02-21 17:55:13,2026-03-14 16:48:50,0,0,84954A,Wa-Nee:  Magnitude,NORTH WOOD HIGH SCHOOL,Indiana - Region 1 - North,United States
1369,85,35,50,35,53,2026-02-14 19:50:59,2026-02-21 15:08:37,0,0,18640A,Chrome Dome,St Xavier High School,Kentucky,United States
1370,85,32,53,32,65,2026-01-12 17:56:08,2026-01-23 14:40:02,16,57,15801E,The Mad Scientists,DUBOIS AREA SHS,Pennsylvania - West,United States
1371,85,32,53,32,60,2026-02-04 07:12:14,2025-12-19 07:15:50,0,1,23083Z,Reaper,臺北市私立薇閣高級中學,Chinese Taipei,Taiwan
1372,85,31,54,31,54,2026-02-27 18:50:23,2026-02-28 13:39:41,0,0,3223A,Fireball,WEST MICHIGAN AVIATION ACADEMY,Michigan,United States
1373,85,17,68,30,70,2026-01-17 19:57:24,2026-02-07 20:03:44,0,0,1908K,DK Crew,Wasatch High School,Utah,United States
1374,85,27,58,30,58,2026-02-21 18:10:32,2026-02-07 16:29:20,0,0,7121E,Maverick Robotics,ARCHBISHOP EDWARD MCCARTHY HIGH SCHOOL,Florida - South,United States
1375,85,25,60,25,64,2026-01-01 07:22:10,2025-10-25 05:34:38,34,0,13312A,NAIS SRCC Robot Club,NAIS,East China,China
1376,85,24,61,24,61,2026-03-01 01:03:57,2026-02-28 18:09:39,0,0,2496R,Beckman Robotics Rampage,Arnold O. Beckman High School,California - Region 4,United States
1377,85,21,64,21,64,2026-03-14 19:21:39,2026-03-14 19:14:44,0,0,59968T,Temeraire,JOHN F KENNEDY HIGH SCHOOL,New York-South,United States
1378,85,20,65,20,68,2025-12-13 19:47:48,2026-03-14 16:17:49,56,0,106Z,.zip,Excel-Robotic Lab LLC,Texas - Region 2,United States
1379,85,15,70,20,70,2026-01-31 16:26:44,2026-01-11 18:43:54,0,0,88170B,Buccaneer Robotics,South Dade Senior High,Florida - South,United States
1380,85,20,65,20,65,2026-02-28 14:47:27,2026-02-26 22:11:56,32,0,7282S,AutoFlashes: Starbound,Franklin Central High School,Indiana - Region 2 - Central,United States
1381,85,11,74,18,74,2026-03-01 19:59:47,2026-02-03 20:52:01,0,0,6627X,Knight Time Bots - Xenoceratops,FOOTHILL HIGH,California - Region 4,United States
1382,85,15,70,15,70,2026-02-23 16:09:23,2026-02-23 16:12:08,56,4,4255B,King Bob,Madison Co Voc Complex,Mississippi,United States
1383,85,15,70,15,70,2026-03-08 14:24:27,2026-02-15 15:56:52,59,0,15797Z,Zoobers,LexVEX Robotics,Massachusetts,United States
1384,85,15,70,15,70,2026-01-31 19:33:45,2026-02-15 18:47:10,57,0,6104M,Monsoon,Shorecrest Preparatory School,Florida - North/Central,United States
1385,85,15,70,15,70,2025-11-08 14:14:07,2026-01-10 18:45:15,60,0,55760V,Vulcan's Flame,NORTHRIDGE HIGH SCHOOL,Indiana - Region 1 - North,United States
1386,85,0,85,15,85,2025-11-15 17:16:33,2026-02-27 20:23:22,0,0,7760X,Airplane Mode,Seed Seek Robotics,Michigan,United States
1387,85,15,70,15,70,2026-02-14 03:46:58,2026-02-14 21:48:52,0,0,80852A,Royal Robotics,HANALANI SCHOOLS,Hawaii,United States
1388,85,10,75,10,75,2026-02-14 22:19:23,2026-02-14 19:15:20,0,0,1516A,Fighting Grizzlies,California High School,California - Region 2,United States
1389,84,53,31,53,52,2026-02-28 19:01:39,2026-02-08 19:01:46,0,0,39B,Daily Silksong News,CRANBROOK SCHOOLS,Michigan,United States
1390,84,24,60,42,60,2026-01-31 16:30:35,2026-02-22 15:44:31,0,0,59A,RAMTECH,MIAMI CORAL PARK SENIOR HIGH,Florida - South,United States
1391,84,38,46,38,46,2026-02-21 17:15:08,2026-02-21 17:58:42,3,0,7316P,Euphoria,FIRESTONE HIGH SCHOOL,Ohio,United States
1392,84,37,47,37,47,2026-03-06 17:22:19,2026-03-06 17:26:28,0,0,13056B,Robo Ruins,ROYALTON HIGH SCHOOL,Minnesota,United States
1393,84,34,50,34,50,2026-02-07 16:44:26,2026-02-07 18:10:56,0,0,25600Z,Roxbury Latin - 404: Robot Not Found,THE ROXBURY LATIN SCHOOL,Massachusetts,United States
1394,84,32,52,32,63,2026-01-03 18:39:28,2026-02-15 19:23:12,0,0,13722G,Magnus Turbius,The Frazer School,Florida - North/Central,United States
1395,84,31,53,31,53,2026-02-21 19:58:24,2026-02-21 21:20:46,10,0,66743W,Galaxy,Galaxy,California - Region 2,United States
1396,84,23,61,30,61,2025-11-08 18:17:20,2025-11-22 18:32:42,2,0,51548B,Inertial,Covington High Lion-Bots,Louisiana,United States
1397,84,29,55,29,55,2026-02-21 17:19:25,2026-02-21 15:24:27,0,0,36064A,The Flux Capacitors,Pike Road STEM Club,Alabama,United States
1398,84,20,64,27,64,2025-10-04 07:20:58,2026-02-07 03:52:28,0,0,4275Z,CCK Zero,CMA Choi Cheung Kok Secondary School,Hong Kong,Hong Kong
1399,84,20,64,27,64,2026-02-14 17:10:40,2026-03-06 19:45:11,3,0,99750A,Sparta's Chosen,ROCORI SENIOR HIGH,Minnesota,United States
1400,84,27,57,27,57,2026-03-08 14:44:57,2026-03-08 20:31:05,0,0,71881Z,Better Call Bot,CAPITAL HIGH SCHOOL,West Virginia,United States
1401,84,25,59,25,59,2026-03-06 17:17:32,2026-03-06 18:07:22,35,0,99319W,Wildcard,PRINCETON HIGH SCHOOL,Minnesota,United States
1402,84,25,59,25,59,2026-01-10 18:27:02,2026-01-10 14:13:09,10,9,3223C,Cesium,WEST MICHIGAN AVIATION ACADEMY,Michigan,United States
1403,84,25,59,25,59,2026-01-23 07:16:03,2026-01-23 07:11:58,0,0,2053W,King,Shanghai American School Puxi,East China,China
1404,84,24,60,24,60,2026-01-27 16:12:42,2026-01-27 17:34:27,33,10,83280X,CHAØS,LANGHAM CREEK HIGH SCHOOL,Texas - Region 3,United States
1405,84,18,66,24,66,2025-11-15 08:41:22,2026-01-02 01:57:29,0,0,99236K,重庆南开中学,重庆南开中学,West China,China
1406,84,15,69,23,69,2025-12-28 11:50:57,2026-03-01 10:33:41,0,0,28390T,MARKUT,TÜBİTAK Fen Lisesi,Türkiye,Türkiye
1407,84,23,61,23,61,2026-02-28 14:33:54,2026-02-28 18:33:35,0,0,7614A,Phoenix Rising: Andromeda,Newmarket HS,Ontario,Canada
1408,84,23,61,23,61,2026-03-15 13:03:08,2026-03-14 17:19:57,0,0,119W,Singularity,ST BERNARD SCHOOL,Connecticut,United States
1409,84,22,62,22,62,2025-12-06 19:50:25,2025-12-06 16:58:49,0,10,6865D,No Solution,BARBERS HILL HIGH SCHOOL,Texas - Region 3,United States
1410,84,22,62,22,68,2026-02-07 20:25:51,2026-02-13 17:38:55,0,0,12169A,Bet On Red,TRENTON HIGH SCHOOL,Texas - Region 2,United States
1411,84,22,62,22,66,2026-02-07 07:42:44,2026-01-15 11:17:46,0,0,4139T,Tool Lateralus,Steam Labs Technology and Robotics Studio,Thailand,Thailand
1412,84,22,62,22,62,2026-03-07 01:11:21,2026-03-07 18:13:22,0,0,13650C,N-Squared,WINNECONNE HIGH,Wisconsin,United States
1413,84,15,69,20,69,2026-01-24 22:01:24,2026-01-17 21:27:17,0,0,90385A,Pumas: Purple,UPREP,Washington,United States
1414,84,20,64,20,64,2026-01-19 19:46:28,2026-01-19 17:57:10,55,0,6527A,Windham Warriors,Windham Ashland Central School,New York-North,United States
1415,84,20,64,20,64,2026-01-17 18:20:20,2026-03-07 22:07:23,55,0,61353B,The Technicians,ADVANCED TECHNOLOGIES ACADEMY,Nevada,United States
1416,84,20,64,20,65,2026-01-10 02:47:35,2026-02-28 15:59:38,58,0,5069S,SupernØva,Millard North High School,Nebraska,United States
1417,84,20,64,20,64,2026-03-14 19:31:56,2026-01-31 18:19:15,56,0,99206V,VOLTROX,CodeCraftRobotics,Texas - Region 4,United States
1418,84,15,69,20,69,2026-01-24 19:06:58,2026-03-07 18:23:00,0,0,8568R,Radius,North Andover High School,Massachusetts,United States
1419,84,17,67,17,67,2026-02-06 23:34:22,2026-02-06 23:29:09,0,4,2996A,Wireback United,Bestcoder,New Zealand,New Zealand
1420,84,15,69,15,69,2025-12-13 21:01:56,2026-02-28 18:32:05,56,4,221E,Kraken,Westwood Community High School,Alberta/Saskatchewan,Canada
1421,84,15,69,15,69,2026-01-31 19:11:16,2026-01-31 18:27:29,1,0,13722Z,Zeno,The Frazer School,Florida - North/Central,United States
1422,84,15,69,15,69,2026-01-27 19:13:33,2026-02-07 21:03:49,59,0,16329T,DEVeloperz,CYPRESS RIDGE HIGH SCHOOL,Texas - Region 3,United States
1423,84,5,79,5,79,2026-01-09 07:22:35,2026-01-09 07:26:53,0,0,2855A,Beijing High School International U,Beijing High School International Department​,North China,China
1424,83,37,46,37,46,2026-01-31 06:36:54,2026-01-31 07:05:31,6,0,99484A,"Major Violation, DOXA Robotics",Christian Academy in Japan,Japan,Japan
1425,83,33,50,33,50,2026-01-02 07:59:47,2026-01-02 08:06:40,0,0,2746A,WOC,high school,Middle China,China
1426,83,26,57,26,57,2026-03-15 20:33:43,2026-03-15 18:06:28,0,0,7187X,π≈4,FAYETTEVILLE HIGH SCHOOL EAST,Arkansas,United States
1427,83,15,68,22,68,2025-12-06 19:01:42,2025-12-15 22:10:13,40,0,44691C,Cosmic Rewind,WOOSTER HIGH SCHOOL,Ohio,United States
1428,83,21,62,21,64,2026-01-09 20:15:57,2026-03-14 19:55:28,0,0,16021S,Skilled Disappointment,Canadian Valley Technology Center - Chickasha,Oklahoma,United States
1429,83,21,62,21,62,2026-02-14 18:56:59,2026-02-14 16:59:41,0,0,1064G,OPS - G Force,OMAHA NORTH MAGNET HIGH SCHOOL,Nebraska,United States
1430,83,20,63,20,63,2026-02-21 17:41:16,2026-03-07 18:59:15,58,0,84075X,Vampire Slayers,SYRACUSE HIGH,Utah,United States
1431,83,20,63,20,63,2026-02-28 17:19:14,2026-02-28 18:05:57,57,0,1575X,Xcaliber,Woodbridge Senior High School,Virginia,United States
1432,83,20,63,20,63,2025-11-15 14:59:12,2026-03-07 15:11:42,57,0,7862K,VEXpertise,Hesston High School,Kansas,United States
1433,83,20,63,20,63,2026-03-07 16:45:33,2026-03-07 20:26:57,55,0,43277Z,"Gear Bots ",Gear Bots,Arizona,United States
1434,83,20,63,20,63,2025-12-06 04:04:17,2025-12-06 00:53:32,15,0,97230D,Quartic Quibblers,Highvale Secondary College,Australia,Australia
1435,83,10,73,20,73,2026-01-31 21:12:07,2026-02-28 22:48:19,56,0,3050X,Peninsula High School Xiphos,PALOS VERDES PENINSULA HIGH,California - Region 4,United States
1436,83,15,68,20,68,2025-12-06 17:10:25,2025-12-13 16:55:54,0,0,17788F,Frostbyte,Private,Nebraska,United States
1437,83,20,63,20,63,2026-02-22 17:29:12,2026-02-22 22:25:02,0,0,2550X,Grizzly Robotics X,GRANITE BAY HIGH,California - Region 2,United States
1438,83,18,65,18,65,2026-03-07 19:00:26,2026-03-07 16:20:55,0,0,79267W,Darth Gator,River Bluff High School,South Carolina,United States
1439,83,16,67,16,70,2026-01-18 18:42:31,2026-02-06 16:51:56,0,0,75409A,Axiom,ANNA HIGH SCHOOL,Texas - Region 5,United States
1440,83,15,68,15,68,2026-03-09 14:48:41,2026-03-09 14:40:39,59,0,26038R,Team Rocket,JOHN MARSHALL HIGH SCHOOL,West Virginia,United States
1441,83,15,68,15,68,2026-02-26 10:18:29,2026-02-26 10:11:40,30,0,73447A,EAGoat,Ernst-Abbe-Gymnasium,Germany,Germany
1442,83,15,68,15,68,2026-02-15 20:02:00,2026-02-15 18:51:06,3,0,99125Z,Boston Ruiguan,BostonRuiguan,Massachusetts,United States
1443,83,15,68,15,68,2026-01-10 17:35:47,2026-03-14 22:28:15,55,0,929K,Kodiak,Hereford High School,Maryland,United States
1444,83,15,68,15,68,2025-10-25 18:14:43,2026-02-03 18:10:37,52,0,57711N,ZipTies,Alchemy Global STEM Institute,Tennessee,United States
1445,83,15,68,15,79,2026-02-05 01:08:25,2026-01-30 21:04:41,0,0,97673X,AXOLOTL CECYTECH 11 CD. DEL CONOCIMIENTO,CECYTECH 11 Cd. del Conocimiento,Mexico,Mexico
1446,83,15,68,15,71,2026-01-30 01:31:42,2026-02-06 17:34:11,0,0,11777S,Total Eclipse,NAMPA CHRISTIAN SCHOOLS,Idaho,United States
1447,83,0,83,0,83,2026-01-10 19:42:02,2026-01-10 18:40:00,0,0,21116M,Rock-IT-Bots,Rock-IT-Bots,Texas - Region 3,United States
1448,82,38,44,38,62,2026-03-14 00:28:44,2026-01-31 18:24:27,0,0,91825C,Celsius,BARTLESVILLE HIGH SCHOOL,Oklahoma,United States
1449,82,37,45,37,51,2026-02-25 00:30:09,2026-02-28 16:01:06,0,0,1193S,SlaughterBotz,Jay County Robotics,Indiana - Region 1 - North,United States
1450,82,37,45,37,45,2026-03-07 22:33:32,2026-03-07 23:07:41,0,0,58593A,Rising Fractals,Robocubs Robotics Club,California - Region 2,United States
1451,82,31,51,31,51,2026-01-31 21:16:40,2026-01-31 22:19:35,17,0,36963A,Robo Rangers,SOUTH GRAND PRAIRIE HIGH SCHOOL,Texas - Region 2,United States
1452,82,30,52,30,52,2026-02-23 17:06:31,2026-02-23 19:58:28,0,0,32636F,Fried ChickenBanana,OXFORD HIGH SCHOOL,Mississippi,United States
1453,82,30,52,30,52,2026-03-07 01:28:43,2026-03-07 02:39:55,0,0,8385C,The COOP,UNION HIGH,Utah,United States
1454,82,18,64,28,64,2026-01-23 23:23:10,2026-01-26 14:46:58,0,0,6079B,Battle Rams,Waltrip High School,Texas - Region 3,United States
1455,82,15,67,23,67,2026-02-21 17:28:23,2025-11-15 16:58:42,0,0,7862H,Highlanders,Hesston High School,Kansas,United States
1456,82,13,69,23,69,2026-02-28 19:13:04,2026-01-10 18:00:03,0,0,3223B,Prizm,WEST MICHIGAN AVIATION ACADEMY,Michigan,United States
1457,82,19,63,22,63,2026-03-01 22:35:21,2026-02-28 16:52:29,0,5,2616B,Blue Shark,Cherry Hill High School East,New Jersey,United States
1458,82,22,60,22,60,2025-11-09 22:11:53,2025-11-09 22:29:11,22,0,404E,Bot Not Found,ELEMENTARY SCHOOL CAMINO REAL CHARTER HIGH,California - Region 4,United States
1459,82,22,60,22,60,2026-01-17 06:55:04,2026-01-17 08:21:51,11,0,8076D,Dilemma,Hwa Chong Institution,Singapore,Singapore
1460,82,20,62,20,62,2026-02-14 13:31:33,2026-02-14 13:11:48,54,0,43779S,Dino Nugs!,SHENANDOAH HIGH SCHOOL,Ohio,United States
1461,82,12,70,20,70,2026-02-21 21:22:20,2026-01-17 19:27:17,58,8,1439P,Proletarians,Proletarians,California - Region 2,United States
1462,82,15,67,15,67,2026-03-15 16:23:44,2026-03-15 18:46:59,59,0,934A,Towson Terminators: Annihilators,TOWSON HIGH LAW & PUBLIC POLICY,Maryland,United States
1463,82,15,67,15,67,2026-01-17 08:22:18,2026-01-17 04:50:50,54,0,8063A,VJCX,Victoria Junior College,Singapore,Singapore
1464,82,15,67,15,67,2026-02-21 21:38:52,2026-02-21 19:49:15,54,0,98333F,Seattle Prep VEX - F,Seattle Preparatory School,Washington,United States
1465,82,15,67,15,67,2026-01-17 21:05:53,2026-03-14 20:10:36,59,2,7983C,Centennial CyberHawks C,Centennial High School,California - Region 3,United States
1466,82,3,79,15,79,2026-03-07 21:21:50,2025-11-15 21:39:18,59,0,20132B,Falcon Robotics - Wingin'-It,Central Valley High School,California - Region 1,United States
1467,82,15,67,15,67,2025-12-06 21:53:33,2026-02-21 20:38:18,53,0,7870D,Deez Blocks,CORONADO HIGH SCHOOL,Nevada,United States
1468,82,12,70,12,70,2026-03-07 19:15:16,2026-03-07 15:26:42,0,0,3796D,Dinoco,J. L. MANN HIGH ACADEMY,South Carolina,United States
1469,81,44,37,56,37,2025-12-19 06:18:44,2025-10-25 10:05:33,0,0,1996Y,Go warriors,AP Program of The High School Affiliated to Beijing Normal University,North China,China
1470,81,42,39,42,39,2026-03-08 15:06:26,2026-03-08 15:19:30,0,0,1898S,SHADOW,MILTON ACADEMY,Massachusetts,United States
1471,81,39,42,39,50,2026-02-28 18:29:45,2026-02-14 18:37:30,0,0,2567R,Porta-Botz!-JROTC Marines,PORTAGE HIGH SCHOOL,Indiana - Region 1 - North,United States
1472,81,24,57,31,57,2026-02-28 02:51:37,2026-02-08 00:56:28,0,0,45519E,The Eh Team,STEM Innovation Academy,Alberta/Saskatchewan,Canada
1473,81,23,58,30,61,2025-11-15 21:16:20,2026-01-17 18:30:52,14,0,40040M,Microwave Safe,Academic Magnet High School,South Carolina,United States
1474,81,28,53,28,53,2026-03-14 21:29:50,2026-03-14 17:14:31,0,0,93706H,Union Robotics H,WASHINGTON HIGH,California - Region 3,United States
1475,81,27,54,27,54,2026-02-15 17:37:07,2026-02-15 17:52:28,0,0,50853A,Robotic RAMS,ORANGEWOOD CHRISTIAN SCHOOL,Florida - North/Central,United States
1476,81,27,54,27,54,2026-02-21 18:10:17,2026-02-21 19:29:46,0,0,12516A,Dosa Destroyers,Pesarettu Peddlers,Washington,United States
1477,81,26,55,26,55,2025-11-19 00:04:41,2025-11-19 00:23:10,18,0,21111B,Toa Robotics 2.0,TAFUNA HIGH SCHOOL,American Samoa,American Samoa
1478,81,15,66,26,66,2026-02-07 17:11:50,2026-02-21 15:27:42,8,0,3217A,Aegaeus,MARTHA LAYNE COLLINS HIGH SCHOOL,Kentucky,United States
1479,81,25,56,25,56,2026-02-19 18:20:09,2026-02-19 20:49:40,0,0,63031A,Rust-eze,Vallivue High School,Idaho,United States
1480,81,19,62,23,62,2026-01-23 16:26:53,2026-01-31 18:49:35,0,0,333Z,Can't we just be 333Z?,Niles North 333 Robotics,Illinois,United States
1481,81,21,60,21,60,2026-02-08 19:18:12,2026-02-08 17:44:03,0,0,8780F,Fantoms,Waubonsie Valley High School,Illinois,United States
1482,81,21,60,21,60,2026-02-12 23:47:37,2026-02-13 00:13:09,0,0,4478W,Wall-E,MASUK HIGH SCHOOL,Connecticut,United States
1483,81,20,61,20,61,2026-02-28 17:49:42,2026-02-28 15:23:07,0,0,631B,Supercalifragilisticexpialidocious,Leo Robotics,Indiana - Region 1 - North,United States
1484,81,20,61,20,61,2026-03-06 20:50:47,2026-03-06 20:56:46,0,0,9457Z,Spongebot Spareparts,MANKATO EAST SENIOR HIGH,Minnesota,United States
1485,81,17,64,17,64,2026-02-21 18:37:04,2026-02-21 19:26:48,0,0,25600S,Roxbury Latin - On the Rox,The Roxbury Latin School,Massachusetts,United States
1486,81,11,70,15,70,2026-01-10 16:35:42,2026-03-07 18:37:55,50,0,5062V,Vulpus,FOX VALLEY LUTHERAN HIGH SCHOOL,Wisconsin,United States
1487,81,5,76,5,76,2025-10-25 10:36:05,2025-10-25 09:24:30,50,9,7258Y,HSch Attached to BJUT-Y,High School Attached to Beijing University of Technology,North China,China
1488,81,5,76,5,76,2026-03-01 09:26:40,2026-03-01 10:38:36,0,0,52521A,TempVex,Col·legi Vedruna Vall,Spain,Spain
1489,81,3,78,3,78,2026-01-24 03:44:31,2026-01-24 02:28:56,20,0,66550B,Benigno Robotics Elite,"Benigno ""Ninoy"" S. Aquino High School",Philippines,Philippines
1490,80,15,65,39,65,2026-02-06 23:09:35,2026-01-24 13:38:33,17,0,20785A,HYBRID,Queen Elizabeth's School,United Kingdom,United Kingdom
1491,80,35,45,35,45,2026-02-21 18:30:14,2026-02-21 18:57:36,0,0,98471B,Bandits,CHENEY HIGH SCHOOL,Kansas,United States
1492,80,16,64,29,64,2026-01-24 20:28:10,2026-02-28 01:10:11,0,0,91416M,Unknown Error,Wahoo Robotics,Nebraska,United States
1493,80,20,60,26,60,2026-02-07 18:16:40,2026-03-07 16:17:08,0,0,36421A,Team Rocket,HOLY CROSS DISTRICT HIGH SCHOOL,Kentucky,United States
1494,80,25,55,25,55,2026-02-26 22:50:40,2026-02-26 17:38:27,0,0,33007Y,Beanbotics,BELLAIRE HIGH SCHOOL,Texas - Region 3,United States
1495,80,20,60,20,60,2025-12-06 21:32:47,2025-12-06 20:34:34,57,5,27508F,Viking Robotics Team TYR,North Salem High School,Oregon,United States
1496,80,15,65,20,65,2026-01-09 20:47:31,2026-01-31 19:33:31,58,4,96671H,Hitmen,RED RIVER HIGH SCHOOL,North Dakota,United States
1497,80,15,65,20,65,2025-11-15 23:20:15,2025-11-23 00:00:12,0,0,9568X,RoboPlanet,RoboPlanet Education and Community Society,British Columbia (BC),Canada
1498,80,15,65,20,65,2026-01-10 14:57:54,2026-03-08 15:09:18,56,0,92973B,SlipGear,Cape Cod Tech,Massachusetts,United States
1499,80,20,60,20,64,2026-02-14 16:07:19,2026-03-13 23:50:56,55,0,2396B,Red Dirt Robotics,Canadian Valley Technology Center,Oklahoma,United States
1500,80,19,61,20,61,2026-02-21 16:51:54,2026-03-07 19:48:12,0,0,9257S,Syntax Error,COVINGTON CATHOLIC HIGH SCHOOL,Kentucky,United States
1501,80,20,60,20,60,2026-02-05 00:55:19,2026-02-05 01:06:25,0,0,99153A,Dark Side Cecyt 14,CECYTE Chihuahua No. 14 Villa Esperanza,Mexico,Mexico
1502,80,20,60,20,60,2026-02-07 17:32:20,2026-02-07 18:49:41,0,0,77174X,Saints Robotics,St. George's School,British Columbia (BC),Canada
1503,80,20,60,20,60,2026-02-14 16:59:21,2026-02-14 18:41:28,0,0,58676A,Corsaires Amnésiques,Ecole Pointe-Lévy,Quebec,Canada
1504,80,20,60,20,60,2026-02-23 19:56:21,2026-02-23 17:17:02,0,0,39110Z,39110Z,Germantown High School,Mississippi,United States
1505,80,15,65,15,65,2025-11-22 20:04:44,2025-10-25 19:20:41,59,0,7700S,Rolling Robots Simplicity,Rolling Robots,California - Region 4,United States
1506,80,15,65,15,65,2026-02-07 06:33:01,2026-02-07 03:36:53,58,0,2143A,Matt Robotics TeamA,Matt Robotics,Hong Kong,Hong Kong
1507,80,5,75,15,75,2026-02-14 20:52:32,2026-03-07 15:36:50,56,0,1166P,Phase Shift,Lutheran High School,Colorado,United States
1508,80,15,65,15,65,2025-11-15 16:35:28,2025-11-08 14:04:17,60,0,55760R,Rubber Duckies,NORTHRIDGE HIGH SCHOOL,Indiana - Region 1 - North,United States
1509,80,5,75,15,75,2026-02-07 21:15:32,2026-03-13 22:21:32,57,0,57249B,Raptor Robotics - BLAZE,Ravenwood High School,Tennessee,United States
1510,80,15,65,15,65,2025-11-16 00:23:37,2026-01-10 22:39:14,56,0,3685A,Robobots,Waianae High School - Searider Robotics,Hawaii,United States
1511,80,11,69,11,69,2026-02-27 22:11:02,2026-02-27 22:14:25,44,0,36620H,jim,UNITY CHRISTIAN HIGH SCHOOL,Michigan,United States
1512,80,8,72,8,72,2026-01-17 17:06:35,2026-01-17 19:13:22,0,2,39960A,Revelation,Coronado High School JROTC Robotics,Texas - Region 1,United States
1513,79,54,25,54,25,2026-02-14 16:35:23,2026-02-14 18:15:26,0,0,19697Z,Pyronauts,JORDAN HIGH SCHOOL,Texas - Region 3,United States
1514,79,32,47,32,53,2026-02-14 18:37:16,2026-01-31 18:39:10,0,0,68763B,We Have No Clue,O'NEILL HIGH SCHOOL,Nebraska,United States
1515,79,32,47,32,47,2026-02-07 08:58:36,2026-02-07 08:39:19,0,0,4694A,ARK,BAPTIST LUI MING CHOI SECONDARY SCHOOL,Hong Kong,Hong Kong
1516,79,31,48,31,48,2026-03-14 12:39:18,2026-03-14 19:34:26,0,0,42747W,Whiplash,West Morris Central High School,New Jersey,United States
1517,79,15,64,30,64,2026-03-01 17:15:53,2026-02-14 19:53:49,0,0,34020E,Error :(,LA SERNA HIGH,California - Region 4,United States
1518,79,30,49,30,49,2026-02-21 19:29:30,2026-02-21 18:56:34,0,0,67147R,Nevermore,Robot Club,Kansas,United States
1519,79,20,59,27,59,2025-10-11 13:47:02,2026-02-27 14:47:56,46,0,46846T,INT,Gordonstoun School,United Kingdom,United Kingdom
1520,79,27,52,27,52,2026-02-28 21:27:27,2026-02-27 23:27:12,0,0,19109G,UTS Fish & Chips,University of Toronto Schools,Ontario,Canada
1521,79,26,53,26,53,2026-03-07 15:21:01,2026-03-07 16:54:28,10,0,9039T,abDUCKted,BrandywineBOTS,Delmarva,United States
1522,79,25,54,25,54,2026-03-14 17:34:21,2026-03-13 21:24:12,0,0,98709P,Shirebots - Pulchritudinous,DAYSPRING ACADEMY,Tennessee,United States
1523,79,23,56,23,56,2026-03-14 13:45:38,2026-03-14 15:47:25,0,0,32563A,Port Jervis High School,PORT JERVIS SENIOR HIGH SCHOOL,New York-South,United States
1524,79,21,58,21,58,2026-02-02 19:40:39,2026-02-02 19:22:35,1,0,75019D,Coppell T-WEX,COPPELL HIGH SCHOOL,Texas - Region 5,United States
1525,79,20,59,20,59,2026-02-21 15:36:11,2026-02-21 19:35:47,52,0,99989E,CODEmandos - Bishop,Hendersonville High School,Tennessee,United States
1526,79,20,59,20,59,2026-02-12 21:49:22,2026-02-28 16:26:36,58,0,26163A,"Team Black Knights ""Lance""",KENWOOD HIGH,Tennessee,United States
1527,79,20,59,20,59,2025-12-06 21:40:08,2025-11-22 21:55:21,58,0,945G,Crash Test,GREEN VALLEY HIGH SCHOOL,Nevada,United States
1528,79,4,75,20,75,2025-12-13 21:50:51,2026-02-27 21:39:47,56,0,16610X,Cooking goose,Techblazers,Ontario,Canada
1529,79,11,68,20,68,2026-01-31 15:14:50,2026-03-07 17:05:54,55,0,4898A,Pioneer Flamingos,EAGLE HILL SCHOOL,Massachusetts,United States
1530,79,20,59,20,59,2026-02-15 19:22:55,2026-03-14 16:01:22,54,0,154D,Dark Dynamics,GAR-FIELD HIGH,Virginia,United States
1531,79,11,68,20,68,2025-11-16 19:41:26,2026-02-08 17:43:18,0,0,2360S,Singularity,Neuqua Valley High School,Illinois,United States
1532,79,20,59,20,65,2025-11-08 03:35:06,2026-01-02 05:43:41,0,0,69969A,player,江西师范大学附属中学,Middle China,China
1533,79,15,64,20,64,2026-01-31 16:22:19,2026-03-06 20:28:46,0,0,56K,Killer Sea Rats,CAPE ELIZABETH High School,Maine,United States
1534,79,20,59,20,59,2025-11-25 16:24:02,2025-11-24 22:28:55,0,0,85142Z,Geared UP,QCRF,Arizona,United States
1535,79,20,59,20,59,2026-03-07 21:16:41,2026-03-07 19:17:29,0,0,3440V,Variants,"REACT ",Kentucky,United States
1536,79,17,62,17,62,2026-03-14 15:02:52,2026-03-14 14:10:59,0,2,24816T,Invictus,Happy Valley High School,Tennessee,United States
1537,79,17,62,17,62,2026-02-07 15:11:00,2026-02-07 15:03:05,0,0,4154Y,U.S.S. ROBOTICS,NSU UNIVERSITY SCHOOL,Florida - South,United States
1538,79,16,63,16,63,2026-02-08 03:08:04,2026-02-07 01:48:06,0,0,23457B,BL RUBBER DUCK,BRICK Lab Robotics Club,Vietnam,Vietnam
1539,79,15,64,15,64,2025-11-08 23:49:19,2025-11-09 03:26:03,59,5,1940C,Burnout,Knox Grammar School,Australia,Australia
1540,79,15,64,15,64,2026-02-08 02:55:32,2026-02-08 02:53:56,55,0,936C,HKIS Chromium,Hong Kong International School,Hong Kong,Hong Kong
1541,79,15,64,15,71,2025-11-15 16:59:52,2026-01-24 20:15:00,59,0,2790E,The Electric Wires,Valparaiso High School,Indiana - Region 1 - North,United States
1542,79,10,69,15,69,2026-01-30 18:27:24,2026-03-08 15:23:24,59,0,26038S,Killer Frequency,JOHN MARSHALL HIGH SCHOOL,West Virginia,United States
1543,79,0,79,15,79,2025-08-01 22:27:23,2025-09-14 19:06:39,56,0,334U,Supernova Redeem,SCIENCE ACADEMY STEM MAGNET,California - Region 4,United States
1544,79,12,67,15,67,2026-02-28 18:13:59,2026-01-10 18:04:49,52,0,8031C,Polarity,Hudsonville Robotics - HS,Michigan,United States
1545,79,10,69,15,69,2025-12-06 07:54:50,2026-02-03 05:49:48,46,0,60066S,Sniper,Guangdong Experimental High School,South China,China
1546,79,15,64,15,64,2025-12-05 07:53:54,2026-01-17 05:04:39,4,0,6546C,One Degree North,Singapore American School,Singapore,Singapore
1547,79,10,69,15,69,2026-02-14 17:30:01,2026-02-28 19:03:20,0,0,29295C,Stratford Robotics Cobalt,Stratford District Secondary School,Ontario,Canada
1548,79,15,64,15,64,2026-02-07 20:34:02,2026-02-07 18:12:21,0,0,95601Y,Iron Dragons,IDEA COLLEGE PREPARATORY SAN BENITO,Texas - Region 6,United States
1549,79,15,64,15,64,2026-02-14 17:19:03,2026-02-14 17:42:24,0,0,77732A,MSLR ROBOTICS,MSLR Robotics,Indiana - Region 1 - North,United States
1550,79,15,64,15,64,2026-03-14 21:23:50,2026-03-14 18:55:48,0,0,49637C,McFarland Team Chronos,Mcfarland High School,California - Region 3,United States
1551,79,5,74,9,74,2025-11-29 20:38:21,2026-02-14 14:23:32,0,0,20315D,Marcelline D,Collège Sainte-Marcelline,Quebec,Canada
1552,78,36,42,36,51,2026-02-14 20:59:44,2026-03-07 03:21:01,5,0,3249R,.edargorteR,VANCOUVER ITECH PREPARATORY,Oregon,United States
1553,78,32,46,32,47,2025-12-06 02:39:05,2025-08-23 04:05:27,0,3,3023K,重庆南开(融侨)中学校,重庆南开（融侨）中学校,West China,China
1554,78,28,50,28,60,2025-12-12 00:52:19,2026-03-06 19:46:24,9,0,98377S,SPLASH!!!,TECHNICAL SENIOR HIGH,Minnesota,United States
1555,78,26,52,26,52,2026-03-07 22:29:22,2026-03-07 18:17:38,0,0,74177V,VERIFIED,PINECREST ACADEMY OF NEVADA SLOAN CANYON,Nevada,United States
1556,78,24,54,24,54,2026-02-28 16:17:12,2026-02-27 22:56:12,3,0,15155B,The B Team,Ubly JH/HS,Michigan,United States
1557,78,23,55,23,55,2026-01-17 07:07:42,2026-01-17 06:36:56,0,0,8062B,Best Before 2025,NUS High School,Singapore,Singapore
1558,78,23,55,23,55,2026-03-14 15:44:13,2026-03-15 15:10:54,0,0,20164X,SharX,CHARLES J. COLGAN SR. HIGH,Virginia,United States
1559,78,22,56,22,56,2026-03-14 16:47:31,2026-03-14 20:57:28,0,0,93454A,Minion Mayhem,Pioneer Valley High School,California - Region 3,United States
1560,78,20,58,20,58,2026-02-14 17:22:40,2026-02-14 20:52:24,58,0,10909K,× EXCEED × KOSMIK KOKONUTS ×,Exceed Robotics,Ontario,Canada
1561,78,20,58,20,58,2026-02-14 20:04:12,2026-02-14 19:25:35,57,0,6062A,Secratariat,OOLOGAH-TALALA PUBLIC SCHOOLS,Oklahoma,United States
1562,78,20,58,20,58,2025-11-08 16:42:49,2026-03-15 01:58:57,56,0,72116A,G Luff & the Triple S,Catholic High School For Boys,Arkansas,United States
1563,78,13,65,20,65,2026-01-17 21:39:36,2026-02-21 20:43:03,55,0,74177J,Jump Start,PINECREST ACADEMY OF NEVADA SLOAN CANYON,Nevada,United States
1564,78,20,58,20,58,2026-02-21 18:24:02,2026-02-28 19:41:27,53,0,7368C,CCHS Controlled Chaos,COVENANT CHRISTIAN HIGH SCHOOL,Indiana - Region 2 - Central,United States
1565,78,15,63,20,63,2026-02-07 16:57:18,2026-03-07 16:34:07,51,0,99751R,Rampage,Colorado Early College Fort Collins,Colorado,United States
1566,78,20,58,20,69,2026-02-07 19:22:21,2026-02-14 16:35:27,0,0,17771C,C.R.O.W.N,East High School,Kansas,United States
1567,78,20,58,20,58,2026-02-03 01:14:37,2026-02-03 02:54:32,0,0,70181A,70181A,Chengdu No.7 High School,West China,China
1568,78,16,62,16,62,2025-10-04 03:31:49,2025-10-04 03:54:26,0,0,9698S,Affiliated High School of Fujian Normal University,Affiliated High School of Fujian Normal University,South China,China
1569,78,15,63,15,63,2026-02-27 19:58:57,2026-02-27 19:52:59,60,0,2140F,2140F,JENISON HIGH SCHOOL,Michigan,United States
1570,78,15,63,15,63,2026-02-28 23:09:48,2026-02-28 19:01:40,59,0,3388A,Archangel,Sir Winston Churchill High School,Alberta/Saskatchewan,Canada
1571,78,15,63,15,63,2026-03-07 18:02:30,2026-03-07 01:18:50,58,0,59708B,Axelotles,CENTRAL HIGH,Missouri,United States
1572,78,15,63,15,63,2025-11-21 13:39:21,2026-02-07 16:30:03,59,0,663D,UltraViolet,CHATTANOOGA CHRISTIAN SCHOOL,Tennessee,United States
1573,78,15,63,15,63,2026-02-21 21:47:36,2026-02-21 03:57:15,56,0,88883K,Maverick,Ao Tawhiti Unlimited Discovery,New Zealand,New Zealand
1574,78,15,63,15,63,2026-03-14 19:18:32,2026-03-14 14:53:12,55,0,43272U,Fox Robotics - The Chicken Burgers,CADDO MILLS HIGH SCHOOL,Texas - Region 2,United States
1575,78,15,63,15,63,2025-12-31 17:43:52,2025-12-31 16:54:04,54,0,9364D,Iron Eagles - Drift,Brentwood Academy,Tennessee,United States
1576,78,15,63,15,63,2026-03-14 13:33:47,2026-03-14 13:31:56,53,0,654B,Kevin's Henchman,LAKE TRAVIS HIGH SCHOOL,Texas - Region 4,United States
1577,78,5,73,15,73,2026-01-31 19:00:32,2026-03-14 14:26:02,60,0,228A,Team Fuego,"Gus Robotics Team, Inc.",Connecticut,United States
1578,78,15,63,15,65,2025-12-13 21:05:04,2026-02-26 01:07:25,59,0,91923X,RED,Texas Academy at Lamar University,Texas - Region 3,United States
1579,78,15,63,15,75,2025-12-06 19:52:53,2026-02-14 19:26:38,54,0,22204N,NV,WYLIE HIGH SCHOOL,Texas - Region 5,United States
1580,78,15,63,15,63,2026-02-14 23:35:19,2026-02-15 00:42:02,0,0,359B,Hawaiian Kids,WAIALUA HIGH & INTERMEDIATE SCHOOL,Hawaii,United States
1581,78,10,68,10,68,2026-02-27 07:48:44,2026-02-26 07:03:00,0,0,11107X,DOWNFORCE,Cheng Du ShuDe High School,West China,China
1582,77,30,47,32,60,2025-08-16 02:13:17,2026-02-02 07:39:29,0,0,14882A,上海浦东新区民办万科学校,Vanke School Pudong,East China,China
1583,77,32,45,32,45,2026-03-07 20:11:48,2026-03-07 19:32:05,0,0,2442B,Bancroft Robodogs B,BANCROFT SCHOOL,Massachusetts,United States
1584,77,31,46,31,51,2025-12-06 16:06:13,2025-08-02 17:42:39,35,3,4118D,SharkByte,Clear Creek ISD,Texas - Region 3,United States
1585,77,31,46,31,58,2025-12-31 18:36:00,2026-03-07 19:57:07,0,0,31247E,Saber,Saber Robotics,Arizona,United States
1586,77,31,46,31,55,2026-02-21 19:17:04,2026-02-27 01:20:40,0,0,1115C,Chain Reaction,GREENFIELD-CENTRAL HIGH SCHOOL,Indiana - Region 2 - Central,United States
1587,77,30,47,30,48,2026-02-28 15:12:19,2026-03-14 14:46:03,0,0,46N,Nitro,Seton SCHOOL,Virginia,United States
1588,77,29,48,29,48,2026-03-04 17:00:34,2026-03-04 16:52:26,12,0,7157B,Mystery Machine,CHITTENANGO HIGH SCHOOL,New York-North,United States
1589,77,29,48,29,53,2026-02-14 15:55:22,2026-02-27 23:13:08,0,0,5Y,Goblin Gang,RAVENNA SENIOR HIGH,Nebraska,United States
1590,77,28,49,28,49,2026-02-14 15:41:43,2026-02-14 17:05:37,0,0,15376F,Vortex 3S-Frostix,École secondaire des Trois-Saisons,Quebec,Canada
1591,77,15,62,26,62,2026-03-07 15:18:05,2026-02-14 18:17:43,0,0,4393A,Noot Noot Robotics,ME SCH OF SCIENCE & MATHEMATICS,Maine,United States
1592,77,11,66,25,66,2025-11-08 20:06:19,2026-03-15 14:21:31,0,0,20850T,Tailwind,AOE Robotics Club,Maryland,United States
1593,77,11,66,24,66,2026-02-16 15:54:34,2026-02-14 15:28:20,0,0,22324A,ASAP,SALEM HIGH SCHOOL,Ohio,United States
1594,77,22,55,22,55,2026-03-04 17:03:07,2026-03-04 15:36:47,25,0,64040A,Lake George Robotics,LAKE GEORGE High School,New York-North,United States
1595,77,22,55,22,55,2026-03-07 15:32:46,2026-03-07 17:26:34,0,0,9039S,Singularity,BrandywineBOTS,Delmarva,United States
1596,77,21,56,21,64,2026-03-14 17:13:55,2025-11-15 19:52:17,0,0,1233H,Hazard,CROWN POINT HIGH SCHOOL,Indiana - Region 1 - North,United States
1597,77,15,62,21,62,2026-01-17 19:33:56,2026-02-05 19:07:57,0,0,77786S,Skunk Works,BRIDGELAND HIGH SCHOOL,Texas - Region 3,United States
1598,77,20,57,20,57,2026-02-28 04:26:02,2026-02-28 21:07:18,56,0,98549C,COBALT,Burnsview Secondary,British Columbia (BC),Canada
1599,77,15,62,20,62,2025-12-19 05:38:07,2026-02-07 07:40:31,56,3,3297A,Brainchild,Brainchild,Hong Kong,Hong Kong
1600,77,20,57,20,57,2025-11-01 18:08:44,2026-03-07 16:12:04,56,0,44252C,Cobalt,LEXINGTON TECHNOLOGY CENTER,South Carolina,United States
1601,77,20,57,20,64,2026-02-28 15:30:50,2026-02-14 16:38:13,0,0,18799M,MonkeyWrench,MonkeyWrench Robotics,Indiana - Region 2 - Central,United States
1602,77,20,57,20,57,2026-02-15 22:47:39,2026-02-15 17:47:19,0,0,800G,GG | WPRA,Western Pacific Robotics Academy Vancouver,British Columbia (BC),Canada
1603,77,20,57,20,57,2026-03-07 00:19:24,2026-03-07 01:20:51,0,0,1255D,Warhawk Delta,GREAT CROSSING HIGH SCHOOL,Kentucky,United States
1604,77,20,57,20,57,2026-03-14 20:23:08,2026-03-14 21:02:01,0,0,49637B,McFarland Team Bravo,Mcfarland High School,California - Region 3,United States
1605,77,15,62,17,62,2025-12-13 18:02:37,2026-02-14 15:48:55,43,0,7460B,Sieben­tausend­vier­hundert­sechzig B,APOLLO HIGH SCHOOL,Kentucky,United States
1606,77,15,62,16,62,2025-11-15 15:27:57,2026-02-15 18:58:48,26,0,12X,Purplexed,The Potomac School,Virginia,United States
1607,77,15,62,15,62,2026-02-15 01:01:11,2025-11-15 23:16:04,57,0,359C,Hawaiian Kids,WAIALUA HIGH & INTERMEDIATE SCHOOL,Hawaii,United States
1608,77,15,62,15,62,2026-01-31 19:04:21,2026-01-31 15:30:38,53,1,20005Z,Caesar,Fryeburg Academy,Maine,United States
1609,77,14,63,15,63,2026-01-31 18:42:45,2026-03-15 17:31:06,60,0,4478V,Voltage,MASUK HIGH SCHOOL,Connecticut,United States
1610,77,11,66,15,66,2026-01-16 23:51:26,2026-03-14 19:35:21,51,0,663H,Target Acquired,CHATTANOOGA CHRISTIAN SCHOOL,Tennessee,United States
1611,77,15,62,15,62,2026-01-17 14:50:59,2026-01-24 18:54:06,48,0,70444A,RoboFins,DOWNTOWN DORAL CHARTER UPPER SCHOOL,Florida - South,United States
1612,77,15,62,15,62,2026-02-14 20:15:50,2026-02-14 17:57:49,0,0,1165A,Redemption,Caution Tape Independent Program,Ontario,Canada
1613,77,15,62,15,62,2026-02-15 22:57:29,2026-02-15 23:58:05,0,0,9594Y,RoboCavs,Collingwood School,British Columbia (BC),Canada
1614,77,0,77,0,77,2026-03-07 15:14:22,2026-03-07 17:46:44,0,0,14163R,Somerset County,Somerset County Technical High School,Delmarva,United States
1615,76,38,38,38,38,2026-02-21 15:52:01,2026-02-21 15:55:16,0,0,81834B,Frank the Combine,VERSAILLES HIGH SCHOOL,Ohio,United States
1616,76,31,45,31,49,2026-02-07 15:14:38,2026-02-28 17:47:36,35,0,128A,Wired Weirdos,Korah Collegiate & Vocational School,Ontario,Canada
1617,76,25,51,30,51,2026-02-28 16:33:02,2026-03-15 15:39:33,35,0,7187C,Nathan Byars Evil Incorporated,FAYETTEVILLE HIGH SCHOOL EAST,Arkansas,United States
1618,76,28,48,28,54,2026-02-14 16:58:27,2025-12-06 15:53:30,0,0,3773C,BowBots - Carbon (C),Bow High School,New Hampshire/Vermont,United States
1619,76,27,49,27,50,2026-01-06 23:48:05,2025-12-13 17:51:29,0,0,44691F,Fierce Functionality,WOOSTER HIGH SCHOOL,Ohio,United States
1620,76,26,50,26,50,2026-03-15 17:08:02,2026-03-15 15:13:34,41,0,13150C,C Monsters,Gainesville High School,Virginia,United States
1621,76,25,51,26,51,2026-01-18 18:50:05,2026-03-01 14:36:55,24,0,4610B,Burnt Elephant,Robot Revolution,New Jersey,United States
1622,76,23,53,23,57,2026-01-31 20:55:24,2026-02-07 19:25:45,0,0,8433Y,Wild Kitties,White Oaks Secondary School,Ontario,Canada
1623,76,23,53,23,53,2026-03-06 19:42:49,2026-03-06 19:57:45,0,0,56549B,ROCK SOLID,HAWLEY SECONDARY,Minnesota,United States
1624,76,15,61,22,61,2025-12-13 18:07:56,2026-03-15 18:50:19,0,0,1727V,REX,Dulaney High School,Maryland,United States
1625,76,21,55,21,64,2026-02-07 14:51:14,2026-02-28 18:48:41,0,0,40684C,Deimos,NAPOLEON HIGH SCHOOL,Michigan,United States
1626,76,21,55,21,55,2026-03-14 01:15:39,2026-03-14 20:45:43,0,0,82267C,The RoboEagles,Bakersfield Christian High school,California - Region 3,United States
1627,76,20,56,20,66,2026-03-07 23:38:36,2025-12-13 18:46:44,20,0,89040K,Kalypso,MOAPA VALLEY HIGH SCHOOL,Nevada,United States
1628,76,15,61,20,61,2026-02-05 00:18:48,2026-01-30 20:13:43,1,0,81422C,LIBERTADORES C,CECYT 22 AYUNTAMIENTO,Mexico,Mexico
1629,76,20,56,20,56,2026-02-21 14:28:20,2026-02-21 15:23:01,0,0,3796G,Goated!,J. L. MANN HIGH ACADEMY,South Carolina,United States
1630,76,20,56,20,56,2026-02-23 20:10:16,2026-02-23 17:27:29,0,0,32636C,The Cookie Monsters,OXFORD HIGH SCHOOL,Mississippi,United States
1631,76,19,57,19,57,2026-02-21 18:52:27,2026-02-21 18:42:33,9,2,69580A,Odonata,New Mexico Military Institute,New Mexico,United States
1632,76,18,58,18,58,2026-03-15 02:00:37,2026-03-15 16:45:44,34,0,32174A,Wabbitz,Conway Area Career Center,Arkansas,United States
1633,76,15,61,15,61,2026-01-05 00:05:48,2026-01-04 18:59:21,58,2,3303B,Robolabs Barrel,Dublin Robotics Club,California - Region 2,United States
1634,76,15,61,15,61,2026-02-08 04:17:34,2026-02-07 07:33:40,59,0,15383Y,Y For YTT,TWGHs Yau Tze Tin Memorial College,Hong Kong,Hong Kong
1635,76,15,61,15,61,2026-02-14 19:24:21,2026-02-14 17:16:54,59,0,45434S,Awesome Sauce,Beavercreek Robotics Club,Ohio,United States
1636,76,15,61,15,62,2026-01-17 16:40:18,2026-03-07 18:51:21,46,0,63601G,Team TEMPO,CENTRAL HIGH,Missouri,United States
1637,76,12,64,15,64,2026-02-21 17:45:03,2026-02-14 15:08:00,0,0,54225B,Midnight Burn,WAGGENER HIGH,Kentucky,United States
1638,76,0,76,15,76,2026-01-24 02:34:21,2026-02-06 03:03:59,50,8,84236B,CheckMate,Nanjing International School,East China,China
1639,76,15,61,15,66,2025-12-06 22:16:56,2026-01-31 20:04:37,58,0,8301D,Cougarbots Dookie,SAN YSIDRO HIGH,California - Region 4,United States
1640,76,15,61,15,61,2026-02-21 16:18:41,2025-12-13 17:25:48,57,0,3796C,Sea Sharks,J. L. MANN HIGH ACADEMY,South Carolina,United States
1641,76,15,61,15,61,2026-02-14 20:07:26,2026-02-21 17:59:04,42,0,2790D,Ill Think About It,Valparaiso High School,Indiana - Region 1 - North,United States
1642,76,15,61,15,61,2025-12-13 20:22:47,2025-12-13 20:36:58,0,0,687B,Nerd Herd B,CALIFORNIA ACADEMY OF MATHEMATICS AND SCIENCE,California - Region 4,United States
1643,75,35,40,35,46,2026-02-21 19:36:04,2026-03-14 18:51:07,0,0,30A,Montville Robotics,MONTVILLE TOWNSHIP HIGH SCHOOL,New Jersey,United States
1644,75,25,50,30,50,2026-02-28 17:47:44,2026-03-13 22:29:36,34,0,42652A,Iron Patriots Grogu,SULLIVAN EAST HIGH SCHOOL,Tennessee,United States
1645,75,19,56,30,68,2026-01-24 14:22:13,2026-02-15 20:08:31,0,0,5956Y,Bangarang,Bangarang - Timber Creek High School,Florida - North/Central,United States
1646,75,20,55,27,55,2026-03-07 22:47:27,2026-01-31 15:44:33,30,0,283K,Kavemen,WHITE PINE HIGH SCHOOL,Nevada,United States
1647,75,27,48,27,48,2025-11-01 12:02:49,2025-11-01 12:18:50,0,0,3239V,Vanguard,Vanguard Robotics,Georgia,United States
1648,75,0,75,26,75,2025-10-25 08:13:46,2026-02-02 09:42:31,0,0,7262A,中国人民大学附属中学A队,The High School Affiliated to Renmin University of China,North China,China
1649,75,25,50,25,54,2026-03-14 19:35:33,2026-01-24 20:07:01,0,0,2498Z,baZalright,PiRA,New York-South,United States
1650,75,25,50,25,50,2026-02-14 18:01:07,2026-02-14 18:06:41,0,0,1028R,You Ready?,Brownell Talbot College Preparatory School,Nebraska,United States
1651,75,23,52,23,52,2026-03-14 15:12:07,2026-03-14 15:36:37,0,0,8995E,Electric,Metea Valley Robotics Team,Illinois,United States
1652,75,21,54,21,54,2026-03-15 17:07:42,2026-03-14 18:23:58,0,0,9909H,H Team,MIDDLETOWN HIGH SCHOOL,Connecticut,United States
1653,75,15,60,20,60,2026-01-17 21:57:55,2026-02-07 21:48:36,0,0,210R,Reverie,Western Mechatronics Robotics Club,Alberta/Saskatchewan,Canada
1654,75,20,55,20,55,2026-03-06 20:37:03,2026-03-06 21:12:21,58,0,3589A,Gear Train,Tri-city United High School,Minnesota,United States
1655,75,20,55,20,55,2026-02-07 15:55:11,2026-02-07 18:50:56,30,0,197F,Freakbob,Harriton Senior High School,Pennsylvania - East,United States
1656,75,0,75,20,75,2026-02-14 17:46:27,2026-03-07 16:27:50,55,0,43779E,Error 404,SHENANDOAH HIGH SCHOOL,Ohio,United States
1657,75,18,57,18,57,2026-03-14 19:22:17,2026-03-14 19:52:49,0,0,4027A,LA Anomaly,LIPSCOMB ACADEMY,Tennessee,United States
1658,75,15,60,15,60,2026-01-31 02:34:04,2026-01-31 02:23:26,59,0,87217A,Pink Pony Club,RIVERSIDE HIGH SCHOOL,Texas - Region 1,United States
1659,75,15,60,15,60,2026-02-04 04:06:01,2026-02-04 08:07:51,56,3,10004B,Team Ace,Pu Tai senior high school with junior department,Chinese Taipei,Taiwan
1660,75,15,60,15,60,2026-01-17 20:08:12,2026-03-07 02:58:29,59,0,3249V,Virtue,VANCOUVER ITECH PREPARATORY,Oregon,United States
1661,75,15,60,15,63,2026-02-15 16:54:48,2026-01-11 18:59:14,58,0,4303B,Boundless,Forest Park High School,Virginia,United States
1662,75,15,60,15,60,2025-12-13 17:52:03,2025-12-13 17:09:48,58,0,5150K,Mad Hatters - Kat,DANBURY HIGH SCHOOL,Connecticut,United States
1663,75,15,60,15,60,2026-02-28 20:54:10,2026-02-28 21:42:46,54,0,719B,Blackout,Bentonville Public Schools,Arkansas,United States
1664,75,15,60,15,60,2026-02-01 18:40:18,2026-02-01 18:52:08,52,0,727D,Terrapin Dark Red,TAMPA PREPARATORY SCHOOL,Florida - North/Central,United States
1665,75,12,63,15,63,2026-01-09 23:28:10,2026-02-08 18:38:14,0,0,2360X,Xenon,Neuqua Valley High School,Illinois,United States
1666,75,15,60,15,60,2026-01-24 17:50:47,2026-01-24 17:12:16,0,0,78780F,Flash Flood,PINECREST ACADEMY OF NEVADA CADENCE,Nevada,United States
1667,75,12,63,12,63,2026-02-14 20:00:17,2026-02-14 15:28:08,39,0,2790A,aaaaahh wire,Valparaiso High School,Indiana - Region 1 - North,United States
1668,75,0,75,11,75,2025-11-12 17:41:11,2026-01-17 17:38:26,46,0,16329B,EGO,CYPRESS RIDGE HIGH SCHOOL,Texas - Region 3,United States
1669,74,36,38,36,42,2026-03-01 21:03:29,2026-03-14 16:26:58,5,2,4610N,Team N,Robot Revolution,New Jersey,United States
1670,74,29,45,29,45,2025-11-25 14:42:41,2025-11-25 15:45:31,0,0,12208A,Shrimple as That,FRIENDSWOOD HIGH SCHOOL,Texas - Region 3,United States
1671,74,28,46,28,52,2025-12-06 15:12:41,2026-01-17 19:31:23,0,0,550J,Jetstream,APOPKA HIGH,Florida - North/Central,United States
1672,74,27,47,27,47,2026-02-06 17:18:00,2026-02-06 17:53:11,0,0,7390A,DiscoBots Absolute Zero,Debakey High School For Health Prof,Texas - Region 3,United States
1673,74,20,54,25,54,2026-01-17 20:06:48,2026-02-21 20:36:47,50,0,2323V,Voxels,WEBER INNOVATION HIGH SCHOOL,Utah,United States
1674,74,23,51,23,51,2026-02-05 01:23:40,2026-02-05 01:32:47,0,0,98508A,GIGANTES,CECYTECH 9 LOMAS DE POLEO,Mexico,Mexico
1675,74,22,52,22,52,2026-02-08 18:54:37,2026-02-08 17:36:00,15,0,2360V,Vortex,Neuqua Valley High School,Illinois,United States
1676,74,20,54,20,55,2025-11-22 18:22:52,2025-11-16 18:11:43,44,0,334H,Supernova Hyperspeeders,SCIENCE ACADEMY STEM MAGNET,California - Region 4,United States
1677,74,20,54,20,54,2025-12-14 19:45:07,2025-12-14 18:30:17,0,0,45250F,Renaissance Robotics,Renaissance Robotics,Ontario,Canada
1678,74,20,54,20,54,2026-02-21 15:34:05,2026-02-21 15:18:25,0,0,65892J,The Rams,GLENWOOD SENIOR HIGH SCHOOL,Iowa,United States
1679,74,20,54,20,54,2026-02-21 17:01:55,2026-02-21 18:16:53,0,0,32410X,Vader,REDWATER HS,Texas - Region 2,United States
1680,74,20,54,20,54,2026-02-28 17:35:45,2026-02-28 16:28:27,0,0,19942A,Mustang Battelion,EAST HIGH,Tennessee,United States
1681,74,0,74,19,74,2025-10-26 05:28:24,2026-02-03 02:59:09,0,0,39116E,Team East Z,东城区青少年科技馆,North China,China
1682,74,19,55,19,55,2026-02-14 19:24:31,2026-02-14 18:10:39,0,0,83444A,Build Test Repeat BTR,Falkon Academy,California - Region 2,United States
1683,74,18,56,18,56,2026-02-07 19:20:31,2026-02-07 20:59:32,27,0,35075K,[BHr] Power Surge,BELMONT HILL SCHOOL,Massachusetts,United States
1684,74,16,58,16,66,2026-02-28 20:19:21,2026-03-14 00:54:59,0,0,96504V,Varmitech,BRENTWOOD HIGH SCHOOL,Tennessee,United States
1685,74,15,59,15,59,2026-02-07 18:24:21,2026-02-07 16:13:52,53,0,55732A,Paradigm,Maryville High,Missouri,United States
1686,74,15,59,15,59,2026-02-21 18:24:34,2026-02-07 15:17:20,56,0,11254Y,Eruption,William Henry Harrison High School,Ohio,United States
1687,74,15,59,15,65,2026-01-31 20:21:16,2025-12-19 19:45:27,59,0,99319E,The Founding Fathers,PRINCETON HIGH SCHOOL,Minnesota,United States
1688,74,0,74,15,74,2026-02-01 18:02:58,2026-03-01 01:12:06,0,0,599Z,The Robodox,Granada Hills Charter,California - Region 4,United States
1689,74,10,64,15,64,2026-01-24 22:45:33,2026-01-31 20:58:29,0,0,6627C,Knight Time Bots - Cyberstorm,FOOTHILL HIGH,California - Region 4,United States
1690,74,10,64,15,64,2025-11-22 17:47:08,2025-12-06 19:44:33,54,0,6408W,Wigglers,Heritage Woods Secondary,British Columbia (BC),Canada
1691,74,5,69,15,69,2025-12-21 01:18:33,2026-02-15 00:44:29,59,0,42700V,Vanguard,ST LOUIS SCHOOL,Hawaii,United States
1692,74,15,59,15,59,2026-02-21 17:56:16,2026-02-19 22:34:17,58,0,60883Z,Zink!,AKRON STEM HIGH SCHOOL,Ohio,United States
1693,74,15,59,15,66,2026-02-14 19:52:13,2026-03-14 19:11:44,9,0,71774C,Nano Minute,Newark Academy,New Jersey,United States
1694,74,14,60,14,60,2026-01-09 07:45:51,2026-01-09 07:50:33,0,0,11108M,JW-VeX,Wuhan Jingkai Foreign Language School,Middle China,China
1695,74,13,61,13,61,2026-02-21 23:24:56,2026-02-20 23:25:28,28,0,22020X,Tech Chaos,Kidwe Lab,New Zealand,New Zealand
1696,74,0,74,0,74,,2026-01-17 22:10:29,0,0,3134S,Robolabs Spitzer,Robolabs,California - Region 2,United States
1697,73,34,39,34,39,2026-02-01 20:48:30,2026-02-01 21:33:07,0,0,64178C,Devil's Advocate,PLANT HIGH SCHOOL,Florida - North/Central,United States
1698,73,33,40,33,40,2026-02-14 20:58:42,2026-02-14 21:36:50,0,0,44441W,Wolf-Byte,PINEYWOODS COMMUNITY ACADEMY HIGH SCHOOL,Texas - Region 3,United States
1699,73,20,53,30,53,2026-03-07 20:55:01,2026-01-24 17:44:37,0,0,80550Y,Clucking Clowns,WINDSOR CHARTER ACADEMY MIDDLE AND EARLY COLLEGE H,Colorado,United States
1700,73,29,44,29,53,2026-02-28 22:32:30,2025-12-13 21:25:30,0,0,221Z,Zodiac,Westwood Community High School,Alberta/Saskatchewan,Canada
1701,73,20,53,26,53,2026-02-28 16:39:08,2026-02-07 23:45:58,0,0,210B,Black Hole,Western Mechatronics Robotics Club,Alberta/Saskatchewan,Canada
1702,73,15,58,25,58,2026-01-24 18:39:50,2026-03-14 18:20:01,0,0,55885X,Inquisitor,La Cueva High School,New Mexico,United States
1703,73,24,49,24,49,2026-02-14 23:36:52,2026-02-14 20:05:39,30,0,3050V,Peninsula High School Vroom,PALOS VERDES PENINSULA HIGH,California - Region 4,United States
1704,73,19,54,24,54,2026-02-06 07:16:28,2025-11-22 09:24:41,0,0,23457S,BRICK Lab SUPER,BRICK lab Robotics,Vietnam,Vietnam
1705,73,23,50,23,50,2025-11-08 19:20:39,2026-01-24 14:46:06,30,1,288C,RoboDawgs: Celsius,Grandville High School,Michigan,United States
1706,73,15,58,21,58,2026-03-14 13:01:49,2026-02-26 23:08:10,37,0,46366A,NJSP Robotics,NJSP Robotics,Indiana - Region 1 - North,United States
1707,73,6,67,21,67,2026-02-21 17:25:33,2026-03-07 14:31:49,0,0,9447V,Sunny Side Up,Palmetto Scholars Academy,South Carolina,United States
1708,73,20,53,20,71,2026-02-21 17:33:37,2026-03-14 19:33:12,58,0,169B,The Cavalry,THE HAVERFORD SCHOOL,Pennsylvania - East,United States
1709,73,20,53,20,53,2025-12-06 02:44:57,2025-12-06 00:56:42,55,0,47779K,GRANBOTS K,Granville Boys High School,Australia,Australia
1710,73,20,53,20,53,2026-01-24 17:02:42,2026-02-28 18:08:35,54,0,2140C,2140C,JENISON HIGH SCHOOL,Michigan,United States
1711,73,20,53,20,53,2026-03-14 16:18:45,2026-03-13 22:53:15,16,0,8188N,JESA AfterShock,Jack E Singley Academy,Texas - Region 2,United States
1712,73,5,68,20,68,2025-12-06 17:59:18,2026-03-15 00:50:05,52,0,21050G,yeehaw Grant,MCGEHEE HIGH SCHOOL,Arkansas,United States
1713,73,20,53,20,53,2026-02-07 17:48:58,2026-01-17 00:32:37,52,0,676D,SMRC Lucky Duckies,Southern Maryland Robotics Club,Maryland,United States
1714,73,20,53,20,53,2026-01-02 07:51:41,2026-01-02 07:54:21,0,0,84567B,Soong Ching Ling School 2,Shanghai Soong Ching Ling School,East China,China
1715,73,15,58,18,58,2026-03-14 13:53:47,2026-01-31 15:20:39,0,0,4478S,S.C.O.T.T,MASUK HIGH SCHOOL,Connecticut,United States
1716,73,15,58,18,58,2025-08-17 15:08:04,2025-11-01 12:18:05,41,0,95979V,Valkyrie Robotics,Valkyrie Robotics,Georgia,United States
1717,73,15,58,15,58,2026-01-25 20:18:16,2026-01-25 20:11:12,59,0,295F,PART F,Placer Robotics (PART),California - Region 2,United States
1718,73,15,58,15,58,2026-02-21 19:39:09,2026-02-21 19:00:37,59,0,57660X,Project Valley,SPRING VALLEY HIGH SCHOOL,West Virginia,United States
1719,73,15,58,15,58,2026-02-21 21:23:16,2026-02-21 20:05:59,58,0,97301K,KEEFE,SALEM ACADEMY,Oregon,United States
1720,73,15,58,15,58,2025-12-05 06:29:06,2025-12-06 03:24:41,56,0,3945A,3945A,包玉刚中学,East China,China
1721,73,15,58,15,58,2026-01-05 00:20:31,2026-01-18 20:09:46,56,0,72628V,Vipers,ADDA,California - Region 2,United States
1722,73,15,58,15,58,2026-02-14 20:23:47,2026-03-06 15:53:27,57,0,91917B,Resting Bot Face,Apollo High School,Minnesota,United States
1723,73,15,58,15,66,2026-02-10 16:27:38,2025-11-22 17:53:39,47,0,1509B,Rmageddon,Ridley College High School,Ontario,Canada
1724,73,12,61,15,61,2026-02-03 15:31:12,2026-02-06 00:27:08,0,0,54996B,Beehive,SKYLINE HIGH SCHOOL,Colorado,United States
1725,73,15,58,15,58,2026-02-06 07:50:17,2026-02-06 03:53:31,22,0,82T,KÆLØN,Tianjin International School,North China,China
1726,73,15,58,15,73,2025-11-08 20:29:33,2026-01-31 22:46:27,0,0,3735A,Maybe,Klein High School,Texas - Region 3,United States
1727,73,10,63,15,63,2025-12-28 08:27:33,2026-02-15 09:00:15,0,0,46262X,HEXAGON,TEV INANC TURKES OZEL LISESI,Türkiye,Türkiye
1728,73,15,58,15,58,2026-01-24 16:18:09,2026-01-24 17:56:34,0,0,64178A,X-Factor,PLANT HIGH SCHOOL,Florida - North/Central,United States
1729,73,15,58,15,58,2026-02-13 13:41:17,2026-02-12 18:58:10,0,0,97004A,Fourge Robotics (4GE),Washington County Career & Technical Education Center,Virginia,United States
1730,73,15,58,15,58,2026-02-14 21:37:05,2026-02-14 18:21:56,0,0,599X,Robodox X,GRANADA HILLS CHARTER,California - Region 4,United States
1731,73,15,58,15,58,2026-02-23 00:54:04,2026-02-22 19:08:35,0,0,19359E,Shockwave,MOUNTAIN HOUSE HIGH,California - Region 2,United States
1732,73,15,58,15,58,2026-03-14 18:06:25,2026-03-14 13:33:54,0,0,97140B,Kennedy Gaels Too,Kennedy Catholic Preparatory School,New York-South,United States
1733,73,13,60,13,60,2026-01-31 20:58:46,2026-01-31 16:41:16,0,0,77038D,Cheesecake,BLANSON CTE HIGH SCHOOL,Texas - Region 3,United States
1734,73,12,61,12,61,2026-01-17 03:02:31,2026-01-17 03:30:25,0,9,8059Z,Blank.,Anglo-Chinese School (Independent),Singapore,Singapore
1735,73,5,68,5,68,2026-01-31 19:45:57,2026-01-31 14:53:33,39,0,1551Y,AzureOut,Suncoast Polytechnical High School,Florida - North/Central,United States
1736,73,0,73,0,73,,2026-02-06 16:06:30,0,0,64061A,KIES Leaders,Kuwait International English School (KIES),Kuwait,Kuwait
1737,72,33,39,33,42,2026-02-28 15:19:20,2025-11-08 19:07:01,0,9,36620B,Blue Crew,UNITY CHRISTIAN HIGH SCHOOL,Michigan,United States
1738,72,32,40,32,43,2026-02-21 16:19:11,2026-01-31 16:00:31,0,0,36867D,Pink Lemonade,Central High School,Alabama,United States
1739,72,31,41,31,52,2025-10-11 00:04:10,2025-12-05 23:41:39,7,0,78887B,Knox Knights,Knox Grammar School,Australia,Australia
1740,72,28,44,28,50,2026-03-15 18:17:48,2025-11-15 18:13:58,23,0,5691A,Hornet Robotics- Aurora,Bryant High School,Arkansas,United States
1741,72,27,45,27,50,2026-02-06 23:41:08,2025-12-13 14:07:47,0,0,3536C,Critical Mass,North Forsyth High School,Georgia,United States
1742,72,26,46,26,49,2026-01-24 00:54:41,2025-10-31 06:19:12,17,0,5864C,CHICKEN ATTACK,Macau Baptist College,Macau,Macau
1743,72,26,46,26,53,2026-02-22 19:49:29,2026-03-15 17:27:26,0,0,3251A,MechaBulls,WEST BOCA RATON HIGH SCHOOL,Florida - South,United States
1744,72,25,47,25,48,2026-01-17 07:44:36,2025-11-01 08:04:02,0,0,32023A,UWCSEA East 1,UWCSEA East,Singapore,Singapore
1745,72,25,47,25,47,2025-10-03 07:54:44,2025-10-03 08:35:29,0,0,7890E,Half Moon Cat,Fuzhou NO .3 High School,South China,China
1746,72,25,47,25,47,2026-03-15 15:14:13,2026-03-14 18:18:23,0,0,70852A,Mechanical Frogs,Great Valley Community Organization,Pennsylvania - East,United States
1747,72,24,48,24,48,2026-02-21 19:07:16,2026-02-21 17:30:48,34,0,355T,Thunderbirds,Fox Valley Robotics,Illinois,United States
1748,72,14,58,22,58,2026-01-31 16:36:21,2026-03-14 12:26:57,30,9,5249S,Sparta Robotics Safety-Hazard,Sparta High School,New Jersey,United States
1749,72,13,59,22,59,2026-02-14 14:40:49,2026-02-16 16:07:50,0,0,33042A,EP Team A,EAST PALESTINE HIGH SCHOOL,Ohio,United States
1750,72,22,50,22,50,2026-01-15 20:34:56,2026-01-15 13:14:09,0,0,2208D,Colegio San Jose,Colegio San Jose,Puerto Rico,Puerto Rico
1751,72,20,52,20,52,2026-01-03 16:31:28,2026-01-03 16:28:25,55,0,8110R,Geared Up,Mankato West Robotics,Minnesota,United States
1752,72,20,52,20,52,2025-12-20 16:05:42,2025-12-20 14:30:43,54,0,2616H,Hydra,Cherry Hill High School East,New Jersey,United States
1753,72,20,52,20,52,2026-01-26 15:05:19,2026-01-26 15:09:11,53,0,96950Z,Rubber Ducky,Marianas High School JROTC,Northern Mariana Islands,Northern Mariana Islands
1754,72,20,52,20,62,2026-02-14 19:36:14,2026-01-24 17:00:53,50,0,98601C,Jinx (Troy),TROY HIGH NJROTC,California - Region 4,United States
1755,72,20,52,20,52,2026-02-28 13:14:14,2026-02-27 22:22:49,50,0,3547X,Virus: Robotic Radiation,Technolgy First,Michigan,United States
1756,72,15,57,20,57,2026-02-06 20:59:06,2026-02-19 17:42:41,0,0,5689D,Semi-Crazy,CALDWELL SENIOR HIGH SCHOOL,Idaho,United States
1757,72,15,57,15,57,2026-02-28 15:35:42,2026-02-28 15:52:45,60,0,663S,Vegan Cheese,CHATTANOOGA CHRISTIAN SCHOOL,Tennessee,United States
1758,72,15,57,15,57,2026-02-07 19:49:22,2026-02-07 21:53:18,57,0,14338A,(feat. The Amazing Abigail),Ctrl+Alt+Defeat,Tennessee,United States
1759,72,15,57,15,57,2025-12-06 18:04:41,2026-01-10 19:14:52,51,57,93330A,Stars,BALTIMORE POLYTECHNIC INSTITUTE,Maryland,United States
1760,72,15,57,15,57,2026-02-21 20:56:09,2026-02-21 20:23:25,54,0,9185M,MINIFRIDGE,BELLEFONTAINE HIGH SCHOOL,Ohio,United States
1761,72,15,57,15,61,2025-11-22 19:14:35,2025-11-15 17:41:13,52,0,10081K,Kingsnakes,Las Vegas Kingsnakes Robotics,Nevada,United States
1762,72,15,57,15,57,2026-01-10 17:09:51,2026-01-10 17:12:09,50,0,1253A,Artemis,COFFEE COUNTY HIGH SCHOOL,Georgia,United States
1763,72,0,72,15,72,2025-10-04 11:17:19,2026-02-03 05:02:49,59,0,18190W,BIGZ-W,BASIS INTERNATIONAL SCHOOL GUANGZHOU,South China,China
1764,72,10,62,15,62,2026-02-08 19:08:28,2026-02-28 19:53:00,59,0,14100W,Void,West Cabarrus High School,North Carolina,United States
1765,72,0,72,15,72,2025-11-22 06:22:37,2026-01-01 08:32:49,56,0,5138X,Astra Coven,Beijing 21st Century School,North China,China
1766,72,15,57,15,57,2026-02-21 18:30:33,2026-02-21 18:33:04,0,0,35244D,Sneaky Golem,HOOVER HIGH SCHOOL,Alabama,United States
1767,72,15,57,15,57,2026-02-28 19:24:13,2026-02-28 16:00:34,0,0,2072S,Slimealicious,Enginotic 6 Robotics,Virginia,United States
1768,72,15,57,15,57,2026-03-07 18:17:04,2026-03-07 16:40:53,0,0,38141A,PiBotics Aces,IGNITE INSTITUTE,Kentucky,United States
1769,71,33,38,33,42,2026-01-05 02:15:13,2025-11-15 19:12:50,0,0,5176E,Eclipse,BearShark Robotics,Virginia,United States
1770,71,33,38,33,38,2026-01-17 18:19:53,2026-01-17 17:46:12,0,0,82718E,Nuclear,THUNDER BASIN HIGH SCHOOL,Wyoming,United States
1771,71,0,71,30,71,2025-10-20 20:38:28,2026-01-11 17:21:44,0,0,98601X,Paradox (Troy),TROY HIGH NJROTC,California - Region 4,United States
1772,71,29,42,29,42,2026-02-07 10:01:07,2026-02-07 09:19:05,10,0,3708X,Delay No Further,Victoria Shanghai Academy,Hong Kong,Hong Kong
1773,71,28,43,28,43,2026-01-18 20:25:04,2026-01-18 20:40:08,0,0,10233A,Marinated Cucumbers,Independent Team,California - Region 2,United States
1774,71,0,71,26,71,2025-12-13 22:06:14,2026-02-28 16:08:08,0,0,4862A,Avionics Sparrows,Ashbury College,Ontario,Canada
1775,71,20,51,25,51,2026-03-09 14:21:41,2026-02-20 19:47:46,0,0,13756A,The Shinigami,EAST ALLEGHENY JSHS,Pennsylvania - West,United States
1776,71,25,46,25,49,2026-02-26 22:27:51,2026-02-21 18:54:39,0,0,46366B,NJSP Robotics,NJSP Robotics,Indiana - Region 1 - North,United States
1777,71,23,48,23,48,2026-03-07 20:25:41,2026-03-07 16:12:40,35,0,9421M,Mechaminds,Framingham High School,Massachusetts,United States
1778,71,22,49,22,49,2026-02-21 18:51:14,2026-02-21 19:21:17,0,0,38241A,RAMTECH,FAITH ACADEMY,Alabama,United States
1779,71,21,50,21,51,2026-02-07 21:00:33,2026-02-28 16:36:42,0,0,17505B,Power Panthers,IM TERRELL ACADEMY FOR STEM AND VPA,Texas - Region 5,United States
1780,71,20,51,20,59,2026-03-01 16:45:39,2026-03-14 19:22:34,57,0,4610G,Goofy Goobers,Robot Revolution,New Jersey,United States
1781,71,20,51,20,51,2026-02-14 18:19:49,2026-02-14 14:44:20,55,3,7862V,Vanilla,Hesston High School,Kansas,United States
1782,71,20,51,20,51,2026-02-14 22:23:52,2026-02-14 20:50:22,52,0,3899E,Elusive,Independent,Ontario,Canada
1783,71,20,51,20,51,2026-02-14 17:03:50,2026-03-07 17:57:29,54,0,9257R,Real Steele,COVINGTON CATHOLIC HIGH SCHOOL,Kentucky,United States
1784,71,20,51,20,51,2026-01-10 22:21:03,2026-01-31 21:26:23,53,0,221V,Voided,Westwood Community High School,Alberta/Saskatchewan,Canada
1785,71,20,51,20,52,2026-02-28 19:23:40,2026-02-14 20:25:28,0,0,38792A,K-Bots,HIGHLAND SCHOOL,Texas - Region 5,United States
1786,71,19,52,19,52,2026-03-14 15:15:38,2026-03-14 00:26:03,0,0,1585Y,JoeBowling,SULPHUR SPRINGS HIGH SCHOOL,Texas - Region 2,United States
1787,71,15,56,15,56,2026-03-14 00:35:47,2026-03-14 00:26:44,58,0,654K,Khaos,LAKE TRAVIS HIGH SCHOOL,Texas - Region 4,United States
1788,71,15,56,15,56,2026-02-20 01:14:09,2026-03-06 19:39:29,59,0,25155Z,Pathfinders Zeta,American Leadership Academy Applied Technologies,Arizona,United States
1789,71,15,56,15,56,2026-02-06 00:55:54,2026-02-06 02:01:32,56,0,13358U,Quantum,SILVER CREEK HIGH SCHOOL,Colorado,United States
1790,71,15,56,15,56,2026-01-31 19:39:16,2026-01-31 17:28:35,55,0,1413D,ILuvArtisanBread,ST CHARLES EAST HIGH SCHOOL,Illinois,United States
1791,71,10,61,15,61,2025-11-15 21:16:55,2026-01-01 01:33:38,56,0,21510W,Wistickle Wizards,BLUE RIDGE HIGH,South Carolina,United States
1792,71,15,56,15,56,2026-02-26 21:51:27,2026-02-21 18:59:46,58,0,1221K,The Falconeers,THE KINKAID SCHOOL,Texas - Region 3,United States
1793,71,15,56,15,56,2026-02-04 22:45:22,2026-02-04 22:51:44,0,0,25832A,CECYTEM Lagunillas,CECYTEM Plantel Lagunillas,Mexico,Mexico
1794,71,15,56,15,56,2026-02-21 19:40:39,2026-02-21 20:54:54,0,0,76502A,Error 404,LAKE BELTON HIGH SCHOOL,Texas - Region 4,United States
1795,71,12,59,12,59,2026-02-21 20:22:48,2026-02-21 22:07:37,0,0,2996B,Untitled Document,Bestcoder,New Zealand,New Zealand
1796,71,3,68,9,68,2026-02-28 17:32:13,2026-02-07 15:50:58,0,0,33011Z,Critical Error-Buffer Overflow,Critical Error Robotics,North Carolina,United States
1797,71,5,66,5,66,2026-02-15 16:25:22,2026-01-24 13:50:41,22,0,2672A,LED Robotics A,Team 6722 inc.,Florida - North/Central,United States
1798,71,0,71,5,71,2025-11-01 18:20:47,2026-02-07 17:32:58,0,0,7862J,Slim Jim,Hesston High School,Kansas,United States
1799,70,30,40,30,49,2025-10-27 12:42:13,2025-10-15 13:09:02,28,0,3116Z,Team Control Freaks - Max'd out!,The John Warner School,United Kingdom,United Kingdom
1800,70,30,40,30,40,2026-02-03 14:25:59,2026-02-03 13:22:07,0,0,56358N,OtaClankers,Robotics Nation RY,Finland,Finland
1801,70,26,44,26,44,2026-02-08 21:25:13,2026-02-08 20:35:59,0,0,158A,Artemis,HUNTLEY HIGH SCHOOL,Illinois,United States
1802,70,25,45,25,45,2026-02-28 21:25:26,2026-02-28 17:49:34,5,7,5691B,Bryant Hornet Robotics,BRYANT HIGH SCHOOL,Arkansas,United States
1803,70,20,50,25,50,2026-02-20 22:45:19,2026-01-31 18:08:05,0,0,3264E,Ultron,NORWALK HIGH SCHOOL,Ohio,United States
1804,70,24,46,24,46,2026-03-14 14:26:09,2026-03-14 16:49:01,33,0,1308D,Squishy Wheels,BOWIE HIGH SCHOOL,Texas - Region 4,United States
1805,70,21,49,21,49,2026-02-07 19:50:39,2026-02-07 18:20:57,0,0,3141A,Out for Delivery,Gross Catholic Robotics,Nebraska,United States
1806,70,15,55,20,55,2026-01-18 18:28:49,2026-03-14 20:15:46,53,0,765C,FuryTech Cryo,HIGH TECHNOLOGY HIGH SCHOOL,New Jersey,United States
1807,70,20,50,20,51,2026-02-07 20:20:54,2025-10-25 18:57:56,57,0,28407D,N.U.T.S.,SILOAM SPRINGS HIGH SCHOOL CONVERSION CHARTER,Arkansas,United States
1808,70,15,55,20,55,2025-11-08 19:48:26,2026-01-18 16:15:42,52,0,9065C,Phantom Robotics,PLATTE COUNTY HIGH,Missouri,United States
1809,70,20,50,20,50,2026-02-20 19:27:20,2026-02-20 15:48:46,56,0,3260S,SHARP,Sarah Heinz House,Pennsylvania - West,United States
1810,70,20,50,20,50,2026-02-07 20:34:54,2026-02-14 16:39:57,57,0,32092E,The Wrecking Crew,Stargate Charter School,Colorado,United States
1811,70,20,50,20,50,2026-03-14 16:12:59,2026-03-14 14:57:29,55,0,20131B,Chubby Unicorns Robotics - Trunk Monkey,PUTNAM CITY HIGH SCHOOL,Oklahoma,United States
1812,70,20,50,20,50,2026-02-28 15:20:21,2026-02-28 17:39:12,54,0,6603A,Aegis,PATRIOT HIGH,Virginia,United States
1813,70,20,50,20,50,2026-03-14 01:51:42,2026-03-14 18:47:13,52,0,7983T,Centennial CyberHawks T,Centennial High School,California - Region 3,United States
1814,70,20,50,20,50,2025-11-22 23:44:09,2025-11-22 23:41:59,50,0,1037C,Molokai Robotics,Molokai High School,Hawaii,United States
1815,70,20,50,20,50,2025-11-22 21:36:36,2026-02-14 22:08:31,55,0,3008A,Team Magma,kalani High school,Hawaii,United States
1816,70,15,55,20,55,2026-01-31 21:57:08,2026-02-14 18:24:22,51,0,10909A,� Ex͕͕̿c̶̈́ee̵d � B̗̀o̅b̀a̓̈́ Bȁ̤̊n̈́̊d̍it̆s͎͛̕ �,Exceed Robotics,Ontario,Canada
1817,70,9,61,20,61,2026-01-16 19:36:50,2026-03-13 23:46:00,24,0,597D,Robobusters Black,SCHOOL OF SCIENCE AND ENGINEERING,Texas - Region 2,United States
1818,70,18,52,20,52,2026-02-21 16:01:56,2026-03-07 19:54:10,0,0,31344B,Derivatives,Bishop Brossart High School,Kentucky,United States
1819,70,20,50,20,50,2026-01-10 14:30:06,2026-01-10 14:02:36,0,0,429A,RoboBucsA,Berkeley Preparatory SCHOOL,Florida - North/Central,United States
1820,70,20,50,20,50,2026-02-04 22:16:07,2026-02-05 01:30:54,0,0,8047X,GSI Robotics,GSI Robotics,Mexico,Mexico
1821,70,20,50,20,50,2026-02-14 22:35:10,2026-02-14 20:55:14,0,0,10909W,× EXCEED × WHAT? ×,Exceed Robotics,Ontario,Canada
1822,70,20,50,20,50,2026-02-26 22:29:51,2026-02-26 23:23:47,0,0,491D,(duck) Dynasty,PIONEER JR-SR HIGH SCHOOL,Indiana - Region 1 - North,United States
1823,70,15,55,18,55,2025-11-15 16:07:20,2026-02-02 23:34:15,15,0,11124R,T-Rex Push-Ups,ELYRIA HIGH SCHOOL,Ohio,United States
1824,70,17,53,17,53,2026-02-14 21:30:30,2026-02-28 18:35:56,38,0,75008A,Aspengrove IceBurger,Aspengrove School,Vancouver Island (BC),Canada
1825,70,15,55,15,55,2026-02-07 16:26:16,2026-02-07 18:15:59,59,4,415E,Eclipse,Anderson I & II Career & Technology Center,South Carolina,United States
1826,70,15,55,15,55,2026-02-14 19:15:51,2026-02-14 18:40:51,59,0,1723A,Burza,MERCERSBURG ACADEMY,Pennsylvania - East,United States
1827,70,15,55,15,55,2026-02-21 18:44:58,2026-02-21 19:33:03,58,0,93706G,Union Robotics G,WASHINGTON HIGH,California - Region 3,United States
1828,70,15,55,15,55,2026-02-06 17:37:52,2026-02-06 22:20:25,56,0,11777X,Ro-Tater,NAMPA CHRISTIAN SCHOOLS,Idaho,United States
1829,70,5,65,15,65,2026-02-14 17:57:31,2026-03-14 14:15:50,59,0,32610B,butter,AVON HIGH SCHOOL,Connecticut,United States
1830,70,15,55,15,55,2026-02-05 20:40:07,2026-02-05 20:05:03,1,0,22204W,Whiplash,WYLIE HIGH SCHOOL,Texas - Region 5,United States
1831,70,15,55,15,55,2025-11-22 06:31:22,2025-11-22 05:19:50,0,0,77749F,嘉成六队,School(K12) in the china,West China,China
1832,70,0,70,1,70,2025-11-02 02:41:55,2026-01-11 02:32:58,41,3,88527F,VenomWizor,Trường THPT FPT Tây Hà Nội,Vietnam,Vietnam
1833,70,0,70,0,70,,2026-02-07 02:07:02,0,0,1737X,Sabyr,International Robotics Academy,Kazakhstan,Kazakhstan
1834,70,0,70,0,70,,2026-03-15 13:57:59,0,0,32610A,APEX,AVON HIGH SCHOOL,Connecticut,United States
1835,69,30,39,30,44,2025-12-09 18:40:08,2026-02-28 18:16:24,15,0,9599A,Thunder,Blessed Trinity Catholic Secondary School,Ontario,Canada
1836,69,26,43,26,43,2026-02-21 16:21:22,2026-02-21 16:26:38,0,0,11342C,Ball Hogs,CHRISTOPHER COLUMBUS HIGH SCHOOL,Florida - South,United States
1837,69,25,44,25,54,2026-03-14 15:48:19,2026-02-07 21:06:14,0,0,42652D,Scrappy,SULLIVAN EAST HIGH SCHOOL,Tennessee,United States
1838,69,24,45,24,54,2026-02-28 14:03:07,2026-03-14 13:33:21,5,0,63303D,JCHS Robotics - [Custom Text],JOHNSON CO HIGH SCHOOL,Tennessee,United States
1839,69,19,50,24,52,2025-11-12 01:19:50,2026-02-05 18:20:08,0,0,3118B,Astrobots,CLEAR BROOK HIGH SCHOOL,Texas - Region 3,United States
1840,69,24,45,24,45,2026-02-14 16:08:49,2026-02-14 19:28:49,0,0,5W,The Three Musketeers,RAVENNA SENIOR HIGH,Nebraska,United States
1841,69,22,47,22,47,2026-01-24 15:41:01,2026-01-24 16:02:12,0,0,18693B,Wildcats,RYE COUNTRY DAY SCHOOL,New York-South,United States
1842,69,16,53,21,53,2026-02-01 21:52:43,2026-01-17 15:36:34,30,0,66757D,NeoC Jesters,NEOCITY ACADEMY,Florida - North/Central,United States
1843,69,20,49,20,49,2025-11-24 15:51:40,2025-11-24 15:05:06,56,0,2373C,Floppy Scorpions,CLEAR LAKE HIGH SCHOOL,Texas - Region 3,United States
1844,69,20,49,20,49,2026-03-06 15:49:12,2026-03-06 17:20:44,51,0,33697A,The Robot Alliance,The Robot Alliance,Minnesota,United States
1845,69,20,49,20,54,2025-12-13 16:22:59,2026-03-07 21:10:44,0,0,89801B,Metal Jackets,ELKO INSTITUTE FOR ACADEMIC ACHIEVEMENT,Nevada,United States
1846,69,15,54,20,54,2026-02-07 16:56:19,2026-02-23 20:55:53,0,0,5735H,Mud Dogs,ST MARTIN HIGH SCHOOL,Mississippi,United States
1847,69,20,49,20,49,2025-11-20 18:25:40,2025-11-20 15:52:28,0,0,20605B,Vault Tec,ALEXANDRIA HIGH SCHOOL,Alabama,United States
1848,69,20,49,20,49,2026-03-01 20:26:12,2026-03-01 20:16:10,0,0,765N,FuryTech Nova,HIGH TECHNOLOGY HIGH SCHOOL,New Jersey,United States
1849,69,19,50,19,50,2026-02-07 17:16:07,2026-02-07 20:21:01,0,0,755H,Khaos,CENTRE HS,Kansas,United States
1850,69,15,54,16,65,2026-03-07 19:26:48,2026-02-01 15:37:42,0,5,59708A,Rice Meisters,PARKWAY CENTRAL HIGH,Missouri,United States
1851,69,15,54,16,54,2025-11-12 00:21:17,2026-02-05 19:10:05,0,0,3118A,Astrobots,CLEAR BROOK HIGH SCHOOL,Texas - Region 3,United States
1852,69,15,54,15,54,2026-02-14 18:01:28,2026-02-14 16:33:40,59,0,20005F,Michael,Fryeburg Academy,Maine,United States
1853,69,15,54,15,54,2026-03-08 15:25:59,2026-03-07 20:46:02,59,0,2606A,Exigence,SOUTH HIGH COMMUNITY,Massachusetts,United States
1854,69,15,54,15,54,2026-01-17 19:15:39,2026-02-26 19:28:50,58,0,43983B,Spice Girls,SOUTH CHARLESTON HIGH SCHOOL,West Virginia,United States
1855,69,15,54,15,54,2025-12-14 00:13:57,2025-12-14 00:26:28,57,0,27180A,Mechaneers,Hawaii Science and Technology Museum,Hawaii,United States
1856,69,15,54,15,54,2026-03-07 04:15:43,2026-03-07 03:44:41,57,0,97027E,Exabyte,GLADSTONE HIGH SCHOOL,Oregon,United States
1857,69,15,54,15,54,2026-02-28 20:30:31,2026-02-28 18:22:44,55,0,38301C,High Voltage,MADISON ACADEMIC MAGNET HIGH SCHOOL,Tennessee,United States
1858,69,15,54,15,54,2025-12-03 21:37:58,2025-12-03 22:04:56,53,0,91022A,Vanguard JROTC - Team Alpha,Vanguard High School JROTC,Texas - Region 2,United States
1859,69,10,59,15,59,2026-02-14 19:49:06,2026-02-28 22:11:45,0,0,32768A,QMS Strafe,Queen Margaret's School,Vancouver Island (BC),Canada
1860,69,15,54,15,54,2025-11-01 19:48:19,2026-01-29 23:57:34,57,0,3743Y,It Worked Yesterday,ERIE HIGH SCHOOL,Colorado,United States
1861,69,15,54,15,54,2025-12-20 17:18:45,2026-02-14 15:10:15,57,0,6978D,DNA,Highland High School,Ohio,United States
1862,69,15,54,15,54,2026-02-07 16:48:08,2026-02-21 14:16:22,57,0,79267X,Xenomorphs,River Bluff High School,South Carolina,United States
1863,69,15,54,15,54,2026-02-14 19:08:20,2026-02-21 17:22:55,57,0,654T,Tsunami,LAKE TRAVIS HIGH SCHOOL,Texas - Region 4,United States
1864,69,9,60,15,60,2025-10-18 19:25:19,2026-02-22 21:06:02,6,0,733B,NP3 Pirates B,NATOMAS PACIFIC PATHWAYS PREP,California - Region 2,United States
1865,69,15,54,15,56,2026-02-03 16:17:57,2026-02-14 19:08:14,0,0,20315C,Marcelline C,Collège Sainte-Marcelline,Quebec,Canada
1866,69,11,58,11,58,2025-12-06 21:17:57,2025-12-06 21:12:13,0,0,61973C,Fire Hazard,WIDEFIELD HIGH SCHOOL,Colorado,United States
1867,69,1,68,4,68,2026-02-15 10:44:09,2026-02-28 12:21:33,0,0,15001S,SAMS JR,BAHÇELİEVLER 15 TEMMUZ ŞEHİTLERİ AİHL,Türkiye,Türkiye
1868,68,27,41,27,47,2026-03-06 02:05:28,2026-01-30 18:17:57,0,0,56721K,Risk,RIVERSIDE CHRISTIAN SCHOOL,Minnesota,United States
1869,68,26,42,26,44,2026-02-28 20:45:12,2026-02-21 18:09:29,0,0,20541D,Waffle Turtles Seniors,TAHLEQUAH HIGH SCHOOL,Oklahoma,United States
1870,68,17,51,25,51,2026-01-17 17:28:06,2026-02-28 15:25:18,0,0,91536A,Wicked Charlie Echo,W.C. Eaket Secondary School,Ontario,Canada
1871,68,25,43,25,43,2026-03-13 23:55:19,2026-03-14 15:34:14,0,0,3350B,Overworked & Underpaid,TEXAS HIGH SCHOOL,Texas - Region 2,United States
1872,68,23,45,23,45,2026-01-24 04:02:23,2026-01-23 02:24:18,34,0,5868E,REVOLUTION MAKER,PUICHING MIDDLE SCHOOL MACAU,Macau,Macau
1873,68,15,53,22,53,2026-02-21 17:25:29,2026-02-15 14:28:26,20,0,197H,Heatwave,Harriton High School,Pennsylvania - East,United States
1874,68,22,46,22,46,2026-03-14 18:47:14,2026-03-14 14:19:33,0,0,74403W,74403 W,HILLDALE HIGH SCHOOL,Oklahoma,United States
1875,68,21,47,21,50,2025-08-16 06:00:27,2026-01-02 08:13:37,0,0,23333A,SHBS_23333,上海宏润博源学校,East China,China
1876,68,20,48,20,48,2026-02-14 21:47:40,2026-02-14 16:26:18,52,6,8433Z,Wild Zirconium,White Oaks Secondary School,Ontario,Canada
1877,68,20,48,20,49,2026-03-14 13:08:06,2026-02-14 16:40:02,16,7,31330D,Dynasty,SEYMOUR SENIOR HIGH SCHOOL,Indiana - Region 3 - South,United States
1878,68,20,48,20,57,2026-01-31 17:23:07,2026-03-07 19:18:59,0,0,1908B,Big Brother,Wasatch High School,Utah,United States
1879,68,20,48,20,48,2026-01-23 05:56:17,2026-01-23 04:53:23,0,0,1294G,GRANT,Shanghai American School,East China,China
1880,68,20,48,20,48,2026-02-14 13:13:28,2026-02-14 12:57:14,0,0,33900B,ANATOLIAN EAGLEBOTS,TEVFİK FİKRET LİSESİ,Türkiye,Türkiye
1881,68,18,50,18,56,2026-03-13 23:21:41,2026-02-28 16:40:45,29,0,613X,X-cell,Franklin High School,New Jersey,United States
1882,68,15,53,16,53,2026-01-10 18:02:53,2026-01-26 15:08:15,0,0,81812Z,Encrypted,Sumner JROTC Robotics,Washington,United States
1883,68,16,52,16,52,2026-02-21 18:10:29,2026-02-21 19:49:16,7,0,46779B,Grayson G Sharp,The Grayson School,Pennsylvania - East,United States
1884,68,15,53,15,53,2026-03-07 16:16:04,2026-03-07 17:21:36,59,0,56R,FrostByte,CAPE ELIZABETH HIGH SCHOOL,Maine,United States
1885,68,15,53,15,53,2026-02-07 21:17:29,2026-01-31 15:42:36,59,0,36830C,Vulcan,AUBURN HIGH SCHOOL,Alabama,United States
1886,68,15,53,15,53,2026-01-10 16:44:12,2026-01-10 16:13:55,56,0,12323B,Blue Eagles Robotics,PLYMOUTH NORTH HIGH,Massachusetts,United States
1887,68,15,53,15,53,2026-03-06 20:37:18,2026-01-31 18:10:42,56,0,24118G,Controlled Destruction,ALBERT LEA SENIOR HIGH,Minnesota,United States
1888,68,0,68,15,68,2025-11-08 22:04:33,2026-01-31 21:36:37,54,0,1616X,Flappy Bird,Don Tyson School of Innovation,Arkansas,United States
1889,68,15,53,15,56,2026-02-07 14:07:47,2026-03-15 18:11:32,48,0,76763C,Cyber Knights,NORTH COUNTY HIGH,Maryland,United States
1890,68,15,53,15,53,2026-01-24 19:46:12,2026-02-21 21:47:00,57,0,3512B,•ᴗ•,SUMNER HIGH SCHOOL,Washington,United States
1891,68,15,53,15,54,2026-01-30 01:00:38,2026-01-17 19:00:07,56,0,13358G,Grape Soda,SILVER CREEK HIGH SCHOOL,Colorado,United States
1892,68,12,56,15,56,2026-01-31 23:18:24,2026-02-28 21:25:53,31,0,6264X,Shawnigan Robotics,Shawnigan Lake School,Vancouver Island (BC),Canada
1893,68,15,53,15,64,2026-02-21 20:28:53,2026-02-14 16:15:48,0,0,17771A,Ace of Spades,East High School,Kansas,United States
1894,68,15,53,15,53,2026-02-03 22:41:04,2026-02-04 00:22:21,0,0,7882H,Horizon,MAHONING CAREER & TECHNICAL,Ohio,United States
1895,68,5,63,10,63,2026-03-14 16:28:46,2026-01-17 22:18:56,0,0,91960X,Virus 3.0,Virus,Texas - Region 4,United States
1896,68,6,62,6,62,2026-02-21 18:28:27,2026-02-21 19:42:42,0,0,949Z,Sputnik,Northwest Academy of Sciences,Washington,United States
1897,68,5,63,5,63,2025-12-19 07:11:50,2025-12-20 02:09:01,45,0,2813X,2813X,CHINGSHIN ACADEMY,Chinese Taipei,Taiwan
1898,68,0,68,0,68,2026-02-07 01:44:06,2026-02-06 06:38:09,55,57,84236F,ProtoType,Nanjing International School,East China,China
1899,68,0,68,0,68,,2025-11-08 19:10:13,0,0,2775V,Jackson Area Robotics,Jackson Area Robotics,Tennessee,United States
1900,68,0,68,0,68,,2025-11-23 02:35:08,0,0,1599R,SSIS Christopher Columbus,Saigon South International School (SSIS),Vietnam,Vietnam
1901,67,28,39,28,39,2026-02-14 17:20:05,2026-02-14 17:59:20,34,0,1022E,Team Carlos,Claremont Secondary School,Vancouver Island (BC),Canada
1902,67,23,44,28,44,2026-02-21 18:23:30,2026-02-28 16:34:48,30,0,2536A,Albatross,UNIVERSITY SCHOOL,Tennessee,United States
1903,67,24,43,24,43,2026-02-08 16:22:03,2026-02-08 14:05:00,0,0,69955Z,4% Pickle Sauce,LADUE HORTON WATKINS HIGH,Missouri,United States
1904,67,23,44,23,44,2026-03-07 20:17:25,2026-03-07 20:47:27,0,0,18640X,Tigers (St X X),St Xavier High School,Kentucky,United States
1905,67,0,67,22,67,2026-02-22 22:40:11,2026-01-31 22:19:03,0,0,95661A,OverEngineered,OAKMONT HIGH,California - Region 2,United States
1906,67,20,47,20,47,2026-01-23 15:06:19,2026-02-27 19:17:33,59,7,244A,RoboDawgs: Fulcrum,Grandville Community Education,Michigan,United States
1907,67,15,52,20,52,2026-02-14 18:05:58,2026-03-14 23:27:59,0,0,9080S,Rebellious Misfits,SOUTH HAGERSTOWN HIGH,Maryland,United States
1908,67,20,47,20,47,2026-02-24 14:19:03,2026-02-24 14:08:16,24,0,81785C,Kinsale Fünf,KINSALE COMMUNITY SCHOOL,Ireland,Ireland
1909,67,15,52,20,52,2025-10-18 17:47:10,2025-12-13 02:21:19,0,0,3885A,Shark Tank,UNITEC CAREER CTR.,Missouri,United States
1910,67,15,52,20,52,2026-01-10 17:42:39,2026-02-07 13:22:54,0,0,37116B,Rooster City Robotics,FITZGERALD HIGH SCHOOL COLLEGE & CAREER ACADEMY,Georgia,United States
1911,67,20,47,20,49,2026-01-17 19:35:52,2026-03-07 19:05:09,0,0,17380C,Ctrl+Alt+Defeat,Searsport District Middle/High School,Maine,United States
1912,67,20,47,20,47,2026-02-07 16:39:10,2026-02-07 16:41:31,0,0,4265A,Automaton,Holy Family High School,Colorado,United States
1913,67,15,52,18,52,2025-09-22 01:15:14,2025-12-06 23:00:01,0,0,12906A,BLACKOUT,Salisbury East High School,Australia,Australia
1914,67,17,50,17,51,2026-02-14 16:34:42,2026-02-04 00:47:10,0,0,1790B,Bacon Bytes,WRIGHTSTOWN HIGH,Wisconsin,United States
1915,67,17,50,17,50,2026-02-11 02:22:23,2026-02-11 01:19:31,0,0,8931E,V-Bots Purple Penguins,LAKE STEVENS SR HIGH SCHOOL,Washington,United States
1916,67,15,52,15,52,2026-03-14 23:53:44,2026-01-24 17:39:19,60,0,7135Z,Loyola Robotics - Z,Loyola Blakefield,Maryland,United States
1917,67,15,52,15,52,2026-03-15 00:34:56,2026-03-14 23:54:12,59,0,99402B,Sleep Deprived,THE ACADEMIES AT JONESBORO HIGH SCHOOL,Arkansas,United States
1918,67,15,52,15,52,2026-02-07 09:45:42,2026-02-07 07:25:53,57,0,4815E,CPC Team E,WEO CHANG PUI CHUNG MEMORIAL SCHOOL,Hong Kong,Hong Kong
1919,67,15,52,15,52,2026-02-27 15:17:09,2026-02-26 23:56:51,57,0,53073D,No Strings Attached,NORTHWEST HIGH SCHOOL,Louisiana,United States
1920,67,15,52,15,52,2026-02-21 18:25:31,2026-02-21 21:13:31,55,0,2131U,L.O.V.E. M.U.F.F.I.N.,DAVIS HIGH,Utah,United States
1921,67,15,52,15,52,2026-03-15 20:33:38,2026-03-15 20:11:18,50,0,99719T,Vector,Bentonville High School,Arkansas,United States
1922,67,15,52,15,52,2026-01-17 19:20:39,2026-01-27 17:22:05,58,0,77786X,Murphy Fan Club,BRIDGELAND HIGH SCHOOL,Texas - Region 3,United States
1923,67,15,52,15,52,2026-01-31 19:53:18,2026-03-01 15:40:23,44,0,5249A,Sparta Robotics Aneeesh,SPARTA HIGH SCHOOL,New Jersey,United States
1924,67,15,52,15,52,2025-12-06 21:22:32,2025-12-06 17:44:04,0,0,32174B,Lucky Ducks,Conway Area Career Center,Arkansas,United States
1925,67,15,52,15,52,2026-02-21 19:26:16,2026-02-21 17:25:38,0,0,1575W,Wanted,Woodbridge Senior High School,Virginia,United States
1926,67,13,54,13,54,2026-02-28 14:33:00,2026-02-28 15:14:38,0,0,1483C,Carbon Fiber,Trinity Lutheran High School,Indiana - Region 3 - South,United States
1927,67,0,67,11,67,2025-11-08 05:24:08,2026-02-27 06:50:12,0,0,25426D,Phantom Liberty,25426D,South China,China
1928,67,0,67,3,67,2025-11-22 21:33:02,2026-02-28 19:14:40,0,0,1022A,Against the Odds,Claremont Secondary School,Vancouver Island (BC),Canada
1929,66,32,34,32,39,2026-02-14 19:13:07,2026-01-31 17:58:54,17,3,6022Z,Oak Park Robotics,Oak Park High School Robotics Club,California - Region 4,United States
1930,66,31,35,31,38,2026-01-23 20:07:47,2025-10-03 14:57:27,10,0,94X,FrostByte,COMMUNITY SCHOOL OF NAPLES,Florida - South,United States
1931,66,31,35,31,44,2026-03-07 16:00:29,2026-02-21 19:37:53,1,0,3636E,Gears of Confusion,WEST HIGH,Wisconsin,United States
1932,66,31,35,31,61,2026-01-24 02:46:37,2026-02-06 04:17:03,0,0,31619A,ALL ON BLACK,Dulwich College Shanghai Pudong,East China,China
1933,66,29,37,29,44,2026-02-21 20:11:53,2026-03-07 18:55:09,0,0,55117K,Kaotic Mayhem,FREMONT HIGH,Utah,United States
1934,66,27,39,27,58,2025-11-08 11:02:13,2026-02-26 09:04:06,0,0,90606W,Guangzhou No.6 Middle School,Guangzhou No.6 Middle School,South China,China
1935,66,24,42,24,42,2026-02-05 16:59:24,2026-02-05 16:16:30,1,0,2587K,DiscoBots skAIkru,LAMAR HIGH SCHOOL,Texas - Region 3,United States
1936,66,24,42,24,42,2025-12-06 23:03:11,2025-12-06 03:36:29,0,0,3477A,Delta 07,St Andrews Christian College,Australia,Australia
1937,66,23,43,23,43,2025-12-05 23:55:39,2025-12-06 00:03:10,37,0,75477M,Frij,St John's Grammar School,Australia,Australia
1938,66,23,43,23,43,2026-02-04 05:56:08,2026-02-04 07:38:29,0,0,79999X,Ambitious,IBNROSHD_ALNAMOTHAGIA,Saudi Arabia,Saudi Arabia
1939,66,20,46,20,51,2026-01-31 21:01:28,2026-03-06 20:24:14,59,0,739D,confidently confused.,Kimball Secondary,Minnesota,United States
1940,66,20,46,20,50,2026-02-21 18:10:34,2026-03-15 17:22:55,55,0,50805Y,The Orcas,Robotechs,Virginia,United States
1941,66,15,51,20,51,2026-01-15 21:07:02,2025-12-27 16:51:02,0,0,2252R,CIMATEC,CIMATEC,Puerto Rico,Puerto Rico
1942,66,20,46,20,53,2026-01-16 16:48:53,2026-02-07 20:48:03,49,0,12169B,Redline,TRENTON HIGH SCHOOL,Texas - Region 2,United States
1943,66,20,46,20,46,2026-02-14 16:34:08,2026-02-14 17:35:57,38,1,739A,Blue steel,KIMBALL SECONDARY,Minnesota,United States
1944,66,20,46,20,46,2025-09-22 01:36:00,2025-12-06 23:36:23,59,5,41103X,ASDF,Pedare Christian College,Australia,Australia
1945,66,20,46,20,61,2025-12-13 21:40:46,2026-02-28 16:31:41,0,0,75019C,Coppell ZENIX,COPPELL HIGH SCHOOL,Texas - Region 5,United States
1946,66,15,51,19,51,2026-03-07 19:09:02,2026-02-07 19:42:07,0,0,9065H,Phantom Robotics,PLATTE COUNTY HIGH,Missouri,United States
1947,66,15,51,15,51,2026-01-21 20:19:58,2026-01-21 20:12:49,58,4,15155E,Eclipse,UBLY COMMUNITY JRSR HIGH SCHOOL,Michigan,United States
1948,66,15,51,15,54,2025-08-02 17:56:47,2026-02-08 19:13:09,60,0,2502X,Xtc,Playideasny Inc,New York-South,United States
1949,66,15,51,15,51,2026-02-21 21:08:13,2026-02-21 01:23:55,60,0,2918J,GCEC,Glenfield College,New Zealand,New Zealand
1950,66,15,51,15,57,2026-02-21 14:18:30,2026-03-07 01:02:15,59,0,9447A,"Doofenshmirtz Evil Inc. ",Palmetto Scholars Academy,South Carolina,United States
1951,66,15,51,15,51,2026-03-07 17:57:41,2026-03-07 15:16:03,58,0,9039G,Golden Ratio,BrandywineBOTS,Delmarva,United States
1952,66,15,51,15,51,2026-02-20 01:26:01,2026-03-06 20:36:38,55,0,10008B,Breaking Bots,BASIS SCOTTSDALE,Arizona,United States
1953,66,15,51,15,51,2026-01-26 16:03:57,2026-02-14 04:02:57,58,0,98601B,Ouroboros (Troy),TROY HIGH NJROTC,California - Region 4,United States
1954,66,10,56,15,56,2026-01-24 17:15:59,2026-02-14 18:59:10,0,0,15376H,Vortex 3S-HÉLIO,École secondaire des Trois-Saisons,Quebec,Canada
1955,66,15,51,15,51,2025-08-23 09:24:07,2025-08-23 09:26:10,0,0,978X,UnionFree Team X,Beijing UnionFree Robotics,North China,China
1956,66,15,51,15,51,2026-01-24 19:34:30,2026-01-24 19:03:06,0,0,1965C,The Chefs,Adlai E Stevenson High School,Illinois,United States
1957,66,15,51,15,51,2026-01-24 19:37:09,2026-01-24 19:26:16,0,0,499A,Holy Stromboli,Mundelein Cons High School,Illinois,United States
1958,66,15,51,15,51,2026-02-15 19:38:22,2026-02-15 19:20:42,0,0,10504A,Byram Hills,BYRAM HILLS HIGH SCHOOL,New York-South,United States
1959,65,35,30,35,47,2026-03-14 00:12:47,2026-02-07 19:25:30,0,0,20550X,Five Guys,Legacy Robotics,Texas - Region 2,United States
1960,65,28,37,28,37,2026-02-10 22:06:51,2026-02-10 21:52:03,40,0,3145J,Jetstorm Raiders,Triway High School,Ohio,United States
1961,65,28,37,28,51,2026-02-28 19:37:56,2026-01-31 20:10:52,10,0,3652A,UHS Robotics,Unionville High School,Ontario,Canada
1962,65,27,38,27,38,2026-03-07 20:12:37,2026-03-07 20:25:57,0,0,22579E,Croissant,MILTON HIGH,Wisconsin,United States
1963,65,25,40,25,40,2026-02-14 18:40:12,2026-02-14 17:28:29,8,20,57827A,Stars,"Folsom ",California - Region 2,United States
1964,65,25,40,25,45,2026-01-31 18:03:00,2026-02-07 17:18:03,0,0,28407E,Artificial Incompetence,SILOAM SPRINGS HIGH SCHOOL CONVERSION CHARTER,Arkansas,United States
1965,65,20,45,21,45,2026-02-21 15:14:24,2026-01-24 19:27:14,0,0,1894A,Culver Academies Robotics,Culver Academies,Indiana - Region 1 - North,United States
1966,65,5,60,21,60,2026-01-10 20:31:41,2026-02-28 18:18:19,0,0,85B,Enganirs,MOUNT VERNON HIGH SCHOOL,Iowa,United States
1967,65,20,45,20,45,2026-02-14 16:23:38,2026-02-26 17:53:20,58,55,31102B,Rusty Wrenches,Louisiana Christian Univesity,Louisiana,United States
1968,65,15,50,20,50,2025-11-12 14:53:16,2026-01-31 19:57:12,57,6,84443C,SpErit,RICE LAKE HIGH,Wisconsin,United States
1969,65,20,45,20,45,2026-02-28 17:52:46,2026-02-28 21:49:18,58,6,5691E,Hornet Robotics- Eleos,Bryant High School,Arkansas,United States
1970,65,20,45,20,45,2025-11-09 03:13:08,2025-11-09 00:40:04,55,7,51459M,Wenona 1,Wenona School,Australia,Australia
1971,65,20,45,20,45,2026-02-27 01:27:28,2026-02-27 01:53:49,57,0,7282V,AutoFlashes: Velocity,Franklin Central High School,Indiana - Region 2 - Central,United States
1972,65,20,45,20,45,2026-02-28 15:54:16,2026-02-28 16:57:43,57,0,5155T,Twin Turtles,CROSS COUNTY HIGH SCHOOL,Nebraska,United States
1973,65,20,45,20,45,2026-03-01 21:26:55,2026-03-01 21:19:06,57,0,42747V,Vegetable Vortex,West Morris Central High School,New Jersey,United States
1974,65,20,45,20,45,2026-01-17 21:41:32,2026-01-17 21:23:21,56,0,8931K,V-Bots Koding Koalas,LAKE STEVENS SR HIGH SCHOOL,Washington,United States
1975,65,20,45,20,45,2026-01-31 22:13:29,2026-01-31 21:50:49,53,0,9378R,Wolfpack Robotics,MERRILL F WEST HIGH,California - Region 2,United States
1976,65,20,45,20,45,2025-12-13 15:44:07,2025-12-13 16:00:45,50,0,8385W,Bullseye,UNION HIGH,Utah,United States
1977,65,15,50,20,50,2026-01-26 13:10:35,2026-02-28 19:52:17,50,0,37358A,Khaos,KEARNY COLLEGE CONNECTIONS,California - Region 4,United States
1978,65,20,45,20,45,2026-01-11 13:45:22,2026-02-28 14:38:19,56,0,98271F,Melodic Minors,Caledonia High School,Michigan,United States
1979,65,15,50,20,50,2026-02-14 19:06:37,2026-02-21 18:19:46,54,0,15352D,Night Shift,SEAMAN HIGH,Kansas,United States
1980,65,20,45,20,54,2025-11-26 22:25:28,2025-11-19 17:50:20,0,0,34857B,WOLVES CECYTECH 11 CD. DEL CONOCIMIENTO,CECYTECH 11 Ciudad del Conocimiento,Mexico,Mexico
1981,65,20,45,20,49,2025-12-13 20:25:04,2026-02-21 17:37:49,0,0,1894C,Culver Academies Robotics,Culver Academies,Indiana - Region 1 - North,United States
1982,65,20,45,20,45,2026-01-30 22:54:35,2026-01-30 23:01:30,0,0,99153X,Monster Hunter,CECYTECH 14 Villa Esperanza,Mexico,Mexico
1983,65,20,45,20,45,2026-02-07 16:05:51,2026-02-07 16:16:09,0,0,39232A,Interlinked,JACKSON PREPARATORY SCHOOL,Mississippi,United States
1984,65,20,45,20,45,2026-02-14 19:13:58,2026-02-14 21:19:35,0,0,78780A,The Merry Gentlemen,PINECREST ACADEMY OF NEVADA CADENCE,Nevada,United States
1985,65,20,45,20,45,2026-02-14 19:49:14,2026-02-14 19:07:15,0,0,19697S,Playbot Carti,JORDAN HIGH SCHOOL,Texas - Region 3,United States
1986,65,20,45,20,45,2026-02-21 19:36:52,2026-02-21 18:46:24,0,0,94S,Seahawks,COMMUNITY SCHOOL OF NAPLES,Florida - South,United States
1987,65,20,45,20,45,2026-03-06 20:05:28,2026-03-06 19:50:42,0,0,1764M,Marvin the Paranoid Android,Yarmouth High School,Maine,United States
1988,65,20,45,20,45,2026-03-07 21:58:30,2026-03-07 20:51:42,0,0,34716C,ArrowMatic Titans,A+ CHARTER SCHOOLS,Arizona,United States
1989,65,18,47,18,49,2026-01-31 20:58:08,2026-02-20 19:17:46,0,0,77711S,Chopped Cheese,NIMITZ HIGH SCHOOL,Texas - Region 2,United States
1990,65,15,50,15,50,2026-02-21 22:35:02,2026-02-21 21:14:43,60,0,3168X,Rubixcoders,Skywalker Robotics,New Zealand,New Zealand
1991,65,15,50,15,50,2026-02-22 17:08:45,2026-02-22 18:17:56,59,0,20164J,Jambalaya,Charles J. Colgan Senior. High School,Virginia,United States
1992,65,15,50,15,50,2026-02-14 21:16:29,2026-02-14 19:54:53,58,0,10801B,Trubotics,Pierre Elliott Trudeau High School,Ontario,Canada
1993,65,15,50,15,55,2026-01-18 20:31:37,2026-03-06 20:26:06,59,0,9210B,Storm Robotics B Team,Storm Robotics (ISD47),Minnesota,United States
1994,65,15,50,15,50,2026-02-07 06:53:24,2026-02-07 03:45:37,42,0,4694C,Cascade,Baptist Lui Ming Choi Secondary School,Hong Kong,Hong Kong
1995,65,15,50,15,50,2026-01-18 18:37:04,2026-02-28 18:49:11,57,0,4610K,Kleptomaniacs,Robot Revolution,New Jersey,United States
1996,65,15,50,15,62,2026-01-10 22:49:28,2026-02-28 17:07:35,0,0,16688K,FoldX,VexKan Robotics Club,Alberta/Saskatchewan,Canada
1997,65,15,50,15,50,2026-02-21 20:27:24,2026-02-21 15:38:44,0,0,99751A,Apollo,COLORADO EARLY COLLEGE FORT COLLINS,Colorado,United States
1998,65,11,54,11,54,2026-01-24 06:39:17,2026-01-24 03:41:44,35,0,12938H,ZIGMA,Makati High School,Philippines,Philippines
1999,65,3,62,6,62,2025-11-16 00:51:17,2026-01-31 18:16:38,4,0,94517Y,Why,Clayton Valley Charter High School,California - Region 2,United States
2000,65,0,65,5,65,2026-02-07 20:32:03,2026-01-31 21:26:53,28,0,8433V,Wild Gangalangs,White Oaks Secondary School,Ontario,Canada
2001,65,4,61,4,61,2026-01-09 08:27:51,2026-01-09 08:30:06,0,0,27766G,二十九中七队,南京市第二十九中学,East China,China
2002,65,0,65,1,65,2026-02-28 22:46:52,2025-12-07 17:34:11,0,0,9181B,Bentley,Seaquam Secondary,British Columbia (BC),Canada
2003,65,0,65,0,65,,2026-02-03 01:37:59,0,0,1690K,Shishi High School K,HUAYING,West China,China
2004,64,41,23,41,26,2026-01-24 22:33:14,2025-12-06 22:22:11,8,0,90385B,Pumas: Orange,UPREP,Washington,United States
2005,64,31,33,31,40,2025-11-22 06:16:43,2026-01-01 07:09:27,0,0,68762F,ASJ-F team,Ai Tech Robotics,South China,China
2006,64,26,38,26,38,2026-02-14 23:01:02,2026-02-14 18:01:40,6,0,8054B,Mustang Mechanics B,MIRA COSTA HIGH,California - Region 4,United States
2007,64,23,41,23,49,2026-02-07 19:53:42,2026-01-31 21:30:16,29,0,5069W,Wake Up,Millard North High School,Nebraska,United States
2008,64,22,42,22,47,2026-02-21 17:57:59,2026-03-07 20:01:30,0,0,3217H,Hephaestus,MARTHA LAYNE COLLINS HIGH SCHOOL,Kentucky,United States
2009,64,22,42,22,42,2026-01-17 18:08:07,2026-01-17 17:31:00,0,0,94989X,Spongeniers,Riverside Secondary,British Columbia (BC),Canada
2010,64,20,44,20,44,2026-02-20 21:25:49,2026-02-20 22:47:46,56,5,13907F,Party Time!!!,AUTAUGA COUNTY TECHNOLOGY CENTER,Alabama,United States
2011,64,20,44,20,44,2026-02-28 18:51:10,2026-02-28 18:37:47,59,0,63600G,Eaglebots: We Should've Been Team F,GRAND RAPIDS CHRISTIAN HIGH SCHOOL,Michigan,United States
2012,64,20,44,20,44,2026-02-21 20:06:54,2026-02-21 18:04:50,57,0,30134B,Undecided,MURRAY HIGH,Utah,United States
2013,64,15,49,20,49,2026-01-10 18:12:42,2026-02-01 20:07:58,44,0,727C,Terrapin Crimson,TAMPA PREPARATORY SCHOOL,Florida - North/Central,United States
2014,64,20,44,20,44,2026-02-07 18:52:35,2026-02-07 19:31:20,1,0,77174B,Saints Robotics,St. George's School,British Columbia (BC),Canada
2015,64,15,49,20,49,2026-03-07 21:24:18,2026-01-24 21:18:46,59,0,6030K,Knights,Arizona College Prep High School,Arizona,United States
2016,64,20,44,20,44,2026-01-21 20:08:38,2026-02-05 00:07:03,58,0,52169A,Ankylosaurus,TALLMADGE HIGH SCHOOL,Ohio,United States
2017,64,15,49,20,49,2026-03-14 17:49:05,2026-01-24 19:01:53,0,0,2616N,Null,CHERRY HILL HIGH SCHOOL EAST,New Jersey,United States
2018,64,19,45,20,45,2026-02-28 15:21:21,2026-02-21 16:05:56,0,0,17038A,Trojan Kappa,WEST MARSHALL HIGH SCHOOL,Iowa,United States
2019,64,20,44,20,44,2026-02-06 19:40:58,2026-02-06 16:51:04,0,0,11089A,Mech Minions,Islamic Academy of Alabama,Alabama,United States
2020,64,20,44,20,44,2026-03-14 19:45:44,2026-03-14 00:07:26,0,0,37215A,CPA - Cobalt,CHRIST PRESBYTERIAN ACADEMY,Tennessee,United States
2021,64,6,58,19,58,2025-11-08 20:03:10,2026-03-09 15:38:13,45,0,62629Z,Iron Patriots:  Zenith,WHEELING PARK HIGH SCHOOL,West Virginia,United States
2022,64,15,49,18,58,2026-01-27 19:11:53,2025-12-14 22:07:20,0,0,6526D,Damien Spartan Robotics,Damien High School,California - Region 4,United States
2023,64,15,49,15,49,2026-03-07 18:52:56,2026-03-07 03:57:08,59,5,51581D,Garlic Bread,THE DALLES HIGH SCHOOL,Oregon,United States
2024,64,15,49,15,49,2026-02-07 17:13:20,2026-02-07 19:04:01,59,0,1267R,Knights: Redesigned∞,DELAWARE COUNTY CHRISTIAN SCHOOL,Pennsylvania - East,United States
2025,64,15,49,15,49,2026-03-15 17:20:00,2026-03-15 14:26:05,56,0,1784Z,Sprock Obama,Moses Brown School,Connecticut,United States
2026,64,15,49,15,49,2026-02-21 17:40:01,2026-02-14 17:43:40,58,0,60883Y,Yoink!,AKRON STEM HIGH SCHOOL,Ohio,United States
2027,64,15,49,15,49,2026-03-14 18:56:07,2026-03-14 16:24:24,55,0,43272Z,Fox Robotics - Forklift Certified Rat,CADDO MILLS HIGH SCHOOL,Texas - Region 2,United States
2028,64,15,49,15,49,2025-10-18 22:28:52,2025-10-18 22:09:09,50,0,404S,Sticky Keys Enabled,EL CAMINO REAL CHARTER HIGH SCHOOL,California - Region 4,United States
2029,64,15,49,15,49,2026-02-07 15:13:39,2026-02-07 18:45:05,12,0,14241Z,Zephyrs,Level V Robotics,North Carolina,United States
2030,64,15,49,15,49,2026-02-28 18:20:04,2026-02-28 15:26:07,8,0,4610Y,Team Y,Robot Revolution,New Jersey,United States
2031,64,15,49,15,49,2026-01-04 21:06:03,2026-01-24 18:57:13,59,0,499R,Razer Edge,Mundelein Cons High School,Illinois,United States
2032,64,15,49,15,49,2026-02-13 15:02:27,2026-02-06 17:34:37,57,0,5300D,FerdaMen,WIN-E-MAC SECONDARY,Minnesota,United States
2033,64,15,49,15,49,2026-02-14 18:31:12,2026-02-21 16:50:03,57,0,6135B,Jimmy Jelly,Early Career & College Center,Kentucky,United States
2034,64,11,53,11,53,2026-02-05 00:45:29,2026-02-05 00:48:43,0,0,81422B,LIBERTADORES B,CECYT 22 AYUNTAMIENTO,Mexico,Mexico
2035,64,0,64,2,64,2025-12-20 18:18:55,2026-01-31 15:54:19,0,0,44047A,JEDI Sith Squadron,JEFFERSON AREA SR HIGH SCHOOL,Ohio,United States
2036,64,0,64,0,64,,2025-11-14 07:28:58,0,0,99600F,重庆枫叶国际学校,重庆枫叶国际学校,West China,China
2037,63,34,29,34,44,2026-02-28 19:57:25,2026-02-06 00:12:27,15,0,7282J,AutoFlashes: Jackpot,Franklin Central High School,Indiana - Region 2 - Central,United States
2038,63,0,63,34,63,2026-03-07 17:02:25,2025-11-15 13:56:22,0,0,3796J,Jank,J. L. MANN HIGH ACADEMY,South Carolina,United States
2039,63,30,33,30,33,2025-10-26 02:24:02,2025-10-26 02:37:38,0,0,57000A,Beijing 57 High School,Beijing 57 High School,North China,China
2040,63,24,39,25,41,2026-02-14 23:14:10,2026-01-17 22:00:59,18,6,6323Z,Thunder Robotics,DESERT VISTA HIGH SCHOOL,Arizona,United States
2041,63,25,38,25,38,2026-02-07 20:20:26,2026-02-07 19:09:08,0,0,97779A,St Andrews College,St Andrew’s College,Ontario,Canada
2042,63,24,39,24,48,2026-02-14 20:12:11,2026-02-21 16:25:06,14,0,1233V,Vortex,CROWN POINT HIGH SCHOOL,Indiana - Region 1 - North,United States
2043,63,23,40,23,40,2025-11-22 14:18:19,2025-11-22 19:32:46,0,0,55732B,[Team Name Here],Maryville High School,Missouri,United States
2044,63,20,43,22,43,2026-02-28 01:01:34,2026-02-14 20:54:23,1,0,43280V,PΛNDORΛ,ELKHORN NORTH HIGH SCHOOL,Nebraska,United States
2045,63,20,43,20,43,2026-02-28 20:11:13,2026-02-28 19:38:05,58,2,28407B,Double Entendre,SILOAM SPRINGS HIGH SCHOOL CONVERSION CHARTER,Arkansas,United States
2046,63,20,43,20,43,2026-02-14 22:19:40,2026-02-14 21:31:11,57,0,63310G,Valkyrie,KATY HIGH SCHOOL,Texas - Region 3,United States
2047,63,20,43,20,43,2026-03-13 23:26:57,2026-03-14 14:32:47,56,0,2849A,null,Caston Robotics,Indiana - Region 1 - North,United States
2048,63,20,43,20,43,2026-01-31 16:24:46,2026-01-31 16:30:22,55,0,36963B,Robo Rangers,SOUTH GRAND PRAIRIE HIGH SCHOOL,Texas - Region 2,United States
2049,63,20,43,20,43,2026-02-07 21:35:46,2026-02-07 19:01:36,55,0,3300D,Barrel Monkeys,Western Canada High School,Alberta/Saskatchewan,Canada
2050,63,20,43,20,43,2025-12-13 20:23:54,2025-12-13 19:02:03,0,0,11270G,◕CSAA◕ Goofy Goober,CSAAFuture,Ontario,Canada
2051,63,20,43,20,43,2026-02-07 15:29:02,2026-02-07 18:34:17,0,0,4265P,Over-Powered,Holy Family High School,Colorado,United States
2052,63,20,43,20,43,2026-02-14 14:19:20,2026-02-14 14:43:19,0,0,5999A,Eagle Siege,NORTHEAST HIGH,Tennessee,United States
2053,63,20,43,20,43,2026-02-23 19:39:29,2026-02-23 17:35:51,0,0,3838T,I don't know,OCEAN SPRINGS HIGH SCHOOL,Mississippi,United States
2054,63,20,43,20,43,2026-03-01 11:20:52,2026-03-01 11:28:59,0,0,33900A,ELEGANCE ROBOTICS,TEVFİK FİKRET LİSESİ,Türkiye,Türkiye
2055,63,20,43,20,43,2026-03-09 14:37:34,2026-03-08 17:36:10,0,0,26330B,Formula,BRIDGEPORT HIGH SCHOOL,West Virginia,United States
2056,63,12,51,19,51,2026-03-14 15:26:51,2025-12-13 17:45:06,0,0,70258A,Hivemind,HAMDEN HALL COUNTRY DAY SCHOOL,Connecticut,United States
2057,63,19,44,19,44,2026-02-26 13:01:36,2026-02-26 12:30:21,0,0,73447B,EAGlet,Ernst-Abbe-Gymnasium,Germany,Germany
2058,63,15,48,18,48,2026-01-10 20:10:58,2026-02-14 18:03:31,0,0,48730A,Oracle,South Jersey Innovation Center,New Jersey,United States
2059,63,17,46,17,46,2026-02-07 00:23:48,2026-02-07 00:26:32,27,0,31619B,Bob's Builders,Dulwich College Shanghai Pudong,East China,China
2060,63,15,48,15,48,2026-02-28 22:42:36,2026-02-28 01:30:27,59,0,45519A,Hippopotenuse,STEM Innovation Academy,Alberta/Saskatchewan,Canada
2061,63,15,48,15,48,2026-03-14 19:21:12,2026-03-14 19:15:18,57,2,101A,Radnor Robotics,RADNOR SHS,Pennsylvania - East,United States
2062,63,15,48,15,48,2026-02-15 16:55:56,2026-02-15 16:40:55,58,0,9061W,Whirlpool,The Mind Spark,Pennsylvania - East,United States
2063,63,15,48,15,48,2026-03-07 04:06:44,2026-03-07 04:18:39,58,0,2646A,Thunderbolt Robotics Club,Thunderbolt Robotics,Oregon,United States
2064,63,15,48,15,48,2026-02-28 15:46:54,2026-02-07 19:39:21,59,0,14241V,VEX Vipers,Level V Robotics,North Carolina,United States
2065,63,15,48,15,48,2025-12-13 19:18:28,2026-02-14 19:10:54,55,0,89131Z,The Ninja Turtles,ARBOR VIEW HIGH SCHOOL,Nevada,United States
2066,63,11,52,15,52,2026-01-24 21:38:40,2026-02-07 19:40:53,0,0,6627B,Knight Time Bots - Barracudas,FOOTHILL HIGH,California - Region 4,United States
2067,63,12,51,15,51,2026-02-21 15:59:11,2026-03-07 15:51:37,0,0,67101F,Fishermen,Maize Career Academy,Kansas,United States
2068,63,15,48,15,48,2026-02-07 23:28:11,2026-02-07 18:56:01,0,0,77677X,Trailblazers,ARROYO PACIFIC ACADEMY,California - Region 4,United States
2069,63,15,48,15,48,2026-02-21 19:00:34,2026-02-21 18:04:40,0,0,34872A,3crowners,BARNESVILLE HIGH SCHOOL,Ohio,United States
2070,63,15,48,15,48,2026-02-22 05:43:32,2026-02-22 05:06:00,0,0,2448G,Zharqyn,ZERTTEU ROBOTICS,Kazakhstan,Kazakhstan
2071,63,15,48,15,48,2026-03-01 06:51:51,2026-03-01 06:59:18,0,0,22911M,TEAM MAJORS,MBA Schools,Türkiye,Türkiye
2072,63,15,48,15,48,2026-03-14 17:49:37,2026-03-14 16:43:45,0,0,60441T,[REDACTED],LOCKPORT TOWNSHIP HIGH SCH EAST,Illinois,United States
2073,63,13,50,13,50,2026-02-20 23:44:07,2026-02-20 09:05:26,28,0,87546D,Pang Gang,Korea International School,South Korea,"Korea, Republic of"
2074,63,5,58,5,58,2026-01-03 14:46:26,2026-01-03 14:53:57,0,0,36620A,The Over-Engineers,UNITY CHRISTIAN HIGH SCHOOL,Michigan,United States
2075,63,0,63,3,63,2025-10-25 07:37:43,2025-12-19 08:33:29,32,0,20068B,BIBA_20068B,BIBA,North China,China
2076,63,0,63,2,63,2026-02-26 20:32:19,2026-01-17 15:57:50,0,0,10898B,Spartanium,Stafford High School,Texas - Region 3,United States
2077,63,0,63,0,63,2026-02-03 02:27:39,2026-02-03 03:55:45,0,0,2556K,2556K,中远实验学校,East China,China
2078,63,0,63,0,63,,2026-02-04 03:47:19,0,0,11645A,3Dreamer,Hsinchu County American School,Chinese Taipei,Taiwan
2079,62,37,25,37,43,2026-03-15 12:07:24,2026-01-24 15:54:18,0,0,17814Y,Why Not?,WESTON HIGH SCHOOL,Connecticut,United States
2080,62,32,30,32,37,2026-02-28 15:28:25,2026-02-22 15:46:50,0,0,13956A,Highlanders,FLOYD CENTRAL HIGH SCHOOL,Indiana - Region 3 - South,United States
2081,62,30,32,30,41,2026-02-14 14:59:32,2026-01-19 17:38:01,0,0,4886A,Arachnid,THETFORD ACADEMY,New Hampshire/Vermont,United States
2082,62,29,33,29,33,2026-03-01 13:49:38,2026-03-01 13:59:01,6,0,96138X,Monroe Reflex,MONROE TOWNSHIP HIGH SCHOOL,New Jersey,United States
2083,62,28,34,28,36,2026-02-03 00:00:28,2026-03-06 18:54:35,0,0,3264K,Karma,NORWALK HIGH SCHOOL,Ohio,United States
2084,62,22,40,26,40,2026-02-07 17:30:44,2026-02-08 18:13:44,0,2,8780C,Jurskins,Waubonsie Valley High School,Illinois,United States
2085,62,25,37,25,41,2026-02-28 02:34:22,2026-01-10 22:31:05,10,0,36287A,Collective IQ 0,Horseshoe Crossing High School,Alberta/Saskatchewan,Canada
2086,62,25,37,25,44,2025-11-08 19:05:39,2026-03-07 19:04:18,2,0,67002E,Electro Boogie,Northwest Career And Technical Academy,Nevada,United States
2087,62,24,38,24,38,2026-02-21 15:53:32,2026-02-21 16:17:17,0,0,355R,Wreck-It Ralph,Fox Valley Robotics,Illinois,United States
2088,62,23,39,23,42,2026-02-07 20:45:20,2026-01-31 20:41:15,39,0,8433X,Wild Dawgs,White Oaks Secondary School,Ontario,Canada
2089,62,20,42,21,42,2026-01-17 16:27:30,2026-02-27 19:30:29,7,0,36620C,Return to Sender,UNITY CHRISTIAN HIGH SCHOOL,Michigan,United States
2090,62,21,41,21,42,2026-02-07 15:32:39,2026-01-31 22:07:54,0,0,99979X,Kernel Hye,Robot17,Ontario,Canada
2091,62,20,42,20,42,2026-01-09 22:48:39,2026-01-09 19:48:19,59,3,88875M,Morris Robotics (Blue Bomber),Morris School,Manitoba,Canada
2092,62,20,42,20,42,2026-03-07 16:55:24,2026-02-14 16:21:36,57,0,7862N,VEX Is Bonkers,Hesston High School,Kansas,United States
2093,62,20,42,20,42,2025-12-13 19:23:19,2026-03-14 19:35:00,53,0,9909K,(K)Guadalupe,MIDDLETOWN HIGH SCHOOL,Connecticut,United States
2094,62,0,62,20,62,2025-12-13 15:14:10,2026-02-07 16:01:24,58,0,3536X,Zipties and Ductape,NORTH FORSYTH HIGH SCHOOL,Georgia,United States
2095,62,15,47,20,49,2026-01-31 16:07:57,2026-03-15 19:01:10,46,0,70260A,Mechalorians,Don Soffer Aventura High School,Florida - South,United States
2096,62,20,42,20,47,2025-12-13 16:19:48,2026-03-15 14:47:13,0,0,929V,Vanguard,Hereford High School,Maryland,United States
2097,62,15,47,20,47,2026-02-14 17:26:46,2026-02-21 16:55:23,0,0,67147K,Rubberband-its,Robot Club,Kansas,United States
2098,62,20,42,20,42,2026-01-08 23:01:49,2026-01-08 23:26:52,0,0,24772B,LatteBots,Marianas High School,Northern Mariana Islands,Northern Mariana Islands
2099,62,20,42,20,42,2026-01-10 19:54:25,2026-01-10 19:19:49,0,0,1227A,Charger !,STRAWBERRY CREST HIGH SCHOOL,Florida - North/Central,United States
2100,62,20,42,20,42,2026-01-31 19:54:31,2026-01-31 20:27:14,0,0,41977B,Birchmount Robotics,Toronto District School Board - Birchmount Park Collegiate,Ontario,Canada
2101,62,20,42,20,42,2026-02-01 18:20:43,2026-02-01 18:31:41,0,0,1011S,Ten Ton Robotics,West Vancouver School District #45,British Columbia (BC),Canada
2102,62,20,42,20,42,2026-03-01 19:44:24,2026-03-01 19:38:27,0,0,765X,FuryTech Xenon,HIGH TECHNOLOGY HIGH SCHOOL,New Jersey,United States
2103,62,0,62,19,62,2025-10-25 14:37:10,2025-11-08 15:42:19,0,0,1233E,Excalibur,Crown Point High School,Indiana - Region 1 - North,United States
2104,62,19,43,19,43,2026-01-31 15:57:09,2026-01-31 16:03:47,0,0,7110Z,Zygarde,CARROLL HIGH SCHOOL,Texas - Region 5,United States
2105,62,18,44,18,52,2026-03-01 11:07:14,2026-02-15 07:59:02,0,0,19077F,ROBOVICTORY,Özel Zafer Koleji,Türkiye,Türkiye
2106,62,15,47,18,47,2026-01-30 23:14:24,2026-02-05 00:22:58,0,0,99153Z,Golden Women Cecyt 14,CECYTECH 14 Villa Esperanza,Mexico,Mexico
2107,62,18,44,18,44,2026-03-08 18:08:39,2026-03-08 18:58:21,0,0,25314A,Patriots,GEORGE WASHINGTON HIGH SCHOOL,West Virginia,United States
2108,62,17,45,17,45,2026-02-21 00:50:50,2026-02-21 19:00:11,14,0,8448T,sparTan,MOUNTAIN BROOK HIGH SCHOOL,Alabama,United States
2109,62,15,47,15,47,2026-02-21 18:45:04,2026-02-21 18:07:14,59,0,74177G,SNEAKY GOLEMS,PINECREST ACADEMY OF NEVADA SLOAN CANYON,Nevada,United States
2110,62,15,47,15,47,2026-01-24 16:11:23,2026-01-24 15:54:35,56,0,54007A,Shades,Independent,Arizona,United States
2111,62,15,47,15,47,2026-03-07 04:01:37,2026-02-06 17:23:30,58,0,41998A,Ningo,VALE HIGH SCHOOL,Oregon,United States
2112,62,15,47,15,47,2026-01-10 16:30:50,2026-02-21 18:12:18,58,0,6219D,Dynamic Delinquents,NEENAH HIGH,Wisconsin,United States
2113,62,0,62,15,62,2026-01-19 22:46:01,2026-02-28 19:39:03,56,0,507B,Mustang Robotics 507B,Otay Ranch High School,California - Region 4,United States
2114,62,0,62,15,62,2025-12-13 19:33:14,2026-02-26 21:47:15,0,0,3674U,UNITY,Energy Institute High School,Texas - Region 3,United States
2115,62,14,48,15,48,2025-11-22 22:01:26,2025-12-13 22:16:27,0,0,9922Z,MonkeBots,BASIC ACADEMY OF INT'L STUDIES HIGH SCHOOL,Nevada,United States
2116,62,15,47,15,47,2025-10-23 19:41:41,2025-10-23 19:33:20,0,0,31218X,Blinded By The Light,ETOWAH HIGH SCHOOL,Alabama,United States
2117,62,15,47,15,47,2026-01-10 19:54:39,2026-01-10 19:25:31,0,0,8373M,MHP Smoking Motors,MADISON HIGHLAND PREP,Arizona,United States
2118,62,15,47,15,47,2026-02-07 06:41:40,2026-02-07 06:21:27,0,0,64084A,Cyber Wolves 1,Thai-Chinese International School,Thailand,Thailand
2119,62,15,47,15,47,2026-02-07 18:24:46,2026-02-07 20:50:37,0,0,42075D,Velocibots,ACADEMIES OF LOUDOUN,Virginia,United States
2120,62,15,47,15,47,2026-03-07 19:33:32,2026-03-07 18:31:28,0,0,1200D,Supercharged,ST MARY CATHOLIC SCHOOLS,Wisconsin,United States
2121,62,6,56,10,56,2026-01-17 18:01:07,2026-02-27 00:08:07,0,0,55755A,Zenith Eclipse,WOODLAWN HIGH SCHOOL,Louisiana,United States
2122,62,0,62,6,62,2026-01-02 01:38:15,2026-02-03 01:27:32,22,0,33398A,Guanghuang Academy Robot Club,上海光剑美高学校,East China,China
2123,62,0,62,5,62,2026-01-15 10:16:24,2026-02-07 07:08:15,0,0,64084B,Cyber Wolves 2,Thai-Chinese International School,Thailand,Thailand
2124,62,0,62,4,62,2026-01-23 07:56:45,2026-02-06 06:46:05,0,0,84236D,Medium Rare,Nanjing International School,East China,China
2125,61,24,37,24,37,2026-02-07 16:51:06,2026-02-07 17:13:18,8,0,9065P,Phantom Robotics,PLATTE COUNTY HIGH,Missouri,United States
2126,61,23,38,23,50,2026-01-17 14:36:28,2026-02-21 18:50:22,0,0,929N,RagingBulls,Hereford High School,Maryland,United States
2127,61,23,38,23,41,2026-01-17 17:47:11,2026-02-28 13:37:18,0,0,11591P,A(I/Y)DEN^2,PLAINWELL HIGH SCHOOL,Michigan,United States
2128,61,22,39,22,39,2026-01-23 06:40:39,2026-01-23 06:52:09,2,0,63936G,Lingnan G,"Lingnan Middle School, Macau",Macau,Macau
2129,61,20,41,20,41,2026-02-15 17:31:20,2026-02-15 17:00:11,58,8,2776W,Silicon: Wasted Potential,Silicon Competition Robotics,Pennsylvania - East,United States
2130,61,20,41,20,41,2026-01-31 14:40:04,2026-01-31 15:07:30,55,0,67104C,hippopotomonstrosesquippedaliophobia,HEADLAND HIGH SCHOOL,Alabama,United States
2131,61,20,41,20,41,2026-01-31 19:57:28,2026-01-31 17:16:14,55,0,55455D,TechBlazers,Self,California - Region 2,United States
2132,61,15,46,20,46,2026-01-10 18:31:45,2025-10-23 22:01:36,0,0,21111A,Toa Robotics,TAFUNA HIGH SCHOOL,American Samoa,American Samoa
2133,61,20,41,20,41,2026-02-14 17:09:47,2026-03-14 19:06:06,56,0,20480K,Agent Penguins,SKYLINE HIGH SCHOOL,Texas - Region 2,United States
2134,61,15,46,20,53,2025-12-11 15:25:13,2026-02-23 15:53:59,56,0,39110E,EF-4,Germantown High School,Mississippi,United States
2135,61,20,41,20,41,2026-01-15 21:23:35,2026-01-15 21:44:34,0,0,22002A,BWNBots,The Baldwin School of Puerto Rico,Puerto Rico,Puerto Rico
2136,61,20,41,20,41,2026-01-24 18:06:57,2026-01-24 17:30:49,0,0,21C,SPUR-FLYS,CHAMPS - CHARTER HIGH SCHOOL OF ARTS-MULTIMEDIA & PERFORMING,California - Region 4,United States
2137,61,20,41,20,41,2026-01-24 21:22:27,2026-01-24 20:18:26,0,0,9594U,RoboCavs,Collingwood School,British Columbia (BC),Canada
2138,61,20,41,20,41,2026-02-07 15:45:34,2026-02-07 15:58:44,0,0,76059A,Keene Chargers,KEENE HIGH SCHOOL,Texas - Region 5,United States
2139,61,20,41,20,41,2026-02-07 15:52:28,2026-02-07 16:54:51,0,0,75503A,Bluetooth Motors,PLEASANT GROVE HIGH SCHOOL,Texas - Region 2,United States
2140,61,18,43,18,43,2026-01-23 21:33:44,2026-01-23 19:17:11,0,0,333V,30 Tooth Red Sprocket,Niles North 333 Robotics,Illinois,United States
2141,61,16,45,16,45,2026-02-14 17:52:40,2026-02-14 16:12:57,0,0,10833A,Unlucky Frogs,Independent Team,North Carolina,United States
2142,61,15,46,15,46,2026-02-07 23:15:50,2026-02-06 22:33:51,59,2,45519D,Deuterium,STEM Innovation Academy,Alberta/Saskatchewan,Canada
2143,61,15,46,15,46,2026-02-22 17:06:41,2026-02-22 14:34:53,59,0,20164W,Great White Sharks,CHARLES J. COLGAN SR. HIGH,Virginia,United States
2144,61,15,46,15,46,2026-01-24 14:54:03,2026-02-07 17:48:24,59,0,13907B,ACTC B,AUTAUGA COUNTY TECHNOLOGY CENTER,Alabama,United States
2145,61,15,46,15,46,2026-01-17 08:10:07,2026-01-17 07:45:05,58,0,8068E,isodynamic,"School of Science and Technology, Singapore",Singapore,Singapore
2146,61,15,46,15,58,2026-02-14 20:38:50,2026-03-13 23:54:52,55,0,597F,Robobusters Yellow,SCHOOL OF SCIENCE AND ENGINEERING,Texas - Region 2,United States
2147,61,15,46,15,46,2026-02-15 20:17:20,2026-02-15 19:42:38,56,0,12B,Blizzard,The Potomac School,Virginia,United States
2148,61,15,46,15,46,2026-02-21 20:10:34,2026-02-21 18:58:07,56,0,98333E,Seattle Prep VEX - E,Seattle Preparatory School,Washington,United States
2149,61,15,46,15,46,2025-12-05 20:34:31,2026-02-27 19:47:02,45,0,3333W,Power of the Square,Notre Dame Prep,Michigan,United States
2150,61,15,46,15,46,2026-01-31 17:01:04,2026-02-08 16:14:19,59,0,1413E,Emerald Engines,ST CHARLES EAST HIGH SCHOOL,Illinois,United States
2151,61,15,46,15,46,2026-02-28 17:29:45,2026-03-14 23:05:43,54,0,1893E,Baltimore Polytechnic Institute,BALTIMORE POLYTECHNIC INSTITUTE,Maryland,United States
2152,61,0,61,15,61,2026-01-31 18:16:29,2026-01-31 14:54:44,0,0,77711P,Treachery,NIMITZ HIGH SCHOOL,Texas - Region 2,United States
2153,61,5,56,15,56,2025-11-14 19:26:04,2026-02-21 17:31:36,0,0,8823R,"Running on Duct Tape ",Milford Robotics,Ohio,United States
2154,61,15,46,15,46,2026-01-17 19:45:57,2026-01-17 17:21:52,0,0,94989Z,Train Wreck,Riverside Secondary,British Columbia (BC),Canada
2155,61,15,46,15,46,2026-02-03 18:43:33,2026-02-03 14:53:47,0,0,540X,Appleby,Appleby College,Ontario,Canada
2156,61,15,46,15,46,2026-02-07 21:05:42,2026-02-07 18:07:40,0,0,17505A,Pink Panthers,IM TERRELL ACADEMY FOR STEM AND VPA,Texas - Region 5,United States
2157,61,15,46,15,46,2026-02-14 17:37:04,2026-02-14 16:31:35,0,0,15923A,PHS A,PLAINVILLE HIGH SCHOOL,Connecticut,United States
2158,61,15,46,15,46,2026-02-27 16:46:45,2026-02-28 11:58:52,0,0,55609A,Thistle Robotics,James Gillespie's High School,United Kingdom,United Kingdom
2159,61,15,46,15,46,2026-03-09 15:18:17,2026-03-08 17:48:09,0,0,24740C,MCTEC Industrials,MERCER COUNTY TECHNICAL EDUCATION CENTER,West Virginia,United States
2160,60,15,45,35,52,2026-02-27 00:54:53,2025-12-06 18:24:24,3,0,99904X,That One Team,NEW PALESTINE HIGH SCHOOL,Indiana - Region 2 - Central,United States
2161,60,30,30,30,35,2026-02-21 20:09:43,2026-02-20 22:00:15,0,0,82717A,Hi-Tech Hillbillies,ALPHA OMEGA ACADEMY,Texas - Region 3,United States
2162,60,28,32,28,45,2025-12-07 17:26:13,2026-02-15 21:50:43,0,0,1011X,Ten Ton Robotics,West Vancouver School District #45,British Columbia (BC),Canada
2163,60,26,34,27,43,2026-02-27 20:30:57,2026-01-11 18:51:01,0,0,248C,RoboDawgs: Calamity,Grandville Robotics,Michigan,United States
2164,60,15,45,25,45,2026-03-07 23:27:50,2026-01-31 19:21:11,35,0,67002A,Dreadnoughts,Northwest Career And Technical Academy,Nevada,United States
2165,60,15,45,23,45,2026-03-15 16:56:25,2026-02-07 18:02:48,0,0,17814V,Vortex,WESTON HIGH SCHOOL,Connecticut,United States
2166,60,21,39,21,46,2026-01-17 14:41:40,2026-03-14 00:47:14,0,0,16859X,HITMAN SQUADRON,LAKEWAY CHRISTIAN ACADEMY,Tennessee,United States
2167,60,15,45,20,45,2025-11-07 07:38:32,2025-11-22 03:46:35,58,8,936D,HKIS Dragons,Hong Kong International School,Hong Kong,Hong Kong
2168,60,20,40,20,41,2026-01-11 17:41:15,2026-01-23 22:31:04,56,2,40684B,67ers,NAPOLEON HIGH SCHOOL,Michigan,United States
2169,60,20,40,20,40,2026-01-29 23:58:09,2026-01-29 21:33:51,60,0,84443M,Artemis,RICE LAKE HIGH,Wisconsin,United States
2170,60,20,40,20,40,2026-03-14 15:05:07,2026-03-14 17:00:54,48,11,11030A,Manhasset Robotics,MANHASSET SECONDARY SCHOOL,New York-South,United States
2171,60,20,40,20,40,2026-01-19 14:25:24,2026-03-04 15:08:00,57,2,1757A,T.O.R.Q.,Mexico High School,New York-North,United States
2172,60,20,40,20,40,2026-01-15 09:59:50,2026-01-15 07:53:26,57,0,8861C,Cyber Theory,International School Bangkok,Thailand,Thailand
2173,60,20,40,20,47,2025-11-22 14:39:37,2026-02-06 19:27:23,56,0,28898S,Tusks and Tech,PAUL W BRYANT HIGH SCHOOL,Alabama,United States
2174,60,20,40,20,46,2026-02-07 16:34:21,2026-02-28 23:36:21,56,0,128C,Double Double,Korah Collegiate & Vocational School,Ontario,Canada
2175,60,20,40,20,45,2026-01-24 19:01:22,2026-03-14 23:11:56,54,0,9080C,Sleeping Dragon,SOUTH HAGERSTOWN HIGH,Maryland,United States
2176,60,20,40,20,40,2026-03-14 20:01:58,2026-02-07 18:54:41,57,0,64846A,Chroma,CIBOLA HIGH,New Mexico,United States
2177,60,20,40,20,40,2026-02-28 14:53:35,2026-02-28 19:59:10,52,0,613A,Alpha,Franklin High School,New Jersey,United States
2178,60,15,45,20,55,2025-10-25 16:57:59,2026-02-28 16:00:41,0,0,9871A,Awesomesauce Autobots,ACADEMY FOR TECHNOLOGY ENGINEERING MATH & SCIENCE,Texas - Region 5,United States
2179,60,20,40,20,45,2026-03-04 19:36:34,2026-02-01 17:44:46,40,0,7157M,Mr. Roboto,CHITTENANGO HIGH SCHOOL,New York-North,United States
2180,60,20,40,20,40,2026-01-15 01:01:47,2026-02-21 18:22:43,55,0,1166A,Te-sseract,Lutheran High School,Colorado,United States
2181,60,20,40,20,40,2026-02-07 15:30:27,2026-02-21 16:57:16,55,0,8756B,Atom,McCallum HS,Texas - Region 4,United States
2182,60,15,45,20,46,2025-12-13 20:46:37,2026-02-11 02:25:30,0,0,44244G,Goonies,Mukilteo Robotics,Washington,United States
2183,60,15,45,20,45,2026-01-31 15:06:06,2026-02-14 20:07:48,0,0,91416T,Crusaders,Wahoo Robotics (Bishop Neumann and Wahoo Public Schools),Nebraska,United States
2184,60,20,40,20,40,2026-01-18 14:55:38,2026-01-18 15:03:13,0,0,3223E,Cloud IX,WEST MICHIGAN AVIATION ACADEMY,Michigan,United States
2185,60,20,40,20,40,2026-02-07 15:54:11,2026-02-07 19:52:04,0,0,61526H,Tokyo Drift,ST THERESE SCHOOL,Missouri,United States
2186,60,20,40,20,40,2026-02-07 18:05:56,2026-02-07 19:20:30,0,0,60441D,Class 5,LOCKPORT TOWNSHIP HIGH SCH EAST,Illinois,United States
2187,60,20,40,20,40,2026-02-14 22:13:28,2026-02-14 21:57:08,0,0,67002H,DIGGI,Northwest Career And Technical Academy,Nevada,United States
2188,60,20,40,20,40,2026-03-14 13:12:06,2026-03-14 13:38:32,0,0,74008B,Atomic Nerds,Bixby High School,Oklahoma,United States
2189,60,15,45,15,45,2026-02-07 21:40:29,2026-02-07 21:43:32,59,5,3388X,I miss my X,Sir Winston Churchill High School,Alberta/Saskatchewan,Canada
2190,60,15,45,15,45,2026-01-10 15:44:31,2026-01-10 19:27:29,59,4,96807A,Rekab,BOONSBORO HIGH,Maryland,United States
2191,60,15,45,15,45,2026-02-21 21:52:49,2026-02-21 21:36:34,59,0,8757B,STEAM-ED Robotics B,STEAM-Ed Robotics Tauranga,New Zealand,New Zealand
2192,60,15,45,15,45,2026-02-14 17:06:13,2026-01-31 17:11:18,59,0,4478H,Half And Half,MASUK HIGH SCHOOL,Connecticut,United States
2193,60,15,45,15,45,2026-01-03 19:19:59,2026-02-14 18:45:21,59,0,739C,Senior Smarties,Kimball Secondary,Minnesota,United States
2194,60,15,45,15,45,2026-02-07 23:36:22,2026-02-07 21:42:03,0,10,8301A,Cougarbots Leviathan,San Ysidro High School,California - Region 4,United States
2195,60,15,45,15,45,2025-12-06 17:38:22,2025-12-06 17:48:21,1,0,20121B,G.O.R.T Grand Oaks Robotics Team,GRAND OAKS HIGH SCHOOL,Texas - Region 3,United States
2196,60,15,45,15,45,2026-03-07 02:38:52,2026-02-14 19:45:14,58,0,97027T,Terabyte,GLADSTONE HIGH SCHOOL,Oregon,United States
2197,60,15,45,15,45,2026-01-17 14:15:52,2026-01-31 11:54:10,56,0,10042H,Hyper Bots,Framwellgate School Durham,United Kingdom,United Kingdom
2198,60,0,60,15,60,2025-11-15 15:41:23,2026-02-21 18:41:11,0,0,3796A,Mann Made,J. L. MANN HIGH ACADEMY,South Carolina,United States
2199,60,15,45,15,50,2026-02-14 23:33:22,2026-01-10 19:35:41,0,0,1669X,Milpitas Xtreme Robotics,Milpitas High School,California - Region 2,United States
2200,60,15,45,15,45,2026-02-14 14:58:35,2026-02-14 17:05:00,0,0,772E,Chlorinated Encoders,Elemental Robotics Inc.,Minnesota,United States
2201,60,11,49,11,49,2025-10-03 17:17:45,2025-10-03 17:51:14,0,0,50810X,Interstellar,CITY/PEMBROKE PINES CHARTER HIGH SCHOOL,Florida - South,United States
2202,60,9,51,9,57,2026-03-08 15:33:16,2026-02-22 23:27:52,5,0,295R,PART R,Placer Robotics (PART),California - Region 2,United States
2203,60,5,55,5,55,2026-02-24 12:20:57,2026-02-24 10:48:09,35,0,81785B,Kinsale T-Vex,KINSALE COMMUNITY SCHOOL,Ireland,Ireland
2204,60,0,60,3,60,2025-12-14 19:28:14,2026-01-10 20:18:05,0,0,29295D,Stratford Robotics Dynasty,Stratford District Secondary School,Ontario,Canada
2205,60,0,60,0,60,2026-02-14 18:13:53,2026-01-25 21:49:11,27,0,687D,Nerd Herd D,CALIFORNIA ACADEMY OF MATHEMATICS AND SCIENCE,California - Region 4,United States
2206,60,0,60,0,60,,2026-01-17 22:03:50,0,0,76048A,Meteora,GRANBURY HIGH SCHOOL,Texas - Region 5,United States
2207,60,0,60,0,60,,2026-02-03 01:01:41,0,0,70181F,70181F,Chengdu No.7 High School 成都七中,West China,China
2208,59,36,23,36,35,2026-01-23 06:26:41,2026-01-02 03:24:46,0,0,63936F,Lingnan F,"Lingnan Middle School, Macau",Macau,Macau
2209,59,24,35,24,35,2026-03-07 13:18:35,2026-03-07 17:34:45,38,0,93303R,Bac0nat0rs,Monmouth Robotics,Maine,United States
2210,59,20,39,24,41,2025-12-13 17:26:45,2026-02-21 00:21:31,0,0,8609Z,Ares,Lorain Titans Robotics - High School,Ohio,United States
2211,59,18,41,21,41,2026-02-07 14:56:58,2026-03-07 15:38:44,37,0,56T,T-Bone,CAPE ELIZABETH HIGH SCHOOL,Maine,United States
2212,59,15,44,20,44,2025-11-15 01:19:53,2025-12-06 22:56:15,50,0,31260Z,bruh,Camberwell Grammar School,Australia,Australia
2213,59,20,39,20,39,2026-02-21 17:17:05,2026-02-21 19:14:57,55,0,7983X,Centennial CyberHawks X,Centennial High School,California - Region 3,United States
2214,59,15,44,20,44,2026-02-20 02:32:15,2026-03-06 23:29:34,0,0,99067A,Mechanical Jagwires,DESERT RIDGE SCHOOL OF INNOVATION,Arizona,United States
2215,59,20,39,20,39,2026-02-07 19:02:01,2026-02-28 19:11:57,53,0,991E,BearBots-DangEr:FallingObjects,HARPETH HALL SCHOOL,Tennessee,United States
2216,59,20,39,20,42,2025-12-06 02:57:06,2025-11-15 02:10:43,0,0,31260X,Yellow Panda Microwave,Camberwell Grammar School,Australia,Australia
2217,59,20,39,20,39,2026-02-07 17:48:15,2026-02-07 17:15:36,0,0,2140B,2140B,JENISON HIGH SCHOOL,Michigan,United States
2218,59,20,39,20,39,2026-02-07 17:48:48,2026-02-07 17:41:11,0,0,3695A,Botsune Miku,YORKVILLE HIGH SCHOOL,Illinois,United States
2219,59,20,39,20,39,2026-02-07 18:44:55,2026-02-07 19:33:54,0,0,10410B,El Capitan Robotics Team 10410B,EL CAPITAN HIGH SCHOOL,California - Region 4,United States
2220,59,20,39,20,39,2026-02-21 15:26:33,2026-02-21 18:39:12,0,0,355W,Walrus,Fox Valley Robotics,Illinois,United States
2221,59,20,39,20,39,2026-02-21 19:23:39,2026-02-21 18:52:43,0,0,574K,Iron Pride,Wawasee High School,Indiana - Region 1 - North,United States
2222,59,20,39,20,39,2026-03-15 19:54:18,2026-03-15 15:07:30,0,0,84260N,Nimbus,Cabot High School,Arkansas,United States
2223,59,16,43,16,43,2026-02-07 21:22:16,2026-02-07 18:34:41,32,0,1154A,Bumpkins,Bumpkins,Utah,United States
2224,59,16,43,16,45,2025-11-15 03:17:03,2025-12-06 02:27:02,0,0,98115A,98115A,Guiyang NO.1 High School,West China,China
2225,59,16,43,16,43,2026-03-15 16:35:40,2026-03-15 16:18:52,0,0,9061D,Wolverine,The Mind Spark,Pennsylvania - East,United States
2226,59,15,44,15,44,2026-02-14 16:34:22,2026-02-14 17:03:56,60,0,4478X,Xerion,MASUK HIGH SCHOOL,Connecticut,United States
2227,59,15,44,15,45,2026-02-14 19:33:30,2026-01-31 19:13:14,59,0,22204K,Kachow,WYLIE HIGH SCHOOL,Texas - Region 5,United States
2228,59,15,44,15,44,2026-02-21 19:12:02,2026-02-21 18:41:35,59,0,7619T,Fresh-Men,HIGHLAND HIGH,California - Region 3,United States
2229,59,15,44,15,44,2026-02-27 15:13:03,2026-02-28 10:35:14,59,0,1408H,Hyper,King Henry VIII School,United Kingdom,United Kingdom
2230,59,15,44,15,44,2025-10-16 14:10:35,2026-02-28 13:11:20,59,0,5459E,Aperture,Aperture Robotics,United Kingdom,United Kingdom
2231,59,15,44,15,44,2026-01-31 20:27:56,2026-02-14 20:30:56,59,0,91917A,Whoosh!,APOLLO SENIOR HIGH,Minnesota,United States
2232,59,15,44,15,44,2026-01-17 22:04:07,2026-01-17 19:09:57,55,0,6323T,Out of Orange,Desert Vista High School,Arizona,United States
2233,59,15,44,15,44,2026-02-20 23:42:33,2026-02-20 23:04:55,50,0,6724T,TIRAMISU,Chadwick International,South Korea,"Korea, Republic of"
2234,59,14,45,15,45,2026-02-21 15:08:23,2026-03-07 00:42:02,1,0,85986C,Unsolvable,RIVERSIDE HIGH,South Carolina,United States
2235,59,15,44,15,54,2026-01-31 21:07:05,2026-02-07 17:59:26,0,0,35049A,Rob_Otics (Cleveland Robotics Team A),CLEVELAND HIGH SCHOOL,Alabama,United States
2236,59,15,44,15,44,2026-01-09 00:05:21,2026-01-09 00:31:52,0,0,24772A,Spirit of Taga,Marianas High School,Northern Mariana Islands,Northern Mariana Islands
2237,59,15,44,15,44,2026-02-14 20:59:44,2026-02-14 20:42:05,0,0,11230A,Trailblazers A,Iroquois Ridge High School,Ontario,Canada
2238,59,12,47,12,47,2026-02-20 17:11:05,2026-02-20 19:11:02,0,0,3350Z,IHOPE,TEXAS HIGH SCHOOL,Texas - Region 2,United States
2239,59,7,52,7,52,2026-02-02 06:27:48,2026-02-03 02:39:53,41,0,65511A,金外科创社A队,金华市外国语学校,East China,China
2240,59,0,59,1,59,2025-10-18 00:15:41,2025-12-06 23:11:44,0,0,97230F,BotGoBrrr,Highvale Secondary College,Australia,Australia
2241,59,1,58,1,58,2026-03-13 14:51:20,2026-03-13 09:25:20,0,0,9231X,Aiglon College,Aiglon College,Switzerland,Switzerland
2242,59,0,59,0,59,,2026-01-30 20:47:40,0,0,81422D,LIBERTADORES D,CECYT 22 AYUNTAMIENTO,Mexico,Mexico
2243,58,21,37,27,37,2026-02-21 17:37:00,2026-03-13 19:13:11,22,0,2536S,Simple Synapses,UNIVERSITY SCHOOL,Tennessee,United States
2244,58,24,34,24,34,2026-03-07 17:50:44,2026-03-07 17:41:17,0,0,9039R,Axle-otl,BrandywineBOTS,Delmarva,United States
2245,58,22,36,22,36,2026-03-09 15:15:42,2026-03-08 20:44:36,0,0,27183R,RipBotz,RIPLEY HIGH SCHOOL,West Virginia,United States
2246,58,20,38,20,38,2025-11-09 01:46:19,2025-11-09 02:22:55,58,0,47779H,GRANBOTS H,Granville Boys High School,Australia,Australia
2247,58,20,38,20,38,2026-01-24 04:58:03,2026-01-24 05:33:34,58,0,30410U,Kimchi Warriors,St. Johnsbury Academy Jeju,South Korea,"Korea, Republic of"
2248,58,20,38,20,38,2026-03-06 01:54:23,2026-03-06 18:03:11,58,0,56721A,The Gremlins,RIVERSIDE CHRISTIAN SCHOOL,Minnesota,United States
2249,58,20,38,20,38,2026-03-07 21:42:18,2026-03-07 21:13:47,57,0,1902G,CHS Panther Robotics: Screwing it Up,CHICO HIGH,California - Region 1,United States
2250,58,15,43,20,43,2026-02-07 17:28:45,2026-02-27 23:38:35,0,0,5069J,Joking-Hazards,Millard North High School,Nebraska,United States
2251,58,15,43,20,43,2026-02-18 19:32:16,2026-02-07 22:04:54,0,0,654W,The Clanks,LAKE TRAVIS HIGH SCHOOL,Texas - Region 4,United States
2252,58,20,38,20,40,2026-02-21 15:07:49,2026-02-07 14:55:24,46,0,415A,Washed Up,Anderson I & II Career & Technology Center,South Carolina,United States
2253,58,20,38,20,38,2026-02-08 13:04:27,2026-02-28 12:19:07,57,0,55113B,Clive,Chipping Campden School,United Kingdom,United Kingdom
2254,58,5,53,20,53,2026-01-17 00:00:31,2026-01-31 18:45:29,55,0,99040E,Botanical Bots,VESTAVIA HILLS HIGH SCHOOL,Alabama,United States
2255,58,20,38,20,40,2025-11-01 19:32:42,2026-01-17 19:59:38,0,0,80634V,ReVolt,GREELEY WEST HIGH SCHOOL,Colorado,United States
2256,58,20,38,20,38,2026-02-14 19:05:22,2026-02-03 17:34:14,0,10,13358F,Forklift Certified,SILVER CREEK HIGH SCHOOL,Colorado,United States
2257,58,20,38,20,38,2026-02-08 17:44:58,2026-02-08 16:12:39,0,0,7580T,SCHMINGUS,Haslett Robotics Club,Michigan,United States
2258,58,20,38,20,38,2026-02-28 14:15:38,2026-02-28 15:28:56,0,0,154C,Chaos Vortex,GAR-FIELD HIGH,Virginia,United States
2259,58,20,38,20,38,2026-03-08 19:44:27,2026-03-08 19:56:43,0,0,79963A,EagleBotics,MAGNOLIA HIGH SCHOOL,West Virginia,United States
2260,58,17,41,17,50,2026-02-21 21:38:05,2026-02-14 17:59:08,0,0,99198G,Gerbert,Magikid Pleasanton Lab,California - Region 2,United States
2261,58,15,43,15,43,2025-12-13 17:41:49,2025-12-13 17:44:34,58,2,1253B,TheBee1253,COFFEE COUNTY HIGH SCHOOL,Georgia,United States
2262,58,15,43,15,44,2025-12-20 07:05:32,2025-10-25 05:45:01,59,0,18964N,Gear Up,Shanghai Starriver Bilingual School,East China,China
2263,58,15,43,15,43,2026-02-21 20:55:35,2026-02-21 15:33:51,59,0,6008M,Metalmorphosis,NORTH UNION HIGH SCHOOL,Ohio,United States
2264,58,15,43,15,43,2026-03-14 19:30:06,2026-03-13 23:57:21,59,0,597A,Robobusters Red,SCHOOL OF SCIENCE AND ENGINEERING,Texas - Region 2,United States
2265,58,15,43,15,43,2025-12-06 17:54:22,2026-02-21 17:46:15,58,0,68561A,D.F.C.,WEST HOLMES HIGH SCHOOL,Ohio,United States
2266,58,15,43,15,43,2026-02-21 19:09:47,2026-02-21 21:12:28,57,0,1460A,3 1/2 Axolotls in a Trenchcoat,Sandy Robotics,Oregon,United States
2267,58,15,43,15,43,2026-03-14 14:03:26,2026-03-14 15:36:46,57,0,97140A,Kennedy Gaels,Kennedy Catholic Preparatory School,New York-South,United States
2268,58,15,43,15,55,2026-02-14 16:06:33,2026-03-07 15:07:19,56,0,1764R,Ravenous Bugblatter Beasts,Yarmouth High School,Maine,United States
2269,58,15,43,15,52,2026-01-10 14:54:05,2026-01-24 18:07:47,56,0,8568F,Fahrenheit,NORTH ANDOVER HIGH,Massachusetts,United States
2270,58,15,43,15,43,2026-02-14 21:08:57,2026-01-31 20:45:24,57,0,6627S,Knight Time Bots - Spades,FOOTHILL HIGH,California - Region 4,United States
2271,58,15,43,15,43,2026-02-07 17:32:03,2026-02-07 16:54:22,50,0,20017B,One Brain Cell,MORIARTY HIGH,New Mexico,United States
2272,58,15,43,15,43,2026-02-07 18:32:03,2026-02-07 18:04:21,50,0,50118J,Centennial Centaurs,Centennial Secondary School,British Columbia (BC),Canada
2273,58,15,43,15,43,2026-03-06 20:17:26,2026-03-06 17:01:09,30,0,46482A,Techno Tech,JORDAN HIGH SCHOOL,Minnesota,United States
2274,58,15,43,15,43,2025-12-20 21:11:46,2025-12-21 01:46:15,18,4,2443S,Blue Thunder - The Swarm,Maui High School,Hawaii,United States
2275,58,0,58,15,58,2026-03-15 18:06:15,2026-02-21 19:34:57,56,0,4330W,Zappies,RANSOM EVERGLADES SCHOOL,Florida - South,United States
2276,58,15,43,15,43,2026-02-06 19:12:16,2026-02-07 19:17:01,55,0,4378X,Knights FC,J M Hanks High School,Texas - Region 1,United States
2277,58,15,43,15,43,2026-02-21 18:13:33,2026-02-21 20:32:16,0,0,574J,Iron Pride,WAWASEE HIGH SCHOOL,Indiana - Region 1 - North,United States
2278,58,15,43,15,43,2026-03-07 20:12:27,2026-03-07 19:51:53,0,0,8349U,Ursus,GATEWAY ACADEMY TO INNOVATION & TECHNOLOGY,Kentucky,United States
2279,58,12,46,12,46,2026-01-23 06:29:16,2026-01-24 02:07:55,35,0,5864D,Nova_Lab,Macau Baptist College,Macau,Macau
2280,58,11,47,11,47,2026-02-07 14:42:15,2026-02-07 18:01:52,29,0,7580S,Cesium 137 Shrimp,Haslett Robotics Club,Michigan,United States
2281,58,9,49,9,49,2026-02-21 15:07:51,2026-02-21 19:38:35,0,10,18693A,Wildcats,RYE COUNTRY DAY SCHOOL,New York-South,United States
2282,58,7,51,7,51,2026-01-24 20:13:17,2026-01-24 18:37:28,36,0,36064B,Sploosh,Pike Road STEM Club,Alabama,United States
2283,58,4,54,5,54,2026-02-28 10:21:31,2025-12-06 14:07:38,0,0,39475D,RGS Seagulls,The Royal Grammar School Newcastle Upon Tyne,United Kingdom,United Kingdom
2284,58,0,58,0,58,2026-01-24 04:06:26,2026-01-23 03:22:59,35,0,5868H,(eisenberg),PUI CHING MIDDLE SCHOOL MACAU,Macau,Macau
2285,58,0,58,0,58,2025-10-25 18:48:02,2026-02-14 22:01:52,30,0,1744X,Xplosion,North Hollywood STEM Magnet,California - Region 4,United States
2286,58,0,58,0,58,2026-03-14 09:09:29,2026-03-13 11:11:48,0,0,41510D,Sigma Bots,International School Basel,Switzerland,Switzerland
2287,57,31,26,31,40,2025-12-31 19:42:15,2026-01-24 21:42:07,0,0,6030J,Jesters,Arizona College Prep High School,Arizona,United States
2288,57,27,30,27,46,2026-01-10 19:02:57,2026-03-15 14:50:52,21,0,18152G,GHS Robotics,GREENWICH HIGH SCHOOL,Connecticut,United States
2289,57,27,30,27,38,2026-02-14 17:32:19,2026-02-27 23:46:21,0,0,4326A,Unsupervised Robots,ELKHORN SOUTH HIGH SCHOOL,Nebraska,United States
2290,57,26,31,26,31,2026-03-07 00:20:49,2026-03-07 00:54:29,0,0,54208A,Loki,DENMARK HIGH,Wisconsin,United States
2291,57,23,34,23,34,2026-02-14 19:01:04,2026-02-14 20:25:20,39,0,7862P,We'll Think About It...,Hesston High School,Kansas,United States
2292,57,21,36,21,36,2026-02-21 18:53:48,2026-02-21 19:51:35,5,0,30B,Montville Robotics,MONTVILLE TOWNSHIP HIGH SCHOOL,New Jersey,United States
2293,57,19,38,21,38,2026-01-23 20:58:58,2026-02-14 16:42:00,20,0,1790A,Bacon Bits,Wrightstown High School,Wisconsin,United States
2294,57,20,37,21,37,2025-11-15 18:29:37,2026-02-21 15:10:04,0,0,26468A,Bengal Bots,BLYTHEWOOD HIGH,South Carolina,United States
2295,57,15,42,20,42,2026-01-30 19:32:24,2026-03-04 19:47:48,54,0,7157A,Pandamonium,CHITTENANGO HIGH SCHOOL,New York-North,United States
2296,57,20,37,20,37,2026-02-28 19:25:17,2026-02-28 19:22:59,56,1,8031B,Bagels After Midnight,Hudsonville Robotics - HS,Michigan,United States
2297,57,20,37,20,37,2026-02-07 15:42:49,2026-02-07 19:18:46,56,0,36830D,Fallacy,Auburn High School,Alabama,United States
2298,57,20,37,20,37,2026-02-21 18:38:35,2026-02-21 19:12:26,56,0,82267B,Bucket of Bolts,Bakersfield Christian High school,California - Region 3,United States
2299,57,20,37,20,37,2026-01-31 17:41:12,2026-01-31 18:34:32,54,0,38535F,Tominator,Glenbrook South High School,Illinois,United States
2300,57,0,57,20,57,2026-02-12 20:54:13,2026-03-14 16:25:09,55,0,97934X,RoboPanthers - BulletTrain,FRANKLIN ROAD ACADEMY,Tennessee,United States
2301,57,20,37,20,45,2026-01-03 08:57:34,2026-03-01 09:05:35,0,0,16232A,BursaTech,MBA Schools,Türkiye,Türkiye
2302,57,15,42,20,42,2026-02-21 19:48:07,2026-02-07 16:48:08,0,0,3350A,Rainbow Unicorn Connection,TEXAS HIGH SCHOOL,Texas - Region 2,United States
2303,57,15,42,20,42,2026-03-13 23:27:21,2026-02-21 19:52:29,0,0,9545T,Terror,ROLAND HIGH SCHOOL,Oklahoma,United States
2304,57,20,37,20,37,2026-02-15 02:10:06,2026-02-14 22:26:17,0,0,77788X,Cyber Eagles,CALVARY CHRISTIAN ACADEMY & PRESCHOOL,Florida - South,United States
2305,57,16,41,17,41,2026-02-14 17:00:43,2026-02-07 19:17:52,0,0,67100R,Revelation,Maize Bot Club,Kansas,United States
2306,57,17,40,17,40,2026-02-28 15:34:19,2026-02-28 17:11:38,0,0,50075F,Fazed Out,OAK HILL HIGH SCHOOL,Indiana - Region 1 - North,United States
2307,57,15,42,15,42,2026-02-14 18:54:21,2026-02-14 19:54:13,60,5,99751C,Critical Mass,COLORADO EARLY COLLEGE FORT COLLINS,Colorado,United States
2308,57,15,42,15,42,2025-12-11 23:28:38,2025-12-11 23:33:57,58,2,9210Z,:),SAUK RAPIDS-RICE SENIOR HIGH,Minnesota,United States
2309,57,15,42,15,42,2026-01-31 00:51:16,2026-03-07 21:55:22,59,0,5686D,Dread Bot,MAZAMA HIGH SCHOOL,Oregon,United States
2310,57,15,42,15,42,2026-02-07 15:34:15,2026-02-23 16:06:59,59,0,91708B,RoboDux,HANCOCK HIGH SCHOOL,Mississippi,United States
2311,57,15,42,15,42,2026-01-24 19:29:26,2026-01-24 20:23:23,57,0,5588B,Calvert Hall Cardinals,CALVERT HALL COLLEGE HIGH SCHOOL,Maryland,United States
2312,57,15,42,15,42,2026-02-11 00:18:52,2026-02-10 22:55:16,57,0,86477B,Jalapao,PALESTINE-WHEATLEY SENIOR HIGH,Arkansas,United States
2313,57,15,42,15,42,2026-02-21 14:33:28,2026-02-21 13:50:57,57,0,11254W,Consistently Inconsistent,William Henry Harrison High School,Ohio,United States
2314,57,15,42,15,42,2025-12-13 13:31:53,2025-12-06 17:15:45,58,0,4873S,Safety Not Guaranteed,Seckinger High School,Georgia,United States
2315,57,15,42,15,42,2026-02-21 15:39:06,2026-02-21 15:25:25,56,0,99989B,MandoByte - CODEmandos,Hendersonville High School,Tennessee,United States
2316,57,15,42,15,42,2026-02-28 19:53:10,2026-02-28 16:55:19,56,0,20102A,Overdrive,Independence High,Virginia,United States
2317,57,15,42,15,42,2025-12-13 18:35:57,2025-12-13 18:23:59,55,0,17451A,AvengerRobotics-A,AvengerRoboics_VEX,Georgia,United States
2318,57,15,42,15,42,2026-02-07 19:38:11,2026-02-08 15:27:53,55,0,3695B,BioHazard,YORKVILLE HIGH SCHOOL,Illinois,United States
2319,57,4,53,15,53,2025-12-06 17:46:44,2026-03-07 19:13:03,0,0,10244Z,"Low battery ",Yuma Homeschool Robotics,Arizona,United States
2320,57,15,42,15,42,2026-02-05 13:19:34,2026-02-27 16:09:31,52,6,50608C,DART,Dame Allans Senior School,United Kingdom,United Kingdom
2321,57,15,42,15,42,2026-03-07 18:57:18,2026-02-07 15:54:40,59,0,2442Y,Bancroft Robodogs Y,Bancroft School,Massachusetts,United States
2322,57,15,42,15,42,2026-01-17 16:28:54,2026-02-23 15:14:33,58,0,85843B,tECH,EAST CENTRAL HIGH SCHOOL,Mississippi,United States
2323,57,0,57,15,57,2026-02-21 18:09:13,2026-03-14 21:41:04,51,0,11475D,Liberty Patriots,LIBERTY HIGH,California - Region 3,United States
2324,57,15,42,15,42,2026-02-14 22:29:09,2026-02-14 20:45:36,0,0,10909D,× EXCEED × MISCHIEVOUS MIMIKYUS ×,Exceed Robotics,Ontario,Canada
2325,57,12,45,12,49,2026-03-06 16:15:45,2026-01-10 19:53:33,31,0,24118F,It Could Work!,ALBERT LEA SENIOR HIGH,Minnesota,United States
2326,57,9,48,10,48,2026-02-17 21:46:33,2026-02-21 20:19:34,34,0,6741F,Ferroelectric Feedback,PICKERINGTON HIGH SCHOOL CENTRAL,Ohio,United States
2327,57,7,50,7,50,2026-01-23 06:56:26,2026-01-23 07:00:44,0,0,67789A,Ingenium Lions,Wellington College International Shanghai,East China,China
2328,57,0,57,2,57,2025-10-25 02:43:51,2025-12-06 04:57:37,33,0,4557C,4557C,Mountain Creek State High School,Australia,Australia
2329,57,0,57,0,57,,2025-08-01 00:46:27,0,0,9123X,Shanghai RuiGuan Team 9123X,ShangHai RuiGuan Robotics Activity Center,East China,China
2330,57,0,57,0,57,,2026-01-11 02:21:47,0,0,71867D,Trust Me Bro,Dwight School Hanoi,Vietnam,Vietnam
2331,56,28,28,28,34,2026-02-14 17:10:52,2026-03-15 00:36:49,12,0,99402T,Tardigrades,THE ACADEMIES AT JONESBORO HIGH SCHOOL,Arkansas,United States
2332,56,17,39,23,39,2026-02-28 14:40:59,2026-03-14 13:44:43,0,0,663C,Crossfire,CHATTANOOGA CHRISTIAN SCHOOL,Tennessee,United States
2333,56,21,35,21,40,2026-01-10 18:05:09,2026-02-07 14:28:01,33,0,17917K,Kiwirun,Franklin Community School Corporation,Indiana - Region 2 - Central,United States
2334,56,21,35,21,35,2026-01-31 17:08:49,2026-01-31 20:22:18,0,0,1082T,Kalamity,LOVEJOY HIGH SCHOOL,Texas - Region 5,United States
2335,56,20,36,20,36,2026-02-07 15:44:02,2026-02-07 15:53:46,54,0,9457S,Sky High,MANKATO EAST SENIOR HIGH,Minnesota,United States
2336,56,20,36,20,55,2025-12-06 01:31:02,2026-02-04 03:57:54,0,0,4253T,Raid Zero T,Taipei American School,Chinese Taipei,Taiwan
2337,56,20,36,20,36,2026-02-28 18:39:23,2026-02-28 18:16:24,48,0,89910A,Hopes and Keps Nuts,SPEARFISH HIGH SCHOOL - 01,South Dakota,United States
2338,56,20,36,20,36,2026-02-28 19:31:59,2026-02-28 19:23:06,0,10,41618E,Scrap-E,CAMDEN CATHOLIC HIGH SCHOOL,New Jersey,United States
2339,56,20,36,20,36,2026-01-30 21:44:23,2026-03-08 21:51:45,59,0,34107F,Darth Vexers,St. Joseph Catholic High School,West Virginia,United States
2340,56,0,56,20,56,2026-02-14 20:47:57,2026-01-24 20:11:11,58,0,34020C,Charlie Brown,LA SERNA HIGH,California - Region 4,United States
2341,56,20,36,20,45,2026-01-31 22:29:12,2026-02-07 18:10:20,0,0,9378P,Wolfpack Robotics,MERRILL F WEST HIGH,California - Region 2,United States
2342,56,20,36,20,40,2026-02-21 18:04:02,2026-01-30 20:49:33,0,0,2602F,Hopkinetics Fusion,HOPKINTON HIGH,Massachusetts,United States
2343,56,20,36,20,39,2026-02-07 20:08:01,2026-01-31 18:53:24,0,0,60441H,Los AutonAmigos,LOCKPORT TOWNSHIP HIGH SCH EAST,Illinois,United States
2344,56,20,36,20,36,2026-02-21 21:03:49,2026-02-21 20:53:30,0,0,2323R,Wii,WEBER INNOVATION HIGH SCHOOL,Utah,United States
2345,56,15,41,19,41,2026-01-31 19:53:51,2026-02-27 14:55:27,13,0,52028B,Servo Saints,ST LOUIS CATHOLIC HIGH SCHOOL,Louisiana,United States
2346,56,18,38,18,45,2026-02-14 22:27:10,2026-02-26 19:06:57,0,0,590G,The Glagglers,Texas City High School,Texas - Region 3,United States
2347,56,18,38,18,38,2025-10-25 17:43:17,2025-10-25 16:13:04,0,0,42652F,Fix-It Felix,SULLIVAN EAST HIGH SCHOOL,Tennessee,United States
2348,56,17,39,17,46,2026-02-14 22:10:41,2026-02-22 22:49:11,0,0,19400C,Cut,CV Educations,California - Region 2,United States
2349,56,15,41,15,41,2026-02-21 18:16:24,2026-02-21 16:39:44,59,0,81179A,Fire Hydrolics,MONTCALM HIGH SCHOOL,West Virginia,United States
2350,56,15,41,15,41,2026-03-14 20:58:08,2026-03-15 13:18:37,59,0,9909E,E Team,MIDDLETOWN HIGH SCHOOL,Connecticut,United States
2351,56,15,41,15,41,2026-01-30 20:20:01,2026-01-30 21:10:37,58,0,96671A,Big Cheese,RED RIVER HIGH SCHOOL,North Dakota,United States
2352,56,15,41,15,41,2026-02-14 23:50:27,2026-02-14 20:04:19,58,0,6323C,ThunderVolts,Desert Vista High School,Arizona,United States
2353,56,15,41,15,41,2026-03-07 17:11:54,2026-02-14 17:46:45,58,0,6249B,The Nautilus,BOOTHBAY REGION HIGH SCHOOL,Maine,United States
2354,56,15,41,15,52,2025-12-13 20:27:44,2026-02-11 19:19:51,57,4,25368F,Mech Masters,Klamath Union High school,Oregon,United States
2355,56,15,41,15,41,2026-02-28 19:35:40,2026-02-28 15:40:24,57,0,9871M,Mechanical Marauders,ACADEMY FOR TECHNOLOGY ENGINEERING MATH & SCIENCE,Texas - Region 5,United States
2356,56,15,41,15,41,2026-01-18 17:02:02,2026-01-31 20:56:43,58,0,33705A,★★★★★ Loading...,Coleman Youth Development Academy,Louisiana,United States
2357,56,15,41,15,41,2026-03-07 17:15:28,2026-03-07 01:04:55,54,0,1570P,Lions - Peanut Butter,LOMIRA HIGH,Wisconsin,United States
2358,56,15,41,15,41,2026-01-31 21:49:55,2025-12-13 21:46:25,57,0,945V,Low Expectations,GREEN VALLEY HIGH SCHOOL,Nevada,United States
2359,56,15,41,15,41,2026-02-07 18:21:22,2026-02-07 18:57:13,51,0,98549Z,Zeta Function,Burnsview Secondary,British Columbia (BC),Canada
2360,56,15,41,15,41,2026-02-15 17:42:28,2026-02-15 16:19:54,46,0,12343A,Clockmakers,Ashland High School,Massachusetts,United States
2361,56,5,51,15,51,2025-11-22 20:04:50,2026-02-27 02:11:34,55,0,2719A,FireCats,TRITON CENTRAL HIGH SCHOOL,Indiana - Region 2 - Central,United States
2362,56,11,45,15,45,2026-01-17 21:27:32,2026-02-28 19:23:42,55,0,1290W,WHAT!?,Brentwood College School,Vancouver Island (BC),Canada
2363,56,15,41,15,41,2026-02-20 18:25:53,2026-02-20 19:33:01,0,11,79912A,O.N.I,FRANKLIN HIGH SCHOOL,Texas - Region 1,United States
2364,56,15,41,15,49,2026-01-17 19:12:39,2025-11-08 17:07:31,59,0,2750H,The Circuit Riders,MILLER GROVE SCHOOL,Texas - Region 2,United States
2365,56,15,41,15,41,2026-02-08 20:33:23,2026-02-27 21:35:41,60,0,22305B,Plan Bee,DETROIT COUNTRY DAY SCHOOL,Michigan,United States
2366,56,3,53,15,53,2026-02-28 23:31:38,2025-11-20 18:51:25,59,0,9651X,Cinderblock - UCC,Upper Canada College,Ontario,Canada
2367,56,15,41,15,41,2025-12-13 17:23:45,2026-02-07 20:14:48,59,0,1718V,The Goofy Goobers,MONTGOMERY HIGH SCHOOL,Texas - Region 3,United States
2368,56,15,41,15,41,2026-01-31 21:44:03,2026-02-21 22:14:04,59,0,19697D,Ventura,JORDAN HIGH SCHOOL,Texas - Region 3,United States
2369,56,15,41,15,41,2025-12-05 16:43:12,2026-03-09 16:42:03,57,0,11921A,Project ZIPTIE,FAIRVIEW HIGH SCHOOL,Pennsylvania - West,United States
2370,56,15,41,15,41,2026-01-10 15:20:11,2026-02-28 14:41:07,57,0,2501J,Full Metal Jackets,THOMAS JEFFERSON HIGH SCHOOL,Iowa,United States
2371,56,15,41,15,41,2026-02-07 15:18:23,2026-02-12 00:35:30,57,0,23880F,VEXterminators,LYONS TWP HIGH SCH,Illinois,United States
2372,56,15,41,15,41,2026-03-15 18:58:02,2026-02-14 19:39:52,57,0,26648Z,Zany,BROADNECK HIGH,Maryland,United States
2373,56,15,41,15,42,2025-12-06 15:26:43,2026-03-07 00:05:37,50,0,79267B,MetaGators,River Bluff High School,South Carolina,United States
2374,56,6,50,15,50,2026-01-21 02:22:22,2026-03-06 23:08:19,0,0,13650A,Mean Machine V2,WINNECONNE HIGH,Wisconsin,United States
2375,56,15,41,15,41,2025-12-13 21:21:12,2025-12-13 19:45:37,0,0,11005A,TERRAWOLVES-1,TERRA ENVIRONMENTAL RESEARCH INSTITUTE,Florida - South,United States
2376,56,15,41,15,41,2026-01-10 21:15:37,2026-01-10 19:46:19,0,0,355Y,Yetis,Fox Valley Robotics,Illinois,United States
2377,56,15,41,15,41,2026-02-03 17:45:42,2026-02-03 17:43:19,0,0,9651S,Sledgehammer,Upper Canada College,Ontario,Canada
2378,56,15,41,15,41,2026-02-08 15:11:20,2026-02-08 16:17:11,0,0,321A,Apollo,NILES WEST HIGH SCHOOL,Illinois,United States
2379,56,15,41,15,41,2026-02-21 17:04:32,2026-02-21 14:35:50,0,0,10101F,Megazord,IMMOKALEE HIGH SCHOOL,Florida - South,United States
2380,56,15,41,15,41,2026-02-27 17:46:59,2026-02-27 17:25:18,0,0,71611A,Charterhouse,Charterhouse School,United Kingdom,United Kingdom
2381,56,10,46,10,48,2026-02-22 16:50:08,2026-01-31 18:06:57,0,0,34532X,Dragon Robotics,PINECREST GLADES PREPARATORY ACADEMY MIDDLE HIGH SCHOOL,Florida - South,United States
2382,56,7,49,7,49,2026-02-07 16:57:22,2026-02-07 16:12:47,0,0,7567D,2B Determined,GRAND TRAVERSE ACADEMY,Michigan,United States
2383,56,7,49,7,49,2026-02-28 17:03:33,2026-02-28 16:25:18,0,0,1575R,Rodan,Woodbridge Senior High School,Virginia,United States
2384,56,5,51,5,51,2026-02-15 01:48:14,2026-02-14 21:48:26,0,0,85711B,SEA Market,UNIVERSITY HIGH SCHOOL,Arizona,United States
2385,56,4,52,4,52,2026-02-07 07:12:22,2026-02-07 08:05:23,42,0,12305A,TCCS stem teAm,Tung Chung Catholic School,Hong Kong,Hong Kong
2386,56,0,56,3,56,2026-02-28 20:43:49,2026-01-01 16:59:52,0,0,29019X,Gridwalkers,Eureka STEM,North Carolina,United States
2387,56,0,56,0,56,,2026-02-02 07:17:44,0,0,10222S,New Start Robotics Team S,New Start Robotics,North China,China
2388,56,0,56,0,56,,2026-02-07 19:30:40,0,0,95212Z,Titan Robotics,CESAR CHAVEZ HIGH,California - Region 2,United States
2389,55,30,25,30,30,2026-02-27 15:49:53,2026-02-14 17:41:47,0,0,83260R,LRCA  BOT INNOVATORS,Lafayette Renaissance charter academy,Louisiana,United States
2390,55,25,30,25,35,2026-02-14 18:41:20,2026-02-28 20:12:31,0,0,5069D,Inferno,Millard North High School,Nebraska,United States
2391,55,25,30,25,34,2026-02-24 23:13:28,2026-02-28 16:10:38,17,0,33112G,Robo Rangers - Malibu Barbies,CONCORDIA LUTHERAN HIGH SCHOOL,Indiana - Region 1 - North,United States
2392,55,25,30,25,30,2026-03-15 19:41:35,2026-02-28 21:56:37,0,3,99719Z,ZEUS,Bentonville High School,Arkansas,United States
2393,55,8,47,24,47,2026-02-26 01:30:23,2026-01-31 17:14:07,0,0,24626U,CRHS Polaris - Ursa Major,Cinco Ranch High School Polaris Robotic Club,Texas - Region 3,United States
2394,55,22,33,22,33,2026-03-14 19:08:53,2026-03-14 19:40:08,20,0,355B,Bob Da Builders,Fox Valley Robotics,Illinois,United States
2395,55,22,33,22,36,2026-03-06 18:46:38,2025-12-13 20:23:56,0,0,52430C,Dumpster Fire,BASIS AHWATUKEE,Arizona,United States
2396,55,15,40,20,40,2025-11-15 21:40:30,2025-11-22 21:20:31,47,0,27508E,Viking Robotics Team Loki,North Salem High School,Oregon,United States
2397,55,20,35,20,36,2025-10-25 15:41:14,2026-02-07 20:15:39,56,0,28407A,Technocrats,SILOAM SPRINGS HIGH SCHOOL,Arkansas,United States
2398,55,15,40,20,49,2025-12-06 14:41:04,2026-01-15 13:36:21,0,0,2252V,CIMATEC,CIMATEC,Puerto Rico,Puerto Rico
2399,55,20,35,20,35,2026-02-28 14:39:54,2026-02-08 20:10:32,56,0,3333X,X-treme Bot,Notre Dame Prep,Michigan,United States
2400,55,15,40,20,40,2026-02-06 20:15:18,2026-03-06 16:22:12,0,0,40217A,The Trade Federation,CHAPIN HIGH SCHOOL,Texas - Region 1,United States
2401,55,20,35,20,42,2026-02-07 20:21:26,2026-03-14 19:02:41,50,0,64846B,Wrath,CIBOLA HIGH,New Mexico,United States
2402,55,20,35,20,45,2026-02-14 17:12:20,2026-01-10 20:56:32,5,0,29295B,Stratford Robotics Bionic,Stratford District Secondary School,Ontario,Canada
2403,55,20,35,20,35,2026-01-31 22:16:33,2026-01-31 01:56:30,0,5,22603C,White,KLEIN OAK HIGH SCHOOL,Texas - Region 3,United States
2404,55,20,35,20,42,2026-02-15 16:11:04,2026-02-21 19:27:23,0,0,7518A,Overcooked,GREAT VALLEY HIGH SCHOOL,Pennsylvania - East,United States
2405,55,15,40,20,40,2025-10-24 20:15:58,2025-12-29 21:26:33,55,0,11777Y,Scary Henry,NAMPA CHRISTIAN SCHOOLS,Idaho,United States
2406,55,20,35,20,35,2026-02-14 18:26:06,2026-02-27 22:19:04,38,0,56160A,OPS -Murky Unicorn,Buena Vista,Nebraska,United States
2407,55,20,35,20,36,2025-11-15 15:53:07,2026-03-13 22:08:00,0,0,9142A,Monkey Business,Claremore High School,Oklahoma,United States
2408,55,20,35,20,35,2026-01-24 18:46:10,2026-01-24 18:51:18,0,0,301M,Magic Carps,TAVARES HIGH SCHOOL,Florida - North/Central,United States
2409,55,20,35,20,35,2026-01-31 20:11:33,2026-01-31 18:31:36,0,0,7110S,Sentinels,CARROLL HIGH SCHOOL,Texas - Region 5,United States
2410,55,20,35,20,35,2026-02-07 17:35:24,2026-02-07 17:51:05,0,0,1010E,TenTon Robotics,West Vancouver School District #45,British Columbia (BC),Canada
2411,55,20,35,20,35,2026-02-16 18:25:02,2026-02-16 18:08:10,0,0,99966X,Owlbots,Garland HS,Texas - Region 5,United States
2412,55,20,35,20,35,2026-03-07 21:09:21,2026-03-07 20:26:21,0,0,18640B,Bumblebee,St Xavier High School,Kentucky,United States
2413,55,17,38,17,38,2026-03-14 19:19:32,2026-03-14 17:43:34,0,6,68602A,C&&yl&&,GARDEN CITY HIGH SCHOOL,New York-South,United States
2414,55,16,39,16,39,2026-02-08 04:16:08,2026-02-07 03:29:47,0,9,2143B,Matt Robotics TeamB,Matt Robotics,Hong Kong,Hong Kong
2415,55,15,40,15,40,2026-01-10 19:34:59,2026-01-10 15:13:48,59,0,74074A,Paradox,Pioneer Robotics,Oklahoma,United States
2416,55,15,40,15,40,2026-01-31 18:08:43,2026-01-31 18:29:19,59,0,83149D,CADillac,Northfield Mount Hermon School,Massachusetts,United States
2417,55,15,40,15,40,2026-02-14 15:43:46,2026-02-14 19:33:23,59,0,8609S,Atlas,Lorain Titans Robotics - High School,Ohio,United States
2418,55,15,40,15,40,2026-02-21 22:54:31,2026-02-21 23:34:36,59,0,2921F,Free Range Robotics-F,Free Range Robotics,New Zealand,New Zealand
2419,55,15,40,15,40,2026-02-14 19:14:09,2026-01-24 19:01:02,59,0,16346W,Super 6,CRANBERRY AREA JSHS,Pennsylvania - West,United States
2420,55,15,40,15,40,2026-02-26 19:20:30,2026-03-08 21:44:22,59,0,51401E,Team?,RIVERSIDE HIGH SCHOOL,West Virginia,United States
2421,55,15,40,15,40,2026-02-22 18:30:40,2026-02-22 18:47:07,58,0,6479A,Engi-Nearing Our Limits,POTOMAC HIGH,Virginia,United States
2422,55,15,40,15,40,2026-01-03 19:10:12,2026-01-03 18:33:13,57,0,248A,RoboDawgs: Atrocious,Grandville Robotics,Michigan,United States
2423,55,15,40,15,40,2026-02-15 19:27:38,2026-02-15 17:52:57,57,0,4303X,¿Sixth Sense?,Forest Park High School,Virginia,United States
2424,55,15,40,15,40,2026-03-15 15:25:18,2026-03-14 23:09:44,53,0,593B,Oakdale B Team,OAKDALE HIGH,Maryland,United States
2425,55,15,40,15,53,2026-01-31 18:36:25,2026-03-07 22:26:50,52,0,9378Z,Wolfpack Robotics,MERRILL F WEST HIGH,California - Region 2,United States
2426,55,15,40,15,40,2026-03-06 18:51:14,2026-03-06 18:48:01,52,0,1860C,Project Lebron,MOUNTAIN VIEW HIGH SCHOOL,Texas - Region 1,United States
2427,55,15,40,15,40,2026-01-18 17:53:44,2026-01-18 20:04:34,51,0,5249X,Sparta Robotics X-Calibur,Sparta High School,New Jersey,United States
2428,55,15,40,15,40,2026-02-14 17:53:47,2026-02-14 19:20:32,45,0,2142K,Ty Fighter,John Bapst Memorial High School,Maine,United States
2429,55,15,40,15,40,2026-02-26 22:45:57,2026-01-31 19:51:00,59,0,52028A,SLC Mecha Force,ST LOUIS CATHOLIC HIGH SCHOOL,Louisiana,United States
2430,55,0,55,15,55,2025-12-13 18:21:18,2026-02-07 19:04:02,58,0,17451D,AvengerRobotics-D,AvengerRobotics_VEX,Georgia,United States
2431,55,15,40,15,44,2025-12-31 21:06:16,2026-03-07 19:18:35,54,0,99067B,Nano Jagwires,DESERT RIDGE SCHOOL OF INNOVATION,Arizona,United States
2432,55,15,40,15,40,2026-01-04 17:18:07,2026-02-12 00:24:44,52,0,725K,Kronos,Private,Illinois,United States
2433,55,15,40,15,40,2025-10-04 14:25:55,2026-03-07 18:41:47,49,0,38141C,PiBotics Cardinals,IGNITE INSTITUTE,Kentucky,United States
2434,55,15,40,15,55,2025-11-21 13:56:26,2026-01-10 15:54:27,0,0,1233C,Cookie Monsters,CROWN POINT HIGH SCHOOL,Indiana - Region 1 - North,United States
2435,55,15,40,15,44,2025-12-13 19:37:14,2026-02-21 18:06:11,0,0,80817E,Einstein Bros,FOUNTAIN-FORT CARSON HIGH SCHOOL,Colorado,United States
2436,55,15,40,15,44,2026-02-07 18:06:09,2026-02-28 16:29:44,0,0,16858A,Robotic Monkeys,Independent Team,North Carolina,United States
2437,55,15,40,15,40,2025-12-13 18:13:33,2025-12-13 17:33:31,0,0,355C,Cardinals,Fox Valley Robotics,Illinois,United States
2438,55,15,40,15,40,2026-02-06 16:57:07,2026-02-06 16:31:02,0,0,36867C,ATJ,Central High School,Alabama,United States
2439,55,15,40,15,40,2026-02-07 14:27:45,2026-02-07 13:54:02,0,0,40040Z,Fat Ducks,Academic Magnet High School,South Carolina,United States
2440,55,15,40,15,40,2026-02-21 18:56:54,2026-02-21 16:27:47,0,0,586H,Pink Hazard,PLYMOUTH HIGH SCHOOL,Indiana - Region 1 - North,United States
2441,55,15,40,15,40,2026-03-01 11:34:58,2026-03-01 11:41:41,0,0,18634D,Apollon Robotic,Darussafaka Education Institutions,Türkiye,Türkiye
2442,55,10,45,10,45,2026-03-07 19:58:39,2026-03-07 20:30:04,0,0,18908H,Mighty Hawks,HARMONY SCHOOL OF EXCELLENCE - LAREDO,Texas - Region 6,United States
2443,55,5,50,5,50,2026-02-14 22:13:00,2026-02-14 20:14:39,0,0,16689G,Dracobots/Gray Dimension,Dracobots,Oregon,United States
2444,55,0,55,3,55,2026-02-07 21:31:58,2025-11-22 18:30:13,43,0,3388E,Don’t stop me now,Sir Winston Churchill High School,Alberta/Saskatchewan,Canada
2445,55,0,55,0,55,2025-08-16 02:39:59,2025-12-20 05:40:19,24,0,78808A,乘风破浪队,北京理工大学附属中学,North China,China
2446,54,23,31,23,31,2026-01-24 02:23:49,2026-01-24 02:43:25,0,0,81083E,Tech_C,Yantai Huasheng International School,Middle China,China
2447,54,22,32,22,41,2026-01-17 07:47:47,2025-12-19 02:36:57,30,0,2769B,Hundred Peace Wings,Canberra Secondary School,Singapore,Singapore
2448,54,20,34,21,34,2025-12-07 01:12:07,2026-02-07 20:58:53,45,0,8301E,Cougarbots Infinite Monkey Theorem,SAN YSIDRO HIGH,California - Region 4,United States
2449,54,21,33,21,33,2026-02-11 00:24:06,2026-02-11 00:10:25,0,0,72301A,Vexing Devils,THE ACADEMIES OF WEST MEMPHIS CHARTER SCHOOL,Arkansas,United States
2450,54,20,34,20,34,2025-12-09 16:17:25,2025-12-09 16:48:59,57,3,3116D,Team Control Freaks DJ^2,The John Warner School,United Kingdom,United Kingdom
2451,54,20,34,20,35,2026-02-21 20:04:02,2026-01-10 20:47:58,51,0,73973C,White House - Cataclysmic Cuttlefish,WHITE HOUSE HIGH SCHOOL,Tennessee,United States
2452,54,20,34,20,34,2026-02-07 16:22:10,2026-02-07 18:39:16,51,0,18080Z,HTS Hawks,Holy Trinity School,Ontario,Canada
2453,54,20,34,20,35,2026-01-17 13:37:38,2025-11-08 14:51:51,50,0,36421C,Holy Cross,HOLY CROSS DISTRICT HIGH SCHOOL,Kentucky,United States
2454,54,20,34,20,34,2026-03-14 00:35:13,2025-12-13 21:54:54,51,0,7983N,Centennial CyberHawks N,Centennial High School,California - Region 3,United States
2455,54,3,51,20,51,2026-02-21 19:52:26,2026-02-28 19:03:42,0,0,32410A,Build A Better Robot,Redwater High School,Texas - Region 2,United States
2456,54,20,34,20,34,2026-01-22 18:38:36,2026-01-22 20:08:36,0,0,51401B,Robo Warriors,RIVERSIDE HIGH SCHOOL,West Virginia,United States
2457,54,20,34,20,34,2026-02-21 18:11:48,2026-02-21 18:05:59,0,0,2442A,Bancroft Robodogs A,BANCROFT SCHOOL,Massachusetts,United States
2458,54,15,39,19,43,2025-10-04 14:48:26,2026-01-17 18:45:55,0,0,99157B,IronMechs 2.0,Abacus Robotics Corp,Virginia,United States
2459,54,18,36,18,36,2026-03-04 17:06:54,2026-03-04 15:58:24,4,0,53417H,Firebirds 3,JOHN C BIRDLEBOUGH HIGH SCHOOL,New York-North,United States
2460,54,5,49,17,49,2026-03-14 16:19:38,2026-01-18 19:00:24,0,0,765A,FuryTech Alpha,HIGH TECHNOLOGY HIGH SCHOOL,New Jersey,United States
2461,54,15,39,17,39,2025-11-15 20:42:44,2025-11-21 16:14:25,0,1,32410H,Liquid Plastic,REDWATER HS,Texas - Region 2,United States
2462,54,17,37,17,37,2026-03-01 20:11:28,2026-03-01 19:16:12,0,0,197A,Aegis,HARRITON SHS,Pennsylvania - East,United States
2463,54,15,39,15,39,2026-02-14 14:53:56,2026-02-14 15:05:47,60,4,18891C,G-4s,Granby 4-H Club,Connecticut,United States
2464,54,15,39,15,39,2025-11-17 23:21:13,2025-11-18 23:13:02,58,5,8341B,Kicking Bot,PEWAMO-WESTPHALIA HIGH SCHOOL,Michigan,United States
2465,54,15,39,15,39,2026-01-31 19:25:19,2026-01-31 16:03:07,60,0,35075B,[BHr] Belmont Hill Robotics,BELMONT HILL SCHOOL,Massachusetts,United States
2466,54,15,39,15,39,2026-02-07 15:34:55,2026-02-07 18:41:09,59,0,817A,Sparticles: Panoptic,EAST LONGMEADOW HIGH,Massachusetts,United States
2467,54,15,39,15,39,2026-03-09 16:13:06,2026-02-13 18:54:45,59,0,11921F,Interstellar,FAIRVIEW HIGH SCHOOL,Pennsylvania - West,United States
2468,54,15,39,15,39,2026-01-30 19:34:27,2026-01-30 20:41:41,57,0,96671T,Triple Threat,RED RIVER HIGH SCHOOL,North Dakota,United States
2469,54,15,39,15,39,2026-03-14 19:28:42,2026-03-14 20:08:55,57,0,2158E,ausTIN CANs,Anderson High School,Texas - Region 4,United States
2470,54,15,39,15,39,2026-02-07 19:47:49,2026-02-07 16:40:04,53,0,72527Y,Slightly Better,St Croix Lutheran Academy,Minnesota,United States
2471,54,15,39,15,39,2026-01-31 18:23:09,2026-01-31 18:07:05,52,0,95212A,OCEAN,Cesar Chavez High School,California - Region 2,United States
2472,54,15,39,15,39,2026-02-27 22:26:00,2026-02-07 16:37:20,55,12,98271E,My fingers taste like tetanus,Caledonia High School,Michigan,United States
2473,54,15,39,15,39,2025-11-15 17:45:49,2026-02-15 17:25:36,59,0,25565A,Seven,Riverdale Country School,New York-South,United States
2474,54,0,54,15,54,2025-11-15 19:24:36,2026-02-14 17:33:54,59,0,55301A,Traffic Guardians,UNITED SOUTH CENTRAL HIGH SCHOOL,Minnesota,United States
2475,54,15,39,15,39,2026-02-07 19:13:28,2026-01-31 17:00:07,56,0,7121A,Maverick Robotics,ARCHBISHOP EDWARD MCCARTHY HIGH SCHOOL,Florida - South,United States
2476,54,15,39,15,39,2025-11-22 13:22:12,2025-12-28 11:38:36,55,0,44698W,IBBTech,Educat,Türkiye,Türkiye
2477,54,15,39,15,42,2026-03-14 19:30:15,2025-11-15 17:42:41,0,0,20131A,That's It I'M Done,PUTNAM CITY HIGH SCHOOL,Oklahoma,United States
2478,54,15,39,15,39,2026-01-08 23:57:07,2026-01-08 23:48:34,0,0,86877A,Kagman High School,KAGMAN HIGH SCHOOL,Northern Mariana Islands,Northern Mariana Islands
2479,54,15,39,15,39,2026-02-08 03:19:08,2026-02-08 02:12:36,0,0,85301W,Wrainbow Wrangers,The International School of Macao,Macau,Macau
2480,54,6,48,6,48,2026-01-10 08:48:36,2026-01-10 08:50:58,0,0,29039A,DEMO ROBO-1队,DEMO ROBOTICS,East China,China
2481,54,6,48,6,48,2026-02-08 21:27:39,2026-02-08 21:17:49,0,0,99371E,Very Expensive Xylophones,Oak Park and River Forest High School,Illinois,United States
2482,54,5,49,5,49,2026-02-08 19:10:50,2026-02-08 18:53:29,0,0,8780D,Dragons,Waubonsie Valley High School,Illinois,United States
2483,54,1,53,4,53,2025-07-18 04:12:24,2025-10-04 05:27:30,10,0,66631H,66631H,Whittle School & Studios‌,South China,China
2484,54,2,52,2,52,2026-01-17 08:32:17,2026-01-17 08:09:39,0,0,81011X,SUPER BEAR,DS EDUCATION PTE LTD,Singapore,Singapore
2485,54,0,54,0,54,,2025-10-25 06:52:05,0,0,5138Y,BOND CROW Robotics,Beijing 21st Century School,North China,China
2486,54,0,54,0,54,,2026-02-02 06:12:36,0,0,95652W,杭州娃哈哈双语学校,杭州娃哈哈双语学校,East China,China
2487,53,0,53,23,53,2026-02-07 00:14:09,2025-12-13 18:02:31,0,0,5278B,Blackout,BROOKWOOD HIGH SCHOOL,Georgia,United States
2488,53,23,30,23,31,2026-01-09 20:29:47,2025-10-18 14:42:11,0,0,18866A,Cybernetics,Frederick Public Schools,Oklahoma,United States
2489,53,15,38,20,38,2026-01-30 18:57:19,2026-03-08 20:37:08,0,3,99921B,Wasted Energy,CHESAPEAKE HIGH SCHOOL,West Virginia,United States
2490,53,20,33,20,36,2026-02-21 16:27:17,2026-02-16 15:14:18,56,0,52169B,Hades,TALLMADGE HIGH SCHOOL,Ohio,United States
2491,53,20,33,20,33,2025-11-08 16:35:47,2025-11-18 22:51:20,59,0,288B,Robodawgs: Velocity,Grandville High School,Michigan,United States
2492,53,20,33,20,33,2026-02-07 03:08:02,2026-01-24 00:56:22,53,0,1294A,New Kids on The Bot,Shanghai American School,East China,China
2493,53,20,33,20,33,2026-03-09 19:18:30,2026-03-09 18:57:21,51,0,65524C,Hard Hat Pirates,BRENTWOOD SHS,Pennsylvania - West,United States
2494,53,20,33,20,33,2026-02-07 20:44:35,2026-02-07 21:39:39,29,0,90385C,Pumas: Blue,UPREP,Washington,United States
2495,53,20,33,20,37,2026-03-09 18:00:02,2026-02-20 20:05:02,14,0,1462A,Warriors,PENN TRAFFORD HIGH SCHOOL,Pennsylvania - West,United States
2496,53,20,33,20,33,2026-03-15 01:14:07,2026-03-15 01:32:09,0,0,72837A,Power Supply,Pope County Library System,Arkansas,United States
2497,53,16,37,19,37,2026-03-14 18:52:28,2026-02-21 19:07:31,0,0,7619W,Steven Incorporated,HIGHLAND HIGH,California - Region 3,United States
2498,53,9,44,16,44,2026-03-06 19:04:47,2026-01-24 17:54:13,0,0,72203B,The Munchies,BEL AIR HIGH SCHOOL,Texas - Region 1,United States
2499,53,16,37,16,43,2026-02-07 08:32:21,2025-12-20 01:34:54,0,0,4275B,CCK Bravo,CMA Choi Cheung Kok Secondary School,Hong Kong,Hong Kong
2500,53,16,37,16,38,2026-02-28 15:44:24,2026-01-10 18:22:51,0,0,74361R,Pryor,PRYOR PUBLIC SCHOOLS,Oklahoma,United States
2501,53,15,38,15,38,2026-02-28 09:36:43,2026-02-28 09:50:41,59,0,18650D,Cranleigh Robotics,Cranleigh School,United Kingdom,United Kingdom
2502,53,15,38,15,38,2026-02-07 17:07:27,2026-02-07 17:11:17,58,1,13205G,Monkey Bots,STEM SCHOOL CHATTANOOGA,Tennessee,United States
2503,53,15,38,15,49,2025-11-15 20:15:04,2026-03-15 01:55:28,57,0,72734J,The Bot Father,"GENTRY HIGH SCHOOL ",Arkansas,United States
2504,53,15,38,15,38,2026-02-21 19:03:46,2026-02-21 19:00:15,57,0,28466K,Krazy Train,SPRINGS STUDIO FOR ACADEMIC EXCELLENCE,Colorado,United States
2505,53,15,38,15,38,2026-02-14 18:58:40,2026-02-14 18:37:05,56,0,40A,Billy,TRINITY HIGH SCHOOL,New Hampshire/Vermont,United States
2506,53,15,38,15,38,2026-02-21 16:24:19,2026-02-21 17:35:00,28,0,45525A,New Hope-Solebury HS,NEW HOPE-SOLEBURY HIGH SCHOOL,Pennsylvania - East,United States
2507,53,15,38,15,42,2026-02-28 18:33:33,2025-12-13 22:18:32,52,0,9599C,Thunder,Blessed Trinity Catholic Secondary School,Ontario,Canada
2508,53,15,38,15,38,2025-11-22 19:44:37,2026-02-26 00:30:58,60,0,1718W,The Bikini Botters,MONTGOMERY HIGH SCHOOL,Texas - Region 3,United States
2509,53,15,38,15,38,2026-03-06 17:43:21,2025-12-13 19:08:43,59,0,99319B,Technical Difficulties,Princeton High School,Minnesota,United States
2510,53,15,38,15,38,2026-01-24 14:52:54,2026-02-07 20:10:50,58,0,13907A,ACTC A,AUTAUGA COUNTY TECHNOLOGY CENTER,Alabama,United States
2511,53,15,38,15,38,2026-02-21 20:01:36,2026-02-21 20:33:45,0,0,76763D,Cyber Knights,NORTH COUNTY HIGH,Maryland,United States
2512,53,5,48,5,48,2026-02-07 21:56:15,2026-02-08 17:57:19,52,0,6019A,Klankers,Glacier High School,Montana,United States
2513,53,0,53,0,53,2026-01-31 20:03:01,2026-01-31 19:00:34,0,0,90242A,York RoboStorm,The York School,Ontario,Canada
2514,53,0,53,0,53,,2025-07-29 12:04:27,0,0,46665A,46665A,太原森孚机器人,Middle China,China
2515,53,0,53,0,53,,2025-11-22 08:20:01,0,0,99993S,瓦特教育,深圳市瓦特教育科技有限公司,South China,China
2516,53,0,53,0,53,,2026-01-02 06:40:28,0,0,98506H,机器人达人俱乐部,超创机器人创新中心,Middle China,China
2517,53,0,53,0,53,,2026-02-21 20:22:03,0,0,24904F,Foothill Robotics Club,FOOTHILL HIGH,California - Region 3,United States
2518,52,27,25,27,25,2025-12-13 22:17:28,2025-12-13 22:43:33,0,1,7422S,Robotic Burros,Burroughs High,California - Region 3,United States
2519,52,26,26,26,26,2025-12-13 15:37:36,2025-12-13 13:44:43,47,0,43160B,Beanz,WASHINGTON HIGH SCHOOL,Ohio,United States
2520,52,15,37,25,37,2026-03-13 21:10:45,2026-01-31 15:20:31,0,0,2396C,Red Dirt Robotics,Canadian Valley Technology Center,Oklahoma,United States
2521,52,25,27,25,43,2026-02-14 18:35:21,2026-02-25 00:18:11,0,0,1193Y,Yaba-daba-doo,Jay County Robotics,Indiana - Region 1 - North,United States
2522,52,25,27,25,30,2026-01-17 13:51:25,2026-01-03 19:08:39,0,1,36620D,Idiots Behind the Wheel,UNITY CHRISTIAN HIGH SCHOOL,Michigan,United States
2523,52,20,32,20,32,2026-01-26 15:45:44,2026-01-26 14:58:59,54,7,96950A,Flamin' Bots,Marianas High School JROTC,Northern Mariana Islands,Northern Mariana Islands
2524,52,20,32,20,32,2025-11-01 17:06:03,2025-11-01 17:02:15,57,0,39D,Strawberries,CRANBROOK SCHOOLS,Michigan,United States
2525,52,15,37,20,37,2026-02-14 20:54:08,2025-11-22 19:08:58,50,0,72116B,Murphy's Law,Catholic High School For Boys,Arkansas,United States
2526,52,20,32,20,32,2026-01-17 18:30:55,2026-01-17 20:30:09,53,0,59735C,CobraRovers,CABARRUS EARLY COLLEGE OF TECHNOLOGY,North Carolina,United States
2527,52,20,32,20,32,2026-02-07 16:42:58,2026-02-08 18:23:11,33,0,3300E,Enigma,Western Canada High School,Alberta/Saskatchewan,Canada
2528,52,20,32,20,32,2026-01-10 18:45:39,2026-02-03 23:46:08,54,0,33112B,Robo Rangers - Atari Maniac,CONCORDIA LUTHERAN HIGH SCHOOL,Indiana - Region 1 - North,United States
2529,52,15,37,20,37,2026-01-25 19:44:17,2026-02-28 13:36:38,36,0,33112W,Robo Rangers - Bratz Attack,CONCORDIA LUTHERAN HIGH SCHOOL,Indiana - Region 1 - North,United States
2530,52,0,52,20,52,2026-01-31 20:44:54,2026-01-10 21:28:06,0,0,77038A,AMP,BLANSON CTE HIGH SCHOOL,Texas - Region 3,United States
2531,52,15,37,20,37,2026-02-14 13:54:43,2026-01-06 21:36:14,0,0,68561E,Burnout,WEST HOLMES HIGH SCHOOL,Ohio,United States
2532,52,20,32,20,32,2025-11-01 13:39:01,2025-11-01 15:27:11,0,0,3547F,VIRUS: VIRUS in Hoods,Technology First,Michigan,United States
2533,52,20,32,20,32,2026-01-17 14:48:09,2026-01-17 15:41:36,0,0,13301A,Central CyberDAWGS,CLINTON CENTRAL JUNIOR-SENIOR HIGH SCHOOL,Indiana - Region 1 - North,United States
2534,52,20,32,20,32,2026-02-14 16:17:16,2026-02-14 15:58:53,0,0,41047J,Shortstack,CENTURA SECONDARY SCHOOL,Nebraska,United States
2535,52,20,32,20,32,2026-02-14 21:15:42,2026-02-14 21:18:23,0,0,5999Z,Eagle Spark,NORTHEAST HIGH,Tennessee,United States
2536,52,20,32,20,32,2026-02-14 21:25:12,2026-02-14 19:55:43,0,0,43280D,DΣLTΛ,ELKHORN NORTH HIGH SCHOOL,Nebraska,United States
2537,52,20,32,20,32,2026-02-26 12:52:00,2026-02-26 09:08:49,0,0,48952E,BEST-Ghosts,BEST-Sabel Bildungseinrichtungen gGmbH,Germany,Germany
2538,52,20,32,20,32,2026-02-26 22:59:16,2026-02-26 23:29:39,0,0,2849W,Fire Force,Caston Robotics,Indiana - Region 1 - North,United States
2539,52,20,32,20,32,2026-02-28 14:32:55,2026-02-28 18:09:13,0,0,97934Y,RoboPanthers - Bogglesworth,FRANKLIN ROAD ACADEMY,Tennessee,United States
2540,52,20,32,20,32,2026-02-28 14:51:18,2026-02-28 22:22:04,0,0,663B,boat (BELGIUM AIRLINES),CHATTANOOGA CHRISTIAN SCHOOL,Tennessee,United States
2541,52,19,33,19,42,2025-09-27 19:41:18,2026-01-31 18:06:58,0,0,67002C,Daredevils,Northwest Career And Technical Academy,Nevada,United States
2542,52,16,36,16,36,2025-11-15 02:53:26,2025-11-15 09:34:51,0,0,11522N,重庆南开两江中学校,重庆南开两江中学校,West China,China
2543,52,15,37,15,40,2025-11-08 15:46:33,2026-02-21 19:14:43,58,0,36867B,Jank Magic,Central High School,Alabama,United States
2544,52,15,37,15,37,2026-01-16 13:16:00,2026-02-07 12:22:35,59,10,18650E,Cranleigh Robotics,Cranleigh School,United Kingdom,United Kingdom
2545,52,15,37,15,37,2026-02-08 20:42:21,2026-02-08 19:16:39,60,0,38053B,Knight,OAKLAND CHRISTIAN SCHOOL,Michigan,United States
2546,52,15,37,15,43,2026-01-10 15:47:29,2026-02-21 15:42:14,60,0,8823D,"Doppelgänger ",Milford Robotics Club,Ohio,United States
2547,52,15,37,15,37,2026-02-21 00:44:24,2026-02-21 14:41:57,59,0,56448B,Technovus,Hartselle High School,Alabama,United States
2548,52,15,37,15,43,2026-01-24 19:31:51,2026-02-21 18:45:55,58,0,934Z,Towson Terminators: Zenith,TOWSON HIGH LAW & PUBLIC POLICY,Maryland,United States
2549,52,15,37,15,37,2026-02-21 14:40:31,2026-02-21 18:01:32,58,0,79267S,Grease Monkeys,River Bluff High School,South Carolina,United States
2550,52,15,37,15,37,2026-02-21 18:47:16,2026-02-21 18:32:49,58,0,7619S,Highland-S,HIGHLAND HIGH,California - Region 3,United States
2551,52,15,37,15,37,2026-01-25 18:41:47,2026-01-25 21:36:20,57,0,3051B,Olympian Pigeons,Olympian High School Robotics,California - Region 4,United States
2552,52,15,37,15,37,2026-03-15 15:11:10,2026-02-14 18:16:57,58,0,72202A,The Molten Hot Motors,CENTRAL HIGH SCHOOL,Arkansas,United States
2553,52,15,37,15,44,2026-02-21 20:23:20,2026-03-15 00:37:26,58,0,16334A,CrossBots,CROSSPOINTE PREPARATORY,Arkansas,United States
2554,52,15,37,15,37,2026-02-14 19:12:54,2026-02-14 19:01:16,55,0,7882F,Dumpster Fire,MAHONING CAREER & TECHNICAL,Ohio,United States
2555,52,15,37,15,37,2026-03-15 17:00:57,2026-03-14 16:35:07,55,0,101B,Radnor Robotics,RADNOR SHS,Pennsylvania - East,United States
2556,52,15,37,15,37,2026-02-14 14:42:05,2026-02-14 13:56:17,54,0,7862E,VEXodus,Hesston High School,Kansas,United States
2557,52,15,37,15,37,2026-02-08 17:50:24,2026-02-08 17:19:15,53,0,60172S,Sneaky Golem in the Pocket,Lake Park High School,Illinois,United States
2558,52,15,37,15,37,2026-02-02 19:53:39,2026-02-02 16:53:24,1,0,75019F,Coppell SPARK,COPPELL HIGH SCHOOL,Texas - Region 5,United States
2559,52,15,37,15,37,2026-01-17 20:03:41,2026-03-08 18:21:18,59,0,26571A,Spaghetti Coders,NORTH MARION HIGH SCHOOL,West Virginia,United States
2560,52,15,37,15,37,2025-12-06 00:59:02,2025-10-26 23:14:04,58,0,14671A,Mechimmanuel,Immanuel College,Australia,Australia
2561,52,15,37,15,37,2026-02-14 19:00:42,2026-02-18 17:58:26,58,0,654Z,Prism,LAKE TRAVIS HIGH SCHOOL,Texas - Region 4,United States
2562,52,15,37,15,37,2025-12-19 08:01:45,2026-01-16 03:21:49,57,0,44448D,T-VEX,St Andrews International School Bangkok,Thailand,Thailand
2563,52,15,37,15,41,2025-11-08 21:10:54,2026-02-21 20:53:14,56,0,97445C,Robot Revolution,DOHERTY HIGH SCHOOL,Colorado,United States
2564,52,15,37,15,37,2026-01-10 15:32:37,2026-02-28 15:47:59,54,0,74361A,Arise,PRYOR PUBLIC SCHOOLS,Oklahoma,United States
2565,52,0,52,15,52,2025-11-08 19:44:45,2026-02-27 15:14:34,28,0,9553B,RoboWolves B,St. Paul's School,Louisiana,United States
2566,52,0,52,15,52,2026-02-21 21:09:58,2026-01-10 17:29:23,0,0,2131T,Tactical Snacks,DAVIS HIGH,Utah,United States
2567,52,15,37,15,39,2026-02-10 01:08:39,2025-11-22 16:15:33,0,0,7368R,CCHS R,Covenant Christian High School,Indiana - Region 2 - Central,United States
2568,52,15,37,15,38,2025-10-17 23:50:01,2025-07-01 03:22:06,0,0,52050A,Delilah 2025,Aquinas College,Australia,Australia
2569,52,15,37,15,37,2026-01-10 14:31:16,2026-01-10 16:31:31,0,0,97834A,OIA - Astral Sage,OWENSBORO INNOVATION ACADEMY,Kentucky,United States
2570,52,15,37,15,37,2026-01-15 11:33:03,2026-01-16 07:53:00,0,0,61208A,sugarFree,Mahidol University International Demonstration School,Thailand,Thailand
2571,52,15,37,15,37,2026-02-21 20:41:26,2026-02-21 19:12:45,0,0,31645A,Roarbotics,EDISON HIGH,California - Region 3,United States
2572,52,15,37,15,37,2026-03-14 01:19:49,2026-03-14 01:40:10,0,0,4621V,Titan - Coeus,FRONTIER HIGH,California - Region 3,United States
2573,52,5,47,5,47,2025-10-04 07:16:31,2025-10-04 06:29:48,40,0,28666C,Shenzhen Middle School C Team,ShenZhen Middle School,South China,China
2574,52,5,47,5,47,2026-01-24 05:46:37,2026-01-24 05:20:54,8,0,3818A,Final Approach,International School Manila,Philippines,Philippines
2575,52,5,47,5,47,2026-02-28 19:22:44,2026-02-28 18:08:25,0,0,20025E,Innovation Robotics-Eclipse,INNOVATION ACADEMY of Robertson County,Tennessee,United States
2576,52,5,47,5,47,2026-03-06 21:39:20,2026-03-06 20:42:52,0,0,81215W,Frogbots,Family,Minnesota,United States
2577,52,0,52,0,52,2026-02-15 14:51:08,2026-02-15 16:10:11,22,0,30722X,Salicylic Acid,GAINESVILLE HIGH SCHOOL,Florida - North/Central,United States
2578,51,0,51,27,51,2026-03-07 23:15:09,2026-01-24 16:26:08,0,0,74757C,Mythri - Orion,Mythri Academy,Nevada,United States
2579,51,20,31,20,33,2025-12-06 03:58:34,2025-11-15 02:16:25,59,4,48327G,Galen VEX 1,Galen Catholic College,Australia,Australia
2580,51,15,36,20,36,2026-02-21 17:48:24,2026-02-10 21:58:14,0,0,97377A,Robo Geek Squad,INDIAN LAKE HIGH SCHOOL,Ohio,United States
2581,51,20,31,20,31,2026-01-31 19:33:33,2026-01-31 22:56:56,56,0,64064J,Tournamentality,Gulf Islands Secondary School,Vancouver Island (BC),Canada
2582,51,20,31,20,33,2026-02-27 12:08:11,2025-11-22 11:37:58,54,0,3116C,Team Control Freaks - Mi BAD,The John Warner School,United Kingdom,United Kingdom
2583,51,20,31,20,31,2026-02-28 17:07:49,2026-02-28 18:24:49,51,0,154E,Eclypse,Gar-Field High School,Virginia,United States
2584,51,20,31,20,31,2026-02-08 03:40:52,2026-02-06 07:30:11,26,14,40591B,Cobratics,Surabaya Intercultural School,Indonesia,Indonesia
2585,51,20,31,20,35,2026-01-24 19:38:00,2026-03-14 17:56:31,0,0,18693C,Wildcats,RYE COUNTRY DAY SCHOOL,New York-South,United States
2586,51,20,31,20,31,2025-11-15 14:45:10,2026-03-07 17:08:12,53,0,5156G,Bagel Bytes,York High School,Maine,United States
2587,51,15,36,20,36,2025-12-13 14:29:27,2025-11-01 17:28:52,0,0,5278A,Atlas,BROOKWOOD HIGH SCHOOL,Georgia,United States
2588,51,20,31,20,35,2026-01-24 23:23:51,2026-01-31 23:36:26,0,0,334S,Supernova Surge,SCIENCE ACADEMY STEM MAGNET,California - Region 4,United States
2589,51,20,31,20,31,2026-01-25 14:46:54,2026-01-26 15:32:36,0,0,70528A,GRIZZ 775,GALENA HIGH SCHOOL,Nevada,United States
2590,51,20,31,20,31,2026-02-05 01:08:10,2026-02-05 01:13:26,0,0,84138A,CECYTEM Riva Palacio,CECYTEM Plantel Riva Palacio,Mexico,Mexico
2591,51,20,31,20,31,2026-02-05 01:23:23,2026-02-05 01:25:13,0,0,11784A,CECYTEM Plantel Álvaro Obregón,CECYTEM Plantel Álvaro Obregón,Mexico,Mexico
2592,51,20,31,20,31,2026-02-07 15:54:39,2026-02-07 16:34:10,0,0,60441C,Cutting Edgineers,LOCKPORT TOWNSHIP HIGH SCH EAST,Illinois,United States
2593,51,20,31,20,31,2026-02-14 14:25:15,2026-02-14 16:51:19,0,0,32610D,Draco,AVON HIGH SCHOOL,Connecticut,United States
2594,51,20,31,20,31,2026-02-23 19:31:08,2026-02-23 20:58:13,0,0,3838C,Dry Clanker,OCEAN SPRINGS HIGH SCHOOL,Mississippi,United States
2595,51,20,31,20,31,2026-03-09 19:05:06,2026-03-09 14:39:13,0,0,3260A,SHARP,Sarah Heinz House,Pennsylvania - West,United States
2596,51,20,31,20,31,,,0,0,13245J,JaguareTech Nova,"Instituto Cristiano Interactivo ",Paraguay,Paraguay
2597,51,0,51,17,51,2025-09-13 20:10:23,2026-02-07 18:30:59,0,0,28828A,SURGE,NA,Connecticut,United States
2598,51,16,35,16,35,2025-07-29 12:01:11,2025-07-29 12:05:13,0,0,8331S,Beijing Jiaotong-3交大附中,The High School Attached to Beijing Jiaotong University,North China,China
2599,51,16,35,16,35,2026-01-24 17:55:55,2026-01-24 16:53:56,0,0,877H,How does this work?,RIDGEFIELD HIGH SCHOOL,Connecticut,United States
2600,51,15,36,15,36,2026-02-14 14:50:43,2026-02-14 14:53:48,58,12,56029C,Tech Titans 2.0,CRESTVIEW HIGH SCHOOL,Ohio,United States
2601,51,15,36,15,36,2026-01-31 21:14:01,2026-02-14 19:26:11,58,8,1290S,Spice,Brentwood College School,Vancouver Island (BC),Canada
2602,51,15,36,15,36,2026-02-07 20:36:35,2026-03-14 17:00:59,56,6,70540A,Gary Robotics,EAST MOUNTAIN HIGH SCHOOL,New Mexico,United States
2603,51,15,36,15,36,2026-01-10 18:55:12,2026-01-10 20:18:43,59,0,84260B,SourPunk,Cabot High School,Arkansas,United States
2604,51,15,36,15,36,2026-03-15 17:25:02,2026-03-14 18:59:52,59,0,293V,Velocity,Echo Robotics,Pennsylvania - East,United States
2605,51,15,36,15,37,2026-02-21 20:19:04,2026-02-03 20:16:46,58,0,28466Z,Vortx+,SPRINGS STUDIO FOR ACADEMIC EXCELLENCE,Colorado,United States
2606,51,15,36,15,47,2026-02-07 22:12:15,2026-02-11 01:14:20,57,0,8931M,"V-Bots ""URC"" United  Robotics Coalition",LAKE STEVENS SR HIGH SCHOOL,Washington,United States
2607,51,15,36,15,36,2026-03-14 19:12:33,2026-03-14 17:56:54,56,0,373E,R4Robotics 1,R4Creating,New Mexico,United States
2608,51,15,36,15,36,2026-02-08 18:29:11,2026-02-08 18:56:10,55,0,2360Z,ZOOM,Neuqua Valley High School,Illinois,United States
2609,51,15,36,15,36,2026-02-10 15:06:49,2026-02-10 17:44:30,55,0,40404A,Error 404,Error 404 - A.N. Myer S.S.,Ontario,Canada
2610,51,15,36,15,36,2026-02-15 15:43:21,2026-02-15 17:06:56,54,0,78792T,T-Wrecks,Mount Academy,New York-South,United States
2611,51,15,36,15,36,2026-01-16 19:21:57,2026-03-14 19:06:27,57,5,87490G,Gigaminds,FARMERSVILLE HIGH SCHOOL,Texas - Region 2,United States
2612,51,15,36,15,36,2025-11-15 17:17:43,2026-02-21 20:24:27,58,0,13333T,The Clankers,TRINITY ACADEMY,Kansas,United States
2613,51,15,36,15,36,2026-01-31 17:52:03,2026-02-12 00:31:47,58,0,23880A,The Power of Friendship,LYONS TWP HIGH SCH,Illinois,United States
2614,51,15,36,15,36,2026-01-17 19:11:27,2026-03-08 17:07:36,57,0,26038D,The Hippies,JOHN MARSHALL HIGH SCHOOL,West Virginia,United States
2615,51,15,36,15,36,2026-01-24 17:30:28,2026-02-21 22:31:02,50,0,3512D,Meandering Mechanics,SUMNER HIGH SCHOOL,Washington,United States
2616,51,15,36,15,38,2026-01-24 20:41:21,2026-02-27 23:17:13,0,0,5V,Venom,RAVENNA SENIOR HIGH,Nebraska,United States
2617,51,15,36,15,36,2025-11-22 18:31:23,2025-11-22 16:16:20,0,0,91915B,Looniest Tarpan,HAWKEN SCHOOL,Ohio,United States
2618,51,15,36,15,36,2026-02-03 15:32:11,2026-02-03 15:04:19,0,0,5298B,BSSBot,The Bishop Strachan School,Ontario,Canada
2619,51,15,36,15,36,2026-02-03 19:05:14,2026-02-03 15:20:52,0,0,9651W,Hopes and Dreams,Upper Canada College,Ontario,Canada
2620,51,15,36,15,36,2026-02-07 18:09:40,2026-02-07 18:15:09,0,0,74074D,Oasis,Pioneer Robotics,Oklahoma,United States
2621,51,15,36,15,36,2026-03-14 17:48:30,2026-03-14 19:24:42,0,0,1784X,Switching Gegarz,Moses Brown School,Connecticut,United States
2622,51,5,46,5,46,2025-12-13 18:47:04,2026-02-26 19:33:33,57,0,43146C,C-Dawgs,ALFRED M. BARBE HIGH SCHOOL,Louisiana,United States
2623,51,5,46,5,46,2026-02-21 20:18:44,2026-02-21 22:16:43,18,0,2941H,Mecha squad,Otumoetai College,New Zealand,New Zealand
2624,51,3,48,3,48,2025-12-19 07:12:43,2025-12-19 06:58:34,40,0,15383A,DHK,TWGHs Yau Tze Tin Memorial College,Hong Kong,Hong Kong
2625,51,2,49,2,49,2026-01-31 15:11:19,2026-01-31 18:03:49,48,0,11124W,Wild West,ELYRIA HIGH SCHOOL,Ohio,United States
2626,51,2,49,2,49,2026-01-17 21:36:37,2026-01-17 21:24:19,20,0,12066F,SLO COUNTY ROBOTICS,SLO COUNTY ROBOTICS,California - Region 3,United States
2627,51,0,51,1,51,2025-08-22 07:19:02,2025-10-25 12:20:44,39,0,18967B,Tech Move,Shanghai Shangde Experimental School,East China,China
2628,51,0,51,0,51,,2026-01-02 02:35:55,0,0,3778D,Humble Hacker,SFLS robotics club,East China,China
2629,51,0,51,0,51,,2026-02-06 02:47:22,0,0,89555J,VMA Sharks,Shenzhen Vanke Meisha Academy,South China,China
2630,51,0,51,0,51,,2026-02-15 23:46:56,0,0,502V,The Swarm,"SD41 Mechatronics, Burnaby",British Columbia (BC),Canada
2631,51,0,51,0,51,,2026-03-06 17:15:55,0,0,3269A,Caravan,Canutillo High School,Texas - Region 1,United States
2632,50,26,24,26,27,2026-02-14 20:23:30,2026-01-11 00:56:28,0,0,2443D,Blue Thunder Dynamics,MAUI HIGH SCHOOL,Hawaii,United States
2633,50,22,28,22,30,2026-02-08 18:37:21,2026-02-28 18:32:51,26,0,99197X,Loose Screws,Bowness High School,Alberta/Saskatchewan,Canada
2634,50,20,30,20,30,2025-10-25 02:49:49,2025-10-25 03:10:53,52,8,13818Z,QRCA,AAA Training and Tuition (RTO 46396),Australia,Australia
2635,50,15,35,20,35,2026-03-14 17:29:13,2026-02-21 18:47:05,57,0,7422B,Robotic Burros,Burroughs High,California - Region 3,United States
2636,50,20,30,20,30,2026-01-31 17:17:08,2026-01-31 16:07:15,57,0,7121D,Maverick Robotics,ARCHBISHOP EDWARD MCCARTHY HIGH SCHOOL,Florida - South,United States
2637,50,20,30,20,30,2026-02-07 15:00:57,2026-02-07 14:32:47,57,0,38969A,Battle Tank,BM,Ontario,Canada
2638,50,20,30,20,38,2026-03-15 14:58:22,2026-02-21 17:43:27,56,0,7518D,Nebula,GREAT VALLEY HIGH SCHOOL,Pennsylvania - East,United States
2639,50,20,30,20,31,2026-01-26 13:34:04,2026-02-24 23:32:04,55,0,33112A,Robo Rangers - Disco Inferno,CONCORDIA LUTHERAN HIGH SCHOOL,Indiana - Region 1 - North,United States
2640,50,20,30,20,30,2026-01-17 20:33:08,2026-01-17 19:43:59,55,0,56727D,Titan,North Carolina School of Science and Mathematics - Morganton,North Carolina,United States
2641,50,15,35,20,35,2025-12-06 11:43:41,2026-02-27 15:41:44,55,0,1197Z,CHAOS,Beech Grove Senior School,United Kingdom,United Kingdom
2642,50,20,30,20,30,2026-02-21 19:46:21,2026-02-21 16:58:48,54,0,80075K,Kazoos,Von Steuben Metro Science High School,Illinois,United States
2643,50,20,30,20,30,2026-02-14 22:49:29,2026-02-14 21:03:59,37,3,37792C,The Langlets,MICA MOUNTAIN HIGH SCHOOL,Arizona,United States
2644,50,20,30,20,30,2025-11-01 16:36:57,2025-11-01 18:09:58,4,0,1064A,OPS - Nebraska Nerd Herd,OMAHA NORTH MAGNET HIGH SCHOOL,Nebraska,United States
2645,50,20,30,20,30,2026-02-03 01:22:43,2026-02-03 15:12:24,1,0,3743F,Feral Toasters,ERIE HIGH SCHOOL,Colorado,United States
2646,50,20,30,20,30,2025-12-10 22:56:21,2026-02-21 18:25:36,55,0,96021G,Digital Defects,JAMES IRWIN CHARTER HIGH SCHOOL,Colorado,United States
2647,50,15,35,20,35,2026-03-14 19:25:04,2026-02-18 18:22:36,45,0,654A,AutonoMONEY,LAKE TRAVIS HIGH SCHOOL,Texas - Region 4,United States
2648,50,15,35,20,35,2026-03-14 23:43:34,2026-02-14 19:10:03,1,0,593C,Oakdale C Team,OAKDALE HIGH,Maryland,United States
2649,50,15,35,20,35,2026-01-10 18:47:07,2026-02-14 17:13:10,0,0,78889N,NITRO,KILLINGLY HIGH SCHOOL,Connecticut,United States
2650,50,20,30,20,30,2026-01-10 17:47:44,2026-01-10 17:38:58,0,0,19191M,Reno High Military Science,RENO HIGH SCHOOL,Nevada,United States
2651,50,20,30,20,30,2026-01-25 21:22:37,2026-01-25 22:28:27,0,0,3051D,Olympian Vultures,Olympian High School Robotics,California - Region 4,United States
2652,50,20,30,20,30,2026-01-31 20:34:38,2026-01-31 19:46:56,0,0,35049B,Hive (Cleveland Robotics Team B),CLEVELAND HIGH SCHOOL,Alabama,United States
2653,50,20,30,20,30,2026-01-31 21:38:01,2026-01-31 20:53:54,0,0,2990S,Steelfish,West Salem High School,Oregon,United States
2654,50,20,30,20,30,2026-02-07 15:13:20,2026-02-07 18:08:19,0,0,15376J,Vortex 3S-JURASSIQUE,École secondaire des Trois-Saisons,Quebec,Canada
2655,50,20,30,20,30,2026-02-21 14:46:24,2026-02-21 18:50:27,0,0,94W,Winnovators,COMMUNITY SCHOOL OF NAPLES,Florida - South,United States
2656,50,20,30,20,30,2026-02-21 15:01:11,2026-02-21 17:29:14,0,0,169E,The Cavalry,THE HAVERFORD SCHOOL,Pennsylvania - East,United States
2657,50,20,30,20,30,2026-02-28 21:28:15,2026-02-28 18:05:58,0,0,18866B,System Overload,Frederick Public Schools,Oklahoma,United States
2658,50,18,32,18,36,2025-09-27 20:27:37,2025-11-08 17:19:41,32,1,8871R,Rogue,Walter Johnson Junior High School,Nevada,United States
2659,50,17,33,17,33,2026-02-21 18:53:12,2026-02-21 17:57:29,0,0,98471D,Weezer,CHENEY HIGH SCHOOL,Kansas,United States
2660,50,16,34,16,34,2026-01-31 17:18:02,2026-01-31 18:35:56,34,0,1022X,Xenon,Claremont Secondary School,Vancouver Island (BC),Canada
2661,50,15,35,15,35,2026-01-11 13:51:05,2026-01-11 16:44:32,60,6,11591Z,Mirage,PLAINWELL HIGH SCHOOL,Michigan,United States
2662,50,15,35,15,35,2026-02-06 19:07:47,2026-01-22 16:01:29,58,6,36518D,Scrap Monkeys,WASHINGTON COUNTY HIGH SCHOOL,Alabama,United States
2663,50,15,35,15,36,2026-01-11 17:13:28,2025-11-15 17:23:28,60,0,4911X,SayHelloToMyLittleFriend,Robo-Tech Zone of Michiana,Michigan,United States
2664,50,15,35,15,35,2025-10-26 00:11:00,2025-11-09 03:34:51,60,0,1831A,King's Team Alpha,The King's School,Australia,Australia
2665,50,15,35,15,35,2026-02-14 18:43:58,2026-02-14 17:28:08,59,0,99212G,Ursa Major G,Coe-Brown Northwood Academy,New Hampshire/Vermont,United States
2666,50,15,35,15,35,2026-01-31 15:38:14,2026-02-02 23:42:55,59,0,11124M,Mighty Avengers - JROTC,ELYRIA HIGH SCHOOL,Ohio,United States
2667,50,15,35,15,35,2026-02-17 21:55:11,2026-02-17 21:36:58,58,0,14760A,Sea Otter Society,PICKERINGTON HIGH SCHOOL NORTH,Ohio,United States
2668,50,15,35,15,35,2026-02-28 18:48:56,2026-02-28 17:21:56,58,0,70291G,"RED  TAILS ",Commerce High School,Texas - Region 2,United States
2669,50,15,35,15,35,2026-01-24 06:02:14,2026-01-24 02:57:34,57,0,3818C,Timbits,International School Manila,Philippines,Philippines
2670,50,15,35,15,35,2026-02-14 16:22:52,2026-02-14 20:04:13,57,0,1506C,Metal Monstrosity,PACT CHARTER SCHOOL,Minnesota,United States
2671,50,15,35,15,35,2026-02-14 19:12:21,2026-02-14 19:05:16,57,0,77275A,Atomic,Spark Academy,New Hampshire/Vermont,United States
2672,50,15,35,15,35,2026-02-14 22:18:42,2026-02-14 22:21:20,57,0,43141V,Vexecutioner,HIGHLAND HIGH SCHOOL,Arizona,United States
2673,50,15,35,15,35,2026-02-28 17:17:31,2026-02-28 18:09:07,57,0,46A,△X,Seton School,Virginia,United States
2674,50,15,35,15,35,2026-03-04 15:18:38,2026-03-04 16:50:09,57,0,1757T,T.O.R.Q.,Mexico High School,New York-North,United States
2675,50,15,35,15,35,2026-01-29 21:48:27,2026-01-31 16:02:04,56,3,84443A,Mechanical Wizards,RICE LAKE HIGH,Wisconsin,United States
2676,50,15,35,15,35,2026-02-08 20:12:54,2026-02-08 20:55:04,56,0,158B,Larry Army,HUNTLEY HIGH SCHOOL,Illinois,United States
2677,50,15,35,15,35,2025-11-22 18:00:23,2025-11-22 19:21:34,55,0,1815R,WCS CATaclysm - Refrigerator,WESTBURY CHRISTIAN SCHOOL,Texas - Region 3,United States
2678,50,15,35,15,35,2026-02-14 20:44:13,2026-02-14 20:41:51,55,0,98377T,Tech Toucans,TECHNICAL SENIOR HIGH,Minnesota,United States
2679,50,15,35,15,35,2026-01-16 07:59:30,2026-01-16 02:39:38,54,0,88171A,ICSN Matrix,ICSN,Thailand,Thailand
2680,50,15,35,15,35,2026-02-10 14:59:40,2026-02-10 17:42:16,53,0,21520B,Lakeshore Catholic High School,"Lakeshore Catholic High School ",Ontario,Canada
2681,50,15,35,15,35,2026-01-24 01:45:39,2026-01-24 02:40:05,50,0,5868B,REVOLUTION MAKER,PUI CHING MIDDLE SCHOOL MACAU,Macau,Macau
2682,50,15,35,15,38,2025-11-19 19:52:14,2026-02-06 16:43:46,36,0,36548A,Reginald,Leroy High School,Alabama,United States
2683,50,15,35,15,35,2025-11-21 17:45:24,2025-11-21 17:12:22,1,0,32410G,67 Spheres and Gears,REDWATER HS,Texas - Region 2,United States
2684,50,15,35,15,35,2026-03-14 18:19:20,2026-02-16 19:09:03,60,0,87490E,The Enclave,FARMERSVILLE HIGH SCHOOL,Texas - Region 2,United States
2685,50,15,35,15,35,2026-01-31 17:34:12,2025-11-25 15:49:31,59,0,19697X,X-Factor,Jordan High School,Texas - Region 3,United States
2686,50,0,50,15,50,2026-01-10 13:59:53,2026-02-28 00:03:44,58,0,68763D,Crooked Bots,O'NEILL HIGH SCHOOL,Nebraska,United States
2687,50,15,35,15,35,2026-01-24 19:32:17,2026-02-28 19:21:12,58,0,41618P,41618P,CAMDEN CATHOLIC HIGH SCHOOL,New Jersey,United States
2688,50,15,35,15,35,2025-11-08 19:24:19,2026-02-28 15:03:09,56,0,37167H,Talons Of Steel,STEWARTS CREEK HIGH SCHOOL,Tennessee,United States
2689,50,15,35,15,35,2026-02-07 21:30:07,2026-02-14 17:03:31,55,0,2396A,Red Dirt Robotics,Canadian Valley Technology Center,Oklahoma,United States
2690,50,15,35,15,35,2026-02-21 18:00:59,2026-03-07 18:05:32,53,0,9039Y,Happybaras,BrandywineBOTS,Delmarva,United States
2691,50,15,35,15,35,2026-02-28 00:10:09,2026-01-31 16:47:14,53,0,4405Z,XX > XY,VJ & ANGELA SKUTT CATHOLIC HIGH SCHOOL,Nebraska,United States
2692,50,15,35,15,36,2026-01-10 18:43:58,2025-12-13 16:43:31,50,0,97834C,OIA- Event Horizon,Owensboro Innovation Academy,Kentucky,United States
2693,50,0,50,15,50,2025-10-04 23:44:37,2026-02-07 22:16:21,0,0,3134A,Robolabs Apollo,Robolabs,California - Region 2,United States
2694,50,15,35,15,45,2026-01-10 15:59:21,2026-02-14 21:10:06,0,0,9636C,Been Thinking,Thinking Robotics,Arizona,United States
2695,50,15,35,15,39,2026-02-07 19:42:53,2026-01-24 16:49:42,0,0,67104A,The Country Bumpkins,HEADLAND HIGH SCHOOL,Alabama,United States
2696,50,15,35,15,37,2026-01-12 16:51:44,2026-01-10 18:46:48,0,0,16438U,Craig,UNION CITY HIGH SCHOOL,Pennsylvania - West,United States
2697,50,15,35,15,35,2026-01-16 19:35:28,2026-01-16 15:41:59,0,0,9651Y,Wyvern - UCC,Upper Canada College,Ontario,Canada
2698,50,15,35,15,35,2026-01-24 17:37:09,2026-01-24 17:17:25,0,0,78780E,Hats Incredible!!!,PINECREST ACADEMY OF NEVADA CADENCE,Nevada,United States
2699,50,15,35,15,35,2026-01-31 19:52:13,2026-01-31 16:52:12,0,0,50810V,VantaBlack,CITY/PEMBROKE PINES CHARTER HIGH SCHOOL,Florida - South,United States
2700,50,15,35,15,35,2026-02-07 16:34:05,2026-02-07 17:13:59,0,0,96504X,XCALIBUR,BRENTWOOD HIGH SCHOOL,Tennessee,United States
2701,50,15,35,15,35,2026-02-21 14:49:27,2026-02-21 19:23:51,0,0,31344A,Savage Stallions,BISHOP BROSSART HIGH SCHOOL,Kentucky,United States
2702,50,15,35,15,35,2026-03-01 17:46:07,2026-03-01 18:09:43,0,0,3327C,Cobra,SPRING-FORD SHS 9-12 CTR,Pennsylvania - East,United States
2703,50,15,35,15,35,2026-03-01 18:45:53,2026-03-01 16:28:20,0,0,3327D,Do Not Disturb,SPRING-FORD SHS 9-12 CTR,Pennsylvania - East,United States
2704,50,15,35,15,35,2026-03-09 17:12:39,2026-03-09 18:29:35,0,0,48766A,Keystone Oaks A,KEYSTONE OAKS HIGH SCHOOL,Pennsylvania - West,United States
2705,50,11,39,11,39,2026-02-08 10:15:50,2026-02-08 09:43:01,0,0,15520X,Mech_It_Happen,Institut Le Rosey,Switzerland,Switzerland
2706,50,10,40,10,42,2025-12-13 18:03:12,2026-01-01 01:56:03,24,0,93400A,Polynesian Legion,BEAUFORT HIGH,South Carolina,United States
2707,50,9,41,9,41,2026-02-04 08:41:22,2026-02-03 12:12:19,0,0,33444A,Elite 404,Royal Commission for Jubail,Saudi Arabia,Saudi Arabia
2708,50,5,45,5,45,2026-01-09 08:04:41,2026-01-09 08:07:31,0,0,70181X,70181X,Chengdu No.7 High School 成都七中,West China,China
2709,50,2,48,2,48,2026-01-16 04:31:42,2026-01-16 04:28:41,39,0,8861F,Good Doggies,International School Bangkok,Thailand,Thailand
2710,50,0,50,0,50,2026-02-28 12:28:05,2026-02-28 10:08:30,0,0,55113A,Vecna,Chipping Campden School,United Kingdom,United Kingdom
2711,50,0,50,0,50,,2026-01-01 08:18:18,0,0,36930X,TLU,Shanghai High School International Division,East China,China
2712,50,0,50,0,50,,2026-01-17 03:33:00,0,0,8059S,Blank.,Anglo-Chinese School (Independent),Singapore,Singapore
2713,50,0,50,0,50,,2026-01-31 21:37:01,0,0,231D,KNIGHTS ROBOTICS,DR KIRK LEWIS CAREER AND TECHNICAL HIGH SCHOOL,Texas - Region 3,United States
2714,50,0,50,0,50,,2026-02-28 22:53:10,0,0,75008B,Aspengrove Clinky-Clank Gadgets A Go-Go,Aspengrove School,Vancouver Island (BC),Canada
2715,49,25,24,25,24,2025-11-22 08:35:57,2025-11-22 09:29:15,0,0,78857Z,Tsinglan Z,Tsinglan shool,South China,China
2716,49,24,25,24,25,2026-01-16 06:01:25,2026-01-16 06:52:06,0,0,99454P,SG-MAMBA,Saint Gabriel's College,Thailand,Thailand
2717,49,20,29,20,29,2026-02-14 15:10:00,2026-02-14 16:14:32,58,0,4886Z,Zig-Zag,Thetford Academy,New Hampshire/Vermont,United States
2718,49,20,29,20,29,2026-02-07 17:39:08,2026-02-07 18:01:30,56,0,1064M,OPS - Momentum,OMAHA NORTH MAGNET HIGH SCHOOL,Nebraska,United States
2719,49,20,29,20,29,2026-02-14 18:32:36,2026-02-14 15:13:50,56,0,56H,Nihility,CAPE ELIZABETH HIGH SCHOOL,Maine,United States
2720,49,20,29,20,45,2025-12-07 00:09:46,2025-11-15 02:56:34,48,0,96498F,Copperfield Crusty Pickle,Copperfield College,Australia,Australia
2721,49,20,29,20,29,2026-02-08 15:41:15,2026-02-08 15:48:41,0,15,321G,321G,Niles West HS 321 Robotics,Illinois,United States
2722,49,15,34,20,34,2026-02-22 14:28:56,2026-02-15 18:39:59,50,0,20164M,Maelstrom,Charles J. Colgan Senior. High School,Virginia,United States
2723,49,20,29,20,33,2026-01-10 21:24:43,2026-02-07 20:34:45,0,0,2323D,Deleterious,WEBER INNOVATION HIGH SCHOOL,Utah,United States
2724,49,20,29,20,32,2026-02-07 15:38:44,2026-02-22 15:16:28,0,3,2544X,Bolted,Private,Virginia,United States
2725,49,20,29,20,29,2025-12-03 23:39:12,2025-12-03 23:43:55,0,0,94132B,Lowell Robotics,LOWELL HIGH,California - Region 2,United States
2726,49,20,29,20,29,2026-01-17 20:34:44,2026-01-17 19:46:18,0,0,72527C,Revenge of Rex,St Croix Lutheran Academy,Minnesota,United States
2727,49,20,29,20,29,2026-01-31 17:28:56,2026-01-31 21:47:45,0,0,36963C,Robo Rangers,SOUTH GRAND PRAIRIE HIGH SCHOOL,Texas - Region 2,United States
2728,49,20,29,20,29,2026-02-06 20:04:15,2026-02-06 21:13:57,0,0,9551A,H.I.V.E.,WEISER HIGH SCHOOL,Idaho,United States
2729,49,20,29,20,29,2026-02-14 22:53:28,2026-02-14 21:21:22,0,0,11230B,Trailblazers B,Iroquois Ridge High School,Ontario,Canada
2730,49,15,34,17,34,2026-02-07 19:02:27,2026-02-03 15:48:47,0,0,97779Y,St Andrews College,St Andrew’s College,Ontario,Canada
2731,49,15,34,16,34,2026-01-31 17:09:44,2026-03-15 17:39:59,42,0,1727A,REX,Dulaney High School,Maryland,United States
2732,49,16,33,16,33,2025-12-06 01:22:42,2025-12-06 04:03:28,0,0,55211A,40% Luck,Investigator College,Australia,Australia
2733,49,15,34,15,34,2026-01-27 18:25:29,2026-01-27 18:36:54,59,6,83280W,L.C. Rampage,LANGHAM CREEK HIGH SCHOOL,Texas - Region 3,United States
2734,49,15,34,15,47,2026-02-06 19:44:23,2026-02-07 15:51:16,59,0,2854W,The Backup Bots,Lake Creek High School,Texas - Region 3,United States
2735,49,15,34,15,34,2026-02-07 08:47:28,2026-02-07 04:15:56,59,0,5039A,CMT-S1,TWGHS Chang Ming Thien College,Hong Kong,Hong Kong
2736,49,15,34,15,34,2026-02-14 17:21:57,2026-02-14 19:14:11,59,0,96807B,Squires of Bingbong,BOONSBORO HIGH,Maryland,United States
2737,49,15,34,15,34,2026-02-21 18:36:28,2026-02-21 19:27:40,59,0,27555A,Ferocious Tigers,Thayer Academy,Massachusetts,United States
2738,49,15,34,15,34,2026-02-07 17:58:11,2026-02-07 13:55:29,58,0,676B,SMRC Disco Ducks,Southern Maryland Robotics Club,Maryland,United States
2739,49,15,34,15,34,2026-02-28 20:47:37,2026-02-28 20:45:29,57,0,2775Z,Jackson Area Robotics Exodus,Jackson Area Robotics,Tennessee,United States
2740,49,15,34,15,34,2025-12-13 19:33:21,2025-12-13 17:06:21,51,0,20480H,Washed,SKYLINE HIGH SCHOOL,Texas - Region 2,United States
2741,49,15,34,15,43,2025-11-02 19:43:44,2026-02-15 18:29:09,52,0,733E,NP3 Pirates E,NATOMAS PACIFIC PATHWAYS PREP,California - Region 2,United States
2742,49,7,42,15,42,2026-02-21 21:31:45,2026-03-07 21:58:35,55,0,2990V,Titan Team Voltage,West Salem High School,Oregon,United States
2743,49,15,34,15,34,2026-02-21 15:49:58,2026-01-24 19:50:44,59,4,46311A,Al-U-mini-Um - Illiana,Illiana Christian High School,Indiana - Region 1 - North,United States
2744,49,15,34,15,34,2026-01-24 16:14:22,2026-02-14 18:47:47,59,0,74947G,Fenix - Gandalf,Ecole Secondaire Massey-Vanier,Quebec,Canada
2745,49,3,46,15,46,2026-01-25 22:35:43,2025-10-18 20:52:12,58,0,507D,507D,OTAY RANCH SENIOR HIGH,California - Region 4,United States
2746,49,15,34,15,38,2025-12-11 00:13:08,2026-02-21 19:48:36,58,0,66834A,Nostromo,VISTA RIDGE HIGH SCHOOL,Colorado,United States
2747,49,5,44,15,44,2025-11-12 23:46:43,2026-01-26 13:33:05,57,0,6079R,Rambots,Waltrip High School,Texas - Region 3,United States
2748,49,5,44,15,44,2026-01-27 18:34:17,2026-02-07 17:14:59,57,0,83280F,CERBERUS,LANGHAM CREEK HIGH SCHOOL,Texas - Region 3,United States
2749,49,15,34,15,34,2025-11-15 18:30:10,2026-01-17 18:59:01,56,0,550T,Tickle Monster,APOPKA HIGH,Florida - North/Central,United States
2750,49,15,34,15,34,2025-11-01 14:00:13,2025-12-06 16:21:03,54,0,89227X,RemiX,RIDGELAND HIGH SCHOOL,Georgia,United States
2751,49,15,34,15,34,2026-02-07 20:05:59,2026-01-31 18:10:15,50,0,9457T,Uncivil Engineers,MANKATO EAST SENIOR HIGH,Minnesota,United States
2752,49,15,34,15,34,2026-02-20 23:12:09,2026-02-09 21:28:12,1,0,40938A,So Vexy,BUCKEYE CENTRAL HIGH SCHOOL,Ohio,United States
2753,49,0,49,15,49,2025-12-12 21:54:00,2026-01-31 16:23:22,0,0,63031Z,Oozma Kappa,Vallivue High School,Idaho,United States
2754,49,6,43,15,43,2025-12-06 17:19:24,2026-02-07 16:29:57,0,0,3536S,Raider Robotics,NORTH FORSYTH HIGH SCHOOL,Georgia,United States
2755,49,15,34,15,43,2025-12-08 02:40:38,2025-12-07 02:40:44,0,0,70909A,Channel-C,CLBSS,Hong Kong,Hong Kong
2756,49,15,34,15,38,2026-02-14 18:56:20,2026-02-28 15:27:04,0,0,37334G,Lincoln County Robotics G,LINCOLN COUNTY SCHOOL,Tennessee,United States
2757,49,15,34,15,34,2025-11-15 23:59:34,2025-11-16 00:01:25,0,0,20W,Reseda Regents Robotics,Reseda High School,California - Region 4,United States
2758,49,15,34,15,34,2025-12-13 17:05:43,2025-12-13 20:33:15,0,0,82473C,PCThunderbots,PARK CROSSING HIGH SCHOOL,Alabama,United States
2759,49,15,34,15,34,2026-01-17 20:52:09,2026-01-17 19:39:40,0,0,82718D,Dynamic Horizon,THUNDER BASIN HIGH SCHOOL,Wyoming,United States
2760,49,15,34,15,34,2026-02-07 17:02:25,2026-02-07 17:26:41,0,0,34362A,Roborams,KENNEBUNK HIGH SCHOOL,Maine,United States
2761,49,15,34,15,34,2026-02-28 17:17:08,2026-02-28 15:32:25,0,0,1575V,Venom,Woodbridge Senior High School,Virginia,United States
2762,49,15,34,15,34,2026-02-28 20:32:29,2026-02-28 20:57:06,0,0,69315D,TurkeyBots,ST MARY'S EPISCOPAL SCHOOL,Tennessee,United States
2763,49,15,34,15,34,2026-03-07 18:27:42,2026-03-07 18:31:37,0,0,4393J,EDP Robotics,ME SCH OF SCIENCE & MATHEMATICS,Maine,United States
2764,49,14,35,14,41,2026-02-14 18:24:38,2026-03-09 15:01:14,32,0,15801A,Women in Black,DUBOIS AREA SHS,Pennsylvania - West,United States
2765,49,9,40,13,40,2026-01-31 19:53:17,2026-02-21 21:20:01,8,0,1868A,Space Cookies VEX 1868A,Space Cookies VEX Robotics Team,California - Region 2,United States
2766,49,11,38,11,38,2025-11-08 19:00:36,2025-11-08 16:19:24,36,0,9784B,Clankers (SW),TROY BUCHANAN HIGH,Missouri,United States
2767,49,6,43,10,43,2026-02-21 19:02:49,2026-02-28 19:52:40,0,0,97817V,VLC Media Player,Purdue Polytechnic High School Broad Ripple,Indiana - Region 2 - Central,United States
2768,49,10,39,10,39,2026-01-30 20:09:09,2026-01-30 20:12:13,0,0,81422A,LIBERTADORES A,CECYTECH 22 AYUNTAMIENTO,Mexico,Mexico
2769,49,0,49,7,49,2025-12-20 15:02:17,2026-03-06 20:51:22,0,0,6403A,Crash,Brookside High School,Ohio,United States
2770,49,0,49,0,49,,2026-02-07 03:32:09,0,2,86832X,Em & M's,International School of Beijing,North China,China
2771,49,0,49,0,49,2026-01-31 11:12:18,2026-01-31 09:35:09,0,0,2071C,RQ - Sharjah,RQ Science & Technology - Sharjah,United Arab Emirates,United Arab Emirates
2772,49,0,49,0,49,,2026-02-07 10:17:18,0,0,2813Z,RAZYR,CHINGSHIN ACADEMY,Chinese Taipei,Taiwan
2773,48,22,26,22,26,2026-02-08 17:39:48,2026-02-08 18:00:15,0,0,3300G,Emily,Western Canada High School,Alberta/Saskatchewan,Canada
2774,48,20,28,20,31,2026-01-24 13:38:32,2026-02-05 00:00:12,56,0,91142A,Adrenaline,BEAVER LOCAL HIGH SCHOOL,Ohio,United States
2775,48,20,28,20,30,2026-03-14 18:34:38,2026-02-15 15:07:33,56,10,7518C,C-Turtles,GREAT VALLEY HIGH SCHOOL,Pennsylvania - East,United States
2776,48,20,28,20,30,2026-01-17 17:28:18,2026-02-21 18:41:50,56,0,2442X,Bancroft Robodogs X,Bancroft School,Massachusetts,United States
2777,48,20,28,20,28,2026-02-12 19:29:17,2026-02-12 19:29:40,55,0,41920C,Fatal Traction,Panther Creek High School,North Carolina,United States
2778,48,20,28,20,28,2026-02-21 17:39:41,2026-02-21 19:45:51,55,0,82267D,Decepticons,Bakersfield Christian High school,California - Region 3,United States
2779,48,20,28,20,28,2025-11-01 14:25:51,2025-11-01 14:43:31,50,0,2486M,Eltynien,Ontario Private Team,Ontario,Canada
2780,48,20,28,20,28,2026-01-24 17:22:00,2026-02-13 18:50:23,57,3,11921B,Lady Glitter Sparkles,FAIRVIEW HIGH SCHOOL,Pennsylvania - West,United States
2781,48,20,28,20,28,2026-01-31 17:26:23,2026-02-14 19:17:39,58,0,98377Z,ZEN,TECHNICAL SENIOR HIGH,Minnesota,United States
2782,48,20,28,20,28,2026-01-24 18:17:47,2026-01-24 19:33:38,0,14,46311D,Dingus - Illiana,Illiana Christian High School,Indiana - Region 1 - North,United States
2783,48,15,33,20,33,2026-01-23 19:28:23,2026-02-14 21:59:36,57,0,5062Z,Zenith,FOX VALLEY LUTHERAN HIGH SCHOOL,Wisconsin,United States
2784,48,20,28,20,37,2025-10-26 22:53:35,2025-12-05 23:47:31,0,0,76981A,fUSCion,University Senior College,Australia,Australia
2785,48,20,28,20,34,2025-11-08 18:25:23,2026-02-07 17:08:17,0,0,13907G,4 Pop-Tarts,AUTAUGA COUNTY TECHNOLOGY CENTER,Alabama,United States
2786,48,20,28,20,32,2026-02-20 16:01:51,2026-02-14 15:57:53,0,0,41267A,Catalyze Robotics,Woodland Hills School District,Pennsylvania - West,United States
2787,48,20,28,20,28,2025-11-01 15:16:15,2025-11-01 16:25:20,0,0,33269C,Ten Degrees,CARDIGAN MOUNTAIN SCHOOL,New Hampshire/Vermont,United States
2788,48,20,28,20,28,2026-02-02 22:33:14,2026-02-02 23:26:51,0,0,3264T,Tantrum,NORWALK HIGH SCHOOL,Ohio,United States
2789,48,17,31,17,31,2026-03-14 18:49:59,2026-03-14 00:45:40,16,0,10563A,IqBOTS,ERNEST RIGHETTI HIGH,California - Region 3,United States
2790,48,17,31,17,31,2026-02-14 20:21:17,2026-02-14 21:23:59,0,0,4326S,Clanker Creators,ELKHORN SOUTH HIGH SCHOOL,Nebraska,United States
2791,48,15,33,16,33,2025-11-15 15:27:19,2025-12-13 16:36:32,33,0,3145K,Kryptonite,Triway High School,Ohio,United States
2792,48,15,33,15,33,2026-01-10 14:25:59,2026-01-10 16:17:51,52,15,13444D,Havoc,COVENANT CHRISTIAN HIGH SCHOOL,Michigan,United States
2793,48,15,33,15,33,2026-01-31 15:06:18,2026-01-30 20:40:04,58,0,79163B,The Orange Creamsicles,North Clarion Co Jshs,Pennsylvania - West,United States
2794,48,15,33,15,33,2026-02-21 16:18:10,2026-02-21 18:16:54,57,0,95936A,Turpin Terminators,TURPIN HIGH SCHOOL,Ohio,United States
2795,48,15,33,15,33,2026-02-21 15:16:39,2026-02-07 13:24:25,58,0,415C,Electro Magnetic Pulse,Anderson I & II Career & Technology Center,South Carolina,United States
2796,48,15,33,15,33,2026-01-17 18:59:15,2026-01-17 17:40:49,54,0,42329A,Quantumania,Howe High School,Texas - Region 5,United States
2797,48,15,33,15,33,2026-02-12 15:59:17,2026-02-12 15:45:59,52,0,4171A,Sicko Code,Pioneer Senior High School,New York-North,United States
2798,48,15,33,15,33,2026-01-23 07:33:51,2026-01-24 02:21:17,49,0,2053C,Overcooked,Shanghai American School Puxi,East China,China
2799,48,3,45,15,45,2026-01-10 16:49:04,2026-02-14 14:27:57,59,0,99938A,Redhawk Robotics,Atlantic County Institute of Technology,New Jersey,United States
2800,48,15,33,15,34,2026-02-05 21:23:25,2026-01-31 17:49:48,1,0,19713B,Nikola,Cypress Ranch High School,Texas - Region 3,United States
2801,48,15,33,15,33,2026-01-31 15:32:28,2026-01-31 22:07:34,1,0,53494Z,SEHS Robotics,SOUTHEASTERN SCHOOL,Alabama,United States
2802,48,15,33,15,33,2026-03-06 17:50:23,2026-02-06 18:09:37,55,0,4378A,Karmic Knights,J M HANKS HIGH SCHOOL,Texas - Region 1,United States
2803,48,15,33,15,43,2026-02-21 17:22:43,2026-01-24 16:53:50,50,0,91915C,Cube,HAWKEN SCHOOL,Ohio,United States
2804,48,5,43,15,43,2026-01-10 18:54:13,2026-01-31 20:00:52,0,0,5956X,Bangarang,TIMBER CREEK HIGH,Florida - North/Central,United States
2805,48,15,33,15,33,2026-01-24 18:06:04,2026-01-24 18:13:18,0,0,11566B,Calhoun Colts,SANFORD H CALHOUN HIGH SCHOOL,New York-South,United States
2806,48,10,38,10,38,2026-02-28 13:47:43,2026-02-28 13:56:58,38,0,27258C,Gepëppelte Mëmmel,Lycée Aline Mayrisch Luxembourg,Luxembourg,Luxembourg
2807,48,10,38,10,38,2026-02-08 20:25:59,2026-02-08 21:08:21,0,0,99371A,Goblin Machine,OAK PARK & RIVER FOREST HIGH SCH,Illinois,United States
2808,48,6,42,6,42,2025-12-06 17:08:21,2025-12-06 17:10:05,41,0,6865Z,Ultraviolet,BARBERS HILL HIGH SCHOOL,Texas - Region 3,United States
2809,48,6,42,6,42,2026-02-21 19:51:40,2026-02-21 16:17:35,0,0,43946C,Chaos Theory,J Sterling Morton West High School,Illinois,United States
2810,48,0,48,2,48,2026-03-06 01:51:48,2026-01-24 19:03:26,48,0,79930B,Full Metal,Center for Career Technology Education,Texas - Region 1,United States
2811,48,1,47,1,47,2026-02-03 16:04:44,2026-02-03 15:33:44,0,0,11413D,Team Melor,"City of Riihimäki, lukio",Finland,Finland
2812,48,0,48,0,48,,2025-11-08 20:43:09,0,0,4588C,Crimson,BELTON NEW TECH HIGH SCHOOL AT WASKOW,Texas - Region 4,United States
2813,48,0,48,0,48,,2026-01-15 20:44:43,0,0,2270A,Rust-eze,Dr. Pedro Albizu Campos Specialized in Science and Math High School,Puerto Rico,Puerto Rico
2814,48,0,48,0,48,,2026-02-20 01:35:32,0,0,47874N,Neo,Squalicum High School,Washington,United States
2815,48,0,48,0,48,,2026-02-21 18:55:03,0,0,8336A,Gladiators Robotics,Hialeah Gardens High School,Florida - South,United States
2816,47,22,25,22,32,2026-02-14 17:35:17,2026-03-15 15:28:19,26,0,99402A,Apex,THE ACADEMIES AT JONESBORO HIGH SCHOOL,Arkansas,United States
2817,47,20,27,22,27,2026-01-17 22:10:19,2026-02-14 20:32:28,35,2,7842S,Spartans,Robotics71 - School District #71,Vancouver Island (BC),Canada
2818,47,20,27,20,27,2026-01-24 15:24:23,2026-01-24 19:17:34,52,19,58676H,Corsaires Hunters,Ecole Pointe-Levy,Quebec,Canada
2819,47,20,27,20,27,2026-02-06 23:38:52,2026-02-07 16:06:20,53,8,383M,Mimir,Lowndes High School,Georgia,United States
2820,47,20,27,20,40,2026-03-01 16:04:06,2026-02-21 18:45:42,57,0,3327E,EZ BEEZY,SPRING-FORD SHS 9-12 CTR,Pennsylvania - East,United States
2821,47,20,27,20,29,2026-02-21 17:55:01,2026-02-13 14:59:24,57,0,96671S,Swiss Cheese,RED RIVER HIGH SCHOOL,North Dakota,United States
2822,47,20,27,20,27,2026-02-24 11:26:39,2026-02-24 11:38:22,55,0,67732C,Cumhacht Robotics,Pobalscoil Ghaoth Dobhair,Ireland,Ireland
2823,47,15,32,20,32,2026-01-24 15:24:17,2026-01-30 19:00:50,51,0,242E,Event Horizon,Holy Ghost Prep,Pennsylvania - East,United States
2824,47,20,27,20,27,2026-02-07 15:52:44,2026-02-07 20:13:40,54,0,60441Y,Circuit Breakers,LOCKPORT TOWNSHIP HIGH SCH EAST,Illinois,United States
2825,47,20,27,20,27,2026-02-27 17:40:36,2026-02-27 17:09:43,48,0,41819C,DTown Robotics C,DALLASTOWN AREA SHS,Pennsylvania - East,United States
2826,47,5,42,20,42,2025-11-23 17:11:26,2026-03-07 17:03:41,56,0,67147X,Dog!,Robot Club,Kansas,United States
2827,47,20,27,20,27,2026-02-03 01:13:40,2026-02-03 02:02:16,0,0,70181S,70181S,Chengdu No.7 High School 成都七中,West China,China
2828,47,20,27,20,27,2026-02-08 14:00:07,2026-02-08 17:14:01,0,0,3333M,pink,Notre Dame Prep,Michigan,United States
2829,47,20,27,20,27,2026-02-21 17:20:22,2026-02-21 19:02:45,0,0,98471A,The Underdogs,CHENEY HIGH,Kansas,United States
2830,47,0,47,19,47,2026-01-31 19:12:05,2026-02-14 23:47:56,25,0,3050Y,Peninsula High School Y Team,PALOS VERDES PENINSULA HIGH,California - Region 4,United States
2831,47,17,30,19,30,2026-02-06 18:35:45,2026-02-19 17:13:11,0,0,34012E,Capisce?,THOMAS JEFFERSON CHARTER,Idaho,United States
2832,47,17,30,17,30,2026-02-14 15:16:25,2026-02-14 19:46:13,0,0,32789C,NRT - Powered by Nerds,NORTHFIELD JR-SR HIGH SCHOOL,Indiana - Region 1 - North,United States
2833,47,16,31,16,31,2026-03-07 16:55:23,2026-03-06 18:32:41,33,0,8373P,MHP Loose Screws,MADISON HIGHLAND PREP,Arizona,United States
2834,47,16,31,16,45,2025-11-16 11:56:43,2025-10-16 13:57:57,0,0,84899D,Ibex,Radley College,United Kingdom,United Kingdom
2835,47,15,32,15,32,2026-02-07 20:43:16,2026-02-07 19:02:22,57,14,8301C,Cougarbots Vaquitas,SAN YSIDRO HIGH,California - Region 4,United States
2836,47,15,32,15,32,2026-01-19 20:00:13,2026-01-19 20:04:03,59,0,42368A,Deus Machinarum,BURKBURNETT HIGH SCHOOL,Texas - Region 5,United States
2837,47,15,32,15,32,2026-01-17 16:25:41,2026-01-17 15:28:32,58,0,3838A,Cherno Alpha,OCEAN SPRINGS HIGH SCHOOL,Mississippi,United States
2838,47,15,32,15,32,2026-01-17 16:34:53,2026-01-17 14:53:34,58,0,5839B,Eastern Tech Team B,EASTERN TECHNICAL HIGH SCHOOL,Maryland,United States
2839,47,15,32,15,32,2026-03-15 15:31:44,2026-03-14 23:10:38,58,0,960B,Perry Hall High School B,Perry Hall High School,Maryland,United States
2840,47,15,32,15,34,2026-01-19 20:47:34,2026-01-10 19:01:51,57,0,76427B,Eternal Engines,BRYSON SCHOOL,Texas - Region 5,United States
2841,47,15,32,15,32,2026-03-14 01:22:36,2026-01-26 14:57:16,57,0,82228A,Scorp Handlers,FARMINGTON HIGH SCHOOL,New Mexico,United States
2842,47,15,32,15,32,2026-02-08 20:55:21,2026-02-08 19:42:23,54,0,48884A,Gear Grinders,10XAcademy,California - Region 4,United States
2843,47,15,32,15,32,2026-03-14 19:25:10,2026-03-14 19:53:33,52,0,48778C,Gleebles,NAVAJO PREPARATORY SCHOOL,New Mexico,United States
2844,47,15,32,15,32,2026-01-19 20:08:14,2026-02-07 19:32:37,59,0,82295B,MechaDawgs,VENUS HIGH SCHOOL,Texas - Region 5,United States
2845,47,15,32,15,32,2026-02-21 15:34:35,2026-02-21 14:17:56,9,0,81834E,Tesseract,VERSAILLES HIGH SCHOOL,Ohio,United States
2846,47,15,32,15,32,2025-11-19 01:25:33,2026-01-17 17:49:54,59,0,3743E,Crazy Eight,ERIE HIGH SCHOOL,Colorado,United States
2847,47,15,32,15,32,2026-01-19 21:05:47,2026-01-31 20:48:02,59,0,42368E,Electric Phoenix,BURKBURNETT HIGH SCHOOL,Texas - Region 5,United States
2848,47,15,32,15,32,2026-03-08 21:20:50,2026-02-21 15:20:18,57,0,44713B,Cryptic,Woodrow Wilson High School,West Virginia,United States
2849,47,15,32,15,32,2026-01-10 15:49:05,2026-03-07 18:00:17,55,0,74656S,SHUTD0WN,DUPONT MANUAL HIGH,Kentucky,United States
2850,47,15,32,15,45,2026-02-07 18:14:06,2026-02-26 00:16:39,0,0,5690X,Grand Theft Bot-o,BISHOP CHATARD HIGH SCHOOL,Indiana - Region 2 - Central,United States
2851,47,15,32,15,39,2026-01-15 21:40:49,2025-11-08 14:17:34,0,0,2242C,SHADOWBYTES ROBOTICS,Municipio de Salinas,Puerto Rico,Puerto Rico
2852,47,15,32,15,32,2025-11-08 14:00:50,2025-11-08 13:37:20,0,0,2269A,TECHNOEAGLES,Colegio Santa Gema,Puerto Rico,Puerto Rico
2853,47,15,32,15,32,2026-01-17 16:50:52,2026-01-17 17:21:03,0,0,11591Y,Violently French Defenestration,PLAINWELL HIGH SCHOOL,Michigan,United States
2854,47,15,32,15,32,2026-01-17 18:27:26,2026-01-17 17:25:14,0,0,87265C,Robo Ridge,Southridge School,British Columbia (BC),Canada
2855,47,15,32,15,32,2026-01-24 21:12:31,2026-01-24 20:48:39,0,0,80634D,D.U.D,GREELEY WEST HIGH SCHOOL,Colorado,United States
2856,47,15,32,15,32,2026-01-31 21:03:14,2026-01-31 17:36:26,0,0,5760A,Operation Scorched Earth,Father Patrick Mercredi Community High School,Alberta/Saskatchewan,Canada
2857,47,15,32,15,32,2026-02-08 19:43:37,2026-02-08 20:23:39,0,0,99371B,Daniel and The Goons,OAK PARK & RIVER FOREST HIGH SCH,Illinois,United States
2858,47,15,32,15,32,2026-02-24 14:22:59,2026-02-24 13:42:03,0,0,18844C,Choppers Army,Marist Colllege,Ireland,Ireland
2859,47,13,34,13,36,2026-01-24 16:53:42,2025-11-01 17:05:05,0,0,37528B,Strata,COLORADO EARLY COLLEGES WINDSOR,Colorado,United States
2860,47,9,38,9,38,2026-03-07 20:05:31,2026-03-07 17:08:54,0,0,20571C,RamJ3,PORTER EARLY COLLEGE HIGH SCHOOL,Texas - Region 6,United States
2861,47,5,42,5,42,2026-01-17 20:20:58,2026-01-17 19:57:57,14,0,95601X,IDEA SB: Wyvern,IDEA COLLEGE PREPARATORY SAN BENITO,Texas - Region 6,United States
2862,47,5,42,5,42,2025-12-06 18:32:57,2026-01-10 14:12:52,1,0,41829C,Raider Robotics,RIVERDALE HIGH SCHOOL,Florida - South,United States
2863,47,3,44,3,44,2026-01-02 07:26:48,2026-01-02 07:22:06,38,0,41999C,Living Wrod Shanghai SRCC Robot Club,Living Word Shanghai,East China,China
2864,47,3,44,3,44,2026-02-14 19:20:44,2026-02-14 18:32:49,0,0,3042H,The Big Pelicans,RANDOLPH UNION HIGH SCHOOL,New Hampshire/Vermont,United States
2865,47,0,47,1,47,2026-01-31 15:09:30,2026-03-14 14:29:59,41,0,5150J,Mad Hatters - Jackpot,DANBURY HIGH SCHOOL,Connecticut,United States
2866,47,0,47,0,47,,2025-08-23 07:20:33,0,3,80697A,骁瑞战队,杭州市慧澜中学,East China,China
2867,47,0,47,0,47,,2026-01-31 19:18:58,0,0,2041V,Locked In,Locked In Robotics,California - Region 2,United States
2868,47,0,47,0,47,,2026-02-08 01:51:14,0,0,82224A,Naga Bots,Jakarta Intercultural School,Indonesia,Indonesia
2869,47,0,47,0,47,,2026-02-26 19:03:19,0,0,231A,KNIGHTS ROBOTICS,DR KIRK LEWIS CAREER AND TECHNICAL HIGH SCHOOL,Texas - Region 3,United States
2870,46,20,26,21,26,2025-11-01 16:09:07,2025-11-22 16:47:38,35,0,9019H,Hammerheads,ROOSEVELT HIGH SCHOOL,Colorado,United States
2871,46,21,25,21,25,2026-02-12 15:10:00,2026-02-12 16:30:31,4,0,14770A,Portville,Portville Junior-senior High School,New York-North,United States
2872,46,21,25,21,25,2026-02-14 23:30:04,2026-02-14 18:47:50,0,0,11211Z,Z Squared,OCSA,California - Region 4,United States
2873,46,20,26,20,26,2026-03-07 04:21:27,2026-03-07 03:28:45,58,23,27508H,Viking Robotics Team Vidar,North Salem High School,Oregon,United States
2874,46,20,26,20,26,2026-02-14 17:04:24,2026-02-14 17:17:05,57,3,28300A,Autoapparat,Alberni District Secondary School,Vancouver Island (BC),Canada
2875,46,20,26,20,26,2025-12-13 18:20:05,2025-12-13 01:20:18,56,11,5686W,Wyverns,Mazama High School,Oregon,United States
2876,46,15,31,20,31,2026-03-07 17:30:38,2026-02-14 18:35:30,50,0,14872A,Robo Wizards (of MDI),MT DESERT ISLAND HIGH SCHOOL,Maine,United States
2877,46,20,26,20,45,2025-12-06 17:14:27,2026-03-15 18:22:36,57,0,929X,929Xarobcharoo,HEREFORD HIGH,Maryland,United States
2878,46,20,26,20,30,2026-02-21 16:06:33,2026-01-10 20:30:33,55,2,97834E,OIA - Equinox,OWENSBORO INNOVATION ACADEMY,Kentucky,United States
2879,46,20,26,20,27,2026-02-21 19:06:06,2026-01-31 16:57:49,55,0,17640Y,Ydea,COLUMBIA GRAMMAR & PREPARATORY SCHOOL,New York-South,United States
2880,46,20,26,20,26,2026-01-31 17:01:51,2026-01-31 16:00:35,55,0,63544D,TKA Robotics,The King's Academy,Florida - South,United States
2881,46,20,26,20,26,2026-02-14 16:50:32,2026-02-14 17:02:29,52,0,241C,Chaos,PINKERTON ACADEMY,New Hampshire/Vermont,United States
2882,46,20,26,20,26,2026-02-15 15:59:47,2026-02-15 17:26:37,40,0,78792K,KAOS,Mount Academy,New York-South,United States
2883,46,20,26,20,28,2026-03-07 16:57:33,2025-12-13 18:22:52,33,0,3348A,Indians,Indian River High School,Delmarva,United States
2884,46,19,27,20,27,2025-11-07 06:54:39,2026-02-07 06:02:23,0,0,3708E,Shark,Victoria Shanghai Academy,Hong Kong,Hong Kong
2885,46,20,26,20,26,2026-02-28 01:47:44,2026-02-14 20:44:05,49,0,71414Y,The 6 Ultimate Lifeforms,PIERCE JR/SR HIGH SCHOOL,Nebraska,United States
2886,46,20,26,20,40,2025-11-22 22:05:51,2026-02-28 00:13:12,0,0,8151G,Abolish G3,Grand Island Senior High School,Nebraska,United States
2887,46,20,26,20,26,2026-01-18 18:39:55,2026-01-18 15:13:16,0,0,1581C,Wasureta,DEWITT HIGH SCHOOL,Michigan,United States
2888,46,20,26,20,26,2026-01-25 22:16:59,2026-01-25 22:40:20,0,0,2722T,Triple Threat,IEN Robotics,California - Region 4,United States
2889,46,20,26,20,26,2026-02-14 19:58:18,2026-02-14 18:58:25,0,0,75548J,Jackpot Jokers,Cathedral High School,Minnesota,United States
2890,46,19,27,19,27,2026-02-21 19:41:22,2026-02-21 16:53:01,36,0,26164A,Devil's Advocates,Ravenswood High School,West Virginia,United States
2891,46,16,30,16,35,2025-09-06 23:53:11,2026-02-07 22:33:08,0,0,3303J,Robolabs Juno,Dublin Robotics Club,California - Region 2,United States
2892,46,15,31,15,31,2026-02-14 20:05:54,2026-02-14 19:54:31,60,7,96428S,Robotomy,DESERT CHRISTIAN SCHOOL,Arizona,United States
2893,46,15,31,15,31,2025-11-09 01:41:07,2025-11-08 23:59:44,58,0,46131P,Goblin gang,Barker College,Australia,Australia
2894,46,15,31,15,34,2026-01-31 17:23:20,2026-02-14 23:06:25,57,15,64064E,Switchback,Gulf Islands Secondary School,Vancouver Island (BC),Canada
2895,46,15,31,15,31,2026-01-17 21:05:02,2026-01-24 17:29:15,57,0,99856S,Storm,"Greendale Robotics, Inc.",Wisconsin,United States
2896,46,15,31,15,31,2026-01-19 17:22:09,2026-01-30 19:45:23,58,0,7157V,Spatial Warp,CHITTENANGO HIGH SCHOOL,New York-North,United States
2897,46,15,31,15,31,2026-03-07 15:18:23,2026-01-24 19:28:18,58,0,25155R,Robo Pathfinders,American Leadership Academy Applied Technologies,Arizona,United States
2898,46,15,31,15,39,2026-02-21 21:21:42,2026-02-14 02:09:40,53,4,94517B,Blossom Brigade,Clayton Valley Charter High School,California - Region 2,United States
2899,46,15,31,15,31,2026-01-26 15:58:03,2025-11-15 23:00:57,57,0,98601A,Aegis (Troy),TROY HIGH NJROTC,California - Region 4,United States
2900,46,15,31,15,31,2026-02-21 18:36:14,2026-02-21 19:44:59,21,0,25600V,Roxbury Latin - Mendy,The Roxbury Latin School,Massachusetts,United States
2901,46,15,31,15,31,2026-01-31 19:03:47,2026-02-14 16:51:45,58,0,62185A,Tyrannosaurus VEX,Homebot Robotics,Minnesota,United States
2902,46,15,31,15,31,2025-12-13 14:32:32,2026-02-07 19:08:03,57,0,75833C,The Goon Squad,CENTERVILLE JR-SR HIGH SCHOOL,Texas - Region 2,United States
2903,46,15,31,15,31,2025-11-08 17:21:28,2025-11-01 15:28:02,56,0,77275C,Ctrl-Alt-Defeat,Spark Academy,New Hampshire/Vermont,United States
2904,46,15,31,15,31,2025-11-02 19:17:26,2026-02-22 22:00:54,55,0,39599A,FarmBots,WINTERS HIGH,California - Region 2,United States
2905,46,0,46,15,46,2025-11-22 18:18:34,2026-02-14 21:46:48,0,0,78780B,Helios,PINECREST ACADEMY OF NEVADA CADENCE,Nevada,United States
2906,46,0,46,15,46,2025-12-11 17:02:50,2026-02-21 17:59:35,0,0,53494A,SEHS Chuck Chainsmoke,SOUTHEASTERN SCHOOL,Alabama,United States
2907,46,15,31,15,42,2026-01-29 20:37:29,2026-03-08 13:23:42,0,0,39045A,Sharkinator,MONOMOY REGIONAL HIGH SCHOOL,Massachusetts,United States
2908,46,15,31,15,34,2026-02-07 15:54:27,2025-12-13 19:09:51,0,0,20002X,GOLD!,SILSBEE HIGH SCHOOL,Texas - Region 3,United States
2909,46,15,31,15,31,2026-01-27 10:31:09,2026-01-27 10:09:25,0,0,14198A,Oaklands Community College -Team 1,Oaklands Community College,Ireland,Ireland
2910,46,15,31,15,31,2026-01-31 10:06:36,2026-01-31 07:30:30,0,0,90736A,VEX CELENT,Emirates Science Club,United Arab Emirates,United Arab Emirates
2911,46,15,31,15,31,2026-02-08 18:20:55,2026-02-08 17:12:39,0,0,60172W,Wild Wigglers,Lake Park High School,Illinois,United States
2912,46,15,31,15,31,2026-02-21 19:25:49,2026-02-21 20:40:09,0,0,23037F,Radical Flamingos,FINDLAY HIGH SCHOOL,Ohio,United States
2913,46,15,31,15,31,2026-02-21 19:48:09,2026-02-21 19:08:26,0,0,12G,Ghost,The Potomac School,Virginia,United States
2914,46,15,31,15,31,2026-02-21 21:49:39,2026-02-21 19:47:33,0,0,17640X,Xtreme Team,COLUMBIA GRAMMAR & PREPARATORY SCHOOL,New York-South,United States
2915,46,15,31,15,31,2026-03-06 21:51:38,2026-03-06 22:18:23,0,0,5156H,Bay Harbor Builders,York High School,Maine,United States
2916,46,15,31,15,31,2026-03-13 14:05:10,2026-03-14 08:29:38,0,0,41510Z,Fire Robots,International School Basel,Switzerland,Switzerland
2917,46,15,31,15,31,2026-03-15 13:22:22,2026-03-15 15:19:07,0,0,5977A,Warriors,LA PLATA HIGH SCHOOL,Maryland,United States
2918,46,6,40,6,40,2025-07-29 12:00:51,2025-07-29 12:02:32,0,0,8331A,Beijing Jiaotong-1交大附中,The High School Attached to Beijing Jiaotong University,North China,China
2919,46,6,40,6,40,2026-01-30 23:46:29,2026-01-30 23:30:35,0,0,96941A,COBACH 10-1,COBACH Plantel 10,Mexico,Mexico
2920,46,5,41,5,41,2025-10-24 06:37:55,2025-10-25 06:40:14,0,0,84841X,84841X,HANGZHOU XUEJUN HIGH SCHOOL,East China,China
2921,46,5,41,5,41,2026-01-16 06:47:40,2026-01-15 09:08:28,0,0,83000E,A.T.L.A.S.,"British international School Phuket,",Thailand,Thailand
2922,46,0,46,3,46,2025-11-01 21:20:12,2025-12-13 22:49:19,42,0,91745A,PSI,GLEN A. WILSON HIGH,California - Region 4,United States
2923,46,1,45,1,45,2026-03-09 16:35:00,2026-03-09 14:56:04,0,0,16438C,PLUH,UNION CITY HIGH SCHOOL,Pennsylvania - West,United States
2924,46,0,46,0,46,,2025-11-22 09:32:58,0,0,1418A,constant Robert A,Wuhan Britsh-China School,Middle China,China
2925,46,0,46,0,46,,2026-02-03 03:21:15,0,0,1690C,Shishi High School C,HUAYING,West China,China
2926,45,24,21,24,21,2025-11-23 11:41:28,2025-11-23 11:37:16,0,0,71080V,volTRan Robotics,Pertevniyal lisesi,Türkiye,Türkiye
2927,45,20,25,20,25,2026-03-06 21:16:54,2026-02-14 16:56:04,52,26,54208C,Hel,DENMARK HIGH,Wisconsin,United States
2928,45,20,25,20,25,2026-01-23 19:49:08,2026-01-23 17:34:36,52,25,35049C,Frankenstein's Machine (Cleveland Robotics Team C),CLEVELAND HIGH SCHOOL,Alabama,United States
2929,45,20,25,20,30,2026-01-17 12:49:32,2026-02-07 12:16:24,52,15,1197X,Sweet and Spicy,Beech Grove Senior School,United Kingdom,United Kingdom
2930,45,20,25,20,25,2026-02-07 10:33:13,2026-02-07 07:32:35,52,20,40591A,Cobratics,Surabaya Intercultural School,Indonesia,Indonesia
2931,45,20,25,20,25,2025-11-08 18:29:36,2025-11-08 19:01:30,54,15,248B,RoboDawgs: Travesty,Grandville Robotics,Michigan,United States
2932,45,20,25,20,25,2026-03-04 17:05:22,2026-03-04 17:18:17,57,0,7157X,Breaking Point,CHITTENANGO HIGH SCHOOL,New York-North,United States
2933,45,15,30,20,30,2026-01-23 18:48:32,2026-03-07 17:56:30,53,0,53171H,The Flinging Dutchman,Shoreland Lutheran High School,Wisconsin,United States
2934,45,20,25,20,25,2026-02-21 17:34:05,2026-02-21 20:25:28,56,0,99856N,Neptune,"Greendale Robotics, Inc.",Wisconsin,United States
2935,45,20,25,20,31,2026-03-01 19:22:32,2026-02-28 19:48:49,54,0,59218C,Cedar Grove Panthers,CEDAR GROVE HIGH SCHOOL,New Jersey,United States
2936,45,20,25,20,27,2026-02-07 16:15:38,2026-01-10 18:47:13,54,0,10900X,Future Gadget Lab,HAMPDEN CHARTER SCHOOL OF SCIENCE EAST,Massachusetts,United States
2937,45,20,25,20,25,2026-01-31 16:42:27,2026-01-31 15:13:27,54,0,877K,Kings,RIDGEFIELD HIGH SCHOOL,Connecticut,United States
2938,45,20,25,20,30,2026-01-17 18:37:51,2026-02-21 18:14:21,53,0,38141X,PiBotics VorteX,IGNITE INSTITUTE,Kentucky,United States
2939,45,20,25,20,32,2025-11-22 15:50:37,2026-01-17 15:28:59,48,0,99751D,Ticklesworth,Colorado Early College Fort Collins,Colorado,United States
2940,45,20,25,20,25,2026-02-14 16:54:35,2026-02-14 17:14:48,47,0,97834F,OIA - Fearless,OWENSBORO INNOVATION ACADEMY,Kentucky,United States
2941,45,20,25,20,25,2026-02-20 18:15:01,2026-02-20 16:27:07,30,0,65524A,Godzilla,BRENTWOOD SHS,Pennsylvania - West,United States
2942,45,20,25,20,25,2025-09-22 00:42:53,2025-09-22 00:59:41,27,0,12223G,Thunderbirds,Pembroke School,Australia,Australia
2943,45,20,25,20,29,2026-01-17 12:06:57,2026-02-27 14:07:27,0,0,39475G,RGS Jaffa Cakes,The Royal Grammar School Newcastle Upon Tyne,United Kingdom,United Kingdom
2944,45,15,30,20,30,2026-01-18 20:15:30,2025-11-22 20:03:18,58,0,6844C,T.A.R.S.,MITCHELL MIDDLE SCHOOL - 02,South Dakota,United States
2945,45,20,25,20,39,2026-01-17 15:49:59,2026-02-14 18:13:26,0,0,75548C,Overdrive,Cathedral High School,Minnesota,United States
2946,45,20,25,20,27,2026-02-21 14:18:42,2026-01-10 17:39:39,0,0,81834A,I Heart Big Bots,VERSAILLES HIGH SCHOOL,Ohio,United States
2947,45,20,25,20,26,2026-02-06 22:33:46,2025-12-12 17:09:34,0,0,9551E,Murphy's Law,WEISER HIGH SCHOOL,Idaho,United States
2948,45,20,25,20,25,2026-02-14 17:29:24,2026-02-07 20:13:20,0,1,8151X,A5TRØNØM1C4L,Grand Island Senior High School,Nebraska,United States
2949,45,20,25,20,25,2025-11-22 19:20:40,2025-11-22 16:48:51,0,0,4326P,(PPP),ELKHORN SOUTH HIGH SCHOOL,Nebraska,United States
2950,45,20,25,20,25,2025-12-13 20:19:05,2025-12-13 18:30:17,0,0,97445B,Lysander,DOHERTY HIGH SCHOOL,Colorado,United States
2951,45,20,25,20,25,2026-02-08 13:35:08,2026-02-08 16:52:27,0,0,23851D,Switchbacks,KIRKWOOD SR. HIGH,Missouri,United States
2952,45,15,30,19,30,2025-12-19 08:28:20,2026-02-20 22:32:06,39,0,30410X,Pickles,St. Johnsbury Academy Jeju,South Korea,"Korea, Republic of"
2953,45,15,30,15,33,2026-01-10 17:38:01,2026-02-14 15:00:15,52,0,4101D,The Rubber Duckies,Hillsboro Middle/high School,Kansas,United States
2954,45,15,30,15,30,2026-02-21 19:02:56,2026-02-21 19:00:48,57,7,42075A,Wired Up,ACADEMIES OF LOUDOUN,Virginia,United States
2955,45,15,30,15,30,2026-02-14 16:13:06,2026-02-14 21:49:31,60,0,53171M,The Nerds of the Round Table,Shoreland Lutheran High School,Wisconsin,United States
2956,45,15,30,15,30,2026-02-21 23:59:06,2026-02-21 22:30:21,60,0,4067Z,Burnside Z,Burnside High School,New Zealand,New Zealand
2957,45,15,30,15,30,2026-02-27 12:44:31,2026-02-27 12:14:06,60,0,25032D,Kingswood Team 4,Kingswood School,United Kingdom,United Kingdom
2958,45,15,30,15,30,2026-02-14 18:18:59,2026-02-14 20:39:14,55,5,27922A,Vexecutioners,OSSEO SENIOR HIGH,Minnesota,United States
2959,45,15,30,15,30,2025-11-23 17:57:42,2025-11-23 15:38:26,59,0,66086K,The Discombobulators,Basehor-linwood High School,Kansas,United States
2960,45,15,30,15,30,2026-01-03 20:03:21,2026-01-03 18:13:20,59,0,9821A,Astronautzzz,EAST GRAND FORKS SENIOR HIGH,Minnesota,United States
2961,45,15,30,15,30,2026-02-07 21:08:16,2026-02-07 21:05:22,59,0,4454C,Crash and Burn,Timothy Christian High School,Illinois,United States
2962,45,15,30,15,30,2026-02-21 20:27:30,2026-02-21 16:58:48,59,0,526A,Pretty Pink Princess's,MENASHA HIGH,Wisconsin,United States
2963,45,15,30,15,30,2026-02-28 13:22:33,2026-02-28 17:03:53,59,0,7567E,Live Wire Fluffy Unicorns,GRAND TRAVERSE ACADEMY,Michigan,United States
2964,45,15,30,15,30,2026-02-28 22:13:11,2026-02-28 17:03:08,59,0,28407C,Organized Chaos,SILOAM SPRINGS HIGH SCHOOL CONVERSION CHARTER,Arkansas,United States
2965,45,15,30,15,30,2026-02-12 01:10:14,2026-02-21 21:02:45,59,0,5686P,Phoenix,Mazama High School,Oregon,United States
2966,45,15,30,15,30,2025-12-13 19:25:33,2025-12-13 19:14:59,58,0,16645C,The Mechanics,PINE TREE HIGH SCHOOL,Texas - Region 2,United States
2967,45,15,30,15,30,2025-12-13 19:36:02,2025-12-13 17:36:20,47,11,2750T,The Nightshift at Whataburger,MILLER GROVE SCHOOL,Texas - Region 2,United States
2968,45,15,30,15,30,2026-01-31 19:26:55,2026-01-31 19:43:58,56,0,19359D,Fresh Veggies,MOUNTAIN HOUSE HIGH,California - Region 2,United States
2969,45,15,30,15,30,2026-02-21 19:04:35,2026-02-21 18:42:02,56,0,242G,The Firebirds,Holy Ghost Prep,Pennsylvania - East,United States
2970,45,15,30,15,30,2026-02-26 20:20:48,2026-02-26 20:31:45,56,0,1562B,SSHS Team 2,Shady Spring High School,West Virginia,United States
2971,45,15,30,15,30,2026-03-14 15:24:08,2025-12-13 15:09:25,60,0,17814X,Jupiiter,WESTON HIGH SCHOOL,Connecticut,United States
2972,45,15,30,15,34,2026-02-14 19:39:33,2025-12-13 16:05:15,54,0,88022A,The ARC-TECH BEARS,AUSTIN ACHIEVE NORTHEAST CAMPUS,Texas - Region 4,United States
2973,45,15,30,15,30,2026-02-14 17:45:59,2026-02-14 18:42:33,53,0,74100Z,Zippy,Concordia Lutheran Schools of Omaha,Nebraska,United States
2974,45,15,30,15,30,2026-02-14 18:21:11,2026-02-14 16:34:38,53,0,64762J,Middle Earth Mechanics,BANGOR HIGH SCHOOL,Maine,United States
2975,45,15,30,15,30,2026-02-07 16:22:26,2026-02-07 19:32:05,51,0,2984A,Stripe Surge,Zebra Robotics Toronto Danforth,Ontario,Canada
2976,45,15,30,15,40,2025-12-28 14:42:09,2026-02-07 00:39:59,50,0,97777R,Ctrl-Z Robotics,Ctrl-Z Robotics,Dominican Republic,Dominican Republic
2977,45,15,30,15,30,2026-01-17 20:52:00,2026-01-17 17:13:02,50,0,99856A,ALIEN,"Greendale Robotics, Inc.",Wisconsin,United States
2978,45,15,30,15,30,2026-02-01 19:46:27,2026-02-01 20:11:27,46,2,727E,Terrapin Beta,Tampa Preparatory School,Florida - North/Central,United States
2979,45,15,30,15,30,2026-02-05 11:10:56,2026-02-05 11:13:52,45,0,71368C,C.L.A.N.K.E.R.S,Queen Elizabeth Sixth Form College,United Kingdom,United Kingdom
2980,45,15,30,15,30,2026-02-09 22:04:18,2026-02-21 00:42:27,57,0,40938P,The Pretenders,BUCKEYE CENTRAL HIGH SCHOOL,Ohio,United States
2981,45,15,30,15,30,2025-12-13 15:56:00,2025-12-13 16:08:02,0,1,45618B,Prowling Panthers,PLANO EAST SR HIGH SCHOOL,Texas - Region 5,United States
2982,45,15,30,15,30,2026-02-07 21:30:57,2026-02-14 18:18:27,55,0,5069E,Some Assembly Required,Millard North High School,Nebraska,United States
2983,45,15,30,15,43,2025-12-13 22:00:15,2026-01-31 21:15:28,0,0,221W,Whiplash,Westwood Community High School,Alberta/Saskatchewan,Canada
2984,45,15,30,15,34,2026-02-05 00:36:32,2025-11-19 18:09:54,0,0,99153V,Fenix,CECYTECH 14 Villa Esperanza,Mexico,Mexico
2985,45,15,30,15,30,2025-12-18 23:31:09,2025-12-18 23:21:22,0,0,81231A,Lincoln Alpha,LINCOLN (ABRAHAM) HIGH,California - Region 2,United States
2986,45,15,30,15,30,2026-02-06 22:44:11,2026-02-06 21:10:14,0,0,9551D,Circuit Breakers,WEISER HIGH SCHOOL,Idaho,United States
2987,45,15,30,15,30,2026-02-07 20:06:08,2026-02-07 17:45:04,0,0,60441B,Bolt Munchers	,LOCKPORT TOWNSHIP HIGH SCH EAST,Illinois,United States
2988,45,15,30,15,30,2026-02-14 21:42:21,2026-02-14 19:23:23,0,0,78780G,Clanker Constructors,PINECREST ACADEMY OF NEVADA CADENCE,Nevada,United States
2989,45,15,30,15,30,2026-02-21 20:40:07,2026-02-21 18:07:10,0,0,64647N,The Battle Bolts,Home Education Resource Center,California - Region 3,United States
2990,45,15,30,15,30,2026-03-09 15:51:04,2026-03-09 16:58:54,0,0,32219A,UCHIHA,UPPER SAINT CLAIR HIGH SCHOOL,Pennsylvania - West,United States
2991,45,12,33,12,33,2026-01-10 15:10:31,2026-01-10 17:44:17,0,0,20313A,VEX Dogs,Homeschool Robotics,Kentucky,United States
2992,45,12,33,12,33,2026-02-07 19:30:15,2026-02-07 18:56:34,0,0,8876C,STEAM-C,QUEENSBURY SENIOR HIGH SCHOOL,New York-North,United States
2993,45,10,35,10,35,2026-01-10 20:14:45,2026-01-10 19:20:11,0,0,26655A,Needville Robotics,NEEDVILLE HIGH SCHOOL,Texas - Region 3,United States
2994,45,9,36,9,40,2026-02-21 21:29:18,2026-02-07 18:44:47,0,0,1248C,Lakeside Chaos,Lakeside Upper School,Washington,United States
2995,45,5,40,5,40,2026-02-15 09:41:00,2026-02-15 09:44:43,0,0,63840A,The Biters,Hisar Okulları,Türkiye,Türkiye
2996,45,3,42,3,42,2025-11-08 06:00:24,2025-11-08 06:51:27,0,0,20901C,清郑高中部二队,清华附中郑州学校,Middle China,China
2997,45,0,45,0,45,2026-01-24 05:40:44,2026-02-20 23:25:16,40,0,30597X,GIFTED,Korea International School Jeju Campus,South Korea,"Korea, Republic of"
2998,45,0,45,0,45,,2025-10-24 08:42:45,0,0,88899A,苏州市姑苏区青少年宫A队,苏州市姑苏区青少年宫,East China,China
2999,45,0,45,0,45,,2025-11-24 16:14:37,0,0,1779X,X-DREAM,Intebot Institute,California - Region 2,United States
3000,45,0,45,0,45,,2026-01-17 17:35:03,0,0,70291D,TEAM  J.,Commerce High School,Texas - Region 2,United States
3001,45,0,45,0,45,,2026-02-21 21:11:34,0,0,7870A,Blonkin' Jr.,CORONADO HIGH SCHOOL,Nevada,United States
3002,44,20,24,27,24,2026-02-15 17:50:44,2026-01-30 22:39:48,0,0,8568Z,Knights,NORTH ANDOVER HIGH,Massachusetts,United States
3003,44,20,24,20,29,2026-02-21 20:12:32,2026-01-24 20:01:38,43,0,99856V,Valkyrie,"Greendale Robotics, Inc.",Wisconsin,United States
3004,44,20,24,20,35,2026-01-24 16:12:07,2025-11-29 19:58:49,58,0,61119D,Corsaires FP - Dream,Centre de formation professionnelle de Lévis,Quebec,Canada
3005,44,20,24,20,24,2026-02-14 15:01:52,2026-02-14 18:51:56,56,1,7862G,Junkyard,Hesston High School,Kansas,United States
3006,44,15,29,20,37,2026-02-11 17:53:29,2026-02-07 14:49:48,45,27,6008Z,Zeta,NORTH UNION HIGH SCHOOL,Ohio,United States
3007,44,20,24,20,31,2026-02-07 18:30:29,2026-01-30 00:01:45,0,0,9019A,Aces,Roosevelt High School,Colorado,United States
3008,44,20,24,20,27,2026-01-31 19:35:09,2025-11-01 17:50:15,0,0,6865A,Killswitch,BARBERS HILL HIGH SCHOOL,Texas - Region 3,United States
3009,44,18,26,18,26,2026-02-21 18:14:20,2026-02-21 16:13:46,1,0,45654B,Just Mike,GODDARD HIGH,Kansas,United States
3010,44,17,27,17,27,2026-01-31 18:44:52,2026-01-31 17:17:05,0,0,5R,The Mangaler,RAVENNA SENIOR HIGH,Nebraska,United States
3011,44,16,28,16,29,2026-02-14 13:55:07,2025-11-20 23:54:46,0,5,56029J,Metal Munchers,CRESTVIEW HIGH SCHOOL,Ohio,United States
3012,44,15,29,15,29,2025-12-11 00:10:04,2025-12-11 00:16:33,59,10,96021B,Over Processors,JAMES IRWIN CHARTER HIGH SCHOOL,Colorado,United States
3013,44,15,29,15,29,2026-02-08 18:11:20,2026-02-08 17:50:09,59,5,69955W,Gear Grinders,LADUE HORTON WATKINS HIGH,Missouri,United States
3014,44,15,29,15,29,2026-02-14 15:23:11,2026-02-07 20:17:17,60,0,4478M,Monkey Mafia,MASUK HIGH SCHOOL,Connecticut,United States
3015,44,15,29,15,29,2026-02-21 16:24:30,2026-02-21 14:30:46,59,0,7447J,The J's,Pickens County Career and Technology Center,South Carolina,United States
3016,44,15,29,15,29,2026-02-21 21:56:27,2026-02-20 23:34:43,59,0,2915Y,Lynfield Y,Lynfield College,New Zealand,New Zealand
3017,44,15,29,15,29,2026-02-28 15:27:23,2026-02-28 14:53:54,59,0,8341D,Knockout,PEWAMO-WESTPHALIA MIDDLE HIGH SCHOOL,Michigan,United States
3018,44,15,29,15,29,2026-03-07 17:31:30,2026-03-07 17:11:02,58,0,19709A,Mechanical Mustangs,MOT CHARTER SCHOOL,Delmarva,United States
3019,44,15,29,15,30,2025-12-13 18:53:51,2026-02-14 19:27:53,58,0,1764X,Improbable Hat Society,Yarmouth High School,Maine,United States
3020,44,15,29,15,29,2026-03-14 19:57:48,2026-03-14 20:31:35,57,0,28001A,Garces Rambotics Team A,Garces Memorial High School,California - Region 3,United States
3021,44,15,29,15,29,2026-01-17 04:33:24,2026-01-17 04:08:14,56,0,6546K,One Degree North,Singapore American School,Singapore,Singapore
3022,44,15,29,15,29,2026-02-21 20:31:23,2026-02-28 18:31:19,56,0,46311C,Clippy - Illiana,Illiana Christian High School,Indiana - Region 1 - North,United States
3023,44,15,29,15,42,2025-11-08 21:39:32,2026-03-07 00:32:32,54,0,85227A,Grandview Robotics,GRANDVIEW HIGH SCHOOL,Colorado,United States
3024,44,15,29,15,29,2026-02-08 19:09:17,2026-02-08 19:06:56,50,0,1755N,Nuclear Robotics,Private,Illinois,United States
3025,44,15,29,15,29,2026-03-07 16:29:10,2025-12-13 17:01:57,56,0,93303Y,Rubber Bandits,Monmouth Robotics,Maine,United States
3026,44,15,29,15,29,2026-03-01 17:10:58,2026-03-01 20:00:46,48,0,8637E,Germantown Academy 5,GERMANTOWN ACADEMY,Pennsylvania - East,United States
3027,44,15,29,15,39,2026-01-17 19:42:20,2026-01-31 23:17:06,42,0,41411B,RoboPanthers,DUNCANVILLE HIGH SCHOOL,Texas - Region 2,United States
3028,44,15,29,15,29,2025-12-12 23:57:00,2025-12-12 23:49:03,41,0,4405W,How did we get here?,VJ & ANGELA SKUTT CATHOLIC HIGH SCHOOL,Nebraska,United States
3029,44,15,29,15,29,2026-02-06 22:29:28,2026-02-06 20:01:29,38,0,34012B,Ganymede,THOMAS JEFFERSON CHARTER,Idaho,United States
3030,44,15,29,15,29,2026-02-07 18:48:25,2026-02-21 18:24:40,59,0,28809B,Jurassic Sparks,NCCHS,Kentucky,United States
3031,44,15,29,15,29,2025-09-05 01:56:53,2025-12-06 05:47:26,56,0,12906B,Circuit Breakers,Salisbury East High School,Australia,Australia
3032,44,15,29,15,29,2026-01-23 20:30:20,2026-02-07 16:51:27,47,0,99499C,Los Alacranes,Harmony Science Academy,Texas - Region 1,United States
3033,44,0,44,15,44,2025-12-12 18:53:49,2026-02-19 18:17:50,0,0,63031D,Storm,Vallivue High School,Idaho,United States
3034,44,15,29,15,32,2025-12-13 19:26:05,2026-03-06 18:17:07,0,0,72203A,Dynamo,BEL AIR HIGH SCHOOL,Texas - Region 1,United States
3035,44,15,29,15,32,2026-02-21 17:12:11,2026-02-28 16:50:50,0,0,63303A,JCHS Robotics - 63303A,JOHNSON CO HIGH SCHOOL,Tennessee,United States
3036,44,15,29,15,29,2026-01-10 16:58:03,2026-01-10 17:21:17,0,0,77275H,The Hurricane Hunters,Spark Academy,New Hampshire/Vermont,United States
3037,44,15,29,15,29,2026-01-17 16:02:59,2026-01-17 16:39:41,0,0,91708C,Thunderbolts,HANCOCK HIGH SCHOOL,Mississippi,United States
3038,44,15,29,15,29,2026-01-24 18:42:14,2026-01-24 19:26:14,0,0,334Z,Supernova Glitch,SCIENCE ACADEMY STEM MAGNET,California - Region 4,United States
3039,44,15,29,15,29,2026-01-31 18:08:22,2026-01-31 16:56:31,0,0,5760F,Falcon,Father Patrick Mercredi School,Alberta/Saskatchewan,Canada
3040,44,15,29,15,29,2026-02-21 16:31:12,2026-02-21 17:41:10,0,0,45654C,45654C,GODDARD HIGH,Kansas,United States
3041,44,15,29,15,29,2026-02-21 18:13:03,2026-02-21 18:22:48,0,0,10101P,Pterazord,IMMOKALEE HIGH SCHOOL,Florida - South,United States
3042,44,13,31,13,31,2026-02-07 16:24:46,2026-02-07 19:31:21,0,0,677X,Cryptobotics,Bluegrass Robotics,Kentucky,United States
3043,44,12,32,12,32,2026-02-07 18:10:55,2026-02-07 19:03:08,0,0,4471S,Eagles Robotics,Richmond Christian School,British Columbia (BC),Canada
3044,44,8,36,8,36,2026-03-07 20:26:19,2026-03-07 20:45:56,0,0,39541Y,Mecha Titans - Team Y,PSJA THOMAS JEFFERSON T-STEM EARLY COLLEGE HIGH SCHOOL,Texas - Region 6,United States
3045,44,5,39,5,39,2025-12-09 18:30:56,2025-12-09 18:35:04,34,0,40404M,Error 404,Error 404 - A.N. Myer S.S.,Ontario,Canada
3046,44,3,41,5,41,2026-03-08 00:14:54,2026-01-31 18:11:12,43,0,19359S,Silver Summit,MOUNTAIN HOUSE HIGH,California - Region 2,United States
3047,44,4,40,4,42,2026-02-10 22:29:39,2026-01-10 18:00:45,0,0,1598C,Wcc Grizzley's,WHITE CO. CENTRAL HIGH SCHOOL,Arkansas,United States
3048,44,4,40,4,40,2026-02-07 18:53:40,2026-02-07 18:11:47,0,0,8828A,Blue Streak Robotics,Saratoga Springs High School,New York-North,United States
3049,44,0,44,3,44,2025-12-06 19:17:03,2025-12-13 21:22:31,47,0,45577A,Dino Nuggies,CANYON SPRINGS HIGH SCHOOL AND THE LEADERSHIP AND LAW PREPAR,Nevada,United States
3050,44,3,41,3,41,2026-02-07 18:27:52,2026-02-07 18:25:09,0,0,55098A,ISP Robo Dolphins,International School of Panama,Panama,Panama
3051,44,0,44,0,44,,2026-02-01 16:18:02,0,7,13460B,Womp Womp,Sherburne-Earlville Senior High School,New York-North,United States
3052,44,0,44,0,44,2026-02-15 23:08:50,2026-02-15 21:17:16,0,0,22212A,AMAZE Robotics,AMAZE Robotics,British Columbia (BC),Canada
3053,44,0,44,0,44,,2025-11-22 19:13:56,0,0,2337C,EngiduCks,GRAND BLANC COMMUNITY HIGH SCHOOL,Michigan,United States
3054,44,0,44,0,44,,2026-02-07 17:48:39,0,0,9409A,Ascendant,Archbishop Jordan Catholic High School,Alberta/Saskatchewan,Canada
3055,43,43,0,43,0,2025-11-23 01:06:21,2025-11-22 05:57:47,0,0,93333C,新哲文院机器人社团,新哲文院ROBOT CLUB,South China,China
3056,43,20,23,20,23,2026-01-17 08:41:52,2026-01-17 07:38:08,56,0,81342K,Heavy Axle,American International School of Guangzhou,South China,China
3057,43,20,23,20,23,2026-02-14 20:29:59,2026-02-14 20:58:30,56,0,43280Z,Comets,Elkhorn North High School,Nebraska,United States
3058,43,20,23,20,29,2026-01-17 16:42:18,2025-12-13 16:58:44,46,0,13433B,The Macaroni Ninjas,BLOOMFIELD HIGH,Missouri,United States
3059,43,20,23,20,40,2026-02-14 22:40:07,2025-11-29 20:08:26,3,0,10909F,× EXCEED × FIJI FIGHTER ×,Exceed Robotics,Ontario,Canada
3060,43,20,23,20,30,2025-12-06 15:55:41,2025-12-31 22:24:12,1,0,4873K,Khaos!,Seckinger High School,Georgia,United States
3061,43,20,23,20,24,2026-01-17 04:56:07,2025-11-19 03:25:52,30,0,6546H,One Degree North,Singapore American School,Singapore,Singapore
3062,43,15,28,20,28,2026-02-07 18:33:18,2026-03-04 18:28:06,0,0,23241A,RPI STEP VEX,Rensselaer Polytechnic Institute - STEP,New York-North,United States
3063,43,15,28,15,28,2026-01-23 19:01:05,2026-01-23 18:55:21,60,5,11591S,John Deere,PLAINWELL HIGH SCHOOL,Michigan,United States
3064,43,15,28,15,28,2026-03-14 20:11:43,2026-03-14 19:17:51,59,2,89964B,Verdant Robotics,HENDRICKSON HIGH SCHOOL,Texas - Region 4,United States
3065,43,15,28,15,28,2025-08-01 22:58:11,2025-08-01 22:34:44,59,0,1551X,RedOut Robotics,Suncoast Polytechnical High School,Florida - North/Central,United States
3066,43,15,28,15,28,2026-02-14 00:03:54,2026-02-13 23:35:02,59,0,4610A,A team,Robot Revolution,New Jersey,United States
3067,43,15,28,15,28,2026-02-03 16:34:11,2026-02-03 15:30:05,58,0,56358R,CTRL+ALT+DEFEAT,Robotics Nation RY,Finland,Finland
3068,43,15,28,15,28,2026-02-07 20:34:25,2026-02-07 19:36:02,58,0,10801Z,Trubotics,Pierre Elliott Trudeau High School,Ontario,Canada
3069,43,15,28,15,28,2026-02-08 15:28:49,2026-02-08 17:01:52,58,0,15017A,Pirates,HARBOR BEACH COMMUNITY HIGH SCHOOL,Michigan,United States
3070,43,15,28,15,28,2026-02-21 20:00:56,2026-02-21 20:04:40,58,0,5691Y,Hornet Robotics- Freyja,BRYANT HIGH SCHOOL,Arkansas,United States
3071,43,15,28,15,28,2025-12-09 19:02:59,2025-12-09 18:51:33,57,0,9599B,Thunder,Blessed Trinity Catholic Secondary School,Ontario,Canada
3072,43,15,28,15,28,2026-02-08 20:13:28,2026-02-08 15:27:34,57,0,56727B,MechaDragons,North Carolina School of Science and Mathematics - Morganton,North Carolina,United States
3073,43,15,28,15,28,2026-01-24 13:37:34,2026-02-27 15:04:29,58,0,10743B,Vulcan,City of London School,United Kingdom,United Kingdom
3074,43,15,28,15,28,2026-02-27 17:22:32,2026-02-27 11:47:46,53,0,84899F,Crissy,Radley College,United Kingdom,United Kingdom
3075,43,15,28,15,28,2026-02-14 19:05:58,2026-02-14 16:18:29,52,0,2142X,Mechanica,John Bapst Memorial High School,Maine,United States
3076,43,5,38,15,38,2026-01-31 19:39:01,2026-02-07 20:34:06,0,0,77038V,Voltage,BLANSON CTE HIGH SCHOOL,Texas - Region 3,United States
3077,43,15,28,15,28,2026-02-28 22:13:25,2026-02-07 00:51:11,56,9,3300F,Hephaestus' Forge,Western Canada High School,Alberta/Saskatchewan,Canada
3078,43,15,28,15,38,2026-01-24 20:24:59,2025-11-08 19:18:23,57,0,1233N,Nacho Typical Team,CROWN POINT HIGH SCHOOL,Indiana - Region 1 - North,United States
3079,43,15,28,15,28,2026-02-21 19:24:38,2026-03-08 17:43:48,57,0,99921A,Wasted Space,CHESAPEAKE HIGH SCHOOL,West Virginia,United States
3080,43,15,28,15,28,2026-02-27 22:21:38,2026-02-07 16:02:10,50,0,11591K,Quantum Mechanics,PLAINWELL HIGH SCHOOL,Michigan,United States
3081,43,15,28,15,42,2026-01-10 17:01:49,2026-01-31 14:12:57,0,0,6104A,Cole Slaw,SHORECREST PREPARATORY SCHOOL,Florida - North/Central,United States
3082,43,15,28,15,38,2026-01-31 18:47:56,2026-01-10 16:40:15,0,0,2971D,Buford,NORTHWESTERN HIGH SCHOOL,Ohio,United States
3083,43,15,28,15,37,2026-01-24 22:13:10,2026-02-14 21:09:25,0,0,34020H,Robotics.exe,LA SERNA HIGH,California - Region 4,United States
3084,43,15,28,15,31,2026-02-07 15:50:02,2026-01-24 19:18:40,0,0,74947H,Fenix - Hydra,Ecole Secondaire Massey-Vanier,Quebec,Canada
3085,43,15,28,15,29,2026-01-18 18:31:58,2025-12-13 20:32:51,0,0,2474S,Requiem,Walnut Grove Robotics,Texas - Region 5,United States
3086,43,15,28,15,28,2025-12-13 21:27:37,2025-12-13 19:41:40,0,0,200K,LanceBotics 200K,Leaside High School,Ontario,Canada
3087,43,15,28,15,28,2026-01-15 21:49:27,2026-01-15 14:32:30,0,0,2252W,CIMATEC,CIMATEC,Puerto Rico,Puerto Rico
3088,43,15,28,15,28,2026-01-31 19:17:19,2026-01-31 19:10:23,0,0,1082V,Red Pandas,LOVEJOY HIGH SCHOOL,Texas - Region 5,United States
3089,43,15,28,15,28,2026-02-07 20:55:14,2026-02-07 21:09:51,0,0,7133A,RoboHawks A,NAPERVILLE CENTRAL HIGH SCHOOL,Illinois,United States
3090,43,15,28,15,28,2026-02-14 15:01:41,2026-02-14 15:45:00,0,0,15923B,Bugging Out,PLAINVILLE HIGH SCHOOL,Connecticut,United States
3091,43,15,28,15,28,2026-02-15 19:00:06,2026-02-15 15:55:38,0,0,19383D,Legion,NEW ROCHELLE HIGH SCHOOL,New York-South,United States
3092,43,15,28,15,28,2026-02-25 20:56:55,2026-02-25 20:55:41,0,0,39599F,Winters Warriors,WINTERS HIGH,California - Region 2,United States
3093,43,15,28,15,28,2026-02-28 19:19:04,2026-02-28 19:37:42,0,0,37135G,Nolensville Robotics,Nolensville High School,Tennessee,United States
3094,43,5,38,5,38,2026-01-17 04:41:38,2026-01-17 04:28:16,12,0,6546D,One Degree North,Singapore American School,Singapore,Singapore
3095,43,3,40,3,40,2026-01-27 23:50:54,2026-01-27 23:58:43,0,0,59571A,COBAEH PLANTEL HUICHAPAN 2,Colegio de Bachilleres del Estado de Hidalgo Plantel Huichapan,Mexico,Mexico
3096,43,0,43,2,43,2025-12-13 20:08:10,2026-02-07 20:46:27,0,2,20017A,Pink Pinto Club,MORIARTY HIGH,New Mexico,United States
3097,43,0,43,2,43,2026-02-07 18:47:20,2026-02-14 16:06:54,46,0,39972B,Bronze Gears,Columbus East High School,Indiana - Region 3 - South,United States
3098,43,0,43,0,43,2026-01-24 19:23:45,2026-01-24 19:14:30,55,0,33472G,Power Tribe,Alchesay High School,Arizona,United States
3099,43,0,43,0,43,2026-01-27 22:59:27,2026-01-28 20:53:45,0,0,82427A,CONALEP TIZAYUCA,Colegio Nacional de Educación Profesional Técnica Plantel 178 Tizayuca,Mexico,Mexico
3100,43,0,43,0,43,2026-02-14 17:17:29,2026-02-14 17:10:45,0,0,7862A,VEX Express,Hesston High School,Kansas,United States
3101,43,0,43,0,43,,2025-11-15 03:02:26,0,0,54666B,XIAN TIEYI HS & GAOXIN NO.1 HS,XIAN TIEYI HS & XIAN GAOXIN NO.1 HS,West China,China
3102,43,0,43,0,43,,2025-12-06 17:53:55,0,0,6408S,Six Seven,Heritage Woods Secondary,British Columbia (BC),Canada
3103,43,0,43,0,43,,2025-12-13 20:05:20,0,0,89052A,Synergy,LIBERTY HIGH SCHOOL,Nevada,United States
3104,43,0,43,0,43,,2026-02-14 19:24:50,0,0,55139A,Panther Force,CYPRESS LAKE HIGH SCHOOL,Florida - South,United States
3105,43,0,43,0,43,,2026-02-27 03:39:06,0,0,86Y,BIBS Team Y,Beijing International Bilingual School Haidian Academy,North China,China
3106,43,0,43,0,43,,2026-03-07 17:00:47,0,0,2664Y,Ultron,Dolphin Robotics,Massachusetts,United States
3107,43,0,43,0,43,,2026-03-08 00:12:51,0,0,3134X,Robolabs XRISM,Robolabs,California - Region 2,United States
3108,42,42,0,42,35,2025-08-16 03:15:47,2025-07-19 03:10:12,0,0,20360A,Einstein,suzhou high school SIP,East China,China
3109,42,20,22,20,22,2026-03-15 13:46:49,2026-03-15 15:33:51,56,0,5691S,Hornet Robotics- Athena,Bryant High School,Arkansas,United States
3110,42,20,22,20,22,2026-02-08 00:15:52,2026-02-08 00:23:43,40,0,3300J,Attendance- Optional,Western Canada High School,Alberta/Saskatchewan,Canada
3111,42,20,22,20,23,2026-02-07 19:41:38,2026-01-31 15:47:33,55,0,1750A,Thunderstorm,Thunderstorm Robotics Club Team 1750,Oklahoma,United States
3112,42,15,27,20,30,2025-12-26 23:03:33,2026-01-10 18:18:41,0,0,383D,Dagr,LOWNDES HIGH SCHOOL,Georgia,United States
3113,42,20,22,20,30,2026-02-21 19:38:49,2026-03-14 16:27:15,0,0,46779A,Grayson GASP,THE GRAYSON SCHOOL,Pennsylvania - East,United States
3114,42,20,22,20,28,2025-10-25 17:49:41,2025-10-22 00:29:07,0,0,32092H,Nautilus,Stargate Charter School,Colorado,United States
3115,42,20,22,20,27,2026-01-24 19:15:58,2025-11-22 15:37:32,0,0,7545A,SMHS Robotics,Susan Moore High School,Alabama,United States
3116,42,20,22,20,26,2026-02-16 15:16:54,2026-01-31 14:31:21,0,0,56029X,PhoeniX,CRESTVIEW HIGH SCHOOL,Ohio,United States
3117,42,16,26,18,26,2026-02-28 15:49:37,2026-01-18 18:39:50,0,0,39J,MAASH,CRANBROOK SCHOOLS,Michigan,United States
3118,42,16,26,16,26,2026-01-29 12:31:37,2026-01-29 11:22:00,58,27,66618A,ATLAS,TBC Robotics,United Kingdom,United Kingdom
3119,42,16,26,16,29,2026-02-14 15:44:44,2026-02-28 15:40:43,0,0,57224A,HOPE Academy,HOPE ACADEMY,North Carolina,United States
3120,42,16,26,16,26,2026-01-17 19:07:15,2026-01-10 17:19:29,0,5,51617G,The Pickle Pals,ROSE BUD HIGH SCHOOL,Arkansas,United States
3121,42,16,26,16,26,2026-03-08 18:52:17,2026-03-08 17:43:25,0,0,33794B,The B Swarm,Pocahontas County High School,West Virginia,United States
3122,42,15,27,15,27,2026-01-24 17:39:31,2026-01-24 17:33:37,58,16,16346X,VEX-tor,CRANBERRY AREA JSHS,Pennsylvania - West,United States
3123,42,15,27,15,27,2026-01-24 20:14:41,2026-01-24 20:00:23,54,13,1894B,Culver Academies Robotics,Culver Academies,Indiana - Region 1 - North,United States
3124,42,15,27,15,27,2025-08-02 15:30:15,2025-08-02 15:28:57,60,0,7225C,Frogbots: Reimagined,Southland High School,Minnesota,United States
3125,42,15,27,15,27,2026-01-10 18:07:35,2026-01-10 18:23:18,59,0,92973W,The Weakest Link,Cape Cod Tech,Massachusetts,United States
3126,42,15,27,15,32,2026-02-18 19:32:17,2026-01-10 19:40:32,58,0,97155B,Tribe of 5,YSLETA HIGH SCHOOL,Texas - Region 1,United States
3127,42,15,27,15,27,2026-02-21 19:16:07,2026-02-21 19:29:58,58,0,45525C,Clankers,NEW HOPE-SOLEBURY HIGH SCHOOL,Pennsylvania - East,United States
3128,42,15,27,15,41,2026-01-17 21:43:10,2026-02-06 19:12:48,57,0,41998Z,Johnny,Vale High School,Oregon,United States
3129,42,15,27,15,27,2026-01-26 16:06:31,2026-01-25 15:23:22,57,0,99501B,Fort Hamilton TIGER ROBOTICS,FORT HAMILTON HIGH SCHOOL,New York-South,United States
3130,42,15,27,15,27,2025-12-13 19:28:59,2026-02-10 16:23:04,58,0,1505D,HC Robo Raiders,Holy Cross Catholic Secondary School,Ontario,Canada
3131,42,15,27,15,27,2026-03-14 18:27:46,2026-03-14 18:35:14,55,0,55885K,Kronos,La Cueva High School,New Mexico,United States
3132,42,15,27,15,27,2025-11-15 22:22:16,2025-12-06 22:43:04,54,0,8301B,Cougarbots NJROTC,SAN YSIDRO HIGH,California - Region 4,United States
3133,42,15,27,15,27,2026-02-21 17:33:53,2026-02-21 19:08:39,53,0,3655G,NHS Project 36 Gray,North High School,California - Region 3,United States
3134,42,15,27,15,27,2026-02-23 21:13:15,2026-02-23 20:26:40,50,0,62449B,MSMS Blue Waves,The MISSISSIPPI SCHOOL FOR MATH AND SCIENCE,Mississippi,United States
3135,42,15,27,15,27,2025-12-06 00:41:37,2025-11-10 02:18:06,58,6,63180A,BCCC Senior (63180A),Blakes Crossing Christian College,Australia,Australia
3136,42,15,27,15,27,2026-02-07 18:34:33,2026-02-07 19:08:13,0,3,61783A,Team Quasar,Surrey Christian School,British Columbia (BC),Canada
3137,42,15,27,15,27,2025-12-13 16:51:23,2026-02-19 21:47:58,60,0,8609N,Nike,Lorain Titans Robotics - High School,Ohio,United States
3138,42,15,27,15,27,2025-12-13 18:12:40,2026-01-24 18:28:44,59,0,7135J,Loyola Robotics - Jolly Jinglers,Loyola Blakefield,Maryland,United States
3139,42,15,27,15,27,2026-02-14 00:05:27,2026-03-01 16:16:03,59,0,4610F,fred,Robot Revolution,New Jersey,United States
3140,42,15,27,15,27,2026-01-22 19:14:40,2026-02-06 19:37:30,55,0,36518C,Bad Company,WASHINGTON COUNTY HIGH SCHOOL,Alabama,United States
3141,42,0,42,15,42,2025-12-13 15:58:04,2026-02-07 19:19:40,54,0,2817D,Bot Busters,The DEN Career and Technology Center,Texas - Region 3,United States
3142,42,15,27,15,27,2026-02-07 15:56:57,2026-02-23 20:32:12,49,0,16802F,FrostByte,MADISON CENTRAL HIGH SCHOOL,Mississippi,United States
3143,42,15,27,15,27,2025-12-06 19:19:01,2026-02-21 20:29:46,46,0,1727F,REX,DULANEY HIGH,Maryland,United States
3144,42,15,27,15,27,2025-12-13 00:43:50,2025-12-13 00:15:01,0,0,4405U,Don't Take 2 Hours,VJ & ANGELA SKUTT CATHOLIC HIGH SCHOOL,Nebraska,United States
3145,42,15,27,15,27,2026-01-24 17:01:43,2026-01-24 15:50:09,0,0,6299X,中国技术,Enterprise High School,Alabama,United States
3146,42,15,27,15,27,2026-02-06 19:43:47,2026-02-06 17:22:35,0,0,36867E,Bumble Bee,CENTRAL HIGH SCHOOL,Alabama,United States
3147,42,15,27,15,27,2026-02-07 09:08:35,2026-02-07 09:48:24,0,0,11618E,Black Kites One,Renaissance College Hong Kong,Hong Kong,Hong Kong
3148,42,15,27,15,27,2026-02-15 16:57:05,2026-02-15 19:17:03,0,0,63264A,Clockwork Mermaids,Commonwealth School,Massachusetts,United States
3149,42,15,27,15,27,2026-03-07 18:56:49,2026-03-07 18:59:30,0,0,85227C,WolfByte,GRANDVIEW HIGH SCHOOL,Colorado,United States
3150,42,10,32,10,32,2026-02-22 05:01:41,2026-02-22 04:58:40,0,0,17297F,Skynet,Skillset school,Kazakhstan,Kazakhstan
3151,42,6,36,6,36,2026-02-14 22:43:17,2026-02-14 22:45:34,0,0,91894C,HuskyTech,CENTENNIAL HIGH,California - Region 4,United States
3152,42,5,37,5,37,2026-02-20 08:54:59,2026-02-20 22:52:06,24,0,14533A,Start Here,North London Collegiate School,South Korea,"Korea, Republic of"
3153,42,4,38,5,41,2026-01-10 15:54:53,2025-12-06 18:00:49,0,0,13444B,Hazard,COVENANT CHRISTIAN HIGH SCHOOL,Michigan,United States
3154,42,5,37,5,39,2025-11-08 06:13:26,2026-01-10 08:19:48,0,0,20901D,清郑高中部一队,清华附中郑州学校,Middle China,China
3155,42,5,37,5,37,2026-02-19 21:51:23,2026-02-19 21:53:37,0,0,98225K,Bellingham High School K,Bellingham High School,Washington,United States
3156,42,5,37,5,37,2026-02-26 15:56:46,2026-02-26 01:04:12,0,0,33111B,Bubba Bobots,Robot Mastery,Texas - Region 3,United States
3157,42,0,42,1,42,2026-01-31 18:03:46,2026-03-08 16:24:11,24,0,51302A,Ranch Robotics,WESTON RANCH HIGH,California - Region 2,United States
3158,42,0,42,0,42,2025-12-20 04:16:21,2026-02-07 06:45:33,48,0,19788A,Banana United RC,The Primacy Collegiate Academy,Chinese Taipei,Taiwan
3159,42,0,42,0,42,,2025-12-06 18:56:41,0,0,12691A,Metaljacket,OCONOMOWOC HIGH,Wisconsin,United States
3160,42,0,42,0,42,,2025-12-13 01:45:45,0,0,44263A,"Straw Hat Pirates ",Nebraska Lutheran High School,Nebraska,United States
3161,42,0,42,0,42,,2026-02-05 01:41:38,0,0,88700E,KUKULCAN ROBOTICS,Academia STEM Tapachula,Mexico,Mexico
3162,42,0,42,0,42,,2026-02-20 01:30:35,0,0,2605D,Cuttlefish,Sehome High School,Washington,United States
3163,42,0,42,0,42,,2026-03-08 21:06:39,0,0,26164B,Baby-Botics,Ravenswood High School,West Virginia,United States
3164,41,20,21,20,27,2026-02-14 17:29:56,2026-02-28 21:45:53,55,6,15042A,Francis Kelsey robotics,Francis Kelsey secondary robotics team,Vancouver Island (BC),Canada
3165,41,20,21,20,24,2026-03-14 16:50:02,2026-01-31 19:22:27,46,0,65361R,Missing Part,ALBUQUERQUE HIGH,New Mexico,United States
3166,41,20,21,20,21,2026-02-14 19:43:56,2026-02-14 19:28:22,58,5,15801D,Da Boys,DUBOIS AREA SHS,Pennsylvania - West,United States
3167,41,20,21,20,23,2026-02-07 15:29:12,2025-11-22 16:12:10,57,0,17917A,Bite-sized Armadillos,Franklin Community School Corporation,Indiana - Region 2 - Central,United States
3168,41,20,21,20,26,2026-02-21 17:15:02,2026-02-12 22:42:19,59,0,46642A,BETA,NORTH HIGH SCHOOL,Ohio,United States
3169,41,15,26,20,26,2026-03-14 16:40:39,2026-02-21 18:53:07,0,0,7983D,Centennial CyberHawks D,Centennial High School,California - Region 3,United States
3170,41,15,26,20,26,2026-02-02 17:47:10,2026-01-31 20:56:57,0,0,46167B,The Wolfpack - Remus,The Institute of Technology and Engineering at Ranchview High School,Texas - Region 5,United States
3171,41,20,21,20,24,2026-02-14 19:43:32,2026-02-04 02:18:09,0,0,5062M,Mechanisaurus Vex,FOX VALLEY LUTHERAN HIGH SCHOOL,Wisconsin,United States
3172,41,20,21,20,21,2026-02-28 18:17:38,2026-02-28 15:54:09,0,0,7701M,Missing Instructions,Zionsville Community High School,Indiana - Region 2 - Central,United States
3173,41,20,21,20,21,2026-03-07 17:43:33,2026-03-07 18:51:59,0,0,19709V,Ultimate Mustang Clankers,MOT CHARTER SCHOOL,Delmarva,United States
3174,41,16,25,16,25,2026-01-17 20:40:16,2026-01-17 19:41:58,0,0,28466M,Mechanical Mayhem,SPRINGS STUDIO FOR ACADEMIC EXCELLENCE,Colorado,United States
3175,41,15,26,15,26,2026-02-14 19:51:11,2026-02-14 17:07:01,59,22,98377D,Damage Control,TECHNICAL SENIOR HIGH,Minnesota,United States
3176,41,15,26,15,26,2025-12-08 20:02:17,2025-12-08 20:19:30,59,21,43272Y,Fox Robotics - Waffles,Caddo Mills High School,Texas - Region 2,United States
3177,41,15,26,15,26,2026-02-01 19:50:43,2026-02-01 19:53:22,59,3,1010T,TenTon Robotics,West Vancouver School District #45,British Columbia (BC),Canada
3178,41,15,26,15,26,2025-11-09 01:54:27,2025-11-09 02:29:14,59,0,1831N,King's Team November,The King's School,Australia,Australia
3179,41,15,26,15,26,2025-12-21 01:14:30,2025-12-20 19:04:14,59,0,42700W,Whiplash,ST LOUIS SCHOOL,Hawaii,United States
3180,41,15,26,15,26,2025-11-15 17:46:42,2025-11-15 17:56:18,58,0,1893A,Baltimore Polytechnic Institute,BALTIMORE POLYTECHNIC INSTITUTE,Maryland,United States
3181,41,15,26,15,26,2026-01-10 12:00:41,2026-01-17 12:21:03,59,1,58053C,Amicable Animosity,City of London School for Girls,United Kingdom,United Kingdom
3182,41,15,26,15,33,2026-02-14 17:07:43,2026-01-31 19:17:37,57,3,28300C,Sector C,Alberni District Secondary School,Vancouver Island (BC),Canada
3183,41,15,26,15,26,2026-03-07 16:05:40,2026-03-07 13:50:48,57,0,1810S,Livin' on a Prayer,WINDHAM HIGH SCHOOL,Maine,United States
3184,41,15,26,15,26,2026-02-21 17:54:30,2026-02-21 18:54:53,56,0,45525B,The B Movie,NEW HOPE-SOLEBURY HIGH SCHOOL,Pennsylvania - East,United States
3185,41,15,26,15,26,2026-02-22 19:42:16,2026-02-22 19:38:07,56,0,91976A,Robo Cardinals,Washington Catholic Schools,Indiana - Region 3 - South,United States
3186,41,15,26,15,35,2026-01-17 19:29:38,2026-02-21 18:39:22,55,0,72116D,Daybreak Boys,Catholic High School For Boys,Arkansas,United States
3187,41,15,26,15,26,2026-01-10 18:07:40,2025-11-22 17:00:31,60,0,51617Z,OCP,ROSE BUD HIGH SCHOOL,Arkansas,United States
3188,41,15,26,15,40,2025-12-06 18:34:54,2026-03-15 16:02:46,53,0,11342F,PattyWagon,Christopher Columbus High School,Florida - South,United States
3189,41,15,26,15,28,2026-02-14 22:05:17,2025-12-31 18:42:40,52,0,52430B,Boundless,BASIS AHWATUKEE,Arizona,United States
3190,41,15,26,15,26,2026-02-14 17:01:47,2026-02-14 20:48:04,52,0,91917D,L.A.S.E.R,Apollo High School,Minnesota,United States
3191,41,15,26,15,26,2026-03-06 18:50:06,2026-01-24 18:34:27,56,0,47510M,MxM,"Robotics Edge, LLC.",Arizona,United States
3192,41,15,26,15,26,2026-02-14 22:32:55,2026-02-14 21:47:39,49,0,49131A,SuperNovas,BASIS Mesa,Arizona,United States
3193,41,15,26,15,26,2026-02-21 17:58:28,2026-02-21 19:40:02,47,0,424B,BHS Baddies,BAKERSFIELD HIGH,California - Region 3,United States
3194,41,15,26,15,26,2026-01-10 19:03:32,2026-02-21 14:54:36,50,1,81834C,Fairy Jerry Fan Club,VERSAILLES HIGH SCHOOL,Ohio,United States
3195,41,15,26,15,26,2026-02-07 18:33:40,2026-02-07 17:41:49,0,5,991P,BearBots - Pasta,HARPETH HALL SCHOOL,Tennessee,United States
3196,41,15,26,15,26,2025-12-13 17:59:04,2025-12-13 16:15:03,0,1,45618A,Striking Panthers,PLANO EAST SR HIGH SCHOOL,Texas - Region 5,United States
3197,41,15,26,15,28,2026-02-21 19:22:49,2026-01-31 16:41:28,60,0,9421X,Xcentric,Framingham High School,Massachusetts,United States
3198,41,15,26,15,26,2026-01-10 18:43:40,2026-01-30 20:37:07,59,0,6024Z,Error 451,Fosston High School,Minnesota,United States
3199,41,15,26,15,26,2026-01-17 17:29:53,2026-02-21 16:40:25,58,0,9257T,The Pea Brains,Covington Catholic High School,Kentucky,United States
3200,41,15,26,15,26,2026-02-28 16:11:11,2026-01-11 17:42:05,58,0,13150D,DIAMOND,Gainesville High School,Virginia,United States
3201,41,15,26,15,32,2025-11-15 18:58:58,2026-01-16 19:13:15,0,0,16645J,sour pAtch kidZ,PINE TREE HIGH SCHOOL,Texas - Region 2,United States
3202,41,15,26,15,32,2026-02-28 17:31:11,2026-02-14 18:26:05,0,0,2567A,Porta-Botz! - [A.K.A.],PORTAGE HIGH SCHOOL,Indiana - Region 1 - North,United States
3203,41,15,26,15,28,2026-02-19 21:16:20,2025-12-12 22:40:44,0,0,55855C,Strikers 2.0,Columbia High School / iCAT,Idaho,United States
3204,41,15,26,15,26,2025-10-03 15:13:03,2025-10-03 15:20:26,0,0,94Z,The LegaZ’s,COMMUNITY SCHOOL OF NAPLES,Florida - South,United States
3205,41,15,26,15,26,2025-11-19 23:29:25,2025-11-19 23:22:10,0,0,11124A,FOR MY COUNTRY!!! - JROTC,ELYRIA HIGH SCHOOL,Ohio,United States
3206,41,15,26,15,26,2025-11-22 19:08:48,2025-11-22 20:50:55,0,0,89801A,Soul Tech,ELKO INSTITUTE FOR ACADEMIC ACHIEVEMENT,Nevada,United States
3207,41,15,26,15,26,2026-01-10 15:41:17,2026-01-10 15:38:50,0,0,134F,Team Discovery - Foxtrot,PEMBROKE ACADEMY,New Hampshire/Vermont,United States
3208,41,15,26,15,26,2026-01-10 16:20:11,2026-01-10 18:44:37,0,0,77275F,The Flash Flood Flyers,Spark Academy of Advanced Technologies,New Hampshire/Vermont,United States
3209,41,15,26,15,26,2026-01-16 20:05:21,2026-01-16 20:13:44,0,0,8197X,Xero,Lucas Robotics,Texas - Region 5,United States
3210,41,15,26,15,26,2026-01-17 20:10:34,2026-01-17 19:51:03,0,0,550D,Diablo,APOPKA HIGH,Florida - North/Central,United States
3211,41,15,26,15,26,2026-01-27 10:00:29,2026-01-27 10:03:16,0,0,45030B,Breifne Bots,Breifne College,Ireland,Ireland
3212,41,15,26,15,26,2026-01-31 19:37:21,2026-01-31 17:30:15,0,0,703A,JAM-E,NORWELL HIGH SCHOOL,Indiana - Region 1 - North,United States
3213,41,15,26,15,26,2026-02-07 17:05:14,2026-02-07 15:31:36,0,0,81218D,Dollars for Ds,Loveless Academic Magnet Prog High School,Alabama,United States
3214,41,15,26,15,26,2026-02-19 20:32:51,2026-02-19 21:32:49,0,0,98225B,Bomber,Bellingham High School,Washington,United States
3215,41,9,32,9,32,2026-01-16 08:19:41,2026-01-16 01:22:00,10,0,4139C,Chicken Jockey,Steam Labs Technology and Robotics Studio,Thailand,Thailand
3216,41,9,32,9,32,2026-02-07 06:06:58,2026-02-08 02:29:34,0,5,23133A,Christ College,Christ College,Hong Kong,Hong Kong
3217,41,7,34,7,34,2025-12-04 00:23:48,2025-12-04 00:17:06,0,0,65851A,"George Washington High School ""Warriors""",George Washington High School- Guam,Guam,Guam
3218,41,5,36,5,36,2026-01-10 19:53:49,2026-01-10 20:28:56,0,0,98709D,Shirebots - Delta,DAYSPRING ACADEMY,Tennessee,United States
3219,41,4,37,4,37,2025-11-22 19:04:44,2025-11-22 17:50:34,46,0,8030A,Electric Eagles,Lincoln Academy,Maine,United States
3220,41,4,37,4,37,2026-01-31 20:31:45,2026-01-31 16:38:15,0,0,95500A,York Mills Robotics Team,Toronto District School Board,Ontario,Canada
3221,41,3,38,3,38,2026-02-27 16:42:04,2026-02-27 17:26:18,0,7,41819A,DTown Robotics A,DALLASTOWN AREA SHS,Pennsylvania - East,United States
3222,41,0,41,2,41,2025-12-06 18:03:41,2025-12-13 17:04:55,0,0,76427X,Trailblazers,BRYSON SCHOOL,Texas - Region 5,United States
3223,41,2,39,2,39,2026-02-22 23:08:45,2026-02-22 18:28:33,0,0,733A,NP3 Pirates A,NATOMAS PACIFIC PATHWAYS PREP,California - Region 2,United States
3224,41,0,41,0,41,2026-02-21 19:01:51,2026-02-21 14:58:09,43,0,46779D,Grayson Gimic,THE GRAYSON SCHOOL,Pennsylvania - East,United States
3225,41,0,41,0,41,2026-03-14 09:20:17,2026-03-14 08:36:16,0,0,21052B,Cool Runnings,International School of Lausanne,Switzerland,Switzerland
3226,41,0,41,0,41,,2026-01-17 17:38:42,0,0,1022H,Helios,Claremont Secondary School,Vancouver Island (BC),Canada
3227,41,0,41,0,41,,2026-01-31 16:54:10,0,0,1000W,Foothill Robotics,Foothill Robotics,California - Region 2,United States
3228,41,0,41,0,41,,2026-01-31 19:11:33,0,0,19713H,Big Boned Bot,Cypress Ranch High School,Texas - Region 3,United States
3229,41,0,41,0,41,,2026-02-21 17:32:56,0,0,91915D,Hawkbots,HAWKEN SCHOOL,Ohio,United States
3230,41,0,41,0,41,,2026-02-28 16:37:08,0,0,79666A,Robo Knights,BALTIMORE CITY COLLEGE,Maryland,United States
3231,40,25,15,25,15,2026-02-17 21:15:17,2026-02-17 21:30:33,0,3,14760C,Wolves of Wall Street,PICKERINGTON HIGH SCHOOL NORTH,Ohio,United States
3232,40,20,20,20,23,2026-02-14 17:13:07,2025-12-06 17:19:27,57,4,6264Z,Shawnigan Robotics,Shawnigan Lake School,Vancouver Island (BC),Canada
3233,40,20,20,20,27,2026-01-23 17:14:50,2026-02-06 17:18:17,53,0,36919A,Indian Robotics,SOUTHERN CHOCTAW HIGH SCHOOL,Alabama,United States
3234,40,20,20,20,30,2025-12-03 22:08:31,2026-03-13 23:31:42,58,0,91022Y,Vanguard JROTC - Team Yankee,Vanguard High School,Texas - Region 2,United States
3235,40,20,20,20,20,2026-02-14 19:07:41,2026-02-14 18:41:28,55,4,7862C,The Commandos,Hesston High School,Kansas,United States
3236,40,15,25,20,25,2025-12-06 19:16:12,2026-02-07 21:42:24,0,0,99319F,Dynamic Drive,PRINCETON HIGH SCHOOL,Minnesota,United States
3237,40,20,20,20,20,2026-02-14 19:42:37,2026-02-14 19:47:57,55,0,8188Z,"JESA Aftershock , Cosmic 8188Z",JACK E SINGLEY ACADEMY,Texas - Region 2,United States
3238,40,20,20,20,25,2026-02-21 20:11:26,2026-01-10 21:25:34,0,0,4691E,JSS Enterprises,UINTAH HIGH,Utah,United States
3239,40,20,20,20,25,2026-02-28 21:59:29,2026-02-08 18:58:36,0,0,3300P,Clashers,Western Canada High School,Alberta/Saskatchewan,Canada
3240,40,20,20,20,20,2026-01-10 14:08:05,2026-01-10 18:34:35,0,44,703B,MATRICS,NORWELL HIGH SCHOOL,Indiana - Region 1 - North,United States
3241,40,20,20,20,20,2026-02-28 20:28:36,2026-02-28 20:42:02,18,0,49081X,ASMSA,"Arkansas School for the Mathematics, Sciences, and the Arts",Arkansas,United States
3242,40,20,20,20,20,2026-02-21 19:58:13,2026-03-14 21:10:36,0,50,64647H,The Battle Bolts,Home Education Resource Center,California - Region 3,United States
3243,40,15,25,20,25,2026-01-25 18:39:53,2025-11-01 20:20:53,51,0,56426B,The Real Real Knights,AUBURN HIGH SCHOOL,Illinois,United States
3244,40,20,20,20,27,2025-11-15 18:24:52,2026-03-01 01:00:29,0,0,10410A,El Capitan Robotics Team,El CAPITAN HIGH SCHOOL,California - Region 4,United States
3245,40,20,20,20,23,2026-02-08 19:10:51,2026-01-10 22:10:17,0,5,45519H,Trust The Design,STEM Innovation Academy,Alberta/Saskatchewan,Canada
3246,40,20,20,20,20,2026-01-11 00:34:36,2026-01-23 14:30:10,0,43,2459A,GOLDEN HAWKS ROBOTICS,NANAKULI HIGH & INTERMEDIATE SCHOOL,Hawaii,United States
3247,40,20,20,20,20,2025-09-25 16:37:47,2025-09-25 16:53:13,0,0,70528B,LADYBUGS,GALENA HIGH SCHOOL,Nevada,United States
3248,40,15,25,18,25,2025-11-08 17:11:20,2025-11-01 19:04:12,0,0,5A,Gldyn Gurlz,RAVENNA SENIOR HIGH,Nebraska,United States
3249,40,16,24,16,28,2026-02-14 19:54:31,2025-12-13 16:21:36,35,0,9080R,Rockin' Rebels,SOUTH HAGERSTOWN HIGH,Maryland,United States
3250,40,15,25,16,25,2026-02-28 15:17:08,2026-02-07 13:53:19,0,0,5999J,Eagle Strike,NORTHEAST HIGH,Tennessee,United States
3251,40,15,25,15,25,2026-02-21 15:17:57,2026-02-21 19:36:44,56,30,23184A,CEC Robo Eagles - Aloha,CONWELL EGAN CATHOLIC HIGH SCHOOL,Pennsylvania - East,United States
3252,40,15,25,15,25,2026-02-21 19:52:24,2026-02-21 16:46:56,58,23,1267B,Knights: Sparkle Sunshine,DELAWARE COUNTY CHRISTIAN SCHOOL,Pennsylvania - East,United States
3253,40,15,25,15,25,2026-02-08 00:59:37,2026-02-08 00:00:14,59,16,9409Y,The Rat Lovers,Archbishop Jordan Catholic High School,Alberta/Saskatchewan,Canada
3254,40,15,25,15,25,2026-02-14 20:44:20,2026-02-14 20:48:42,60,9,96428E,neglected knoked-out napping nuisances,DESERT CHRISTIAN SCHOOL,Arizona,United States
3255,40,15,25,15,25,2025-12-13 19:30:05,2025-12-13 19:17:23,59,8,61982C,Schooboxers,GORDON SCHOOL,Texas - Region 5,United States
3256,40,15,25,15,25,2025-12-13 19:44:21,2025-12-13 21:28:35,59,0,4862F,Avionics Kiwi,Ashbury College,Ontario,Canada
3257,40,15,25,15,25,2026-02-08 00:32:00,2026-02-07 16:43:51,59,0,3388N,Nova,Sir Winston Churchill High School,Alberta/Saskatchewan,Canada
3258,40,15,25,15,25,2026-02-12 00:21:51,2026-02-12 00:26:06,59,0,5686K,Kerosene,Mazama High School,Oregon,United States
3259,40,15,25,15,25,2026-02-26 22:30:26,2026-02-26 16:22:59,59,0,20290A,Giant Robotics,JENA HIGH SCHOOL,Louisiana,United States
3260,40,15,25,15,25,2026-01-10 15:41:09,2026-01-10 16:46:22,58,0,3734M,Double Negative,ROGERS CITY HIGH SCHOOL,Michigan,United States
3261,40,15,25,15,25,2026-02-07 21:53:31,2026-02-07 23:37:42,58,0,9409Z,Rasputin,Archbishop Jordan Catholic High School,Alberta/Saskatchewan,Canada
3262,40,15,25,15,25,2026-02-13 17:21:13,2026-02-13 18:43:01,58,0,56549A,WALL-E,HAWLEY SECONDARY,Minnesota,United States
3263,40,15,25,15,25,2026-02-21 22:59:09,2026-02-21 03:02:43,58,0,3204C,SPC Bots Celestine,St Peter's College,New Zealand,New Zealand
3264,40,15,25,15,31,2026-01-10 18:36:31,2026-02-14 20:01:11,57,0,11981E,ERROR 404,STEINBRENNER HIGH SCHOOL,Florida - North/Central,United States
3265,40,15,25,15,25,2026-02-14 20:05:49,2026-02-14 15:36:25,57,0,8349J,Jet,GATEWAY ACADEMY TO INNOVATION & TECHNOLOGY,Kentucky,United States
3266,40,15,25,15,34,2026-01-31 23:00:15,2026-02-14 20:20:55,56,0,32768C,QMS Clanker,Queen Margaret's School,Vancouver Island (BC),Canada
3267,40,15,25,15,25,2026-01-17 20:12:53,2026-02-14 19:00:22,56,20,56727A,Daedalus,North Carolina School of Science and Mathematics - Morganton,North Carolina,United States
3268,40,15,25,15,25,2026-03-15 18:57:27,2026-01-31 15:57:15,57,0,2634X,The Mandalorians,EmpowerConnectIQ,Florida - South,United States
3269,40,15,25,15,34,2026-02-07 18:58:09,2025-11-22 17:54:16,55,0,5408A,Sachse Ace of Spades,SACHSE HIGH SCHOOL,Texas - Region 5,United States
3270,40,15,25,15,25,2026-01-22 19:06:11,2026-01-22 20:04:06,55,0,29204G,It Tickles,CREATE,Alabama,United States
3271,40,15,25,15,25,2026-02-07 13:04:06,2026-02-07 13:00:36,55,0,23218X,Fractal,Simon Langton Grammar School for Boys,United Kingdom,United Kingdom
3272,40,15,25,15,25,2026-02-07 16:19:33,2026-02-07 16:51:14,55,0,95059S,Robros,"Greer Middle College Charter High School ",South Carolina,United States
3273,40,15,25,15,25,2026-01-10 18:18:45,2026-01-10 18:20:48,54,0,41829B,Raider Robotics,RIVERDALE HIGH SCHOOL,Florida - South,United States
3274,40,15,25,15,25,2026-01-13 12:56:36,2026-01-13 11:31:49,54,0,34815A,Quantum Quirk,Secondary School,Ireland,Ireland
3275,40,15,25,15,25,2026-02-21 21:07:30,2026-02-21 19:05:56,54,0,5999X,Eagle TBD,NORTHEAST HIGH,Tennessee,United States
3276,40,15,25,15,25,2026-02-26 11:04:04,2026-02-26 10:44:41,54,0,33356A,OPS-Semi 1,Oscar-Paret-Schule Freiberg am Neckar,Germany,Germany
3277,40,15,25,15,25,2025-11-18 00:29:03,2025-12-06 19:40:13,59,39,63600E,Eaglebots: The Nerd Cluster,GRAND RAPIDS CHRISTIAN HIGH SCHOOL,Michigan,United States
3278,40,15,25,15,25,2026-02-12 00:42:11,2025-11-01 18:51:35,59,0,5686Y,Grievous,Mazama High School,Oregon,United States
3279,40,15,25,15,25,2026-02-21 19:43:15,2026-02-21 18:36:20,52,0,42075C,Santa's Workshop,ACADEMIES OF LOUDOUN,Virginia,United States
3280,40,15,25,15,25,2026-01-14 23:21:40,2026-01-14 23:02:22,51,0,1588H,Three Musketeers,WOOD RIVER HIGH SCHOOL,Idaho,United States
3281,40,15,25,15,25,2025-12-13 16:18:53,2025-12-13 16:54:04,50,0,3838W,Shhhhhhhhhh,OCEAN SPRINGS HIGH SCHOOL,Mississippi,United States
3282,40,15,25,15,25,2026-01-31 18:36:14,2026-01-31 17:52:57,50,0,40C,Clunker,Trinity High School,New Hampshire/Vermont,United States
3283,40,15,25,15,25,2026-02-14 14:14:13,2026-02-14 16:03:30,50,0,5156A,Nor' Easter Cowboys,York High School,Maine,United States
3284,40,15,25,15,25,2025-12-06 13:46:11,2025-12-06 13:59:33,42,0,89227D,1979,RIDGELAND HIGH SCHOOL,Georgia,United States
3285,40,0,40,15,40,2026-01-17 15:08:18,2026-02-08 15:50:54,0,0,59735A,CobraTronix,CABARRUS EARLY COLLEGE OF TECHNOLOGY,North Carolina,United States
3286,40,15,25,15,28,2026-01-31 20:18:28,2025-11-01 19:49:06,0,0,60441X,Teqnifii Nova,LOCKPORT TOWNSHIP HIGH SCH EAST,Illinois,United States
3287,40,15,25,15,25,2025-09-22 01:44:37,2025-11-10 02:20:42,59,16,41103C,1/3,Pedare Christian College,Australia,Australia
3288,40,15,25,15,38,2026-01-10 16:56:09,2026-03-07 21:49:06,16,13,10500A,GREP,Damonte Ranch High School,Nevada,United States
3289,40,0,40,15,40,2025-12-13 14:12:04,2026-03-06 21:20:24,4,11,84443K,Kraken,RICE LAKE HIGH,Wisconsin,United States
3290,40,15,25,15,25,2025-12-13 20:12:03,2026-02-21 21:27:14,56,8,4691N,Chadites,Uintah High School,Utah,United States
3291,40,15,25,15,35,2026-01-23 15:50:39,2025-08-01 19:23:03,0,0,94T,Tiny Titans,COMMUNITY SCHOOL OF NAPLES,Florida - South,United States
3292,40,15,25,15,25,2026-01-31 20:33:16,2026-01-03 18:32:58,59,0,99319C,Circuit Circus,Princeton High School,Minnesota,United States
3293,40,15,25,15,28,2026-01-10 19:41:03,2026-02-14 17:01:42,1,5,2567Y,Porta-Botz!-Yellow Jackets,Portage High School-PLTW/Robotics,Indiana - Region 1 - North,United States
3294,40,15,25,15,25,2026-01-16 19:45:46,2026-01-16 20:05:13,1,0,53073A,Bolt Bandits,NORTHWEST HIGH SCHOOL,Louisiana,United States
3295,40,0,40,15,40,2026-02-08 17:52:07,2026-02-01 18:30:58,59,0,69955V,Tricerabots,LADUE HORTON WATKINS HIGH,Missouri,United States
3296,40,15,25,15,26,2026-02-21 20:44:07,2026-01-31 16:54:01,58,0,1908C,Cwuantum Cwuails,Wasatch High School,Utah,United States
3297,40,15,25,15,25,2025-12-20 02:38:01,2026-01-16 03:41:51,58,0,44448C,Combobulators,St Andrews International School Bangkok,Thailand,Thailand
3298,40,15,25,15,28,2026-02-15 19:39:06,2025-08-01 22:52:11,57,0,1551A,Pink Out,Suncoast Polytechnical High School,Florida - North/Central,United States
3299,40,15,25,15,25,2026-01-26 15:55:24,2025-11-08 20:44:50,54,0,19191S,Reno Military Science Team 2,RENO HIGH SCHOOL,Nevada,United States
3300,40,15,25,15,25,2026-01-17 17:17:48,2025-11-08 17:43:47,51,0,8385B,Bisatine,UNION HIGH,Utah,United States
3301,40,15,25,15,25,2025-12-28 10:55:28,2026-03-01 08:59:12,45,0,41207H,HEXCORE,ABC Science and Anatolian High School,Türkiye,Türkiye
3302,40,0,40,15,40,2025-12-14 19:12:31,2026-01-10 16:52:58,0,0,45250K,Renaissance Robotics,Renaissance Robotics,Ontario,Canada
3303,40,0,40,15,40,2026-02-14 15:46:30,2026-02-07 20:09:45,0,0,5150X,Mad Hatters - Xerces,DANBURY HIGH SCHOOL,Connecticut,United States
3304,40,15,25,15,39,2026-02-14 12:00:37,2026-03-01 06:25:25,0,0,34034C,LEVIATHAN,BAYKAR FEN LİSESİ,Türkiye,Türkiye
3305,40,15,25,15,34,2026-02-21 14:44:21,2026-02-28 19:35:53,0,0,96515V,Phoenix Robotics,Phoenix Robotics,Oklahoma,United States
3306,40,15,25,15,26,2025-10-25 16:47:41,2026-02-08 16:29:08,0,0,59708D,The Big One,CENTRAL HIGH,Missouri,United States
3307,40,15,25,15,26,2025-10-25 16:53:24,2025-11-08 18:11:33,0,0,23851E,Dumbster Fire,KIRKWOOD SR. HIGH,Missouri,United States
3308,40,15,25,15,25,2026-02-16 17:07:57,2025-11-03 18:24:27,0,20,87490B,Big Benny's III (Diner Dynasty),FARMERSVILLE HIGH SCHOOL,Texas - Region 2,United States
3309,40,15,25,15,25,2025-11-01 20:04:23,2025-11-01 17:43:00,0,0,56426A,The Real Knights,AUBURN HIGH SCHOOL,Illinois,United States
3310,40,15,25,15,25,2025-11-08 17:04:12,2025-11-08 17:46:48,0,0,4519B,Dino Bots,OMAHA SOUTH MAGNET HIGH SCHOOL,Nebraska,United States
3311,40,15,25,15,25,2025-12-13 20:55:21,2025-12-13 18:31:45,0,0,862B,Jaguar Robotics,KING COLLEGE PREP HIGH SCHOOL,Illinois,United States
3312,40,15,25,15,25,2025-12-18 21:45:01,2025-12-18 21:38:57,0,0,862D,Jaguar Robotics,KING COLLEGE PREP HIGH SCHOOL,Illinois,United States
3313,40,15,25,15,25,2026-01-10 18:02:38,2026-01-10 18:10:37,0,0,37116C,Rooster City Robotics,FITZGERALD HIGH SCHOOL COLLEGE & CAREER ACADEMY,Georgia,United States
3314,40,15,25,15,25,2026-01-10 18:29:01,2026-01-10 15:06:14,0,0,2501B,The Bolt Brigade,THOMAS JEFFERSON HIGH SCHOOL,Iowa,United States
3315,40,15,25,15,25,2026-01-10 18:33:37,2026-01-10 16:55:46,0,0,76967A,SLCS Lions 25,School Lane Charter School,Pennsylvania - East,United States
3316,40,15,25,15,25,2026-01-11 17:55:42,2026-01-11 00:20:55,0,0,84141B,Pickle Pixies,HENRY J KAISER HIGH SCHOOL,Hawaii,United States
3317,40,15,25,15,25,2026-01-17 18:33:40,2026-01-17 19:32:16,0,0,87265A,Robo Ridge,Southridge School,British Columbia (BC),Canada
3318,40,15,25,15,25,2026-01-24 17:59:18,2026-01-24 16:52:20,0,0,49627A,SWR Robotics,SHOREHAM-WADING RIVER HIGH SCHOOL,New York-South,United States
3319,40,15,25,15,25,2026-01-24 20:11:29,2026-01-24 16:15:34,0,0,21078A,Gears & Spears,HAVRE DE GRACE HIGH,Maryland,United States
3320,40,15,25,15,25,2026-02-03 15:17:37,2026-02-03 13:28:26,0,0,56358A,RoboQueens,Robotics Nation RY,Finland,Finland
3321,40,15,25,15,25,2026-02-07 17:41:23,2026-02-07 20:02:35,0,0,22023B,Solid Foundations,Bulldog Bytes - Springfield High,Louisiana,United States
3322,40,15,25,15,25,2026-02-07 19:17:08,2026-02-07 14:50:11,0,0,5501B,Derek,GUILDERLAND HIGH SCHOOL,New York-North,United States
3323,40,15,25,15,25,2026-02-07 20:34:45,2026-02-07 21:49:45,0,0,22023A,Firmware Freaks,Bulldog Bytes - Springfield High,Louisiana,United States
3324,40,15,25,15,25,2026-02-08 16:40:23,2026-02-08 16:19:07,0,0,8995M,Magma,Metea Valley High School,Illinois,United States
3325,40,15,25,15,25,2026-02-08 16:52:16,2026-02-08 16:55:05,0,0,9409X,NYX,Archbishop Jordan Catholic High School,Alberta/Saskatchewan,Canada
3326,40,15,25,15,25,2026-02-14 16:28:02,2026-02-14 17:48:24,0,0,21503A,THS Ace Robotics 72,TRUMBULL HIGH SCHOOL,Connecticut,United States
3327,40,15,25,15,25,2026-02-14 17:32:46,2026-02-14 19:38:30,0,0,593A,Oakdale A Team,OAKDALE HIGH,Maryland,United States
3328,40,15,25,15,25,2026-02-14 20:11:03,2026-02-14 20:50:17,0,0,99719Y,Hyper Drive,Bentonville High School,Arkansas,United States
3329,40,15,25,15,25,2026-02-14 20:25:47,2026-02-14 19:43:02,0,0,32092F,Generic Robotics Team #1643,Stargate Charter School,Colorado,United States
3330,40,15,25,15,25,2026-02-16 20:17:37,2026-02-16 18:57:12,0,0,87490H,The Clankers,FARMERSVILLE HIGH SCHOOL,Texas - Region 2,United States
3331,40,15,25,15,25,2026-02-21 18:17:59,2026-02-21 18:32:35,0,0,20313B,VEX Dogs,Homeschool Robotics,Kentucky,United States
3332,40,15,25,15,25,2026-02-21 18:54:07,2026-02-21 17:46:44,0,0,9039V,Leprosy,BrandywineBOTS,Delmarva,United States
3333,40,15,25,15,25,2026-02-21 19:02:14,2026-02-21 19:18:01,0,0,50075E,Electric Eagles,OAK HILL HIGH SCHOOL,Indiana - Region 1 - North,United States
3334,40,15,25,15,25,2026-02-21 19:20:40,2026-02-21 18:47:58,0,0,97834B,OIA - Bikini Bottom,OWENSBORO INNOVATION ACADEMY,Kentucky,United States
3335,40,15,25,15,25,2026-02-21 20:34:39,2026-02-21 16:50:46,0,0,19942B,Mustang Pride,EAST HIGH,Tennessee,United States
3336,40,15,25,15,25,2026-03-06 21:08:53,2026-03-06 17:09:10,0,0,45009P,The Incredibles,YOUNG WOMEN'S LEADERSHIP ACADEMY,Texas - Region 1,United States
3337,40,15,25,15,25,2026-03-08 15:09:31,2026-03-09 14:05:02,0,0,81179B,The Unoriginals,MONTCALM HIGH SCHOOL,West Virginia,United States
3338,40,10,30,10,30,2026-02-28 01:47:09,2026-02-27 23:30:28,0,0,57013M,Tokyo Drift,Canton Robotics,South Dakota,United States
3339,40,9,31,9,33,2026-01-17 16:36:52,2026-02-07 18:08:32,0,0,40324A,Blockheads,Georgetown Robotics Club,Kentucky,United States
3340,40,7,33,7,33,2026-02-02 19:56:31,2026-02-02 18:46:45,0,0,75019B,Coppell TECHNE,COPPELL HIGH SCHOOL,Texas - Region 5,United States
3341,40,5,35,5,35,2026-01-03 17:36:48,2026-01-03 16:16:20,58,0,248D,RoboDawgs: De Novo,Grandville Robotics,Michigan,United States
3342,40,5,35,5,35,2026-02-05 02:01:47,2026-02-05 02:01:28,0,0,17612M,SpiderBots,"SpiderBots Colegio St Johns ",Mexico,Mexico
3343,40,3,37,3,37,2026-02-07 19:25:03,2026-02-07 16:46:26,49,0,1255S,Spicy Bread,GREAT CROSSING HIGH SCHOOL,Kentucky,United States
3344,40,0,40,0,40,2026-02-25 14:21:46,2026-02-26 09:57:11,49,2,76565A,Team Heinitz,Heinitz-Gymnasium Rüdersdorf,Germany,Germany
3345,40,0,40,0,40,2025-12-31 20:51:36,2025-12-31 20:08:20,37,0,6030B,Blacksmiths,Arizona College Prep High School,Arizona,United States
3346,40,0,40,0,40,,2025-11-08 18:51:27,0,7,28401D,Viper Team Delta,REAGAN HIGH SCHOOL,Texas - Region 4,United States
3347,40,0,40,0,40,,2025-11-15 18:31:30,0,4,4393Z,Thin Earth Society,ME SCH OF SCIENCE & MATHEMATICS,Maine,United States
3348,40,0,40,0,40,2026-01-17 16:33:34,2026-01-17 16:50:21,0,0,80817H,One Of One,FOUNTAIN-FORT CARSON HIGH SCHOOL,Colorado,United States
3349,40,0,40,0,40,,2025-09-27 02:59:13,0,0,5868Z,1234,PUI CHING MIDDLE SCHOOL MACAU,Macau,Macau
3350,40,0,40,0,40,,2025-11-15 01:05:42,0,0,76371B,St. Mary's International HS Robotics,St Mary's international School,Japan,Japan
3351,40,0,40,0,40,,2025-11-15 21:09:12,0,0,3674R,ROYALS,ENERGY INSTITUTE HIGH SCHOOL,Texas - Region 3,United States
3352,40,0,40,0,40,,2025-12-04 01:33:51,0,0,80238C,CGHS - Charlie,DSST: CONSERVATORY GREEN HIGH SCHOOL,Colorado,United States
3353,40,0,40,0,40,,2025-12-14 16:51:16,0,0,50575A,TRISHUL,IGNITE ROBOTICS,North Carolina,United States
3354,40,0,40,0,40,,2026-02-20 01:40:55,0,0,47874H,He11 Fire -- PARKER,Squalicum High School,Washington,United States
3355,40,0,40,0,40,,2026-02-22 00:29:37,0,0,11551X,Double Discount,BASIS INDEPENDENT SILICON VALLEY,California - Region 2,United States
3356,39,20,19,20,23,2026-02-06 23:02:38,2025-12-13 18:14:55,0,0,41998H,Hibachi,Vale High School,Oregon,United States
3357,39,2,37,16,37,2026-03-07 19:51:15,2026-02-07 20:48:29,0,0,42038B,Thunder Cats,UNITED SOUTH HIGH SCHOOL,Texas - Region 6,United States
3358,39,15,24,15,35,2026-03-14 19:27:40,2025-11-08 18:08:49,60,0,2750B,Klankers,MILLER GROVE SCHOOL,Texas - Region 2,United States
3359,39,15,24,15,24,2026-02-14 18:43:29,2026-02-14 20:55:28,60,0,34020D,Dipoladonculus,LA SERNA HIGH,California - Region 4,United States
3360,39,15,24,15,24,2026-01-24 05:31:10,2026-02-20 23:28:14,57,5,59644B,BHA B,Branksome Hall Asia,South Korea,"Korea, Republic of"
3361,39,15,24,15,24,2026-02-21 18:43:01,2026-02-21 18:31:45,51,9,11475C,Liberty Patriots,LIBERTY HIGH,California - Region 3,United States
3362,39,15,24,15,24,2026-02-11 00:08:44,2026-02-11 00:11:54,59,0,97377C,Reverse Zoom,Indian Lake High School,Ohio,United States
3363,39,15,24,15,24,2026-02-28 15:43:01,2026-02-28 16:55:37,59,0,31330C,Cooked-Chat?,SEYMOUR SENIOR HIGH SCHOOL,Indiana - Region 3 - South,United States
3364,39,15,24,15,24,2025-09-27 18:47:48,2025-09-27 19:10:28,58,0,283V,Expect the pǝʇɔǝdxǝu∩,WHITE PINE HIGH SCHOOL,Nevada,United States
3365,39,15,24,15,24,2025-10-04 17:37:33,2025-10-04 15:48:06,58,0,2511V,Two Five One One Vee,R3V3RB Robotics,Virginia,United States
3366,39,15,24,15,24,2026-02-21 17:14:38,2026-02-21 17:49:18,58,0,4621A,Titan - Hyperion,FRONTIER HIGH,California - Region 3,United States
3367,39,15,24,15,32,2026-02-21 19:52:31,2025-11-01 18:08:34,54,0,74403Z,74403 Z,HILLDALE HIGH SCHOOL,Oklahoma,United States
3368,39,15,24,15,31,2025-12-13 19:26:16,2026-02-21 15:06:11,54,4,23184D,CEC Robo Eagles - Desperado,CONWELL EGAN CATHOLIC HIGH SCHOOL,Pennsylvania - East,United States
3369,39,15,24,15,24,2026-02-21 17:07:02,2026-02-21 17:52:30,54,0,4621C,Titan - Oceanus,FRONTIER HIGH,California - Region 3,United States
3370,39,15,24,15,25,2026-01-17 19:33:50,2026-02-14 20:18:38,52,0,27265B,Cypurr Cats,WESTCHESTER COUNTRY DAY SCHOOL,North Carolina,United States
3371,39,15,24,15,24,2026-02-07 16:45:37,2026-02-07 20:12:50,52,0,50130B,trojan.exe,PARK HILL HIGH,Missouri,United States
3372,39,0,39,15,39,2025-10-18 18:08:36,2026-03-08 17:41:38,2,0,39599Z,FarmBots,WINTERS HIGH,California - Region 2,United States
3373,39,5,34,15,34,2026-01-10 20:30:44,2026-03-15 01:08:51,60,0,84260P,PatchWork,CABOT HIGH SCHOOL,Arkansas,United States
3374,39,15,24,15,27,2026-02-14 19:02:28,2025-11-15 18:17:11,59,0,2971C,Cesium,NORTHWESTERN HIGH SCHOOL,Ohio,United States
3375,39,15,24,15,24,2026-01-31 18:37:40,2026-02-08 20:04:33,58,0,355J,Jolly Rogers,Fox Valley Robotics,Illinois,United States
3376,39,15,24,15,28,2026-01-22 19:50:14,2026-02-21 16:52:13,57,0,35244E,WAP-MALA,HOOVER HIGH SCHOOL,Alabama,United States
3377,39,15,24,15,24,2025-11-24 15:53:30,2025-11-12 00:00:23,57,0,2373D,Pink Ponybots,CLEAR LAKE HIGH SCHOOL,Texas - Region 3,United States
3378,39,15,24,15,24,2025-12-06 16:07:17,2025-11-12 00:40:21,57,0,2344A,Bolt Bots,CLEAR SPRINGS HIGH SCHOOL,Texas - Region 3,United States
3379,39,15,24,15,24,2026-02-14 20:04:24,2026-02-21 19:51:59,57,0,2790G,Gravity Is A Suggestion,Valparaiso High School,Indiana - Region 1 - North,United States
3380,39,15,24,15,24,2026-01-22 18:04:31,2026-02-07 17:19:23,56,0,35244B,Real Bob,HOOVER HIGH SCHOOL,Alabama,United States
3381,39,15,24,15,24,2025-12-06 18:50:25,2025-11-22 19:24:28,50,0,22204P,Phoenix,WYLIE HIGH SCHOOL,Texas - Region 5,United States
3382,39,15,24,15,34,2026-02-11 00:57:01,2026-02-07 17:54:20,0,0,99621F,Beithir,SHORECREST HIGH SCHOOL,Washington,United States
3383,39,15,24,15,30,2025-11-22 14:36:49,2026-02-07 13:06:34,0,9,23218Z,AHURAMAZDA,Simon Langton Grammar School for Boys,United Kingdom,United Kingdom
3384,39,15,24,15,30,2026-03-08 18:52:32,2025-11-16 00:52:47,0,0,3457X,Robolabs VorteX,Robolabs,California - Region 2,United States
3385,39,15,24,15,29,2026-01-30 18:40:37,2026-01-19 14:58:33,0,11,7157D,Steel Dragon,CHITTENANGO HIGH SCHOOL,New York-North,United States
3386,39,15,24,15,28,2026-02-28 17:28:10,2026-01-17 15:38:59,0,3,9545M,Monke' Mafia,ROLAND HIGH SCHOOL,Oklahoma,United States
3387,39,15,24,15,27,2026-01-27 18:23:31,2026-02-14 21:58:31,0,9,77786Z,The CDs,BRIDGELAND HIGH SCHOOL,Texas - Region 3,United States
3388,39,15,24,15,27,2026-01-17 20:12:03,2026-02-14 20:38:21,0,0,11042A,Seven Lakes HS TSA A,Seven Lake High School,Texas - Region 3,United States
3389,39,15,24,15,24,2025-12-13 18:06:03,2025-12-13 18:34:22,0,0,82473P,PCThunderbots,PARK CROSSING HIGH SCHOOL,Alabama,United States
3390,39,15,24,15,24,2026-01-31 15:02:49,2026-01-31 17:15:19,0,0,99119B,PRHS Barely Functioning Bot,Plymouth Regional High School,New Hampshire/Vermont,United States
3391,39,15,24,15,24,2026-01-31 16:20:45,2026-01-31 16:25:25,0,0,10184A,Blazer Robotics,BOCA RATON CHRISTIAN SCHOOL,Florida - South,United States
3392,39,15,24,15,24,2026-02-07 17:37:07,2026-02-07 21:02:25,0,0,9204C,Dragons,The John Cooper School,Texas - Region 3,United States
3393,39,15,24,15,24,2026-02-21 15:47:06,2026-02-21 16:59:43,0,0,67101R,RipTide,Maize Career Academy,Kansas,United States
3394,39,15,24,15,24,2026-02-21 16:36:27,2026-02-21 17:16:11,0,0,51649A,Sun Valley Vanguards,Sun Valley High School,Pennsylvania - East,United States
3395,39,15,24,15,24,2026-02-21 18:32:16,2026-02-21 20:13:48,0,0,45654A,45654A,GODDARD HIGH,Kansas,United States
3396,39,13,26,13,26,2026-01-17 17:14:01,2026-01-17 17:23:05,0,0,22635D,Camel Robotics,CAMPBELL COUNTY HIGH SCHOOL,Wyoming,United States
3397,39,5,34,5,35,2025-11-22 19:40:06,2025-11-15 20:37:50,0,0,5408X,GHOST,SACHSE HIGH SCHOOL,Texas - Region 5,United States
3398,39,5,34,5,34,2026-01-24 18:28:49,2026-01-24 18:32:22,0,0,37528C,TyDoMaL,COLORADO EARLY COLLEGES WINDSOR,Colorado,United States
3399,39,5,34,5,34,2026-01-27 10:47:16,2026-01-27 10:43:15,0,0,48649A,Motionless in silver,St. Macartan's College,Ireland,Ireland
3400,39,5,34,5,34,2026-02-19 20:16:47,2026-02-19 20:24:50,0,0,4647A,Dandits,MADISON SENIOR HIGH SCHOOL,Idaho,United States
3401,39,3,36,3,36,2025-11-26 23:50:13,2025-11-26 23:48:38,0,0,37922A,Linces Robotics,CECYTE PLAYA DEL CARMEN I,Mexico,Mexico
3402,39,0,39,2,39,2025-11-15 18:02:38,2026-01-18 16:08:57,42,0,74559B,The Argonauts,CELINA HIGH SCHOOL,Texas - Region 5,United States
3403,39,1,38,1,38,2025-11-01 16:33:49,2025-11-01 14:47:34,0,0,67220A,The Clankers,The Kings Academy Civil Air Patrol,Georgia,United States
3404,39,1,38,1,38,2026-02-07 18:06:38,2026-02-07 18:13:19,0,0,3350G,Penguins,TEXAS HIGH SCHOOL,Texas - Region 2,United States
3405,39,0,39,0,39,,2025-11-15 21:29:58,0,0,50881B,TechnoDREAM,TechnoDREAM,California - Region 4,United States
3406,39,0,39,0,39,,2025-12-06 19:05:39,0,0,502A,"Amaze, The Swarm","SD41, Mechatronics, Burnaby",British Columbia (BC),Canada
3407,39,0,39,0,39,,2026-01-24 01:44:06,0,0,82B,Eagles B,Tianjin International School,North China,China
3408,39,0,39,0,39,,2026-01-31 20:21:31,0,0,77038B,Statix,BLANSON CTE HIGH SCHOOL,Texas - Region 3,United States
3409,39,0,39,0,39,,2026-02-07 20:39:03,0,0,85556A,Cyber Claws,PSJA Collegiate High School,Texas - Region 6,United States
3410,39,0,39,0,39,,2026-03-04 16:12:01,0,0,1870F,Budget Motion CHS,CANISIUS HIGH SCHOOL,New York-North,United States
3411,39,0,39,0,39,,2026-03-07 17:22:48,0,0,52430D,Eclipse,BASIS AHWATUKEE,Arizona,United States
3412,38,20,18,20,18,2026-02-14 22:31:10,2026-02-15 18:53:54,43,0,77788W,Cyber Eagles,Calvary Christian Academy,Florida - South,United States
3413,38,15,23,20,30,2025-11-13 19:08:04,2026-02-04 23:38:03,0,0,77353A,CECyTEM 07 Epitacio Huerta,CECYTE MICHOACAN PLANTEL EPITACIO HUERTA,Mexico,Mexico
3414,38,18,20,18,20,2025-12-13 20:25:44,2025-12-13 20:37:22,0,0,91022B,Vanguard JROTC - Team Bravo,Vanguard High School JROTC,Texas - Region 2,United States
3415,38,16,22,16,22,2025-12-13 16:27:28,2025-12-13 16:30:30,0,0,32636B,Froggies,OXFORD HIGH SCHOOL,Mississippi,United States
3416,38,15,23,15,23,2026-02-28 20:39:05,2026-02-14 15:42:09,59,6,50523A,Vex Viks,CENTRAL CABARRUS HIGH,North Carolina,United States
3417,38,15,23,15,23,2026-01-10 19:29:26,2026-01-30 19:06:04,60,3,58072J,Far from Normal,VALLEY CITY HIGH SCHOOL,North Dakota,United States
3418,38,15,23,15,23,2026-01-17 18:14:08,2026-01-17 20:03:33,59,0,1069F,LiveWire,Berthoud Robotics,Colorado,United States
3419,38,15,23,15,23,2026-02-08 02:32:53,2026-02-07 08:36:24,59,0,21169K,Online Delay,Stamford American School Hong Kong,Hong Kong,Hong Kong
3420,38,15,23,15,23,2026-02-15 19:17:15,2026-02-15 19:24:19,59,0,8178B,St. Joe's Prep,ST JOSEPH'S PREPARATORY SCHOOL,Pennsylvania - East,United States
3421,38,15,23,15,29,2025-11-01 17:22:39,2026-02-07 00:39:10,59,0,1275A,Chamblee High School,CHAMBLEE  HIGH SCHOOL,Georgia,United States
3422,38,15,23,15,26,2026-02-07 18:03:13,2026-02-14 18:50:59,58,0,21898A,Vexolution,Gen Inspired,North Carolina,United States
3423,38,15,23,15,27,2026-02-21 21:08:31,2025-12-06 21:35:30,59,14,5686S,Supernova,Mazama High School,Oregon,United States
3424,38,15,23,15,23,2025-12-28 14:45:07,2025-12-27 18:48:26,57,0,66757A,NeoC Rooks,NEOCITY ACADEMY,Florida - North/Central,United States
3425,38,15,23,15,23,2026-02-08 03:11:06,2026-02-08 03:10:32,57,0,76275B,HARROW 2,Harrow International School Hong Kong,Hong Kong,Hong Kong
3426,38,15,23,15,23,2026-03-07 15:50:32,2026-03-07 16:22:39,57,0,20005G,!norm,Fryeburg Academy,Maine,United States
3427,38,0,38,15,38,2025-12-06 22:09:47,2026-01-31 18:31:40,52,1,945A,Goblin Machines,GREEN VALLEY HIGH SCHOOL,Nevada,United States
3428,38,15,23,15,23,2026-02-20 19:21:30,2026-02-20 18:36:50,56,0,97155A,PandaSaurusRexOnAMotorcycle,YSLETA HIGH SCHOOL,Texas - Region 1,United States
3429,38,15,23,15,23,2026-02-06 22:51:23,2026-02-06 22:46:34,55,0,34012A,Rockbell Automechanics,THOMAS JEFFERSON CHARTER,Idaho,United States
3430,38,15,23,15,23,2026-02-08 16:58:48,2026-02-27 20:19:43,59,0,96715C,Zip Ties Technicians,BAD AXE HIGH SCHOOL,Michigan,United States
3431,38,15,23,15,23,2026-01-17 16:17:36,2026-02-21 17:35:24,56,0,14819M,NHS Robotics M,NOBLESVILLE HIGH SCHOOL,Indiana - Region 2 - Central,United States
3432,38,15,23,15,23,2026-02-07 10:00:15,2026-02-07 08:56:08,49,0,21262T,ICS π,International Christian School,Hong Kong,Hong Kong
3433,38,15,23,15,23,2026-03-01 17:50:50,2026-03-01 18:26:00,38,0,3327F,Forward,SPRING-FORD SHS 9-12 CTR,Pennsylvania - East,United States
3434,38,15,23,15,23,2026-02-07 16:30:11,2026-02-14 19:27:12,55,0,5631A,Antagonistic Angels,ST HENRY DISTRICT HIGH SCHOOL,Kentucky,United States
3435,38,15,23,15,23,2026-01-10 15:51:16,2026-02-28 19:01:00,54,0,74019B,System Error,VERDIGRIS HS,Oklahoma,United States
3436,38,15,23,15,23,2026-02-07 18:41:09,2026-02-21 15:02:08,41,0,23184E,CEC Robo Eagles,CONWELL EGAN CATHOLIC HIGH SCHOOL,Pennsylvania - East,United States
3437,38,5,33,15,33,2025-11-01 17:13:20,2026-03-07 17:01:34,0,0,5156B,Sacabambaspis,York High School,Maine,United States
3438,38,15,23,15,30,2025-12-12 21:13:39,2026-01-30 21:36:30,0,0,63031C,Waddle Dees,Vallivue High School,Idaho,United States
3439,38,15,23,15,29,2025-10-11 17:56:00,2026-02-14 17:58:24,0,0,1166Z,Zero Measurements,Lutheran High School,Colorado,United States
3440,38,15,23,15,29,2026-01-26 14:16:08,2026-02-27 23:39:18,0,0,15800B,"""Caffeine Addicts"" - Omaha Westview HS JROTC",Westview High School,Nebraska,United States
3441,38,15,23,15,29,2026-02-14 21:56:11,2025-12-13 23:49:29,0,0,1378V,Hilo Viking Robotics,Hilo High School,Hawaii,United States
3442,38,15,23,15,25,2026-02-07 15:55:39,2026-01-24 18:03:41,0,0,15376G,Vortex 3S-Gelato,École secondaire des Trois-Saisons,Quebec,Canada
3443,38,15,23,15,24,2026-02-14 19:30:32,2025-12-13 19:19:38,0,4,6219N,Butterfingers,NEENAH HIGH,Wisconsin,United States
3444,38,15,23,15,23,2025-11-08 17:37:22,2025-11-08 16:29:05,0,0,39702H,New Hope Robotics,New Hope Robotics,Mississippi,United States
3445,38,15,23,15,23,2025-11-22 19:50:52,2025-11-22 21:18:25,0,0,22204F,Pegasus,WYLIE HIGH SCHOOL,Texas - Region 5,United States
3446,38,15,23,15,23,2026-01-10 17:42:57,2026-01-10 17:36:23,0,0,32563C,Port Jervis HS,PORT JERVIS Senior SCHOOL,New York-South,United States
3447,38,15,23,15,23,2026-01-24 02:59:14,2026-01-23 08:23:37,0,0,86832D,Samuel,International School of Beijing,North China,China
3448,38,15,23,15,23,2026-01-24 17:10:49,2026-01-24 17:46:11,0,0,17760X,The Techs,Capitol City Robotics,District of Columbia,United States
3449,38,15,23,15,23,2026-01-31 15:25:56,2026-01-31 16:25:31,0,0,4405X,"+/- 4 pts.!?""",VJ & ANGELA SKUTT CATHOLIC HIGH SCHOOL,Nebraska,United States
3450,38,15,23,15,23,2026-02-21 17:22:18,2026-02-21 17:13:24,0,0,415D,Rust In Peace,Anderson I & II Career & Technology Center,South Carolina,United States
3451,38,15,23,15,23,2026-02-21 20:35:30,2026-02-21 23:12:50,0,0,2915D,Lynfield D,Lynfield College,New Zealand,New Zealand
3452,38,15,23,15,23,2026-02-21 21:43:04,2026-02-21 20:25:35,0,0,4588D,Band of Lt. Dan,BELTON NEW TECH HIGH SCHOOL AT WASKOW,Texas - Region 4,United States
3453,38,15,23,15,23,2026-02-26 21:34:49,2026-02-26 21:17:54,0,0,1115A,The Asylum,Greenfield-Central High School,Indiana - Region 2 - Central,United States
3454,38,11,27,11,27,2026-02-08 21:29:44,2026-02-08 21:06:17,0,0,99371C,Klepto,Oak Park and River Forest High School,Illinois,United States
3455,38,5,33,5,33,2026-02-04 07:06:26,2026-02-04 08:04:50,0,0,79999S,Black_fingers,Shorouk almarefa,Saudi Arabia,Saudi Arabia
3456,38,5,33,5,33,2026-02-07 19:43:52,2026-02-07 17:07:46,0,0,92964B,PiratesTSA 67,PTHS TSA,Texas - Region 2,United States
3457,38,4,34,4,34,2026-01-24 02:40:24,2026-01-24 02:37:41,39,0,93299B,HIS B,Hangzhou International School,East China,China
3458,38,4,34,4,34,2025-11-08 11:12:45,2025-11-08 06:08:19,0,0,37360B,LongKeGao,LongKeGao,South China,China
3459,38,3,35,3,35,2026-02-12 15:11:26,2026-02-12 16:39:07,31,0,14770B,Portville,Portville Junior-senior High School,New York-North,United States
3460,38,1,37,3,37,2026-01-17 16:43:05,2026-03-13 23:40:50,43,0,597C,Robobusters Blue,SCHOOL OF SCIENCE AND ENGINEERING,Texas - Region 2,United States
3461,38,0,38,2,38,2025-12-13 16:30:18,2026-01-11 18:16:48,39,0,95872B,Jasmine Dragons,NORTHWEST HIGH,Missouri,United States
3462,38,0,38,2,38,2025-12-13 18:04:26,2026-01-31 18:07:20,39,0,2474V,Velociraptors,Walnut Grove Robotics,Texas - Region 5,United States
3463,38,0,38,2,38,2026-01-24 17:47:53,2026-02-21 18:21:48,31,0,11442Y,Princess Chainsaw Kitty,The Hewitt School,New York-South,United States
3464,38,0,38,2,38,2025-12-20 18:41:27,2026-01-10 17:15:32,0,0,45224A,Aperture Science,SOUTH RANGE HIGH SCHOOL,Ohio,United States
3465,38,2,36,2,36,2026-02-05 02:05:32,2026-02-05 00:25:54,0,0,60924A,JAGUARES CLUB SLB-SEED TEC 11 VEX 5 HS VRC,Dowell Schlumberger de Mexico,Mexico,Mexico
3466,38,1,37,1,37,2025-10-29 15:55:20,2025-10-29 15:16:45,0,0,38241W,BBL Bots,FAITH ACADEMY,Alabama,United States
3467,38,1,37,1,37,2025-12-20 18:20:38,2025-12-20 18:17:14,0,0,3465A,Bread > Key,Great Plains Lutheran High School,South Dakota,United States
3468,38,1,37,1,37,2026-02-04 23:37:07,2026-02-04 23:45:00,0,0,43542A,CONALEP PACHUCA II,Colegio Nacional de Educación Profesional Técnica  288 Pachuca II,Mexico,Mexico
3469,38,0,38,0,38,,2025-12-31 00:15:49,0,7,79793X,RoboPirates,MAGNOLIA SCIENCE ACADEMY SANTA ANA,California - Region 4,United States
3470,38,0,38,0,38,2025-10-04 17:41:08,2026-01-10 16:59:01,52,0,71723A,BagelBots,High school Richmond area,Virginia,United States
3471,38,0,38,0,38,2026-01-23 20:13:00,2026-01-23 20:27:10,0,0,643E,shake n bake,OAK MOUNTAIN HIGH SCHOOL,Alabama,United States
3472,38,0,38,0,38,2026-01-31 20:37:58,2026-01-31 20:46:30,0,0,6007R,Quantum Flux,Rolling Robots West LA,California - Region 4,United States
3473,38,0,38,0,38,,2025-12-07 17:38:44,0,0,12220D,Team Devol,MEGASTEAM ACADEMY,British Columbia (BC),Canada
3474,38,0,38,0,38,,2025-12-20 04:18:40,0,0,92269Z,Potato Chip,"Shanghai United International School, Qingpu Campus",East China,China
3475,38,0,38,0,38,,2026-01-24 06:23:55,0,0,12938M,MakatriX,Makati High School,Philippines,Philippines
3476,38,0,38,0,38,,2026-01-31 15:45:46,0,0,8336Z,IRS,HIALEAH GARDENS SENIOR HIGH SCHOOL,Florida - South,United States
3477,38,0,38,0,38,,2026-01-31 16:55:37,0,0,40D,Ben,Trinity High School,New Hampshire/Vermont,United States
3478,38,0,38,0,38,,2026-01-31 18:29:57,0,0,43426J,Rubber Ducks,Girl Scouts of Northern CA,California - Region 2,United States
3479,38,0,38,0,38,,2026-02-14 17:29:16,0,0,20858C,ROBO-HAWKS C,EXETER HIGH SCHOOL,New Hampshire/Vermont,United States
3480,38,0,38,0,38,,2026-02-14 22:15:02,0,0,569B,NightHawk Robotics Club,MURRIETA VALLEY HIGH,California - Region 4,United States
3481,37,26,11,26,18,2026-03-15 17:22:19,2026-02-14 18:04:28,0,0,90722A,Green Knights,NOTRE DAME HIGH SCHOOL,Connecticut,United States
3482,37,20,17,20,17,2026-02-01 20:00:00,2026-02-01 18:48:42,57,0,1011R,Ten Ton Robotics,West Vancouver School District #45,British Columbia (BC),Canada
3483,37,20,17,20,17,2026-02-08 00:04:55,2026-02-07 21:28:44,56,0,45519B,Blitz,STEM Innovation Academy,Alberta/Saskatchewan,Canada
3484,37,20,17,20,17,2026-02-07 16:15:20,2026-02-07 16:08:25,53,0,4101B,Rebekka's Pairntt's,Hillsboro Middle/high School,Kansas,United States
3485,37,20,17,20,21,2026-01-31 20:38:56,2025-12-13 21:19:38,0,0,46167D,The Wolfpack - Fenrir,The Institute of Technology and Engineering at Ranchview High School,Texas - Region 5,United States
3486,37,20,17,20,21,2026-02-14 16:40:29,2026-03-14 20:18:56,0,0,4478J,J.A.M.,MASUK HIGH SCHOOL,Connecticut,United States
3487,37,20,17,20,18,2026-02-21 16:48:33,2026-03-07 17:48:52,0,0,3389B,TecTigers,Wicomico County Robotics Club,Delmarva,United States
3488,37,16,21,16,21,2026-01-24 16:44:03,2026-01-24 17:35:00,33,3,14711C,Dino Nuggets,Belfast School,New York-North,United States
3489,37,15,22,15,22,2026-02-08 17:35:18,2026-02-08 17:55:11,59,7,59708C,Sinister Cephalopods,PARKWAY CENTRAL HIGH,Missouri,United States
3490,37,15,22,15,22,2026-02-28 14:33:10,2026-02-28 17:17:49,58,5,47126Z,Gear-rillas,HENRYVILLE JR & SR HIGH SCHOOL,Indiana - Region 3 - South,United States
3491,37,15,22,15,22,2026-02-21 22:23:27,2026-02-21 23:25:40,60,0,2918C,GCEC,Glenfield College,New Zealand,New Zealand
3492,37,15,22,15,23,2026-02-06 20:38:02,2026-02-14 18:12:23,59,0,1532Z,Zeon,Bemidji VEX Robotics,Minnesota,United States
3493,37,15,22,15,22,2026-02-21 17:58:46,2026-02-21 17:20:03,59,0,4621B,Titan - Cronus,FRONTIER HIGH,California - Region 3,United States
3494,37,15,22,15,22,2026-02-28 14:43:53,2026-02-07 21:02:42,59,0,50914A,Rust Buckets,COLUMBIA ACADEMY,Tennessee,United States
3495,37,15,22,15,28,2025-11-15 23:10:44,2025-11-08 22:51:11,58,0,507C,Mustang Robotics,OTAY RANCH SENIOR HIGH,California - Region 4,United States
3496,37,15,22,15,22,2026-02-03 15:41:51,2026-02-03 14:33:31,57,0,11412A,Monster Drivers,City of Riihimaki,Finland,Finland
3497,37,15,22,15,22,2026-02-14 20:56:14,2026-02-14 17:38:48,57,0,99402Z,Zenith,THE ACADEMIES AT JONESBORO HIGH SCHOOL,Arkansas,United States
3498,37,15,22,15,22,2026-01-17 19:32:45,2025-12-13 19:10:42,59,0,9080H,Green Machine,SOUTH HAGERSTOWN HIGH,Maryland,United States
3499,37,15,22,15,22,2026-02-20 23:43:18,2026-01-24 15:03:17,59,0,13907C,Great Scott!,AUTAUGA COUNTY TECHNOLOGY CENTER,Alabama,United States
3500,37,15,22,15,26,2026-01-18 15:53:43,2025-12-20 17:21:29,54,0,7686H,Heat Wave,Tiger Robotics (Harrisburg School District),South Dakota,United States
3501,37,15,22,15,22,2026-02-27 12:52:55,2026-02-27 13:00:37,54,0,3116J,Team Control Freaks VOID,The John Warner School,United Kingdom,United Kingdom
3502,37,15,22,15,22,2026-03-04 18:09:31,2026-03-04 19:55:47,54,0,14895A,Roll Out Robotics,Wellsville Secondary School,New York-North,United States
3503,37,15,22,15,22,2026-01-31 00:50:56,2026-02-21 20:27:15,59,0,69247A,The Wriggles,TUALATIN HIGH SCHOOL,Oregon,United States
3504,37,15,22,15,22,2026-03-01 19:15:57,2026-03-01 19:18:42,42,0,59218A,Cedar  Grove Panthers,CEDAR GROVE HIGH SCHOOL,New Jersey,United States
3505,37,15,22,15,24,2026-02-21 21:36:48,2025-11-28 23:55:40,0,0,8757C,STEAM-ED Robotics C,STEAM-ED Charitable Trust,New Zealand,New Zealand
3506,37,15,22,15,22,2026-02-14 21:24:58,2026-01-10 19:49:49,60,0,8598A,Robot Overlords,Maricopa Homeschool Robotics,Arizona,United States
3507,37,15,22,15,22,2026-02-20 08:26:33,2026-02-11 02:55:25,59,0,87546B,1MotorDRV,Korea International School,South Korea,"Korea, Republic of"
3508,37,15,22,15,22,2026-01-18 18:20:49,2025-12-11 16:25:02,58,0,39110A,Unfinished Senten-,Germantown High School,Mississippi,United States
3509,37,15,22,15,22,2026-02-27 16:43:18,2026-01-16 19:27:13,56,0,31102A,Ninja Turtles,Louisiana Christian Univesity,Louisiana,United States
3510,37,15,22,15,22,2025-11-08 19:29:16,2025-12-03 00:12:02,54,0,37167R,Talons Of Steel,Stewarts Creek HS JROTC,Tennessee,United States
3511,37,15,22,15,22,2026-01-17 20:25:19,2026-01-24 20:05:02,52,0,3743B,Soup,ERIE HIGH SCHOOL,Colorado,United States
3512,37,15,22,15,35,2026-02-20 23:21:44,2026-02-11 06:51:43,0,0,87546E,404,Korea International School,South Korea,"Korea, Republic of"
3513,37,15,22,15,26,2026-01-17 19:53:34,2026-02-07 19:09:23,0,13,59322B,3.14TT,Pitt Meadows Secondary School,British Columbia (BC),Canada
3514,37,15,22,15,26,2026-02-21 20:59:44,2025-11-15 20:01:21,0,6,16577A,KCHS Spaghetti,Kennedy Catholic High School,Washington,United States
3515,37,15,22,15,25,2026-01-31 16:33:15,2026-01-17 19:00:01,0,0,14353S,Zebra Robotics- Dragon Volts,Zebra Robotics Edmonton,Alberta/Saskatchewan,Canada
3516,37,15,22,15,23,2026-02-07 19:41:35,2026-02-21 18:22:20,0,0,23184C,CEC Robo Eagles - Cursed,CONWELL EGAN CATHOLIC HIGH SCHOOL,Pennsylvania - East,United States
3517,37,15,22,15,22,2025-11-30 20:01:46,2025-11-30 20:00:02,0,0,82450A,Ishtar Team,AI Incubator/Al-Mustaqbal University,Iraq,Iraq
3518,37,15,22,15,22,2025-12-18 19:55:35,2025-12-18 19:37:52,0,0,81231B,Lincoln Bravo,LINCOLN (ABRAHAM) HIGH,California - Region 2,United States
3519,37,15,22,15,22,2026-01-10 19:51:22,2026-01-10 19:29:13,0,0,727K,727 Alpha,TAMPA PREPARATORY SCHOOL,Florida - North/Central,United States
3520,37,15,22,15,22,2026-01-17 19:13:19,2026-01-17 19:11:13,0,0,56M,Aksel,CAPE ELIZABETH HIGH SCHOOL,Maine,United States
3521,37,15,22,15,22,2026-01-31 14:07:27,2026-01-31 14:09:28,0,0,1695B,"Hand Tigers B ""Banter""",DANIEL HAND HIGH SCHOOL,Connecticut,United States
3522,37,15,22,15,22,2026-02-07 18:27:57,2026-02-07 16:19:37,0,0,72527D,Relatively Painful,St Croix Lutheran Academy,Minnesota,United States
3523,37,15,22,15,22,2026-02-14 16:27:06,2026-02-14 16:29:27,0,0,32219B,6Kevin,UPPER SAINT CLAIR HIGH SCHOOL,Pennsylvania - West,United States
3524,37,15,22,15,22,2026-02-14 17:29:34,2026-02-14 15:28:47,0,0,32610C,Cyclone,AVON HIGH SCHOOL,Connecticut,United States
3525,37,15,22,15,22,2026-02-14 21:22:01,2026-02-14 19:47:26,0,0,5999S,Eagle Spirit,NORTHEAST HIGH,Tennessee,United States
3526,37,15,22,15,22,2026-02-28 18:50:02,2026-02-28 20:50:11,0,0,69315C,"TurkeyBots ",ST MARY'S EPISCOPAL SCHOOL,Tennessee,United States
3527,37,15,22,15,22,2026-03-08 15:13:47,2026-03-08 20:37:16,0,0,44713K,Phantoms of the Mountains,Woodrow Wilson High School,West Virginia,United States
3528,37,15,22,15,22,2026-03-08 20:55:09,2026-03-09 13:11:20,0,0,24213A,Polar Bots,FAIRMONT SENIOR HIGH SCHOOL,West Virginia,United States
3529,37,6,31,6,31,2025-11-08 05:11:06,2025-11-08 07:49:36,0,0,54000H,TIEYI ICC-H,XIAN TIEYI ICC,West China,China
3530,37,0,37,5,37,2025-12-20 18:45:33,2026-02-13 18:30:40,0,0,75160X,Xplode,TERRELL HIGH SCHOOL,Texas - Region 2,United States
3531,37,5,32,5,36,2026-02-19 16:54:39,2026-02-07 21:12:30,0,0,4647B,Dangerous Dino Delinquents,MADISON SENIOR HIGH SCHOOL,Idaho,United States
3532,37,5,32,5,32,2026-01-17 20:34:13,2026-01-17 20:09:09,0,0,301B,The Banana Men,TAVARES HIGH SCHOOL,Florida - North/Central,United States
3533,37,0,37,2,37,2026-02-08 15:32:59,2026-02-27 19:09:36,0,0,50480A,Spartronics - F.R.O.G.,IMLAY CITY HIGH SCHOOL,Michigan,United States
3534,37,2,35,2,35,2026-02-21 19:14:18,2026-02-21 19:23:31,35,0,45434E,Nebula,Beavercreek Robotics Club,Ohio,United States
3535,37,1,36,1,36,2026-01-17 01:07:05,2026-01-17 02:42:34,0,0,2769C,RoboNova,Canberra Secondary School,Singapore,Singapore
3536,37,0,37,0,37,2026-02-28 16:30:45,2026-02-28 22:43:08,55,4,71056A,Spin Cycle,SPRINGDALE HIGH SCHOOL,Arkansas,United States
3537,37,0,37,0,37,2025-12-06 19:39:25,2026-01-10 20:04:12,28,0,354X,InvestiGators,O'CONNOR HIGH SCHOOL,Texas - Region 4,United States
3538,37,0,37,0,37,2026-02-20 00:00:04,2026-02-19 23:16:05,0,0,6403W,Work in Progresses,Brookside High School,Ohio,United States
3539,37,0,37,0,37,,2025-10-25 06:26:49,0,0,3156A,NBNW,NingboForeignLanguageSchool,East China,China
3540,37,0,37,0,37,,2026-01-03 23:48:17,0,0,2467C,Saber Dynamics,James Campbell High School,Hawaii,United States
3541,37,0,37,0,37,,2026-01-31 16:14:04,0,0,41411C,Alpha Panthers,DUNCANVILLE HIGH SCHOOL,Texas - Region 2,United States
3542,37,0,37,0,37,,2026-02-04 00:03:33,0,0,44691R,Force of Nature,WOOSTER HIGH SCHOOL,Ohio,United States
3543,37,0,37,0,37,,2026-02-07 08:10:59,0,0,29930A,CBS HS,Canadian Bilingual School,Kuwait,Kuwait
3544,36,20,16,20,22,2026-01-10 16:20:39,2026-02-07 19:56:36,54,0,76892C,Ultraviolet,Sayre High School,Oklahoma,United States
3545,36,0,36,20,36,2026-02-07 18:58:10,2025-12-06 13:20:13,0,0,3142X,Solve for X,The Paideia School,Georgia,United States
3546,36,15,21,16,21,2025-10-25 15:44:56,2025-11-22 20:29:23,0,0,80452A,The Roman's,Sheridan High School,Arkansas,United States
3547,36,15,21,15,22,2026-02-07 17:54:54,2026-01-18 18:36:30,57,0,94517W,The Normal Guys,Clayton Valley Charter High School,California - Region 2,United States
3548,36,15,21,15,21,2026-03-06 18:14:14,2026-03-06 17:46:25,54,15,12740B,Cain Marko,PEBBLE HILLS HIGH SCHOOL,Texas - Region 1,United States
3549,36,15,21,15,23,2026-02-21 18:52:08,2025-12-06 21:09:21,58,0,6891V,Venom,Faith Lutheran High School,Nevada,United States
3550,36,15,21,15,21,2025-09-22 03:09:46,2025-09-22 03:41:35,59,4,68076H,Mat2BIG,Loreto College,Australia,Australia
3551,36,15,21,15,21,2026-01-17 06:57:20,2026-01-17 07:00:31,59,3,21169W,Eggs on Kruh,Stamford American School Hong Kong,Hong Kong,Hong Kong
3552,36,15,21,15,21,2026-01-10 20:12:08,2026-01-10 18:49:41,59,0,7460D,Iron Punk,APOLLO HIGH SCHOOL,Kentucky,United States
3553,36,15,21,15,21,2026-02-06 20:44:43,2026-02-06 17:11:54,59,0,5300B,Wall-E 2.0,WIN-E-MAC SECONDARY,Minnesota,United States
3554,36,15,21,15,21,2026-02-07 08:37:35,2026-02-07 06:01:35,59,0,5039B,CMT-S2,TWGHS Chang Ming Thien College,Hong Kong,Hong Kong
3555,36,15,21,15,21,2025-11-23 17:14:26,2026-01-10 15:25:24,50,23,79096A,Fighting Falcons,HEIGHTS HIGH AFJROTC,Kansas,United States
3556,36,15,21,15,21,2025-12-06 19:46:16,2025-12-06 15:39:26,57,0,16859D,Toon Squad,LAKEWAY CHRISTIAN ACADEMY,Tennessee,United States
3557,36,15,21,15,21,2026-02-07 06:43:02,2026-02-07 06:17:06,57,0,85202T,33451B,China Holiness College,Hong Kong,Hong Kong
3558,36,15,21,15,23,2026-01-31 16:34:32,2026-01-17 19:50:05,56,0,344Z,"Veni, Vidi, Vexi",SCARBOROUGH HIGH SCHOOL,Maine,United States
3559,36,15,21,15,21,2026-02-07 16:43:26,2026-02-07 15:24:16,56,0,16802S,Sailbots,MADISON CENTRAL HIGH SCHOOL,Mississippi,United States
3560,36,15,21,15,21,2025-12-13 17:55:51,2026-02-03 22:27:49,58,0,76543M,Garage Muppets,SOUTH-WESTERN CAREER ACADEMY,Ohio,United States
3561,36,15,21,15,21,2026-01-24 21:43:24,2026-01-24 20:19:33,55,0,67352B,NVCA #2,NORTH VALLEY CHRISTAIN ACADEMY,Arizona,United States
3562,36,15,21,15,21,2026-02-20 23:38:20,2026-02-20 23:40:26,52,2,87546M,S²,Korea International School,South Korea,"Korea, Republic of"
3563,36,15,21,15,21,2025-12-06 19:58:25,2026-02-14 18:15:38,55,0,3211A,Black Pearl,Scouts BSA - Troop 211,Minnesota,United States
3564,36,15,21,15,21,2026-01-31 21:08:20,2026-01-31 20:09:50,52,0,31331B,Glenforest Gryphons,Glenforest Secondary School,Ontario,Canada
3565,36,15,21,15,21,2026-02-28 11:40:44,2026-02-27 16:55:19,52,0,34071A,HG5_ELECTR!C,Haberdashers' Girls School,United Kingdom,United Kingdom
3566,36,15,21,15,21,2025-11-08 17:55:25,2025-11-08 17:01:08,45,7,916A,BobCATS,CENTER FOR ADVANCED TECHNICAL STUDIES,South Carolina,United States
3567,36,15,21,15,21,2026-02-28 18:07:05,2026-02-28 19:40:01,51,0,33172R,Doral Robotics,Doral Academy Charter High School,Florida - South,United States
3568,36,15,21,15,26,2026-02-14 19:00:51,2026-02-21 21:04:58,50,0,5327U,Gael Force U,DUBLIN HIGH SCHOOL,California - Region 2,United States
3569,36,15,21,15,21,2026-01-24 04:05:02,2026-01-24 03:03:45,49,0,67166A,TitanTech,Southville International School and Colleges,Philippines,Philippines
3570,36,15,21,15,21,2026-02-06 22:50:40,2026-02-07 16:11:42,41,0,3300B,Artemis,Western Canada High School,Alberta/Saskatchewan,Canada
3571,36,15,21,15,21,2026-02-14 21:48:05,2026-02-14 20:50:13,0,12,7842D,Dog Named Jeremy,Robotics71 - School District #71,Vancouver Island (BC),Canada
3572,36,0,36,15,36,2025-12-12 02:19:53,2026-02-07 19:09:50,58,0,99621W,Questionable Design,SHORECREST HIGH SCHOOL,Washington,United States
3573,36,15,21,15,21,2025-12-20 15:35:26,2026-01-25 19:43:26,54,0,93330B,Stripes,BALTIMORE POLYTECHNIC INSTITUTE,Maryland,United States
3574,36,15,21,15,29,2025-11-12 00:12:30,2026-02-28 16:31:07,0,0,37167F,Talons Of Steel,STEWARTS CREEK HIGH SCHOOL,Tennessee,United States
3575,36,15,21,15,25,2026-01-31 16:54:26,2025-11-22 16:37:37,0,0,1815W,WCS CATaclysm - Wonderless,WESTBURY CHRISTIAN SCHOOL,Texas - Region 3,United States
3576,36,15,21,15,21,2025-11-22 16:57:18,2025-11-22 16:59:18,0,0,11864B,Duplex Vexillum,BLAIR HIGH SCHOOL,Nebraska,United States
3577,36,15,21,15,21,2026-01-31 20:38:00,2026-01-31 21:29:51,0,0,9520A,Ignis,Iowa Park High School,Texas - Region 5,United States
3578,36,15,21,15,21,2026-02-07 00:45:07,2026-02-07 18:33:16,0,0,99197F,Rubbish Inferno,Bowness High School,Alberta/Saskatchewan,Canada
3579,36,15,21,15,21,2026-02-07 18:28:15,2026-02-07 18:29:59,0,0,22023G,The Lightning McQueens,Bulldog Bytes - Springfield High,Louisiana,United States
3580,36,15,21,15,21,2026-02-08 20:43:19,2026-02-08 21:12:06,0,0,99371F,Disqualified,OAK PARK & RIVER FOREST HIGH SCH,Illinois,United States
3581,36,15,21,15,21,2026-02-21 20:16:14,2026-02-21 15:44:02,0,0,99751J,Justice,Colorado Early College Fort Collins,Colorado,United States
3582,36,15,21,15,21,2026-02-21 21:15:56,2026-02-21 20:51:12,0,0,93465T,Templeton Robotics Club,TEMPLETON HIGH,California - Region 3,United States
3583,36,15,21,15,21,2026-03-07 22:03:19,2026-03-07 21:57:35,0,0,29760B,Bagel Battalion,SHASTA CHARTER ACADEMY,California - Region 1,United States
3584,36,7,29,7,29,2026-01-09 23:09:06,2026-01-09 23:12:18,0,0,2360H,Helix,Neuqua Valley High School,Illinois,United States
3585,36,6,30,6,34,2026-02-07 16:01:29,2026-01-19 15:41:06,0,0,5501X,Tech Support,GUILDERLAND HIGH SCHOOL,New York-North,United States
3586,36,6,30,6,30,2026-01-24 02:57:24,2026-01-24 02:04:28,0,0,81083C,Fish_it,Yantai Huasheng International School,Middle China,China
3587,36,5,31,5,31,2026-03-06 02:48:34,2026-03-06 02:59:51,10,2,91532A,RoboBats-Eastwood JROTC,EASTWOOD HIGH SCHOOL,Texas - Region 1,United States
3588,36,5,31,5,31,2026-01-17 02:18:09,2026-01-17 03:20:08,0,0,8059J,Blank.,Anglo-Chinese School (Independent),Singapore,Singapore
3589,36,4,32,4,32,2026-02-21 18:38:31,2026-02-21 18:23:31,0,0,7870N,N.E.R.D.S,CORONADO HIGH SCHOOL,Nevada,United States
3590,36,3,33,3,33,2026-02-07 11:39:58,2026-02-07 11:37:33,50,6,80745B,Robotica,St. Modan's High School,United Kingdom,United Kingdom
3591,36,3,33,3,33,2026-01-17 18:13:37,2026-01-17 15:09:53,0,0,785W,Pathfinder Tech W,Pathfinder Vocational Technical,Massachusetts,United States
3592,36,3,33,3,33,2026-02-15 19:34:39,2026-02-15 18:26:33,0,0,38211C,Centereach Cougears,CENTEREACH HIGH SCHOOL,New York-South,United States
3593,36,1,35,1,35,2026-01-10 17:53:04,2026-01-10 17:43:07,0,0,69131J,WRHS GRIMLOCK,WESTON RANCH HIGH,California - Region 2,United States
3594,36,0,36,0,36,2026-02-08 02:22:22,2026-02-08 02:20:10,59,0,936A,HKIS Actinium,Hong Kong International School,Hong Kong,Hong Kong
3595,36,0,36,0,36,2026-02-21 03:25:49,2026-02-21 22:59:15,45,0,88397C,Syntax Error,"St Andrew's College, Christchurch",New Zealand,New Zealand
3596,36,0,36,0,36,,2026-01-17 18:33:39,0,18,70291A,DINOCO,Commerce High School,Texas - Region 2,United States
3597,36,0,36,0,36,2025-10-25 03:48:20,2025-10-25 03:19:13,0,0,13818A,QRCA,AAA Training and Tuition (RTO 46396),Australia,Australia
3598,36,0,36,0,36,,2025-11-22 16:31:20,0,0,19697A,Phantom Troupe,JORDAN HIGH SCHOOL,Texas - Region 3,United States
3599,36,0,36,0,36,,2025-12-20 16:54:05,0,0,43452D,Gearoids,PORT CLINTON HIGH SCHOOL,Ohio,United States
3600,36,0,36,0,36,,2025-12-20 20:52:54,0,0,2477X,Marauder Rascals,Waipahu High School,Hawaii,United States
3601,36,0,36,0,36,,2026-02-11 06:53:50,0,0,3723X,High Stakes,Seoul Foreign School,South Korea,"Korea, Republic of"
3602,36,0,36,0,36,,2026-02-14 19:26:41,0,0,13876B,KCHS #2,CATHOLIC HIGH SCHOOL OF KEARNEY,Nebraska,United States
3603,36,0,36,0,36,,2026-02-21 18:17:15,0,0,40001Y,Not Found,Arguelles,Virginia,United States
3604,35,1,34,30,34,2026-02-03 05:18:19,2025-10-26 05:29:37,0,0,7139A,Beijing Bayi School-A北京市八一学校,Beijing Bayi School,North China,China
3605,35,15,20,15,20,2025-12-13 02:44:46,2025-12-13 02:03:18,58,35,5686J,Jack N Box 2,Mazama High School,Oregon,United States
3606,35,15,20,15,20,2026-01-30 22:42:13,2026-01-30 23:02:20,59,30,2990Y,Y US,West Salem High School,Oregon,United States
3607,35,15,20,15,22,2026-01-23 20:54:26,2025-12-13 17:50:53,60,0,4454D,Distortion,Timothy Christian High School,Illinois,United States
3608,35,15,20,15,29,2026-01-31 00:45:22,2025-11-22 18:32:17,59,0,20281B,Hypothesis,SOUTH SALEM HIGH SCHOOL,Oregon,United States
3609,35,15,20,15,20,2026-02-07 21:33:08,2026-02-07 20:46:16,45,35,45519G,Rogue,STEM Innovation Academy,Alberta/Saskatchewan,Canada
3610,35,15,20,15,20,2026-01-31 15:12:12,2026-01-17 15:19:28,60,20,9421S,Supersonic,Framingham High School,Massachusetts,United States
3611,35,15,20,15,20,2026-02-21 19:46:31,2026-02-21 19:45:03,55,23,69580Z,Blindsided,New Mexico Military Institute,New Mexico,United States
3612,35,15,20,15,20,2025-12-13 17:44:39,2025-12-13 19:57:20,59,9,61982A,Giggletron,GORDON SCHOOL,Texas - Region 5,United States
3613,35,15,20,15,33,2026-02-10 17:03:42,2025-12-13 19:59:21,57,0,1505C,HC Robo Raiders,Holy Cross Catholic Secondary School,Ontario,Canada
3614,35,15,20,15,20,2025-12-13 19:16:29,2025-12-13 21:29:43,56,6,526B,Real Steel,MENASHA HIGH,Wisconsin,United States
3615,35,15,20,15,24,2025-12-13 14:36:07,2026-01-10 15:54:18,60,0,4478T,Tokyo,Masuk High School Robotics team inc,Connecticut,United States
3616,35,15,20,15,20,2026-02-07 15:56:26,2026-02-07 16:06:47,60,0,99197V,The Visionary's,Bowness High School,Alberta/Saskatchewan,Canada
3617,35,15,20,15,20,2026-02-14 20:48:16,2026-02-14 21:08:28,60,0,2349G,OPS- Dumpster Fire,Central High School,Nebraska,United States
3618,35,15,20,15,20,2025-11-10 02:04:09,2025-11-09 23:52:30,59,0,12223Y,Operation Spork,Pembroke School,Australia,Australia
3619,35,15,20,15,20,2026-01-19 20:52:33,2026-01-19 21:18:29,59,0,42368C,Fast + Furious,BURKBURNETT HIGH SCHOOL,Texas - Region 5,United States
3620,35,15,20,15,20,2026-02-20 00:40:40,2026-02-20 00:50:09,59,0,5405X,Pridetronics Prizmatic,Mountain Pointe High School,Arizona,United States
3621,35,15,20,15,21,2026-02-10 23:39:34,2025-12-06 17:11:25,58,0,72301D,Forks Up,THE ACADEMIES OF WEST MEMPHIS CHARTER SCHOOL,Arkansas,United States
3622,35,15,20,15,20,2026-01-17 21:07:28,2026-01-17 21:15:15,58,0,52430E,Infinitrix,BASIS AHWATUKEE,Arizona,United States
3623,35,15,20,15,20,2026-01-31 22:36:46,2026-01-31 23:00:41,58,0,79089B,VHTPA Team B,DR. RICHARD A. VLADOVIC HARBOR TEACHER PREPARATION ACADEMY,California - Region 4,United States
3624,35,15,20,15,20,2026-02-10 23:17:47,2026-02-10 23:25:34,58,0,99402X,VE-X-Calibur,THE ACADEMIES AT JONESBORO HIGH SCHOOL,Arkansas,United States
3625,35,15,20,15,30,2026-02-28 16:01:15,2025-11-15 18:21:08,57,5,14100H,N/A,West Cabarrus HIgh School,North Carolina,United States
3626,35,15,20,15,20,2026-02-26 18:42:36,2026-02-26 19:58:49,57,0,1562A,SSHS Team 1,Shady Spring High School,West Virginia,United States
3627,35,15,20,15,20,2026-02-21 18:35:54,2026-02-07 17:19:19,58,0,63857A,Anti-Virus,Mashpee Middle High School,Massachusetts,United States
3628,35,15,20,15,20,2025-11-22 17:18:17,2025-11-22 18:40:28,56,0,1697B,No Time for Regrets,HALL HIGH SCHOOL,Connecticut,United States
3629,35,15,20,15,20,2026-02-21 20:43:23,2026-02-21 17:47:37,56,0,967D,Dapamander,Russellville High School,Arkansas,United States
3630,35,15,20,15,20,2026-02-28 17:44:04,2026-02-08 19:42:21,57,0,38053X,Half & Half,OAKLAND CHRISTIAN SCHOOL,Michigan,United States
3631,35,15,20,15,25,2026-01-17 10:45:04,2025-11-29 14:09:16,55,0,37596A,StB-Bumblebee,St Benedict's Ealing,United Kingdom,United Kingdom
3632,35,15,20,15,20,2025-11-29 17:33:01,2025-11-29 18:34:00,55,0,31331A,Glenforest Gryphons,Glenforest Secondary School,Ontario,Canada
3633,35,15,20,15,20,2026-02-14 18:53:47,2026-02-14 20:11:10,55,0,79096F,Dreaded Falcons,HEIGHTS HIGH AFJROTC,Kansas,United States
3634,35,15,20,15,20,2026-02-15 16:16:36,2026-02-15 17:33:35,55,0,8568S,Knights,NORTH ANDOVER HIGH,Massachusetts,United States
3635,35,15,20,15,20,2026-02-21 20:30:26,2026-02-21 20:53:00,55,0,99905B,RoboGryphs,ST GEORGE'S INDEPENDENT SCHOOL,Tennessee,United States
3636,35,15,20,15,35,2026-01-26 15:03:37,2025-12-18 20:27:52,53,0,96915A,Dolphins,SOUTHERN HIGH SCHOOL,Guam,Guam
3637,35,15,20,15,33,2025-11-20 20:08:55,2026-02-26 19:29:45,52,0,8892R,Lab Rats,DELHI CHARTER SCHOOL,Louisiana,United States
3638,35,15,20,15,20,2026-01-31 17:53:51,2026-01-31 15:57:29,52,0,46390A,Tri-Township Robotics,Tri-Township School,Indiana - Region 1 - North,United States
3639,35,15,20,15,20,2026-03-09 14:53:56,2026-03-08 19:01:24,52,0,26330A,Pit Crew,BRIDGEPORT HIGH SCHOOL,West Virginia,United States
3640,35,15,20,15,20,2025-11-29 15:59:40,2025-11-29 16:05:59,0,51,58676C,Corsaires Cyclone,Ecole Pointe-Lévy,Quebec,Canada
3641,35,15,20,15,20,2026-02-07 21:12:03,2026-02-07 15:04:49,49,0,5999G,Eagle Unknown,NORTHEAST HIGH,Tennessee,United States
3642,35,15,20,15,30,2025-11-16 00:39:42,2026-01-10 19:31:09,48,0,83365A,EU Lancer,EAST UNION HIGH,California - Region 2,United States
3643,35,15,20,15,20,2026-03-14 15:13:28,2026-03-14 19:23:38,0,44,55885Y,Artemis,La Cueva High School,New Mexico,United States
3644,35,15,20,15,20,2026-01-24 15:39:05,2026-01-24 17:13:54,0,42,16346U,No Idea!,CRANBERRY AREA JSHS,Pennsylvania - West,United States
3645,35,15,20,15,21,2025-09-22 02:56:14,2025-12-07 00:22:00,59,0,41103W,Why-Angle,Pedare Christian College,Australia,Australia
3646,35,15,20,15,20,2025-11-01 17:09:23,2026-01-23 01:58:01,47,5,3743D,Golbdfish (Goal-ba-da-fish),ERIE HIGH SCHOOL,Colorado,United States
3647,35,0,35,15,35,2026-01-24 12:14:25,2026-02-28 10:56:15,59,2,1408V,Venom,King Henry VIII School,United Kingdom,United Kingdom
3648,35,15,20,15,20,2025-12-06 16:28:28,2025-12-06 17:55:33,1,1,3246B,Paladins 2,SOUTH PLANTATION HIGH SCHOOL,Florida - South,United States
3649,35,15,20,15,21,2026-02-07 19:31:04,2026-01-10 20:47:22,1,0,3018A,Vexcalibur,Techna Pwn Robotics,Iowa,United States
3650,35,15,20,15,20,2026-01-17 15:20:36,2026-02-07 15:35:36,58,0,5735M,Banana Bots,ST MARTIN HIGH SCHOOL,Mississippi,United States
3651,35,15,20,15,25,2025-12-31 17:50:24,2026-02-04 23:56:21,54,0,99067Z,Thermal Jagwires,DESERT RIDGE SCHOOL OF INNOVATION,Arizona,United States
3652,35,15,20,15,20,2026-02-24 13:10:21,2026-01-27 09:56:26,51,0,51316A,The Institute Of Education,The Institute of education,Ireland,Ireland
3653,35,3,32,15,32,2026-01-10 19:19:16,2026-03-14 20:06:19,0,0,17814Z,VEXAtomic,WESTON HIGH SCHOOL,Connecticut,United States
3654,35,15,20,15,29,2025-10-16 22:10:57,2026-02-02 14:04:24,0,0,89437A,Trap Card,HARGRAVE HIGH SCHOOL,Texas - Region 3,United States
3655,35,15,20,15,29,2026-02-07 19:19:04,2026-01-17 20:54:46,0,0,47874D,"Tetanus -- Kelvin H, JD Kennedy, Madden K",SQUALICUM HIGH SCHOOL,Washington,United States
3656,35,15,20,15,29,2026-02-14 18:05:29,2025-11-15 18:34:05,0,0,34743A,"Saugus Robotics ","Saugus High School ",California - Region 4,United States
3657,35,15,20,15,27,2026-02-07 01:59:47,2026-01-16 01:53:55,0,8,8931C,V-Bots Ligers,LAKE STEVENS SR HIGH SCHOOL,Washington,United States
3658,35,15,20,15,26,2026-03-04 15:35:22,2026-02-01 17:41:35,0,12,1716D,Hazardous,NIAGARA FALLS HIGH SCHOOL,New York-North,United States
3659,35,15,20,15,26,2026-02-27 23:34:13,2026-01-18 18:05:02,0,0,7686N,Nemesis,Tiger Robotics (Harrisburg School District),South Dakota,United States
3660,35,15,20,15,25,2026-02-14 20:58:57,2026-01-24 18:38:37,0,0,78780C,VEX Vertex,PINECREST ACADEMY OF NEVADA CADENCE,Nevada,United States
3661,35,15,20,15,23,2026-01-25 20:38:29,2026-02-22 21:26:49,0,0,733C,NP3 Pirates C,NATOMAS PACIFIC PATHWAYS PREP,California - Region 2,United States
3662,35,15,20,15,23,2026-02-07 18:07:17,2025-11-08 22:00:50,0,0,22023C,Munchiesaurus,Bulldog Bytes - Springfield High,Louisiana,United States
3663,35,15,20,15,21,2025-11-20 21:49:01,2026-02-14 17:35:40,0,0,15800D,JK Squared - Omaha Westview HS JROTC,Westview High School,Nebraska,United States
3664,35,15,20,15,20,2026-02-14 18:56:04,2026-01-10 20:17:19,0,28,18640Z,Hungry Caterpillar- St. X (team Z),St Xavier High School,Kentucky,United States
3665,35,15,20,15,20,2026-02-14 17:07:22,2026-01-10 17:32:37,0,3,97834D,OIA - Duck Squad,OWENSBORO INNOVATION ACADEMY,Kentucky,United States
3666,35,15,20,15,20,2025-12-18 21:27:17,2025-12-18 21:23:26,0,0,862C,Jaguar Robotics,KING COLLEGE PREP HIGH SCHOOL,Illinois,United States
3667,35,15,20,15,20,2026-01-08 22:10:21,2026-01-08 22:23:19,0,0,75833A,The Avengers,CENTERVILLE JR-SR HIGH SCHOOL,Texas - Region 2,United States
3668,35,15,20,15,20,2026-01-16 06:43:20,2026-01-16 06:39:26,0,0,38657M,Chicken Chicken Come,Shrewsbury International School,Thailand,Thailand
3669,35,15,20,15,20,2026-01-31 16:48:31,2026-01-31 17:02:02,0,0,4303C,DroidMoney,FOREST PARK HIGH SCHOOL,Virginia,United States
3670,35,15,20,15,20,2026-02-01 20:46:57,2026-02-01 19:58:29,0,0,66757E,NeoC Trojans,NEOCITY ACADEMY,Florida - North/Central,United States
3671,35,15,20,15,20,2026-02-07 19:07:48,2026-02-07 18:01:49,0,0,55608A,Central Wildcat Robotics,Central Wildcat Robotics,Louisiana,United States
3672,35,15,20,15,20,2026-02-14 19:08:46,2026-02-14 19:17:54,0,0,53171P,A P and a Tod,Shoreland Lutheran High School,Wisconsin,United States
3673,35,15,20,15,20,2026-02-14 20:44:51,2026-02-14 19:31:19,0,0,55301C,Short Circuit,UNITED SOUTH CENTRAL HIGH SCHOOL,Minnesota,United States
3674,35,15,20,15,20,2026-02-16 16:21:25,2026-02-16 16:13:56,0,0,48546A,P.R.I.D.E. Cybercats/ Mechapaws,PRINCETON HIGH SCHOOL,Texas - Region 2,United States
3675,35,15,20,15,20,2026-02-16 17:10:45,2026-02-16 17:07:21,0,0,78987A,J.A.R.V.I.S.,Leonard High School,Texas - Region 2,United States
3676,35,15,20,15,20,2026-02-21 16:57:21,2026-02-21 17:05:09,0,0,35409A,Spearhead,WP DAVIDSON HIGH SCHOOL,Alabama,United States
3677,35,15,20,15,20,2026-02-21 18:09:13,2026-02-21 18:26:34,0,0,68000A,Talon Tech,St. Benedict at Auburndale,Tennessee,United States
3678,35,15,20,15,20,2026-02-21 18:48:41,2026-02-21 14:59:38,0,0,57660T,Galvanized,SPRING VALLEY HIGH SCHOOL,West Virginia,United States
3679,35,15,20,15,20,2026-02-21 20:22:51,2026-02-21 19:36:45,0,0,27591A,Lackey Chargers,Henry E. Lackey High School,Maryland,United States
3680,35,15,20,15,20,2026-02-26 19:41:44,2026-02-26 16:11:14,0,0,20601N,Secret Gemz,OAK HILL HIGH SCHOOL,Louisiana,United States
3681,35,15,20,15,20,2026-02-28 18:42:41,2026-02-28 19:37:58,0,0,33172S,Doral Robotics,Doral Academy Charter High School,Florida - South,United States
3682,35,15,20,15,20,2026-02-28 20:35:24,2026-02-28 17:17:35,0,0,90588A,Shamrock Clankers,Houston Co High School,Tennessee,United States
3683,35,15,20,15,20,2026-03-01 11:55:49,2026-03-01 11:57:38,0,0,11136A,ALEV Robotics,ÖZEL ALEV LİSESİ,Türkiye,Türkiye
3684,35,15,20,15,20,2026-03-08 15:53:53,2026-03-09 16:13:28,0,0,27183V,RipBotz Fan Club,RIPLEY HIGH SCHOOL,West Virginia,United States
3685,35,15,20,15,20,2026-03-14 16:39:56,2026-03-14 14:59:16,0,0,74027C,CompSci Cyber Eagles,CREC CompSci High,Connecticut,United States
3686,35,0,35,8,35,2025-11-22 19:13:59,2025-12-13 17:12:53,0,0,1860A,Little Bear Robotics,MOUNTAIN VIEW HIGH SCHOOL,Texas - Region 1,United States
3687,35,5,30,5,30,2026-02-02 20:16:59,2026-02-02 19:48:41,0,0,46167C,The Wolfpack - Anubis,The Institute of Technology and Engineering at Ranchview High School,Texas - Region 5,United States
3688,35,5,30,5,30,2026-02-07 18:37:49,2026-02-07 20:08:57,0,0,4862B,Avionics Jays,Ashbury College,Ontario,Canada
3689,35,5,30,5,30,2026-02-22 05:57:45,2026-02-22 05:15:44,0,0,99625K,AIS Robotics,Almaty International School,Kazakhstan,Kazakhstan
3690,35,5,30,5,30,2026-02-28 15:25:47,2026-02-28 17:38:33,0,0,11005C,TERRAWOLVES-3,TERRA ENVIRONMENTAL RESEARCH INSTITUTE,Florida - South,United States
3691,35,0,35,4,35,2026-02-06 23:30:25,2026-03-04 14:48:52,43,0,34000T,[Co.R.E.] Timmy,SANDY CREEK HIGH SCHOOL,New York-North,United States
3692,35,0,35,3,35,2026-01-23 06:14:30,2026-01-02 06:01:50,2,0,63936C,Lingnan C,"Lingnan Middle School, Macau",Macau,Macau
3693,35,2,33,2,33,2026-02-20 19:35:04,2026-02-20 18:44:50,39,0,82793A,Blazer Bots,Americas High School,Texas - Region 1,United States
3694,35,0,35,1,35,2026-01-17 19:52:21,2026-02-07 19:23:51,42,0,9181Y,YODA,Seaquam Secondary,British Columbia (BC),Canada
3695,35,0,35,1,35,2026-01-10 19:04:40,2026-02-21 22:15:08,0,0,19383A,Chet,NEW ROCHELLE HIGH SCHOOL,New York-South,United States
3696,35,0,35,0,35,,2025-11-12 00:44:33,0,0,231J,KIGHTS ROBOTICS,DR KIRK LEWIS CAREER AND TECHNICAL HIGH SCHOOL,Texas - Region 3,United States
3697,35,0,35,0,35,,2025-12-06 18:34:31,0,0,9776C,Smash and Dash,RIGBY HIGH SCHOOL,Idaho,United States
3698,35,0,35,0,35,,2025-12-31 15:54:43,0,0,79793V,RoboPirates,MAGNOLIA SCIENCE ACADEMY SANTA ANA,California - Region 4,United States
3699,35,0,35,0,35,,2026-01-02 03:45:04,0,0,11N,Napalmbot,Baoding No.7 High School,North China,China
3700,35,0,35,0,35,,2026-01-10 19:53:51,0,0,44585B,HSI Reverb,Harmony School of Innovation El Paso- Middle/High,Texas - Region 1,United States
3701,35,0,35,0,35,,2026-02-07 02:04:39,0,0,86832A,Bobo & Co,International School of Beijing,North China,China
3702,35,0,35,0,35,,2026-02-07 15:50:20,0,0,11466A,Next Level Kidz » Under Construction,Next Level Kidz,South Carolina,United States
3703,35,0,35,0,35,,2026-02-08 16:33:33,0,0,99512B,Cheese of Destiny,CROSWELL-LEXINGTON HIGH SCHOOL,Michigan,United States
3704,35,0,35,0,35,,2026-02-08 20:05:20,0,0,22305C,Yellowjackets,DETROIT COUNTRY DAY SCHOOL,Michigan,United States
3705,35,0,35,0,35,,2026-02-14 01:17:09,0,0,69920A,DOOM,Height Highschool,Texas - Region 3,United States
3706,35,0,35,0,35,,2026-02-14 16:46:58,0,0,2349B,OPS Eagle Has Landed,Central High School,Nebraska,United States
3707,35,0,35,0,35,,2026-02-20 16:28:28,0,0,77711X,Mecha-Tism,NIMITZ HIGH SCHOOL,Texas - Region 2,United States
3708,35,0,35,0,35,,2026-02-20 20:21:13,0,0,38464A,The Friends We Made Along the Way,FOREST HILLS JSHS,Pennsylvania - West,United States
3709,35,0,35,0,35,,2026-02-20 22:28:16,0,0,30597B,KISJ B,Korea International School Jeju Campus,South Korea,"Korea, Republic of"
3710,35,0,35,0,35,,2026-02-21 21:50:27,0,0,2941E,Tinkerbells,Otumoetai College,New Zealand,New Zealand
3711,34,20,14,20,14,2026-01-31 22:17:04,2026-01-31 22:51:20,50,0,9378S,Wolfpack Robotics,MERRILL F. WEST HIGH,California - Region 2,United States
3712,34,18,16,18,24,2026-02-21 17:41:27,2026-02-07 16:52:32,40,0,84075R,Mouseketeers,SYRACUSE HIGH,Utah,United States
3713,34,15,19,16,19,2026-02-28 15:33:11,2026-01-10 17:30:21,45,0,2501H,Hummingbots,THOMAS JEFFERSON HIGH SCHOOL,Iowa,United States
3714,34,15,19,15,19,2025-12-31 00:19:26,2025-12-31 00:28:04,58,14,8000B,Head-Royce Robohawks,HEAD ROYCE SCHOOL,California - Region 2,United States
3715,34,15,19,15,19,2026-01-08 21:06:30,2026-01-06 22:12:22,58,0,94802A,Terminal Senioritis,Nauset Regional High School,Massachusetts,United States
3716,34,15,19,15,19,2026-01-31 16:34:37,2026-01-31 16:31:01,58,0,60172T,Stallions,Lake Park High School,Illinois,United States
3717,34,15,19,15,19,2026-01-09 20:35:50,2026-01-09 19:44:59,57,0,96671Z,One Step Staircase,RED RIVER HIGH SCHOOL,North Dakota,United States
3718,34,15,19,15,19,2025-12-12 00:01:11,2026-01-18 18:56:03,59,0,9210C,Monkey with Banana,Storm Robotics (ISD47),Minnesota,United States
3719,34,15,19,15,19,2025-12-13 16:16:37,2026-03-15 16:50:46,56,0,17921V,Hephaestus,NORTH SCHUYLKILL JSHS,Pennsylvania - East,United States
3720,34,15,19,15,19,2026-02-14 16:10:02,2026-02-14 17:52:21,56,0,47743B,Clevelanders,SEYMOUR HIGH SCHOOL,Connecticut,United States
3721,34,15,19,15,26,2026-02-24 13:43:54,2026-01-19 10:44:23,55,0,73696A,Abbey VEX,Abbey VS,Ireland,Ireland
3722,34,15,19,15,19,2026-01-11 14:08:47,2025-12-06 15:20:27,60,0,11591R,Razzle Dazzle,PLAINWELL HIGH SCHOOL,Michigan,United States
3723,34,15,19,15,19,2026-01-31 20:48:06,2026-01-31 18:34:20,54,0,49957E,Lag-Wagon,COTTER HIGH SCHOOL,Arkansas,United States
3724,34,15,19,15,19,2025-12-06 19:16:01,2025-12-06 17:59:55,50,0,76449B,Raisin' Kaines,GRAFORD SCHOOL,Texas - Region 5,United States
3725,34,15,19,15,19,2026-02-21 17:49:38,2026-02-21 19:47:44,35,0,7518F,Fungi's,GREAT VALLEY HIGH SCHOOL,Pennsylvania - East,United States
3726,34,15,19,15,20,2026-01-10 18:55:11,2026-01-23 23:11:00,0,0,2719F,Pushbot Mafia,TRITON CENTRAL HIGH SCHOOL,Indiana - Region 2 - Central,United States
3727,34,15,19,15,19,2026-01-17 13:27:25,2026-02-14 19:01:26,58,0,88454B,Ctrl+Alt Delay,FAITH Homeschool Co-op,Kentucky,United States
3728,34,15,19,15,19,2026-02-07 16:30:35,2026-02-28 18:02:55,56,0,38637D,SVHS Nerd Herd,SOUTH VERMILLION HIGH SCHOOL,Indiana - Region 3 - South,United States
3729,34,15,19,15,32,2025-11-15 17:41:53,2025-12-13 16:59:17,0,0,43050Z,Zamboni,MOUNT VERNON HIGH SCHOOL,Ohio,United States
3730,34,15,19,15,26,2026-02-08 21:37:41,2026-03-14 15:38:19,0,0,99371G,Vexponential,Oak Park & River Forest High School,Illinois,United States
3731,34,15,19,15,24,2026-02-21 21:01:55,2025-11-15 21:26:33,0,0,8871X,Think Fast,WALTER JOHNSON JUNIOR HIGH SCHOOL ACADEMY OF INTERNATIONAL S,Nevada,United States
3732,34,15,19,15,23,2026-02-07 21:08:57,2026-01-17 16:37:42,0,0,9553A,RoboWolves A,Saint Paul's School,Louisiana,United States
3733,34,15,19,15,20,2025-12-13 16:52:18,2026-02-23 21:18:19,0,0,32636E,Golden,OXFORD HIGH SCHOOL,Mississippi,United States
3734,34,15,19,15,19,2025-10-17 05:59:33,2025-10-17 05:44:36,0,0,79419Y,Whole Lotta Vex,Carey Baptist College,Australia,Australia
3735,34,15,19,15,19,2026-02-07 14:53:32,2026-02-07 17:56:06,0,0,13205E,Royal Crusaders,STEM SCHOOL CHATTANOOGA,Tennessee,United States
3736,34,15,19,15,19,2026-02-14 17:28:16,2026-02-14 15:59:15,0,0,74027A,CompSci Cyber Eagles,CREC CompSci High,Connecticut,United States
3737,34,0,34,8,34,2026-02-14 17:49:59,2026-01-10 21:55:20,0,0,98601D,Nyx (Troy),TROY HIGH NJROTC,California - Region 4,United States
3738,34,0,34,7,34,2026-02-21 19:58:51,2025-12-07 18:58:12,0,0,21919A,SystemError,NA,California - Region 2,United States
3739,34,6,28,6,28,2026-02-14 16:15:33,2026-02-14 18:50:03,43,0,74602A,The Fantastic Four,Daviess County High School,Kentucky,United States
3740,34,5,29,6,29,2026-01-23 21:19:59,2026-03-06 21:47:23,30,0,1570S,Lions - Scotcharoo,LOMIRA HIGH,Wisconsin,United States
3741,34,5,29,5,29,2025-12-06 17:06:39,2025-12-06 17:23:50,18,3,499D,Flaming Piece of Garbage Truck,Mundelein Cons High School,Illinois,United States
3742,34,0,34,5,34,2026-01-24 19:40:33,2026-02-07 20:35:17,50,0,2381A,Kernel Bye,Colonel By,Ontario,Canada
3743,34,0,34,5,34,2026-01-31 19:46:13,2025-11-22 19:11:57,0,0,22204M,MachX,WYLIE HIGH SCHOOL,Texas - Region 5,United States
3744,34,4,30,4,30,2025-12-13 17:03:32,2025-12-13 17:01:24,0,0,77786C,Bridgeland C,BRIDGELAND HIGH SCHOOL,Texas - Region 3,United States
3745,34,3,31,3,31,2026-01-15 14:21:17,2026-01-15 12:55:33,0,0,70335A,CMG-neers,Colegio Maristas de Guaynabo,Puerto Rico,Puerto Rico
3746,34,3,31,3,31,2026-02-05 00:30:49,2026-02-05 00:36:16,0,0,41489A,BEH TEPEJI DEL RIO,Bachillerato del Estado de Hidalgo Plantel Tepeji del Rio,Mexico,Mexico
3747,34,3,31,3,31,2026-02-28 20:09:35,2026-02-28 17:58:29,0,0,74105Z,ZENOS,NORTHWEST CABARRUS HIGH,North Carolina,United States
3748,34,0,34,1,34,2025-12-13 19:25:27,2026-01-31 14:24:29,0,0,67104B,Lord Power Tool and the Screws,HEADLAND HIGH SCHOOL,Alabama,United States
3749,34,0,34,1,34,2026-01-10 18:35:48,2026-02-07 00:27:47,0,0,1275D,Chamblee High School,CHAMBLEE HIGH SCHOOL,Georgia,United States
3750,34,0,34,0,34,2025-12-06 19:58:54,2026-01-10 14:14:02,1,6,41829A,Raider Robotics,RIVERDALE HIGH SCHOOL,Florida - South,United States
3751,34,0,34,0,34,2026-02-08 18:50:17,2026-02-08 18:53:43,0,0,2827X,X,Chasewood Learning,Illinois,United States
3752,34,0,34,0,34,2026-02-11 00:32:00,2026-02-11 00:01:20,0,0,86477D,Monks,PALESTINE-WHEATLEY SENIOR HIGH,Arkansas,United States
3753,34,0,34,0,34,2026-02-15 23:43:30,2026-02-15 23:13:10,0,0,9181H,Seaquam Seahawks,Seaquam Secondary,British Columbia (BC),Canada
3754,34,0,34,0,34,,2026-01-15 01:21:06,0,0,20969A,Maniac Iterators,ROCKY MOUNTAIN DEAF SCHOOL,Colorado,United States
3755,34,0,34,0,34,,2026-01-24 02:18:37,0,0,78989K,DGS,International School of Qingdao,Middle China,China
3756,34,0,34,0,34,,2026-01-31 07:44:15,0,0,99484J,"Xiésta, DOXA Robotics",Christian Academy in Japan,Japan,Japan
3757,34,0,34,0,34,,2026-02-07 18:22:58,0,0,9776A,Underscore,RIGBY HIGH SCHOOL,Idaho,United States
3758,34,0,34,0,34,,2026-02-21 17:48:20,0,0,27905E,Entropy,MARSHFIELD HIGH,Wisconsin,United States
3759,33,20,13,20,13,2026-02-26 12:20:06,2026-02-26 12:25:30,0,0,66497A,Cosmo,Berlin Cosmopolitan School,Germany,Germany
3760,33,15,18,15,25,2026-02-14 17:57:23,2026-02-28 16:58:03,55,0,17349B,Cox Mill Chargers,COX MILL HIGH SCHOOL,North Carolina,United States
3761,33,15,18,15,20,2025-12-13 20:40:47,2026-02-04 01:32:57,57,0,6219G,RECESS,NEENAH HIGH,Wisconsin,United States
3762,33,15,18,15,18,2026-02-21 17:11:22,2026-02-21 18:18:45,52,20,4621F,Titan - Iapetus,FRONTIER HIGH,California - Region 3,United States
3763,33,15,18,15,27,2026-01-31 19:52:11,2026-02-21 20:16:57,51,0,27905F,Fate,MARSHFIELD HIGH,Wisconsin,United States
3764,33,15,18,15,19,2026-02-07 17:44:22,2026-01-17 22:27:28,59,0,99197S,At least we tried,Bowness High School,Alberta/Saskatchewan,Canada
3765,33,15,18,15,18,2025-11-22 23:41:27,2025-11-23 00:59:18,59,0,28891B,JROTC Team Two,PRESIDENT THEODORE ROOSEVELT HIGH SCHOOL,Hawaii,United States
3766,33,15,18,15,18,2026-02-21 21:31:43,2026-02-21 21:20:10,59,0,93436B,Maple High Robotics 93436B,MAPLE HIGH,California - Region 3,United States
3767,33,15,18,15,18,2026-02-14 22:46:16,2026-02-14 17:48:32,58,0,6383C,Fellas in Paris,MESCALERO APACHE SCHOOL,New Mexico,United States
3768,33,15,18,15,18,2026-02-21 17:13:29,2025-12-13 17:54:23,59,4,1267E,Knights: Extracurricular Activity,DELAWARE COUNTY CHRISTIAN SCHOOL,Pennsylvania - East,United States
3769,33,15,18,15,18,2026-02-14 18:21:13,2026-02-14 18:16:25,57,0,76502B,7Bux,LAKE BELTON HIGH SCHOOL,Texas - Region 4,United States
3770,33,15,18,15,20,2026-01-31 21:16:51,2025-12-06 20:06:16,56,7,7842G,Goblin,Robotics71 - School District #71,Vancouver Island (BC),Canada
3771,33,15,18,15,18,2026-02-14 21:08:15,2026-02-14 16:45:26,56,0,55745B,Bison Robotics,VISTA PEAK 9-12 PREPARATORY,Colorado,United States
3772,33,15,18,15,18,2026-02-06 23:59:52,2026-02-06 21:45:28,55,0,99197A,"A for Excellence ",Bowness High School,Alberta/Saskatchewan,Canada
3773,33,15,18,15,18,2026-02-01 21:50:49,2026-02-01 22:04:58,54,0,70649E,Tax Evaders,PROFESSIONAL ACADEMY MAGNET AT LOFTEN HIGH SCHOOL,Florida - North/Central,United States
3774,33,15,18,15,18,2026-02-07 20:15:48,2025-12-06 21:05:59,59,0,5805A,Goofy Goobers,CONCORDIA ACADEMY,Minnesota,United States
3775,33,15,18,15,20,2026-02-07 18:10:11,2026-01-31 19:12:27,45,0,373A,R4Robotics,R4Creating,New Mexico,United States
3776,33,15,18,15,18,2025-12-03 21:11:30,2025-12-03 21:13:46,41,0,71849A,Northeast Magnet MCJROTC,Northeast Magnet High School MCJROTC,Kansas,United States
3777,33,15,18,15,18,2026-01-31 17:00:38,2026-01-31 17:09:10,30,10,7842X,X-Factor,Robotics71 - School District #71,Vancouver Island (BC),Canada
3778,33,15,18,15,20,2026-01-31 17:20:09,2026-01-10 16:26:52,59,0,99212F,Ursa Major F,Coe-Brown Northwood Academy,New Hampshire/Vermont,United States
3779,33,1,32,15,32,2026-02-14 16:10:54,2025-11-15 18:35:57,57,0,1810T,Knock On Wood,WINDHAM HIGH SCHOOL,Maine,United States
3780,33,15,18,15,24,2026-02-06 17:57:06,2026-03-14 17:18:54,58,0,2158X,Xccelerate,ANDERSON HIGH SCHOOL,Texas - Region 4,United States
3781,33,15,18,15,26,2026-02-12 00:29:13,2026-01-31 19:36:35,0,0,60466C,Raptors,Rich Township High School,Illinois,United States
3782,33,15,18,15,20,2025-11-08 21:27:45,2026-02-07 21:37:51,0,0,9776G,Sizzle Squad,RIGBY HIGH SCHOOL,Idaho,United States
3783,33,15,18,15,20,2025-12-13 19:16:51,2026-02-07 19:23:28,0,0,1188B,B.E.N.T.,HADDAM-KILLINGWORTH HIGH SCHOOL,Connecticut,United States
3784,33,15,18,15,19,2026-02-14 17:58:56,2026-02-07 21:07:16,0,0,16911A,Tarpons,SOUTH LAFOURCHE HIGH SCHOOL US Army JROTC,Louisiana,United States
3785,33,15,18,15,19,2026-02-14 21:29:32,2026-01-17 18:17:37,0,0,53551B,Sagacious,Lakeside Lutheran High School,Wisconsin,United States
3786,33,15,18,15,18,2026-01-10 14:22:00,2026-01-10 13:33:02,0,0,40129B,TCS STEMpunks,The Cotswold School Academy,United Kingdom,United Kingdom
3787,33,15,18,15,18,2026-01-17 16:51:01,2026-01-17 17:54:31,0,0,9019X,We Hate Physix,ROOSEVELT HIGH SCHOOL,Colorado,United States
3788,33,15,18,15,18,2026-01-27 11:02:34,2026-01-27 10:38:39,0,0,36673U,Sacred Heart School Tullamore,Sacred Heart School Tullamore,Ireland,Ireland
3789,33,15,18,15,18,2026-02-07 21:04:48,2026-02-07 20:48:28,0,0,1025A,Anvil,MANVEL HIGH SCHOOL,Texas - Region 3,United States
3790,33,15,18,15,18,2026-02-07 21:14:23,2026-02-07 20:53:50,0,0,91923T,RED,Texas Academy at Lamar University,Texas - Region 3,United States
3791,33,15,18,15,18,2026-02-14 14:29:38,2026-02-14 17:10:07,0,0,47743A,Wildcats,SEYMOUR HIGH SCHOOL,Connecticut,United States
3792,33,15,18,15,18,2026-02-16 19:29:01,2026-02-16 19:34:31,0,0,87490D,Gladiators,FARMERSVILLE HIGH SCHOOL,Texas - Region 2,United States
3793,33,15,18,15,18,2026-02-21 22:05:22,2026-02-21 21:17:48,0,0,16577B,KCHS Justin Time,Kennedy Catholic High School,Washington,United States
3794,33,10,23,10,23,2025-10-25 09:05:31,2025-10-25 07:36:00,0,0,18964W,18964W,Shanghai Starriver Bilingual School,East China,China
3795,33,0,33,5,33,2026-01-17 17:13:49,2026-02-15 18:51:35,0,0,99909A,Rising Phoenix,Capital Robotics Club,Virginia,United States
3796,33,5,28,5,28,2026-01-31 16:03:27,2026-01-31 15:03:10,0,0,5K,Ben!,RAVENNA SENIOR HIGH,Nebraska,United States
3797,33,1,32,4,32,2026-01-17 20:24:09,2026-02-27 14:39:39,0,0,13017A,Supernova,TECH Robotics,Louisiana,United States
3798,33,0,33,3,33,2025-11-22 18:19:18,2026-02-27 16:52:39,47,0,51548A,Resurgence,Covington High Lion-Bots,Louisiana,United States
3799,33,3,30,3,30,2025-07-29 11:58:25,2025-07-29 12:02:08,0,0,8331B,Beijing Jiaotong-2交大附中,The High School Attached to Beijing Jiaotong University,North China,China
3800,33,3,30,3,30,2026-02-21 15:15:11,2026-02-21 17:42:25,0,0,1267F,Knights Robotics,DELAWARE COUNTY CHRISTIAN SCHOOL,Pennsylvania - East,United States
3801,33,1,32,1,32,2026-01-24 18:44:27,2026-01-24 14:57:11,0,0,22479C,Warrior Robotics Blue,Calvary Christian High School,Florida - North/Central,United States
3802,33,1,32,1,32,2026-02-07 17:12:30,2026-02-07 17:26:50,0,0,72203E,Super Nova,BEL AIR HIGH SCHOOL,Texas - Region 1,United States
3803,33,0,33,0,33,2026-01-24 05:27:15,2026-01-24 05:03:01,50,0,30410W,Sunjin,St. Johnsbury Academy Jeju,South Korea,"Korea, Republic of"
3804,33,0,33,0,33,2025-11-16 18:20:04,2025-11-16 20:55:50,0,0,90504A,North Robotics,North High School,California - Region 4,United States
3805,33,0,33,0,33,2025-12-07 18:48:01,2025-12-07 17:44:10,0,0,80888A,NWSS Robotics,School district 40,British Columbia (BC),Canada
3806,33,0,33,0,33,2026-02-06 19:25:46,2026-02-06 20:07:43,0,0,7390V,DiscoBots Vipers,Debakey High School For Health Prof,Texas - Region 3,United States
3807,33,0,33,0,33,,2025-11-19 17:09:42,0,0,38241H,Clankers,FAITH ACADEMY,Alabama,United States
3808,33,0,33,0,33,,2025-12-06 19:51:53,0,0,2672B,LED Robotics B,Team 6722 inc.,Florida - North/Central,United States
3809,33,0,33,0,33,,2026-01-18 21:12:11,0,0,5327V,Gael Force Velocity,DUBLIN HIGH SCHOOL,California - Region 2,United States
3810,33,0,33,0,33,,2026-02-19 17:35:58,0,0,9776E,Fantastic 4 And Lincoln,RIGBY HIGH SCHOOL,Idaho,United States
3811,33,0,33,0,33,,2026-02-21 17:08:38,0,0,76502C,Build-A-Clanker,LAKE BELTON HIGH SCHOOL,Texas - Region 4,United States
3812,33,0,33,0,33,,2026-02-21 17:15:33,0,0,73973D,White House Robotics,WHITE HOUSE HIGH SCHOOL,Tennessee,United States
3813,32,20,12,20,12,2026-02-03 16:27:08,2026-02-03 15:38:17,58,1,27100A,LuvIQ,LuvIQ Robotics,Finland,Finland
3814,32,20,12,20,22,2026-01-17 15:03:28,2026-01-10 16:05:26,0,0,78889H,A - NaCl + -| I | I-,KILLINGLY HIGH SCHOOL,Connecticut,United States
3815,32,20,12,20,22,2026-02-21 21:26:18,2026-02-20 02:22:22,0,0,10R,Exothermic Revision,Exothermic Robotics,Washington,United States
3816,32,15,17,15,17,2026-01-10 19:41:14,2026-01-03 20:30:23,58,32,8110M,Jerry-Rigged,Mankato West Robotics,Minnesota,United States
3817,32,15,17,15,23,2026-01-31 21:01:03,2025-12-06 18:45:25,58,3,89135A,Knockout Orcas,WEST CAREER & TECHNICAL ACADEMY,Nevada,United States
3818,32,15,17,15,17,2026-02-28 19:35:17,2026-02-28 17:11:43,56,8,6479C,Cotton Candy,POTOMAC HIGH,Virginia,United States
3819,32,15,17,15,17,2026-01-22 20:02:11,2026-01-22 19:08:40,54,7,29204E,10ct Now Available,CREATE,Alabama,United States
3820,32,15,17,15,17,2026-02-13 17:27:11,2026-02-13 17:28:45,59,0,5300A,Jesse's Girls,WIN-E-MAC SECONDARY,Minnesota,United States
3821,32,15,17,15,17,2026-01-11 19:26:02,2026-01-11 19:30:25,58,1,61300A,KYHS Storm A,KATZ YESHIVA HIGH SCHOOL OF S FLA,Florida - South,United States
3822,32,15,17,15,17,2026-01-10 15:15:22,2025-11-08 17:44:35,59,0,99119E,PRHS Bobcats,Plymouth Regional High School,New Hampshire/Vermont,United States
3823,32,15,17,15,17,2026-02-21 16:24:36,2026-02-21 20:20:58,56,0,82997H,Horsepower,MONTINI CATHOLIC HIGH SCHOOL,Illinois,United States
3824,32,15,17,15,17,2026-02-14 17:40:14,2026-02-14 19:41:38,55,0,6024D,Echo,Fosston High School,Minnesota,United States
3825,32,15,17,15,17,2026-01-17 17:11:35,2026-01-17 14:44:59,54,0,14141P,Pantheon,South Lake Robotics,Florida - North/Central,United States
3826,32,15,17,15,17,2026-01-10 22:32:58,2026-01-10 19:34:06,53,0,92115A,Hoover Army JROTC,Hoover High School JROTC,California - Region 4,United States
3827,32,15,17,15,17,2026-02-08 17:10:07,2026-02-07 23:10:15,40,0,3300H,Fire Monkeys,Western Canada High School,Alberta/Saskatchewan,Canada
3828,32,15,17,15,17,2026-02-01 20:48:51,2026-02-01 21:23:14,0,10,70649N,SuperFantasticAmazingUnicorns,PROFESSIONAL ACADEMY MAGNET AT LOFTEN HIGH SCHOOL,Florida - North/Central,United States
3829,32,15,17,15,17,2026-01-31 17:32:58,2026-02-14 21:06:01,55,9,7842C,CAPTCHA,Robotics71 - School District #71,Vancouver Island (BC),Canada
3830,32,15,17,15,17,2026-02-28 20:23:36,2026-02-28 19:05:47,0,2,93971C,KRT Kearny Robotics Team C Creators,Lincoln School,New Jersey,United States
3831,32,0,32,15,32,2026-01-27 18:39:19,2026-01-17 19:31:28,59,0,83280Z,L.C. Phantom,LANGHAM CREEK HIGH SCHOOL,Texas - Region 3,United States
3832,32,0,32,15,32,2026-02-20 23:10:00,2026-02-11 06:49:38,50,0,65845G,GSIS TechKnights,GSIS,South Korea,"Korea, Republic of"
3833,32,0,32,15,32,2026-02-12 00:45:34,2026-03-14 18:40:18,0,0,23880B,Buns,LYONS TWP HIGH SCH,Illinois,United States
3834,32,15,17,15,24,2026-02-15 19:07:09,2026-01-31 19:24:56,0,0,70649M,The Wind,PROFESSIONAL ACADEMY MAGNET AT LOFTEN HIGH SCHOOL,Florida - North/Central,United States
3835,32,15,17,15,20,2025-10-23 16:39:21,2025-11-08 16:14:12,0,0,31765A,The Clovinators,Clover High School AFJROTC,South Carolina,United States
3836,32,15,17,15,18,2025-12-20 18:51:16,2025-11-01 15:43:21,0,0,6447B,NCUHS Falcon Robotics2,North Country Union High School,New Hampshire/Vermont,United States
3837,32,15,17,15,18,2026-02-16 16:38:06,2026-01-10 18:46:31,0,0,48546P,P.R.I.D.E. Blackstrike,PRINCETON HIGH SCHOOL,Texas - Region 2,United States
3838,32,15,17,15,17,2026-01-17 20:55:44,2026-01-17 17:50:24,0,0,78454A,"Avoongers ",STEM Magnet Academy of Pointe Coupee,Louisiana,United States
3839,32,15,17,15,17,2026-01-31 21:18:16,2026-01-31 20:56:25,0,0,3674N,RNG Nexus,ENERGY INSTITUTE HIGH SCHOOL,Texas - Region 3,United States
3840,32,15,17,15,17,2026-01-31 22:44:57,2026-01-31 22:44:20,0,0,5590B,Klein Collins HS 5590B,KLEIN COLLINS HIGH SCHOOL,Texas - Region 3,United States
3841,32,15,17,15,17,2026-02-14 20:37:09,2026-02-14 20:09:13,0,0,89748A,The non-Taxpayers,BEREA-MIDPARK HIGH SCHOOL,Ohio,United States
3842,32,15,17,15,17,2026-02-16 16:21:00,2026-02-16 16:30:34,0,0,48546B,P.R.I.D.E.  Shadowpaw,PRINCETON HIGH SCHOOL,Texas - Region 2,United States
3843,32,15,17,15,17,2026-02-28 16:57:10,2026-02-28 20:29:52,0,0,74008C,Team C,Bixby High School,Oklahoma,United States
3844,32,0,32,6,32,2026-01-30 23:56:41,2025-12-30 23:09:49,40,0,10058B,Apex Eagles,CORAL ACADEMY OF SCIENCE LAS VEGAS - Cadence,Nevada,United States
3845,32,5,27,5,27,2025-12-07 00:12:27,2025-12-06 04:46:36,22,0,34565A,Phoenix Robotics 1,Merrimac State High School,Australia,Australia
3846,32,4,28,4,28,2026-02-14 14:18:48,2026-02-14 16:38:26,30,0,50168A,Mayday,Elite Preparatory Academy,New Jersey,United States
3847,32,4,28,4,29,2026-02-28 12:52:30,2025-12-06 13:20:04,0,4,23218Y,Nemesis,Simon Langton Grammar School for Boys,United Kingdom,United Kingdom
3848,32,3,29,3,29,2026-02-28 17:21:46,2026-02-28 17:18:31,1,0,46952A,ClawCore Robotics,EASTBROOK HIGH SCHOOL,Indiana - Region 1 - North,United States
3849,32,0,32,3,32,2025-07-19 01:35:12,2025-11-22 09:05:09,50,0,5138M,Snow WOLF Robotics,Beijing 21st Century School,North China,China
3850,32,0,32,3,32,2026-01-24 17:40:13,2026-03-04 17:22:15,46,0,14807A,BRAGGS 1N C0DE,CANASERAGA SCHOOL,New York-North,United States
3851,32,3,29,3,29,2025-11-19 02:25:15,2025-11-19 00:49:29,0,0,23906X,Riled Up Robots,LYONS MIDDLE/SENIOR HIGH SCHOOL,Colorado,United States
3852,32,1,31,2,32,2025-11-08 18:40:52,2026-02-27 17:10:08,45,0,69403Z,Zeno,VINTON HIGH SCHOOL,Louisiana,United States
3853,32,0,32,2,32,2026-01-19 17:05:04,2026-02-01 17:29:00,46,0,8746A,"Hopes, Prayers & Zipties",ROME FREE ACADEMY,New York-North,United States
3854,32,1,31,1,31,2026-01-31 19:33:54,2026-01-31 19:49:18,38,0,33073A,Eaglebotics Rise,North Broward Preparatory School,Florida - South,United States
3855,32,0,32,1,32,2026-03-08 14:05:14,2026-01-17 17:57:19,0,0,63857B,Biohazard,Mashpee High School,Massachusetts,United States
3856,32,0,32,0,32,2026-01-31 15:22:23,2026-01-31 15:01:48,39,0,6260A,Mercury,MIDDLETON HIGH SCHOOL,Florida - North/Central,United States
3857,32,0,32,0,32,2025-10-25 07:21:37,2025-10-25 07:24:49,38,0,30721S,BAID Team S,Beijing Academy International Division,North China,China
3858,32,0,32,0,32,,2026-02-14 19:24:40,0,8,20480C,Meowl,SKYLINE HIGH SCHOOL,Texas - Region 2,United States
3859,32,0,32,0,32,,2026-02-14 21:50:36,0,2,8771Y,Rattling Flywheels,CALABASAS HIGH,California - Region 4,United States
3860,32,0,32,0,32,2025-12-07 18:04:30,2026-02-07 19:49:25,41,0,98549S,Sabotage,Burnsview Secondary,British Columbia (BC),Canada
3861,32,0,32,0,32,2026-01-16 08:25:48,2026-01-16 07:25:57,0,0,88171B,ICSN Equinox,ICSN,Thailand,Thailand
3862,32,0,32,0,32,,2025-10-24 10:15:33,0,0,20089X,Jinling High School Team X,JinLing High school,East China,China
3863,32,0,32,0,32,,2025-12-13 18:54:43,0,0,81218F,Two Sticks and a Rock,Loveless Academic Magnet Prog High School,Alabama,United States
3864,32,0,32,0,32,,2026-01-10 16:57:51,0,0,50298X,Impact,MAPLETON HIGH SCHOOL,Ohio,United States
3865,32,0,32,0,32,,2026-01-31 19:47:33,0,0,77245B,DeusVolt,Van Houston Academy,Texas - Region 3,United States
3866,32,0,32,0,32,,2026-02-07 17:42:34,0,0,81218S,S-S-S-Sibilance,Loveless Academic Magnet Prog High School,Alabama,United States
3867,32,0,32,0,32,,2026-02-07 19:14:55,0,0,93454C,Spare Parts,Pioneer Valley High School,California - Region 3,United States
3868,32,0,32,0,32,,2026-02-07 19:46:03,0,0,72733A,Mustangs,Fraser Academy,British Columbia (BC),Canada
3869,32,0,32,0,32,,2026-02-11 00:41:13,0,0,6214Y,Trey LLC,Mid-East Career and Technology Center,Ohio,United States
3870,32,0,32,0,32,,2026-02-13 23:52:36,0,0,2923A,King's A,Kings College,New Zealand,New Zealand
3871,32,0,32,0,32,,2026-02-21 15:37:46,0,0,29073B,El Gatito,White Knoll High School,South Carolina,United States
3872,32,0,32,0,32,,2026-02-21 21:59:24,0,0,38783B,Panther Robotics,SOUTH MEDFORD HIGH SCHOOL,Oregon,United States
3873,32,0,32,0,32,,2026-03-07 13:33:40,0,0,153A,The Collective,MT ABRAM REGIONAL HIGH SCHOOL,Maine,United States
3874,32,0,32,0,32,,2026-03-14 20:56:45,0,0,78889Z,Killingly Robotics,KILLINGLY HIGH SCHOOL,Connecticut,United States
3875,31,0,31,20,31,2026-02-20 20:31:04,2025-12-13 18:55:52,0,0,82717B,Gone Bananas,ALPHA OMEGA ACADEMY,Texas - Region 3,United States
3876,31,15,16,15,16,2026-02-07 23:27:53,2026-02-07 20:59:14,56,30,3300X,Tech Titans,Western Canada High School,Alberta/Saskatchewan,Canada
3877,31,15,16,15,16,2026-02-21 20:35:33,2026-02-21 03:40:33,59,26,70591A,Michael Park A,Michael Park School,New Zealand,New Zealand
3878,31,15,16,15,27,2025-12-11 00:42:15,2026-02-21 20:41:10,58,0,28466F,It's a Feature,SPRINGS STUDIO FOR ACADEMIC EXCELLENCE,Colorado,United States
3879,31,15,16,15,23,2026-02-21 22:27:04,2026-01-09 19:21:11,59,0,3017G,Guac Stars,HENLEY HIGH SCHOOL,Oregon,United States
3880,31,15,16,15,16,2026-02-14 18:07:21,2026-02-14 20:05:06,59,0,26767P,Parallax Robotics,Parallax Robotics,New Jersey,United States
3881,31,15,16,15,30,2026-02-14 20:57:35,2026-02-07 20:00:00,58,0,81528B,Robo Monkeys,HUTTO NINTH GRADE CENTER,Texas - Region 4,United States
3882,31,15,16,15,16,2025-12-11 00:13:57,2025-12-11 00:31:14,58,0,66834C,Sewer System,VISTA RIDGE HIGH SCHOOL,Colorado,United States
3883,31,15,16,15,19,2026-03-14 16:54:33,2025-11-15 18:08:20,59,0,88019A,The ARC-TECH BEARS,AUSTIN ACHIEVE NORTHEAST CAMPUS,Texas - Region 4,United States
3884,31,15,16,15,16,2026-02-14 20:21:08,2026-01-17 19:49:14,59,0,28056A,"Ratchet Ralph ",GASTON CHRISTIAN SCHOOL,North Carolina,United States
3885,31,15,16,15,16,2026-01-24 20:08:31,2026-01-24 20:14:41,55,0,60062A,Glenbrook North Engineering,Glenbrook North High School,Illinois,United States
3886,31,15,16,15,16,2026-02-07 17:15:32,2026-02-07 18:02:28,53,2,61391W,MAKE GO,Valor Voyager Academy,Tennessee,United States
3887,31,15,16,15,16,2026-01-23 20:09:24,2026-01-23 20:56:36,54,0,94Y,Y!,COMMUNITY SCHOOL OF NAPLES,Florida - South,United States
3888,31,15,16,15,16,2026-01-10 20:10:29,2026-01-09 22:27:48,53,0,58072D,Boyd’s Boys,VALLEY CITY HIGH SCHOOL,North Dakota,United States
3889,31,15,16,15,16,2026-01-17 16:38:37,2026-01-17 15:48:37,43,0,13433A,The Bald Babies,BLOOMFIELD HIGH,Missouri,United States
3890,31,15,16,15,16,2026-01-08 22:40:31,2026-01-08 22:12:40,0,38,75833B,The Power Rangers,CENTERVILLE JR-SR HIGH SCHOOL,Texas - Region 2,United States
3891,31,15,16,15,16,2026-01-31 14:47:29,2026-01-31 14:54:07,36,0,1695A,"Hand Tigers A ""Space Cowboys""",DANIEL HAND HIGH SCHOOL,Connecticut,United States
3892,31,15,16,15,17,2026-03-01 17:11:23,2025-12-13 19:14:41,0,0,3327A,Atratvs,SPRING-FORD SHS 9-12 CTR,Pennsylvania - East,United States
3893,31,15,16,15,16,2026-01-24 17:46:33,2026-01-24 18:02:19,0,8,6523B,The Bandana Bandits,Tri-City College Prep,Arizona,United States
3894,31,15,16,15,22,2026-02-14 20:58:20,2026-02-07 17:23:06,52,0,9871T,Technical Tragedy,ACADEMY FOR TECHNOLOGY ENGINEERING MATH & SCIENCE,Texas - Region 5,United States
3895,31,0,31,15,31,2025-12-13 20:22:07,2026-02-07 16:09:46,59,0,2854Z,Cool Bot Dude,Lake Creek High School,Texas - Region 3,United States
3896,31,2,29,15,29,2026-02-21 19:26:01,2025-11-22 21:13:03,59,0,89131A,Mechanical Bulls,ARBOR VIEW HIGH SCHOOL,Nevada,United States
3897,31,15,16,15,16,2026-02-07 17:58:37,2026-01-31 14:32:53,59,0,877S,Skill Issue,Ridgefield High School,Connecticut,United States
3898,31,15,16,15,25,2026-02-14 18:50:28,2026-01-17 18:52:19,0,0,5631G,Gerald,ST HENRY DISTRICT HIGH SCHOOL,Kentucky,United States
3899,31,15,16,15,24,2025-10-11 20:18:14,2025-10-18 20:25:46,0,0,39599E,FarmBots,WINTERS HIGH,California - Region 2,United States
3900,31,15,16,15,20,2025-11-02 05:58:20,2025-11-19 03:57:51,0,0,6546F,One Degree North,Singapore American School,Singapore,Singapore
3901,31,15,16,15,19,2026-01-11 19:42:20,2026-02-28 18:08:32,0,0,60023X,The Innovators-Atomix,THE GOVERNOR'S SCHOOL @ INNOVATION PARK,Virginia,United States
3902,31,15,16,15,18,2026-02-08 15:44:02,2026-02-27 10:08:28,0,0,84899H,Noctus,Radley College,United Kingdom,United Kingdom
3903,31,15,16,15,18,2026-02-28 16:19:19,2025-12-06 18:56:55,0,0,10114A,Infinity Bots,JACKSON ACADEMIC STEAM ACADEMY,Tennessee,United States
3904,31,15,16,15,16,2026-01-31 16:52:01,2026-01-31 19:02:38,0,0,5155K,Kirk and Spock,CROSS COUNTY HIGH SCHOOL,Nebraska,United States
3905,31,15,16,15,16,2026-02-02 19:53:52,2026-02-02 19:16:41,0,0,75019E,Coppell CTRL-ALT-DELETE,COPPELL HIGH SCHOOL,Texas - Region 5,United States
3906,31,15,16,15,16,2026-02-07 21:20:59,2026-02-07 21:34:01,0,0,9776B,Boss Babes,RIGBY HIGH SCHOOL,Idaho,United States
3907,31,15,16,15,16,2026-02-14 20:13:40,2026-02-14 18:15:13,0,0,7460C,The ProtoTypes,APOLLO HIGH SCHOOL,Kentucky,United States
3908,31,15,16,15,16,2026-02-21 19:31:21,2026-02-21 19:41:27,0,0,66086V,VEX Vigilantes,Basehor-linwood High School,Kansas,United States
3909,31,15,16,15,16,2026-02-21 20:06:22,2026-02-21 21:09:46,0,0,49627B,Wildcat Robotics,SHOREHAM-WADING RIVER HIGH SCHOOL,New York-South,United States
3910,31,8,23,8,23,2026-01-11 17:43:34,2026-01-11 17:30:02,0,19,24253M,Jewish Culture High School,Jewish Culture High School,Florida - South,United States
3911,31,5,26,5,26,2026-02-07 07:18:09,2026-02-07 09:43:20,40,4,12305C,TCCS Conqueror team,Tung Chung Catholic School,Hong Kong,Hong Kong
3912,31,0,31,5,31,2026-03-01 17:48:46,2026-02-14 19:42:30,13,0,71774D,Diplocaulus,Newark Academy,New Jersey,United States
3913,31,1,30,5,30,2026-02-05 00:05:02,2026-01-26 19:24:56,0,0,54037B,TULANWOLVES V3,CONALEP Hidalgo plantel Tulancingo,Mexico,Mexico
3914,31,5,26,5,26,2026-02-21 15:58:09,2026-02-21 15:59:57,0,0,65162B,Icarus,BOB JONES ACADEMY,South Carolina,United States
3915,31,4,27,4,27,2026-03-08 18:12:32,2026-03-08 15:04:55,0,0,94711A,Titanium Swarm,EAST FAIRMONT HIGH SCHOOL,West Virginia,United States
3916,31,0,31,3,31,2025-10-18 01:02:02,2025-11-01 00:28:28,0,5,2933X,Freyberg Vex Clankers,Freyberg High School,New Zealand,New Zealand
3917,31,3,28,3,28,2025-11-08 16:46:46,2025-11-08 14:06:01,36,0,8682C,Crimson Dragons,Newton College and Career Academy,Georgia,United States
3918,31,2,29,2,29,2026-02-06 17:07:51,2026-02-06 18:54:54,49,0,5450A,Am I Determined?,Marshall County Central High School,Minnesota,United States
3919,31,2,29,2,29,2026-01-22 19:54:38,2026-01-22 17:28:49,42,0,29204C,Walks-a-lot,CREATE,Alabama,United States
3920,31,2,29,2,29,2026-02-12 16:03:19,2026-02-12 16:36:44,14,0,4171B,BOE BOT,Pioneer High School,New York-North,United States
3921,31,1,30,1,30,2026-01-10 19:05:36,2026-01-10 17:21:34,43,0,56682A,TEC - Error: Name Not Found,EAST HAMPTON HIGH SCHOOL,Connecticut,United States
3922,31,0,31,1,31,2026-01-19 17:27:15,2026-01-30 20:40:34,49,0,13460D,Freezer Burnt Dino Nuggies,Sherburne-Earlville Senior High School,New York-North,United States
3923,31,1,30,1,30,2026-02-04 22:39:32,2026-02-04 22:41:41,0,0,31663A,CECYTEM Zináparo,CECYTEM Plantel Zináparo,Mexico,Mexico
3924,31,1,30,1,30,2026-03-01 11:44:13,2026-03-01 11:48:40,0,0,92331A,Luminous,Antalya Lara Bahçeşehir College,Türkiye,Türkiye
3925,31,0,31,0,31,2026-02-28 19:46:44,2026-02-28 18:39:44,54,4,70291E,TSUNAMI  SERPENTS,Commerce High School,Texas - Region 2,United States
3926,31,0,31,0,31,2026-02-14 20:54:43,2026-02-14 22:58:34,56,0,7842H,H,Robotics71 - School District #71,Vancouver Island (BC),Canada
3927,31,0,31,0,31,2026-03-01 17:25:15,2026-03-01 16:13:51,52,0,197J,197J,Harriton High School,Pennsylvania - East,United States
3928,31,0,31,0,31,2026-03-14 01:50:14,2026-03-14 17:03:09,40,0,93455B,Delta Robotics-crash bandits,DELTA HIGH,California - Region 3,United States
3929,31,0,31,0,31,2026-01-19 19:12:16,2026-03-04 17:08:07,27,0,6527B,Windham Warriors,Windham Ashland Central School,New York-North,United States
3930,31,0,31,0,31,,2026-01-31 21:27:35,0,5,7842W,Wildcards,Robotics71 - School District #71,Vancouver Island (BC),Canada
3931,31,0,31,0,31,2026-02-07 16:57:05,2026-02-21 14:20:36,42,0,86400M,MetalHeads,WADE HAMPTON HIGH,South Carolina,United States
3932,31,0,31,0,31,2026-01-30 20:31:51,2026-01-30 20:35:09,0,0,96941B,COBACH 10-2,COBACH Plantel 10,Mexico,Mexico
3933,31,0,31,0,31,2026-02-10 15:42:23,2026-02-10 16:29:53,0,0,1509E,Rmageddon,Ridley College High School,Ontario,Canada
3934,31,0,31,0,31,2026-02-21 13:54:17,2026-02-22 04:49:03,0,0,60009A,"Liberty ","American Space Almaty ",Kazakhstan,Kazakhstan
3935,31,0,31,0,31,2026-03-01 19:11:46,2026-03-01 18:51:58,0,0,255A,Norristown Robotics - Aegis,NORRISTOWN AREA HIGH SCHOOL,Pennsylvania - East,United States
3936,31,0,31,0,31,,2025-09-14 15:54:34,0,0,4610M,Minions: Robot Rev,Robot Revolution,New Jersey,United States
3937,31,0,31,0,31,,2025-12-06 18:03:52,0,0,8031D,Error 403 (Forbidden),Hudsonville Robotics - HS,Michigan,United States
3938,31,0,31,0,31,,2025-12-06 18:51:07,0,0,67002G,Control Alt Defeat,Northwest Career And Technical Academy,Nevada,United States
3939,31,0,31,0,31,,2026-01-02 07:41:28,0,0,16999R,苏州山峰双语学校,苏州山峰双语学校,East China,China
3940,31,0,31,0,31,,2026-01-12 23:53:25,0,0,43452A,Helldivers,PORT CLINTON HIGH SCHOOL,Ohio,United States
3941,31,0,31,0,31,,2026-01-17 18:18:39,0,0,301X,The Diamonds,TAVARES HIGH SCHOOL,Florida - North/Central,United States
3942,31,0,31,0,31,,2026-01-31 15:25:16,0,0,50170C,RoboC,GREENWICH ACADEMY,Connecticut,United States
3943,31,0,31,0,31,,2026-01-31 20:49:42,0,0,90504R,North Robotics,North High School,California - Region 4,United States
3944,31,0,31,0,31,,2026-02-04 08:28:15,0,0,62505R,RCY,Royal Commission in Yanbu General Education,Saudi Arabia,Saudi Arabia
3945,31,0,31,0,31,,2026-02-07 18:59:32,0,0,98250B,EWS RoboJags B,The Emery/Weiner School,Texas - Region 3,United States
3946,31,0,31,0,31,,2026-02-11 00:35:07,0,0,45730C,Las Cabras,DEKALB HIGH SCHOOL,Indiana - Region 1 - North,United States
3947,31,0,31,0,31,,2026-02-14 23:21:14,0,0,11230C,Trailblazers C,Iroquois Ridge High School,Ontario,Canada
3948,31,0,31,0,31,,2026-02-27 00:19:49,0,0,39313P,Insomniac Sloths,ASOTIN JR SR HIGH,Washington,United States
3949,31,0,31,0,31,,2026-02-28 19:18:35,0,0,6479D,Black n Blue,POTOMAC HIGH,Virginia,United States
3950,30,21,9,21,27,2026-01-28 20:47:22,2026-01-26 19:41:32,0,0,54037A,TULANWOLVES V2,CONALEP Hidalgo plantel Tulancingo,Mexico,Mexico
3951,30,20,10,20,22,2026-02-05 11:26:54,2026-01-31 12:14:10,52,0,71368B,Wheel Good Inc.,Queen Elizabeth Sixth Form College,United Kingdom,United Kingdom
3952,30,20,10,20,10,2026-01-31 17:44:23,2026-01-31 19:25:38,51,0,60441Z,Livewire,LOCKPORT TOWNSHIP HIGH SCH EAST,Illinois,United States
3953,30,20,10,20,21,2026-02-28 16:13:02,2026-02-14 20:15:46,0,0,17349A,Bytebolts,COX MILL HIGH SCHOOL,North Carolina,United States
3954,30,20,10,20,10,2026-02-14 14:39:38,2026-02-15 07:09:47,0,0,26121A,I.T.T.,TED ESKİŞEHİR KOLEJİ,Türkiye,Türkiye
3955,30,15,15,15,15,2026-02-07 19:47:15,2026-03-14 17:32:26,59,60,877Z,Zylophone (or is it Xylophone?),Ridgefield High School,Connecticut,United States
3956,30,15,15,15,15,2025-12-11 00:37:05,2025-12-11 00:44:54,59,59,28466U,Pyohdei,SPRINGS STUDIO FOR ACADEMIC EXCELLENCE,Colorado,United States
3957,30,15,15,15,15,2026-01-17 20:59:10,2026-01-17 21:00:00,59,59,43141B,Youre,HIGHLAND HIGH SCHOOL,Arizona,United States
3958,30,15,15,15,15,2026-01-31 00:29:26,2026-01-31 00:58:09,59,59,97038B,The Lucky Duckies,Molalla High School,Oregon,United States
3959,30,15,15,15,19,2025-11-09 00:51:01,2025-10-11 03:31:50,59,0,78887A,78887A,Knox Grammar School,Australia,Australia
3960,30,15,15,15,15,2026-01-10 12:16:06,2026-01-10 12:18:23,59,58,11552A,Maverick,Bedford School,United Kingdom,United Kingdom
3961,30,15,15,15,15,2026-01-17 20:09:58,2026-01-17 19:54:52,58,58,56727C,Oracle Operators,North Carolina School of Science and Mathematics - Morganton,North Carolina,United States
3962,30,15,15,15,15,2025-12-31 21:15:35,2025-12-31 21:14:54,57,58,10348E,Legion,Eddie Robotics,Arizona,United States
3963,30,15,15,15,15,2025-11-15 21:07:12,2025-11-15 23:01:49,57,57,10410C,El Capitan Robotics Team 10410C,EL CAPITAN HIGH SCHOOL,California - Region 4,United States
3964,30,15,15,15,15,2025-12-06 14:44:54,2025-12-06 19:22:09,55,59,8031A,The Fantastic Four,Hudsonville Robotics - HS,Michigan,United States
3965,30,15,15,15,15,2026-01-10 19:04:41,2025-12-20 18:28:47,59,58,10900Z,The Dumpster Fires,HAMPDEN CHARTER SCHOOL OF SCIENCE EAST,Massachusetts,United States
3966,30,15,15,15,15,2026-02-14 16:48:52,2026-02-14 16:29:41,55,57,377A,Shadow Wizard Money Gang,GREELY HIGH SCHOOL,Maine,United States
3967,30,15,15,15,19,2026-02-13 16:35:56,2026-01-10 18:31:27,52,0,11921D,Flop-Bot,FAIRVIEW HIGH SCHOOL,Pennsylvania - West,United States
3968,30,15,15,15,15,2026-01-17 00:41:30,2026-01-17 00:30:55,56,51,12954H,4-H DawgBytes -Red,Walker County 4-H,Georgia,United States
3969,30,15,15,15,15,2026-02-14 16:02:57,2026-02-14 18:37:25,54,50,8030C,Eaglets,Lincoln Academy,Maine,United States
3970,30,15,15,15,15,2026-02-14 16:59:18,2026-02-14 17:10:31,54,49,8030B,Dielectric Eagles,Lincoln Academy,Maine,United States
3971,30,15,15,15,15,2026-01-23 14:32:26,2026-01-23 14:25:02,53,48,1233B,Blazers,Crown Point High School,Indiana - Region 1 - North,United States
3972,30,15,15,15,27,2026-02-14 19:42:29,2026-01-10 18:35:18,57,0,92610A,MachineKo,Sahuaro High School,Arizona,United States
3973,30,15,15,15,20,2026-01-31 20:43:49,2026-01-24 21:32:03,59,0,27905J,Jimmy's Sophomores,MARSHFIELD HIGH,Wisconsin,United States
3974,30,15,15,15,21,2026-02-07 17:26:45,2025-12-13 22:40:42,45,0,45519J,Jinx,STEM Innovation Academy,Alberta/Saskatchewan,Canada
3975,30,15,15,15,16,2026-01-17 17:05:00,2025-11-15 19:36:32,45,0,13433C,The Pebble,BLOOMFIELD HIGH,Missouri,United States
3976,30,15,15,15,15,2026-02-14 17:27:35,2026-02-14 18:04:22,59,0,98377P,P.K.E.,TECHNICAL SENIOR HIGH,Minnesota,United States
3977,30,15,15,15,15,2025-11-01 12:38:08,2026-01-17 14:10:24,53,59,12954G,4-H DawgBytes -Black,Walker County 4-H,Georgia,United States
3978,30,15,15,15,15,2026-02-07 15:59:38,2026-02-07 16:01:48,0,59,91028A,Icarus,Silverdale Baptist Academy,Tennessee,United States
3979,30,15,15,15,15,2026-02-21 23:32:15,2026-02-22 00:01:22,58,0,2915F,Lynfield College F,Lynfield College,New Zealand,New Zealand
3980,30,15,15,15,15,2026-01-17 20:08:57,2026-01-17 20:55:46,0,55,43141Y,Insert_Name_Here,HIGHLAND HIGH SCHOOL,Arizona,United States
3981,30,15,15,15,23,2026-02-12 16:31:09,2026-01-24 16:58:37,54,0,14895B,The WingNutz,WELLSVILLE SECONDARY SCHOOL,New York-North,United States
3982,30,15,15,15,15,2026-01-19 23:18:11,2026-01-19 21:42:24,54,0,751D,Baron Bots,BONITA VISTA SENIOR HIGH,California - Region 4,United States
3983,30,15,15,15,15,2026-02-14 22:49:07,2026-02-14 23:22:00,54,0,1290T,Triple T,Brentwood College School,Vancouver Island (BC),Canada
3984,30,15,15,15,15,2026-02-14 17:39:16,2026-02-14 19:43:29,0,54,960Z,Perry Hall High School,Perry Hall High School,Maryland,United States
3985,30,15,15,15,15,2026-02-07 18:57:26,2026-02-07 19:33:51,0,52,61391Z,THE STEEL TITAN,VALOR VOYAGER ACADEMY,Tennessee,United States
3986,30,15,15,15,15,2026-01-31 20:25:31,2026-01-31 21:12:07,51,0,10801A,Trubotics,Pierre Elliott Trudeau HS,Ontario,Canada
3987,30,15,15,15,24,2026-02-01 19:14:19,2026-01-18 17:23:27,50,0,1011W,Ten Ton Robotics,West Vancouver School District #45,British Columbia (BC),Canada
3988,30,15,15,15,15,2026-01-31 19:13:05,2026-01-31 17:06:03,50,0,2606B,Affengeschäft,SOUTH HIGH COMMUNITY,Massachusetts,United States
3989,30,15,15,15,15,2026-02-07 14:47:00,2026-02-07 20:21:26,48,0,82000E,Fishies,Havergal College School,Ontario,Canada
3990,30,15,15,15,15,2026-01-10 18:56:52,2026-01-10 15:41:35,37,0,5813S,Sol,Abraham Lincoln High School,Iowa,United States
3991,30,15,15,15,15,2026-02-08 15:17:01,2026-02-08 15:39:23,15,0,3695C,Jeff,YORKVILLE HIGH SCHOOL,Illinois,United States
3992,30,15,15,15,19,2026-01-31 16:57:13,2026-01-05 00:58:48,0,0,242V,Vsauce,HOLY GHOST PREP,Pennsylvania - East,United States
3993,30,15,15,15,15,2025-11-01 17:32:44,2025-11-01 17:29:40,0,1,1275C,Chamblee High School,CHAMBLEE HIGH SCHOOL,Georgia,United States
3994,30,15,15,15,28,2026-01-31 16:27:52,2026-03-07 18:18:22,59,0,5156E,Snap. Crackle. Bot.,York High School,Maine,United States
3995,30,12,18,15,21,2025-08-23 11:40:37,2025-11-15 09:39:07,59,0,99236M,重庆南开中学,重庆南开中学,West China,China
3996,30,15,15,15,15,2025-12-13 18:32:50,2026-01-31 20:46:30,59,0,1718X,Bot Breakerz,MONTGOMERY HIGH SCHOOL,Texas - Region 3,United States
3997,30,15,15,15,15,2025-11-08 18:33:58,2025-10-25 16:51:41,56,0,99212C,Ursa Major C,COE-BROWN NORTHWOOD ACADEMY,New Hampshire/Vermont,United States
3998,30,0,30,15,30,2025-11-22 19:17:58,2026-02-26 22:15:17,0,0,2719X,That one team,TRITON CENTRAL HIGH SCHOOL,Indiana - Region 2 - Central,United States
3999,30,15,15,15,30,2026-01-08 23:34:30,2025-12-12 18:18:33,0,0,11777B,Circuit Storm,NAMPA CHRISTIAN SCHOOLS,Idaho,United States
4000,30,15,15,15,28,2025-12-13 20:23:46,2025-10-18 16:47:06,0,0,13876A,KCHS #1,CATHOLIC HIGH SCHOOL OF KEARNEY,Nebraska,United States
4001,30,15,15,15,26,2026-01-10 15:46:58,2026-02-14 17:54:29,0,0,77275G,The Frost Giants,Spark Academy,New Hampshire/Vermont,United States
4002,30,15,15,15,25,2025-11-01 17:29:19,2026-01-10 14:55:30,0,0,33269B,Hawaiian Pizza,CARDIGAN MOUNTAIN SCHOOL,New Hampshire/Vermont,United States
4003,30,15,15,15,22,2026-03-04 14:52:50,2026-02-07 18:59:46,0,0,64040C,Lake George Lakers,Lake George Junior-senior High School,New York-North,United States
4004,30,15,15,15,18,2026-01-17 21:15:15,2026-02-14 20:37:05,0,0,59735E,CobraMechanix,CABARRUS EARLY COLLEGE OF TECHNOLOGY,North Carolina,United States
4005,30,15,15,15,17,2026-02-26 19:04:17,2026-01-22 16:47:21,0,6,51401C,Oreos,RIVERSIDE HIGH SCHOOL,West Virginia,United States
4006,30,15,15,15,16,2025-11-15 15:18:50,2026-02-21 18:23:42,0,0,50027A,It Worked Yesterday,DERBY HIGH SCHOOL,Kansas,United States
4007,30,15,15,15,16,2026-02-21 21:15:32,2025-11-22 19:20:02,0,0,89131D,The Big Thinkers,ARBOR VIEW HIGH SCHOOL,Nevada,United States
4008,30,15,15,15,15,2025-08-12 02:42:56,2025-08-12 02:47:30,0,0,52050C,GRUG,Aquinas College,Australia,Australia
4009,30,15,15,15,15,2025-10-18 01:05:19,2025-10-18 01:43:25,0,0,26425A,Black Watch Bionics,Seymour College,Australia,Australia
4010,30,15,15,15,15,2025-11-12 15:47:36,2025-11-12 15:41:09,0,0,47287B,CougarBots,CYPRESS CREEK HIGH SCHOOL,Texas - Region 3,United States
4011,30,15,15,15,15,2025-12-06 16:57:33,2025-12-06 13:41:21,0,0,89227B,Radio Link Lost,RIDGELAND HIGH SCHOOL,Georgia,United States
4012,30,15,15,15,15,2025-12-13 18:19:55,2025-12-13 18:25:39,0,0,93303T,"Build, Break, Blame",Monmouth Robotics,Maine,United States
4013,30,15,15,15,15,2026-01-10 14:19:28,2026-01-10 14:06:08,0,0,58053G,MANIPULATED,City of London School for Girls,United Kingdom,United Kingdom
4014,30,15,15,15,15,2026-01-17 18:16:44,2026-01-17 18:53:05,0,0,94989W,8l4ck crab,Riverside Secondary,British Columbia (BC),Canada
4015,30,15,15,15,15,2026-01-23 06:44:24,2026-01-23 06:46:16,0,0,2053J,Clankers United,Shanghai American School Puxi,East China,China
4016,30,15,15,15,15,2026-01-24 17:32:52,2026-01-24 14:10:30,0,0,41618X,Kirby,CAMDEN CATHOLIC HIGH SCHOOL,New Jersey,United States
4017,30,15,15,15,15,2026-01-31 18:32:33,2026-01-31 18:33:52,0,0,1082W,Wildcard,LOVEJOY HIGH SCHOOL,Texas - Region 5,United States
4018,30,15,15,15,15,2026-01-31 18:47:17,2026-01-31 18:39:10,0,0,98459N,Iron Huskiez,New Hampton School,New Hampshire/Vermont,United States
4019,30,15,15,15,15,2026-02-07 19:57:38,2026-02-07 18:12:03,0,0,20612A,Blazin' Bots,BLOOM TRAIL HIGH SCHOOL,Illinois,United States
4020,30,15,15,15,15,2026-02-14 17:26:53,2026-02-14 16:12:09,0,0,119C,Catalyst,ST BERNARD SCHOOL,Connecticut,United States
4021,30,15,15,15,15,2026-02-21 15:57:35,2026-02-21 19:59:40,0,0,31848E,Six Socket Extension Cord,MCPHERSON HIGH,Kansas,United States
4022,30,15,15,15,15,2026-02-21 19:46:02,2026-02-21 14:49:08,0,0,9071B,The Iron Pack,NEW FOUNDATIONS CS,Pennsylvania - East,United States
4023,30,10,20,10,20,2026-01-28 21:00:42,2026-01-27 23:19:15,0,0,35944A,COBAEH XOCHIATIPAN,Colegio de Bachilleres del Estado de Hidalgo Plantel Xochiatipan,Mexico,Mexico
4024,30,9,21,9,21,2026-02-04 07:23:04,2026-02-04 06:01:48,32,0,1172A,ALRASHED ROBOT - KSA,jawatha private school,Saudi Arabia,Saudi Arabia
4025,30,5,25,5,25,2026-01-31 20:13:42,2026-01-31 20:00:29,52,0,19711C,"NCHS Innovatriots, Team C",Newark Charter Senior High School,Delmarva,United States
4026,30,0,30,5,30,2026-03-04 17:53:34,2026-02-01 18:07:36,0,0,53999R,Robo Hornets,HARPURSVILLE JUNIOR-SENIOR HIGH SCHOOL,New York-North,United States
4027,30,2,28,5,28,2026-02-04 23:13:08,2026-01-30 18:13:13,0,0,34857A,DRAGONBOTS CECYTECH 11 CD. DEL CONOCIMIENTO,CECYTECH 11 Ciudad del Conocimiento,Mexico,Mexico
4028,30,5,25,5,25,2025-12-03 22:38:31,2025-12-03 22:30:21,0,0,83024B,South Hills High School,South Hills High School,Texas - Region 5,United States
4029,30,5,25,5,25,2026-02-07 17:38:44,2026-02-07 17:44:06,0,0,22023D,404 Team Not Found,Bulldog Bytes - Springfield High,Louisiana,United States
4030,30,5,25,5,25,2026-02-14 14:34:25,2026-02-14 15:27:14,0,0,65990C,GCS Cranberries,GILEAD CHRISTIAN SCHOOL,Ohio,United States
4031,30,0,30,4,30,2026-02-12 00:10:47,2025-11-08 20:32:03,0,16,6410C,Caravan Robotics,MOUNT CARMEL HIGH SCHOOL,Illinois,United States
4032,30,0,30,4,30,2026-01-10 22:36:01,2026-01-03 22:51:50,46,0,3685D,Dreadnauts,WAIANAE HIGH SCHOOL,Hawaii,United States
4033,30,0,30,4,30,2025-09-27 02:41:53,2025-12-06 09:09:29,0,0,60066E,SS-E,Guangdong Experimental High School,South China,China
4034,30,0,30,3,30,2026-01-31 17:53:38,2025-12-06 18:44:35,21,0,95212C,Noodles,CESAR CHAVEZ HIGH,California - Region 2,United States
4035,30,2,28,2,28,2026-02-01 19:00:05,2026-02-08 17:39:35,42,0,69955Y,Eon,LADUE HORTON WATKINS HIGH,Missouri,United States
4036,30,2,28,2,29,2025-10-18 02:44:07,2025-10-26 02:55:36,0,0,23401A,Farrer A,FMAHS,Australia,Australia
4037,30,0,30,1,30,2026-01-17 17:52:57,2026-02-21 18:03:51,48,0,84075Y,A Pringles Chip and Some Sawdust,SYRACUSE HIGH,Utah,United States
4038,30,0,30,0,30,2026-02-24 10:50:34,2026-02-24 11:08:44,50,0,67958B,Crana College,Crana College,Ireland,Ireland
4039,30,0,30,0,30,2025-12-13 16:02:59,2025-12-13 16:11:49,42,3,44441T,Wolf-Byte,PINEYWOODS COMMUNITY ACADEMY HIGH SCHOOL,Texas - Region 3,United States
4040,30,0,30,0,30,2026-02-24 11:29:35,2026-02-24 14:08:42,35,0,70824A,St. Cuan's College,Secondary school,Ireland,Ireland
4041,30,0,30,0,30,2026-02-14 22:45:27,2026-02-14 21:17:27,34,0,37792B,MMHS Thunder Volts,MICA MOUNTAIN HIGH SCHOOL,Arizona,United States
4042,30,0,30,0,30,2026-03-01 10:43:39,2026-03-01 10:06:01,20,0,52521H,Veksune,Fundació Vedruna Catalunya Educació,Spain,Spain
4043,30,0,30,0,30,,2026-02-01 19:02:11,0,15,1011A,Ten Ton Robotics,West Vancouver School District #45,British Columbia (BC),Canada
4044,30,0,30,0,30,2026-01-10 18:42:27,2025-11-01 16:59:25,59,0,71811V,Velocity,NORTHVIEW HIGH SCHOOL,Georgia,United States
4045,30,0,30,0,30,2026-02-07 18:55:16,2026-02-28 15:06:26,52,0,547B,Junkyard Geniuses,CHATTANOOGA GIRLS LEADERSHIP ACADEMY,Tennessee,United States
4046,30,0,30,0,30,2026-01-17 17:31:41,2026-01-17 18:29:12,0,0,11603A,SuperiorBots,HOUGHTON CENTRAL HIGH SCHOOL,Michigan,United States
4047,30,0,30,0,30,2026-01-17 18:41:07,2026-01-17 17:43:15,0,0,142A,Cheese Graters,Algoma District School Board,Ontario,Canada
4048,30,0,30,0,30,2026-02-02 14:26:46,2026-02-02 14:25:03,0,0,77038J,Blanson RoboDucks,BLANSON CTE HIGH SCHOOL,Texas - Region 3,United States
4049,30,0,30,0,30,2026-03-07 15:12:22,2026-03-07 17:46:45,0,0,19802A,Salesianum Robotics,Salesianum School,Delmarva,United States
4050,30,0,30,0,30,,2025-11-12 17:56:30,0,0,19713A,Cypress Ranch High School,Cypress Ranch High School,Texas - Region 3,United States
4051,30,0,30,0,30,,2025-11-15 19:08:16,0,0,23348C,"Delavan-Darien Robotics Team ",Delavan-Darien High School,Wisconsin,United States
4052,30,0,30,0,30,,2025-11-22 20:37:24,0,0,76058D,DDDD and Audrey,JOSHUA HIGH SCHOOL,Texas - Region 5,United States
4053,30,0,30,0,30,,2025-12-06 19:32:33,0,0,91630N,Pigeon Party,CORAL ACADEMY OF SCIENCE LAS VEGAS SANDY RIDGE,Nevada,United States
4054,30,0,30,0,30,,2025-12-06 20:01:16,0,0,98549E,Electric-NADO,Burnsview Secondary,British Columbia (BC),Canada
4055,30,0,30,0,30,,2026-01-10 17:55:06,0,0,20131C,Biscuits,Putnam City High School,Oklahoma,United States
4056,30,0,30,0,30,,2026-01-10 19:56:50,0,0,1200A,error 404: name not found,ST MARY CATHOLIC SCHOOLS,Wisconsin,United States
4057,30,0,30,0,30,,2026-01-10 22:18:32,0,0,4077B,Kuromi,STEM Collegiate,Alberta/Saskatchewan,Canada
4058,30,0,30,0,30,,2026-01-17 20:23:28,0,0,81224K,KHHS TSA Team 1,KIPP HOUSTON HIGH SCHOOL,Texas - Region 3,United States
4059,30,0,30,0,30,,2026-01-17 20:27:25,0,0,78520B,Chargers2,VETERANS MEMORIAL EARLY COLLEGE HIGH SCHOOL,Texas - Region 6,United States
4060,30,0,30,0,30,,2026-01-31 21:54:28,0,0,221S,Spider-lily,Westwood Community High School,Alberta/Saskatchewan,Canada
4061,30,0,30,0,30,,2026-02-07 18:49:35,0,0,91805A,Saints Bots,Santa Maria High School,California - Region 3,United States
4062,30,0,30,0,30,,2026-02-11 02:27:55,0,0,71910B,한강바람,APIS,South Korea,"Korea, Republic of"
4063,30,0,30,0,30,,2026-02-13 18:03:36,0,0,74866A,The Iron Talons,Grape Creek High School V5 Unified,Texas - Region 5,United States
4064,30,0,30,0,30,,2026-02-14 20:18:40,0,0,7460A,Iron Maidens,APOLLO HIGH SCHOOL,Kentucky,United States
4065,30,0,30,0,30,,2026-02-15 00:48:18,0,0,76076B,Rusti Sixers,Independence High School,California - Region 2,United States
4066,30,0,30,0,30,,2026-02-16 16:59:51,0,0,91142B,Redneck Engineers,BEAVER LOCAL HIGH SCHOOL,Ohio,United States
4067,30,0,30,0,30,,2026-02-21 13:53:33,0,0,40199A,Tiger Bytes,CONWAY HIGH,South Carolina,United States
4068,30,0,30,0,30,,2026-02-21 17:23:43,0,0,75683W,Waffle Turtles,NEW GLARUS HIGH,Wisconsin,United States
4069,30,0,30,0,30,,2026-03-07 19:25:38,0,0,85556C,Phantom League,PSJA Collegiate High School,Texas - Region 6,United States
4070,29,15,14,15,20,2026-01-10 17:36:36,2026-02-17 21:30:07,59,0,14760D,Shadow Wizard Money Gang,PICKERINGTON HIGH SCHOOL NORTH,Ohio,United States
4071,29,15,14,15,24,2026-02-28 22:10:10,2026-02-14 17:21:58,58,0,76740B,DRIVING FORCE,Greenwood High School,Arkansas,United States
4072,29,15,14,15,20,2026-03-01 19:53:59,2026-02-21 15:58:43,58,0,8637C,Germantown Academy 3,Germantown Academy,Pennsylvania - East,United States
4073,29,15,14,15,14,2026-01-17 18:59:57,2026-01-17 19:04:20,0,0,6408X,"Zero with an ""X""",Heritage Woods Secondary,British Columbia (BC),Canada
4074,29,0,29,5,29,2026-01-17 18:58:12,2026-03-09 14:08:47,43,0,11865A,CCHS Alphas,CENTRAL CATHOLIC HIGH SCHOOL,West Virginia,United States
4075,29,3,26,3,26,2026-01-31 19:07:47,2026-01-31 16:36:03,42,0,64762G,Loose Screws,BANGOR HIGH SCHOOL,Maine,United States
4076,29,1,28,3,28,2026-01-09 23:53:04,2026-01-31 02:56:23,0,0,901B,The Big C-Channels,The American School in Japan,Japan,Japan
4077,29,3,26,3,26,2025-11-22 03:38:30,2025-11-22 03:42:17,0,0,77888E,EEE,清澜山机器人校队,South China,China
4078,29,0,29,1,29,2025-12-18 16:31:17,2026-03-04 16:25:37,53,0,14711D,Nutdriver,Belfast School,New York-North,United States
4079,29,0,29,1,29,2025-11-14 15:29:05,2026-01-10 17:53:14,0,0,2105A,Swampbotics,WARE COUNTY HIGH SCHOOL,Georgia,United States
4080,29,0,29,1,29,2026-01-17 19:31:35,2026-02-28 14:48:06,0,0,91028B,Brotato Chips,Silverdale Baptist Academy,Tennessee,United States
4081,29,0,29,0,29,2026-02-14 16:02:10,2026-02-14 18:07:19,52,2,14082A,Nemesis Prime,Rocky Grove Jshs,Pennsylvania - West,United States
4082,29,0,29,0,29,2026-02-07 18:46:42,2026-02-07 20:10:28,35,0,45434D,The Cucumbers,Beavercreek Robotics Club,Ohio,United States
4083,29,0,29,0,29,2026-02-07 20:36:05,2026-02-07 16:45:18,35,0,898A,Kaizen,Thomas Stone High School,Maryland,United States
4084,29,0,29,0,29,2026-02-14 17:19:34,2025-11-08 19:45:15,56,0,21408F,Trojan Chargers,CHESTERTON SENIOR HIGH SCHOOL,Indiana - Region 1 - North,United States
4085,29,0,29,0,29,2026-01-17 17:05:22,2026-01-17 20:24:27,0,0,22635H,Snowy Camels,CAMPBELL COUNTY HIGH SCHOOL,Wyoming,United States
4086,29,0,29,0,29,2026-02-21 14:11:20,2026-02-21 15:40:13,0,0,26468B,Bengal Super Tanks,BLYTHEWOOD HIGH,South Carolina,United States
4087,29,0,29,0,29,2026-02-26 19:51:49,2026-02-26 16:52:50,0,0,51401A,River Raiders,RIVERSIDE HIGH SCHOOL,West Virginia,United States
4088,29,0,29,0,29,,2025-11-15 20:45:51,0,0,84184B,Robo Hawks,SOUTH SIDE HIGH SCHOOL,Tennessee,United States
4089,29,0,29,0,29,,2025-12-13 18:49:53,0,0,1251B,Survey Corps,FRONTIER STEM HIGH SCHOOL,Missouri,United States
4090,29,0,29,0,29,,2025-12-13 19:59:44,0,0,2474A,Alien,Walnut Grove Robotics,Texas - Region 5,United States
4091,29,0,29,0,29,,2026-01-24 01:00:27,0,0,84236C,Hog Riders,Nanjing International School,East China,China
4092,29,0,29,0,29,,2026-01-24 15:47:15,0,0,55098B,ISP Cyber Dolphins,International School of Panama,Panama,Panama
4093,29,0,29,0,29,,2026-01-25 21:32:42,0,0,48048A,Palomar Panthers,Palomar High School,California - Region 4,United States
4094,29,0,29,0,29,,2026-01-27 17:08:06,0,0,83280D,L.C. PowerPack,LANGHAM CREEK HIGH SCHOOL,Texas - Region 3,United States
4095,29,0,29,0,29,,2026-01-31 21:37:00,0,0,11702B,MMHS knights,YRDSB,Ontario,Canada
4096,29,0,29,0,29,,2026-02-07 18:27:18,0,0,8876E,Entropy,QUEENSBURY SENIOR HIGH SCHOOL,New York-North,United States
4097,29,0,29,0,29,,2026-02-07 21:43:42,0,0,94517F,Flamingo Dynamics,Clayton Valley Charter High School,California - Region 2,United States
4098,29,0,29,0,29,,2026-02-08 09:51:02,0,0,41510C,Limbo,International School Basel,Switzerland,Switzerland
4099,29,0,29,0,29,,2026-02-08 16:07:24,0,0,23851B,Polar Bears,KIRKWOOD SR. HIGH,Missouri,United States
4100,29,0,29,0,29,,2026-02-14 22:06:13,0,0,6219E,We'll Ficsit Tomorrow,NEENAH HIGH,Wisconsin,United States
4101,29,0,29,0,29,,2026-02-21 17:35:26,0,0,2018A,New Trier High School,NEW TRIER TOWNSHIP HIGH SCHOOL WINNETKA,Illinois,United States
4102,29,0,29,0,29,,2026-02-27 00:41:30,0,0,60522Z,Stark Industries,CHARLES FRANCIS ADAMS HIGH SCHOOL,Washington,United States
4103,29,0,29,0,29,,2026-03-07 19:03:19,0,0,14521A,Tech Gladiators,VANGUARD BEETHOVEN,Texas - Region 6,United States
4104,28,0,28,20,28,2026-02-08 18:58:24,2025-12-13 22:16:03,46,0,3300K,Make a Wish,Western Canada High School,Alberta/Saskatchewan,Canada
4105,28,20,8,20,20,2026-02-26 17:34:26,2026-01-31 17:52:21,0,0,3184B,Big Top Tors,SULPHUR HIGH SCHOOL,Louisiana,United States
4106,28,15,13,15,13,2026-03-07 18:12:15,2026-03-07 17:40:50,55,0,2990H,Super hornets,West Salem High school,Oregon,United States
4107,28,15,13,15,13,2026-02-07 03:09:54,2026-02-07 01:40:22,54,0,86832B,Elevator Elevator,International School of Beijing,North China,China
4108,28,15,13,15,13,2025-11-08 21:51:35,2025-11-08 21:43:21,0,0,3735B,BOB,Klein High School,Texas - Region 3,United States
4109,28,5,23,5,26,2026-01-10 18:19:55,2025-12-06 14:59:40,44,50,6743J,Bot Brigade,Lakewood Ranch High School,Florida - North/Central,United States
4110,28,5,23,5,27,2025-11-02 02:56:08,2025-12-06 01:04:28,0,0,6546B,One Degree North,Singapore American School,Singapore,Singapore
4111,28,5,23,5,23,2026-01-31 10:32:44,2026-01-31 09:31:00,0,0,1438A,RQ - Sajaya Kalba 1,RQ Science & Technology - Kalba,United Arab Emirates,United Arab Emirates
4112,28,4,24,4,24,2026-01-03 16:59:18,2026-01-03 15:28:15,0,0,23037A,Alpine,FINDLAY HIGH SCHOOL,Ohio,United States
4113,28,4,24,4,24,2026-02-07 00:00:31,2026-02-08 17:51:26,0,0,6019B,Chonkers,Glacier High School,Montana,United States
4114,28,0,28,3,28,2026-01-10 14:18:48,2025-11-01 16:33:23,0,0,33344C,Catastrophe,Whitewater High School,Georgia,United States
4115,28,0,28,2,28,2025-11-22 19:47:30,2026-02-14 18:28:10,0,0,18350B,Thomas Jefferson High School Robotics Team,THOMAS JEFFERSON HIGH SCHOOL,Texas - Region 2,United States
4116,28,1,27,2,27,2026-02-15 07:25:26,2025-12-28 08:22:48,0,0,34034A,TULPAR,BAYKAR FEN LİSESİ,Türkiye,Türkiye
4117,28,2,26,2,26,2026-01-17 15:38:51,2026-01-17 14:36:11,0,0,97052C,Clankers,HAGERTY HIGH SCHOOL,Florida - North/Central,United States
4118,28,0,28,1,28,2025-12-06 17:58:17,2026-02-07 00:41:27,50,0,1275E,Chamblee High School,CHAMBLEE HIGH SCHOOL,Georgia,United States
4119,28,0,28,1,28,2025-12-06 22:27:36,2026-02-07 18:40:39,0,0,95212E,Titan Robotics,CESAR CHAVEZ HIGH,California - Region 2,United States
4120,28,0,28,1,28,2026-02-07 19:52:11,2026-03-07 16:14:18,0,0,39541C,Mecha Titans - Pythonamus,PSJA THOMAS JEFFERSON T-STEM EARLY COLLEGE HIGH SCHOOL,Texas - Region 6,United States
4121,28,0,28,0,28,2026-02-21 15:36:14,2026-03-01 17:27:18,43,0,8637D,Germantown Academy 4,GERMANTOWN ACADEMY,Pennsylvania - East,United States
4122,28,0,28,0,28,2026-02-14 20:26:36,2026-02-21 18:51:24,55,0,15352G,The IRS,SEAMAN HIGH,Kansas,United States
4123,28,0,28,0,28,2026-02-02 19:38:10,2026-02-02 19:13:31,0,0,75019G,Coppell SUPERNOVA,COPPELL HIGH SCHOOL,Texas - Region 5,United States
4124,28,0,28,0,28,2026-02-07 17:15:59,2026-02-07 15:35:04,0,0,16802W,Ecliptica,MADISON CENTRAL HIGH SCHOOL,Mississippi,United States
4125,28,0,28,0,28,2026-02-28 20:54:13,2026-02-28 20:33:18,0,0,98646A,Cyber Saints,Briarcrest Christian School,Tennessee,United States
4126,28,0,28,0,28,,2025-11-08 18:40:04,0,0,37377B,Carbon Eagle,SIGNAL MOUNTAIN MIDDLE/HIGH SCHOOL,Tennessee,United States
4127,28,0,28,0,28,,2025-11-12 21:09:13,0,0,20641B,Robo Dawgs Python,ZEPHYRHILLS HIGH SCHOOL,Florida - North/Central,United States
4128,28,0,28,0,28,,2025-11-13 19:12:47,0,0,79336A,CECYTEM Plantel Lagunillas,CECYTEM Plantel  Lagunillas,Mexico,Mexico
4129,28,0,28,0,28,,2025-11-15 18:50:47,0,0,22579D,People of the Cube,MILTON HIGH,Wisconsin,United States
4130,28,0,28,0,28,,2025-11-16 00:01:57,0,0,1138C,Eagle Engineering C,CHAMINADE COLLEGE PREPARATORY HIGH SCHOOL,California - Region 4,United States
4131,28,0,28,0,28,,2025-12-06 19:51:45,0,0,75503X,Made in China,PLEASANT GROVE HIGH SCHOOL,Texas - Region 2,United States
4132,28,0,28,0,28,,2025-12-13 20:57:05,0,0,2605C,Codfish,Sehome High School,Washington,United States
4133,28,0,28,0,28,,2026-01-17 18:13:15,0,0,74559C,The Konami Code,CELINA HIGH SCHOOL,Texas - Region 5,United States
4134,28,0,28,0,28,,2026-01-17 19:16:01,0,0,87770A,Eagle Bots,Eagle Bots,Washington,United States
4135,28,0,28,0,28,,2026-01-17 19:30:36,0,0,22635A,Hamster Aeronautics Inc,CAMPBELL COUNTY HIGH SCHOOL,Wyoming,United States
4136,28,0,28,0,28,,2026-01-18 18:47:47,0,0,2025C,Budget Co.,N GARLAND HIGH SCHOOL,Texas - Region 5,United States
4137,28,0,28,0,28,,2026-01-24 20:02:56,0,0,5059A,Robo-Quackers,Friends Academy,New York-South,United States
4138,28,0,28,0,28,,2026-01-28 21:23:08,0,0,39789A,The Smiths,CECyTEH Plantel Tezontepec de Aldama,Mexico,Mexico
4139,28,0,28,0,28,,2026-01-31 17:36:12,0,0,40B,Peter Bot,TRINITY HIGH SCHOOL,New Hampshire/Vermont,United States
4140,28,0,28,0,28,,2026-02-06 17:32:44,0,0,4378B,Excalibur,J M HANKS HIGH SCHOOL,Texas - Region 1,United States
4141,28,0,28,0,28,,2026-02-07 17:05:35,0,0,5111C,AP 5111C,AVERILL PARK HIGH SCHOOL,New York-North,United States
4142,28,0,28,0,28,,2026-02-07 19:40:46,0,0,81218C,Inter Continental Ballistic Misfits,Loveless Academic Magnet Prog High School,Alabama,United States
4143,28,0,28,0,28,,2026-02-15 08:48:09,0,0,63840H,Displacement,Hisar Okulları,Türkiye,Türkiye
4144,28,0,28,0,28,,2026-02-19 21:55:55,0,0,98225M,Bellingham High School M,Bellingham High School,Washington,United States
4145,28,0,28,0,28,,2026-02-20 19:09:04,0,0,75775A,Digital Natives,FT DAVIS SCHOOL,Texas - Region 1,United States
4146,28,0,28,0,28,,2026-02-28 19:02:29,0,0,24816H,BIG BROTHER,Happy Valley High School,Tennessee,United States
4147,28,0,28,0,28,,2026-02-28 19:37:04,0,0,30204A,Gibbons Gearheads,Cardinal Gibbons High School,Florida - South,United States
4148,27,15,12,15,12,2026-02-21 19:27:01,2026-02-21 19:20:58,50,0,4001A,Aetherium,PARKLAND HIGH SCHOOL,Pennsylvania - East,United States
4149,27,15,12,15,12,2026-02-15 20:03:58,2026-02-15 18:09:56,4,0,3236A,Tri-Force A,TRI-COUNTY REGIONAL VOCATIONAL TECHNICAL,Massachusetts,United States
4150,27,0,27,15,27,2026-02-07 19:06:58,2026-01-27 18:32:13,0,0,16329V,Magnum Opus,CYPRESS RIDGE HIGH SCHOOL,Texas - Region 3,United States
4151,27,0,27,15,27,2026-02-14 18:26:08,2026-02-28 15:36:14,0,0,1483B,Balaclava,Trinity Lutheran High School,Indiana - Region 3 - South,United States
4152,27,0,27,15,27,2026-02-21 19:32:51,2025-12-06 17:56:16,0,0,45434N,Nemesis,Beavercreek Robotics Club,Ohio,United States
4153,27,15,12,15,12,2026-02-21 17:52:55,2026-02-21 17:35:08,0,0,28001B,Garces Rams Bravo,Garces Memorial High School,California - Region 3,United States
4154,27,0,27,14,27,2026-03-06 16:33:26,2026-02-06 16:24:20,0,0,6024E,Thunder Struck,Fosston High School,Minnesota,United States
4155,27,0,27,5,27,2025-10-25 16:42:30,2026-01-26 15:43:06,0,0,4519R,"Bacon, Egg N Cheese, Egg N Cheese",OMAHA SOUTH MAGNET HIGH SCHOOL,Nebraska,United States
4156,27,5,22,5,27,2026-02-28 18:36:37,2026-01-24 16:32:53,0,0,7701W,Wildcard,ZIONSVILLE COMMUNITY HIGH SCHOOL,Indiana - Region 2 - Central,United States
4157,27,5,22,5,22,2025-10-17 06:24:09,2025-10-17 06:27:41,0,0,79419S,Shooting Star,Carey Baptist College,Australia,Australia
4158,27,5,22,5,22,2026-01-04 12:24:00,2026-01-04 12:26:27,0,0,77610E,Eagle Tech,Kartal Anadolu Imam-Hatip High School,Türkiye,Türkiye
4159,27,5,22,5,22,2026-01-16 19:08:08,2026-01-16 16:42:29,0,0,12169Z,A Slight Complication,TRENTON HIGH SCHOOL,Texas - Region 2,United States
4160,27,3,24,3,24,2025-12-20 15:48:50,2025-12-20 15:51:18,47,0,22324B,Code and Conquer,SALEM HIGH SCHOOL,Ohio,United States
4161,27,0,27,3,27,2026-02-14 17:30:48,2026-01-10 19:41:49,0,0,78634B,Pink Hippos,HUTTO HIGH SCHOOL,Texas - Region 4,United States
4162,27,3,24,3,24,2026-01-10 19:45:34,2026-01-10 18:36:19,0,0,94027A,Dinoco,Menlo School,California - Region 2,United States
4163,27,2,25,2,25,2026-01-19 19:10:09,2026-01-19 19:28:27,39,0,751E,Baron Bots,BONITA VISTA SENIOR HIGH,California - Region 4,United States
4164,27,1,26,2,26,2026-01-10 17:39:52,2026-01-17 17:05:10,33,0,2664Z,Cyberdyne,Dolphin Robotics,Massachusetts,United States
4165,27,2,25,2,25,2026-02-14 18:08:49,2026-02-14 18:00:36,0,0,9636A,Still Thinking,Thinking Robotics,Arizona,United States
4166,27,2,25,2,25,2026-02-21 22:11:19,2026-02-21 22:46:09,0,0,2985A,SUMA,Palmerston North Girls' High School,New Zealand,New Zealand
4167,27,1,26,1,26,2026-02-14 14:51:35,2026-02-14 13:47:11,46,0,22324C,Sisyphus,SALEM HIGH SCHOOL,Ohio,United States
4168,27,1,26,1,26,2026-02-07 17:03:34,2026-02-07 13:50:22,35,0,5525A,Panthers,Patuxent High School,Maryland,United States
4169,27,0,27,1,27,2025-11-20 17:25:35,2025-10-09 18:06:41,0,0,51401G,Cooper's Troopers,RIVERSIDE HIGH SCHOOL,West Virginia,United States
4170,27,0,27,1,27,2026-03-14 18:18:40,2025-11-15 18:02:08,0,0,73973A,White House - Atomic,WHITE HOUSE HIGH SCHOOL,Tennessee,United States
4171,27,1,26,1,26,2026-01-31 11:34:35,2026-01-31 09:45:38,0,0,91020A,Canadian International School,Canadian International School,United Arab Emirates,United Arab Emirates
4172,27,0,27,0,27,2026-01-24 03:55:56,2026-01-24 03:58:54,56,0,3818B,The Shoguns,"International School Manila ",Philippines,Philippines
4173,27,0,27,0,27,2026-03-14 18:37:54,2026-02-07 20:42:37,33,0,20017Y,Workin' On It,MORIARTY HIGH,New Mexico,United States
4174,27,0,27,0,27,,2025-12-11 16:26:24,0,20,72991B,Citronelle Team 2,CITRONELLE HIGH SCHOOL,Alabama,United States
4175,27,0,27,0,27,,2026-02-14 22:13:30,0,6,37792D,Thunder Buddies,MICA MOUNTAIN HIGH,Arizona,United States
4176,27,0,27,0,27,,2025-12-13 14:34:39,0,3,75833D,Spidermen,CENTERVILLE JR-SR HIGH SCHOOL,Texas - Region 2,United States
4177,27,0,27,0,27,,2026-01-17 21:25:03,0,2,7842P,Potential Fire Hazard,Robotics71 - School District #71,Vancouver Island (BC),Canada
4178,27,0,27,0,27,2026-01-31 19:41:33,2025-12-06 20:01:26,57,0,89135D,Crimson Typhoon,WEST CAREER & TECHNICAL ACADEMY,Nevada,United States
4179,27,0,27,0,27,2025-11-14 17:52:51,2026-02-20 19:30:08,46,0,3260P,SHARP,Sarah Heinz House,Pennsylvania - West,United States
4180,27,0,27,0,27,2025-12-06 20:09:54,2025-12-06 19:35:05,0,0,33993E,Mariner Triton,MARINER HIGH SCHOOL,Florida - South,United States
4181,27,0,27,0,27,2026-01-17 21:09:46,2026-01-17 21:23:39,0,0,17698G,Panthrix 2,South Early College High School,Texas - Region 3,United States
4182,27,0,27,0,27,2026-01-23 08:38:38,2026-01-24 02:31:09,0,0,67789B,Ingenium Lions,Wellington College International Shanghai,East China,China
4183,27,0,27,0,27,2026-01-31 21:18:25,2026-01-31 19:56:24,0,0,221R,V-Spark,Westwood Community High School,Alberta/Saskatchewan,Canada
4184,27,0,27,0,27,,2025-11-01 15:46:16,0,0,93303V,The Bot-cherlorette Party,Monmouth Robotics,Maine,United States
4185,27,0,27,0,27,,2025-11-05 21:51:47,0,0,20641A,Robo Dawgs 1 Florida Man,ZEPHYRHILLS HIGH SCHOOL,Florida - North/Central,United States
4186,27,0,27,0,27,,2025-11-12 17:53:22,0,0,19713C,Cypress Ranch High School,Cypress Ranch High School,Texas - Region 3,United States
4187,27,0,27,0,27,,2025-11-15 19:11:49,0,0,27508B,Viking Robotics Team Odin,North Salem High School,Oregon,United States
4188,27,0,27,0,27,,2025-12-06 17:21:06,0,0,1082U,Sharky,LOVEJOY HIGH SCHOOL,Texas - Region 5,United States
4189,27,0,27,0,27,,2025-12-13 17:04:30,0,0,27362B,Titan Robotics,MEMORIAL HIGH SCHOOL,Texas - Region 3,United States
4190,27,0,27,0,27,,2025-12-13 19:21:24,0,0,90475C,Pipe Insulators,DEER PARK HIGH SCHOOL (SC),Texas - Region 3,United States
4191,27,0,27,0,27,,2025-12-13 20:56:19,0,0,10500B,10500 B,Damonte Ranch High School,Nevada,United States
4192,27,0,27,0,27,,2025-12-18 16:19:37,0,0,14737A,Bingus V2,FRANKLINVILLE JUNIOR-SENIOR HIGH SCHOOL,New York-North,United States
4193,27,0,27,0,27,,2026-01-15 13:06:59,0,0,91092A,CMMG,Coláiste Muire Máthair,Ireland,Ireland
4194,27,0,27,0,27,,2026-01-17 16:55:43,0,0,80817D,Data Breach,FOUNTAIN-FORT CARSON HIGH SCHOOL,Colorado,United States
4195,27,0,27,0,27,,2026-01-17 19:15:08,0,0,19522G,Giants,ALDEN-HEBRON HIGH SCHOOL,Illinois,United States
4196,27,0,27,0,27,,2026-01-24 17:32:01,0,0,25060E,HCA Eagles,Heritage Christian Academy,Colorado,United States
4197,27,0,27,0,27,,2026-01-24 18:30:58,0,0,27905G,Goobernators,MARSHFIELD HIGH,Wisconsin,United States
4198,27,0,27,0,27,,2026-01-24 19:18:02,0,0,19383G,NewRo Bots,NEW ROCHELLE HIGH SCHOOL,New York-South,United States
4199,27,0,27,0,27,,2026-01-31 19:52:21,0,0,46167A,The Wolfpack - Sirius,The Institute of Technology and Engineering at Ranchview High School,Texas - Region 5,United States
4200,27,0,27,0,27,,2026-02-04 08:23:26,0,0,91110A,The Cookies,Bakkah Secondary School for Talented,Saudi Arabia,Saudi Arabia
4201,27,0,27,0,27,,2026-02-06 08:18:29,0,0,34844A,BCIS Bananas,Beijing City International School,North China,China
4202,27,0,27,0,27,,2026-02-07 18:38:23,0,0,4979D,DevilStormRobotics,Hinsdale Central High School,Illinois,United States
4203,27,0,27,0,27,,2026-02-07 19:53:37,0,0,76892D,"Dark Matter ",Sayre High School,Oklahoma,United States
4204,27,0,27,0,27,,2026-02-07 20:32:27,0,0,5408D,Sachse Dynamo,SACHSE HIGH SCHOOL,Texas - Region 5,United States
4205,27,0,27,0,27,,2026-02-07 21:18:40,0,0,65696A,TVT VEX Robotics A,TARBUT V'TORAH COMMUNITY DAY SCHOOL,California - Region 4,United States
4206,27,0,27,0,27,,2026-02-08 03:50:26,0,0,8861D,Ngua Pung,International School Bangkok,Thailand,Thailand
4207,27,0,27,0,27,,2026-02-14 17:27:28,0,0,34716X,Arrow Verse,A+ CHARTER SCHOOLS,Arizona,United States
4208,27,0,27,0,27,,2026-02-14 20:19:43,0,0,31848F,Every Villain Is Lemons (E.V.I.L.),MCPHERSON HIGH,Kansas,United States
4209,27,0,27,0,27,,2026-02-14 21:43:17,0,0,34690B,VKR,CAMPBELL HALL (EPISCOPAL),California - Region 4,United States
4210,27,0,27,0,27,,2026-02-20 23:42:17,0,0,14533B,Go Anywhere,North London Collegiate School,South Korea,"Korea, Republic of"
4211,27,0,27,0,27,,2026-02-21 03:10:16,0,0,2941F,The Ferapists,Otumoetai College,New Zealand,New Zealand
4212,27,0,27,0,27,,2026-02-21 15:15:26,0,0,3612C,Uranus27,Catawba Ridge High School,South Carolina,United States
4213,27,0,27,0,27,,2026-02-21 15:19:41,0,0,29073A,Robophobia 2.0,White Knoll High School,South Carolina,United States
4214,27,0,27,0,27,,2026-02-21 16:12:36,0,0,42784B,Indecisive??,MARION HIGH SCHOOL,Indiana - Region 1 - North,United States
4215,27,0,27,0,27,,2026-02-21 17:23:30,0,0,46342A,MASE Reincarnationions,Memphis Academy of Sciecne and Engineering,Tennessee,United States
4216,27,0,27,0,27,,2026-02-21 20:56:32,0,0,3134P,Robolabs Polar,Robolabs,California - Region 2,United States
4217,27,0,27,0,27,,2026-02-26 23:56:05,0,0,60522Y,Blank,CHARLES FRANCIS ADAMS HIGH SCHOOL,Washington,United States
4218,27,0,27,0,27,,2026-02-28 09:16:31,0,0,80745A,Ctrl Alt Elite,St. Modan's High School,United Kingdom,United Kingdom
4219,27,0,27,0,27,,2026-02-28 17:26:28,0,0,83941D,Giga-Pigeons,RIVERSIDE HIGH SCHOOL,Indiana - Region 2 - Central,United States
4220,27,0,27,0,27,,2026-03-07 20:34:09,0,0,4898B,Pioneer Ostriches,EAGLE HILL SCHOOL,Massachusetts,United States
4221,26,0,26,19,26,2026-02-14 21:22:53,2025-12-13 18:20:03,0,2,44441B,Wolf-Byte,PINEYWOODS COMMUNITY ACADEMY HIGH SCHOOL,Texas - Region 3,United States
4222,26,15,11,15,21,2026-01-24 17:18:24,2025-12-10 01:58:52,50,0,25155D,Pathfinders Delta,American Leadership Academy Applied Technologies,Arizona,United States
4223,26,15,11,15,11,2025-12-05 23:55:46,2025-12-05 22:47:31,55,0,39E,Six Seven,CRANBROOK SCHOOLS,Michigan,United States
4224,26,15,11,15,11,2026-02-07 16:55:58,2026-02-07 16:54:08,55,0,5735S,Banana Something,ST MARTIN HIGH SCHOOL,Mississippi,United States
4225,26,15,11,15,17,2025-12-06 19:28:54,2026-02-21 14:14:33,50,0,51228B,Spare Parts,DUNEDIN HIGH SCHOOL,Florida - North/Central,United States
4226,26,15,11,15,16,2026-02-14 21:58:54,2026-01-31 17:36:19,47,0,53551X,Enigma,Lakeside Lutheran High School,Wisconsin,United States
4227,26,0,26,15,26,2025-12-13 19:01:19,2025-11-08 17:02:48,56,0,3885C,Mecha Cats,UNITEC CAREER CTR.,Missouri,United States
4228,26,0,26,15,26,2026-02-14 20:23:50,2025-11-21 19:33:50,0,0,597E,Robobusters Purple,SCHOOL OF SCIENCE AND ENGINEERING,Texas - Region 2,United States
4229,26,15,11,15,11,2025-11-14 15:47:23,2025-11-14 15:49:02,0,0,71811Z,Zeta,NORTHVIEW HIGH SCHOOL,Georgia,United States
4230,26,15,11,15,11,2026-02-07 16:21:55,2026-02-07 16:16:41,0,0,62449C,MSMS Blue Waves,The MISSISSIPPI SCHOOL FOR MATH AND SCIENCE,Mississippi,United States
4231,26,12,14,12,25,2026-03-08 16:31:45,2026-01-31 22:26:37,0,0,98765D,Lodi High Robotics,LODI HIGH,California - Region 2,United States
4232,26,10,16,10,21,2025-12-30 18:43:30,2025-11-15 20:54:00,15,3,50881A,TechnoDREAM,TechnoDREAM,California - Region 4,United States
4233,26,0,26,5,26,2026-02-14 18:45:58,2026-01-23 22:37:37,58,0,15801F,Band Kids (now with more Paul),DUBOIS AREA SHS,Pennsylvania - West,United States
4234,26,0,26,5,26,2026-01-10 17:22:29,2026-01-17 15:40:51,0,0,51617B,He Who Shall Not Be Named,ROSE BUD HIGH SCHOOL,Arkansas,United States
4235,26,5,21,5,21,2025-11-08 17:44:07,2025-11-08 16:38:30,0,0,16924W,Torqado,WHALE BRANCH EARLY COLLEGE HIGH,South Carolina,United States
4236,26,5,21,5,21,2025-12-18 17:06:31,2025-12-18 17:10:01,0,0,28625X,Precision Guesswork,WEST IREDELL HIGH,North Carolina,United States
4237,26,5,21,5,21,2026-02-21 15:45:26,2026-02-21 14:25:38,0,0,3612A,WALL-Y,Catawba Ridge High School,South Carolina,United States
4238,26,0,26,4,26,2025-11-12 00:18:33,2025-12-13 19:07:34,0,0,90475A,Collateral Damage,DEER PARK HIGH SCHOOL (SC),Texas - Region 3,United States
4239,26,1,25,1,25,2026-03-15 17:24:26,2026-03-14 19:24:41,53,0,6603T,T-Time,PATRIOT HIGH,Virginia,United States
4240,26,1,25,1,25,2026-01-19 19:55:36,2026-01-19 21:16:04,42,0,751B,Baron Bots,BONITA VISTA SENIOR HIGH,California - Region 4,United States
4241,26,0,26,1,26,2026-01-03 19:29:55,2026-02-14 18:03:49,0,0,54222A,RoboRams Team A,INTERLACHEN HIGH SCHOOL JROTC,Florida - North/Central,United States
4242,26,0,26,1,26,2026-02-27 22:30:31,2025-12-20 18:43:08,0,0,3465B,Vexecutioners,Great Plains Lutheran High School,South Dakota,United States
4243,26,0,26,1,26,2026-03-13 22:16:30,2026-02-21 17:56:09,0,0,38017W,Goblin Gang,Mid-South Gifted Academy,Tennessee,United States
4244,26,1,25,1,25,2025-10-04 16:58:33,2025-10-04 17:02:49,0,0,28401A,Viper Team Alpha,REAGAN HIGH SCHOOL,Texas - Region 4,United States
4245,26,1,25,1,25,2026-01-16 07:41:03,2026-01-15 08:59:50,0,0,44110P,All for one,Patumwan Demonstration School,Thailand,Thailand
4246,26,1,25,1,25,2026-02-04 08:35:33,2026-02-04 07:15:00,0,0,79999G,Al-jazirah,IBNROSHD_ALjazera,Saudi Arabia,Saudi Arabia
4247,26,1,25,1,25,2026-02-07 17:04:28,2026-02-07 14:36:33,0,0,9134A,TEAM MARIO,BUNA HIGH SCHOOL,Texas - Region 3,United States
4248,26,1,25,1,25,2026-02-21 19:55:10,2026-02-21 16:22:07,0,0,18640Y,St. Xavier Y,St Xavier High School,Kentucky,United States
4249,26,1,25,1,25,2026-02-28 12:30:12,2026-02-28 12:22:25,0,0,90800A,CyberKnights,Lycée Technique d'Ettelbruck,Luxembourg,Luxembourg
4250,26,0,26,0,26,2026-01-24 13:36:21,2026-01-24 13:17:05,56,0,10478B,SubZero Robotics,Greig City Academy,United Kingdom,United Kingdom
4251,26,0,26,0,26,2026-02-14 18:37:19,2026-02-14 18:59:05,41,10,4101H,Reece's,HILLSBORO MIDDLE/HIGH SCHOOL,Kansas,United States
4252,26,0,26,0,26,2025-11-12 18:44:31,2025-11-12 18:28:33,48,0,84443N,Discovery,RICE LAKE HIGH,Wisconsin,United States
4253,26,0,26,0,26,2026-02-28 18:53:25,2026-02-14 18:00:13,48,0,37148D,Checkmate,PORTLAND HIGH SCHOOL,Tennessee,United States
4254,26,0,26,0,26,2026-01-31 18:25:54,2026-01-31 16:58:37,43,0,4898C,Pioneer Dodos,EAGLE HILL SCHOOL,Massachusetts,United States
4255,26,0,26,0,26,,2026-01-24 16:37:57,0,13,50480E,Spartronics - SS Meetale,IMLAY CITY HIGH SCHOOL,Michigan,United States
4256,26,0,26,0,26,2026-01-24 16:14:13,2026-02-01 18:12:20,42,7,1716B,Mafias,NIAGARA FALLS HIGH SCHOOL,New York-North,United States
4257,26,0,26,0,26,2026-02-14 13:48:07,2026-02-07 18:47:53,47,6,4101E,Mackdonelds Emploieeze,Hillsboro Middle/high School,Kansas,United States
4258,26,0,26,0,26,,2026-01-31 19:54:23,0,6,54770C,The Clankers,ELEVA-STRUM HIGH,Wisconsin,United States
4259,26,0,26,0,26,,2026-02-14 21:14:37,0,2,99898A,Palisades Robotics,Palisades Charter High School,California - Region 4,United States
4260,26,0,26,0,26,2025-12-13 17:10:27,2026-01-31 21:19:21,57,0,5760E,Trihydrogen Monoxide,Father Patrick Mercredi Community High School,Alberta/Saskatchewan,Canada
4261,26,0,26,0,26,2026-01-03 18:18:04,2025-11-08 17:59:17,48,0,288D,RoboDawgs: Dauntless,Grandville High School,Michigan,United States
4262,26,0,26,0,26,2026-02-07 01:02:36,2026-01-24 01:53:19,47,0,55930D,AP5,Wuhan Yangtze International School,Middle China,China
4263,26,0,26,0,26,2026-02-07 16:14:21,2026-01-17 14:05:08,37,0,9880R,Chefbots,JAMES F. BYRNES HIGH,South Carolina,United States
4264,26,0,26,0,26,2025-11-15 18:27:36,2025-11-15 18:02:07,0,0,39C,S.W.R.Y.L.,CRANBROOK SCHOOLS,Michigan,United States
4265,26,0,26,0,26,2026-01-24 17:05:06,2026-01-24 15:27:58,0,0,6299B,Seniors + 2,Enterprise Career and Technology Ce,Alabama,United States
4266,26,0,26,0,26,2026-02-14 15:15:54,2026-02-14 19:08:13,0,0,68803B,Bit By Bit,NORTHWEST HIGH SCHOOL,Nebraska,United States
4267,26,0,26,0,26,2026-02-14 16:40:32,2026-02-14 20:30:05,0,0,719R,RIP,Bentonville Public Schools,Arkansas,United States
4268,26,0,26,0,26,,2025-10-19 15:30:48,0,0,4330R,The Live Wires,RANSOM EVERGLADES SCHOOL,Florida - South,United States
4269,26,0,26,0,26,,2025-11-08 21:19:36,0,0,44405B,Alt F4 Robotics,ODYSSEY EARLY COLLEGE AND CAREER OPTIONS,Colorado,United States
4270,26,0,26,0,26,,2025-11-12 19:00:24,0,0,54770B,Blue Cold Chili Peppers,ELEVA-STRUM HIGH,Wisconsin,United States
4271,26,0,26,0,26,,2025-11-15 20:12:05,0,0,86587A,This IS our first rodeo,CROSSHILL CHRISTIAN SCHOOL,Oregon,United States
4272,26,0,26,0,26,,2025-12-06 19:28:20,0,0,76427R,Reboot Crew,BRYSON SCHOOL HS,Texas - Region 5,United States
4273,26,0,26,0,26,,2025-12-13 16:19:50,0,0,32636G,Oxford High School Team G,OXFORD HIGH SCHOOL,Mississippi,United States
4274,26,0,26,0,26,,2025-12-13 17:11:02,0,0,84136A,Wolfpack,STEPHEN F AUSTIN HIGH SCHOOL,Texas - Region 3,United States
4275,26,0,26,0,26,,2025-12-13 19:15:47,0,0,31033A,Iron Plaid,DUCHESNE ACADEMY OF THE SACRED HEART,Texas - Region 3,United States
4276,26,0,26,0,26,,2025-12-13 21:36:50,0,0,17698B,Panthrix 1,South Early College High School,Texas - Region 3,United States
4277,26,0,26,0,26,,2026-01-10 18:52:50,0,0,499Z,Team Z,Mundelein Cons High School,Illinois,United States
4278,26,0,26,0,26,,2026-01-17 19:01:27,0,0,83941F,Clan Jade Falcon,RIVERSIDE HIGH SCHOOL,Indiana - Region 2 - Central,United States
4279,26,0,26,0,26,,2026-01-17 19:25:16,0,0,94430W,TM Warrior Robotics,Tuloso Midway High School UIL Robotics TEAM,Texas - Region 4,United States
4280,26,0,26,0,26,,2026-01-19 21:50:00,0,0,38742A,Crusaders,Cornerstone Christian Academy,Texas - Region 5,United States
4281,26,0,26,0,26,,2026-02-02 14:00:35,0,0,20076X,NCHS Robotics,NEW CANEY HIGH SCHOOL,Texas - Region 3,United States
4282,26,0,26,0,26,,2026-02-03 18:22:17,0,0,6526E,Damien Spartan Robotics,Damien High School,California - Region 4,United States
4283,26,0,26,0,26,,2026-02-04 08:23:45,0,0,14683B,KCIS Robotics B,Kang Chiao International School,Chinese Taipei,Taiwan
4284,26,0,26,0,26,,2026-02-06 07:06:10,0,0,86832W,Cognitio,International School of Beijing,North China,China
4285,26,0,26,0,26,,2026-02-06 08:14:12,0,0,81342N,dy/dx,American International School of Guangzhou,South China,China
4286,26,0,26,0,26,,2026-02-07 17:12:38,0,0,27362A,Titan Robotics,MEMORIAL HIGH SCHOOL,Texas - Region 3,United States
4287,26,0,26,0,26,,2026-02-07 17:32:45,0,0,74485A,Scrap Metal,BENZIE CENTRAL SR HIGH SCHOOL,Michigan,United States
4288,26,0,26,0,26,,2026-02-07 18:41:42,0,0,98549F,Frienzy Bots,Burnsview Secondary,British Columbia (BC),Canada
4289,26,0,26,0,26,,2026-02-10 22:36:23,0,0,91775D,Patent Pending,FAIRBANKS HIGH SCHOOL,Ohio,United States
4290,26,0,26,0,26,,2026-02-14 17:58:49,0,0,21020B,Robotic Pioneers,LEAVENWORTH SR HIGH,Kansas,United States
4291,26,0,26,0,26,,2026-02-14 18:10:51,0,0,20734A,80HD,Old Town High School,Maine,United States
4292,26,0,26,0,26,,2026-02-14 19:58:54,0,0,76502H,Gassy Daddys,LAKE BELTON HIGH SCHOOL,Texas - Region 4,United States
4293,26,0,26,0,26,,2026-02-14 20:06:29,0,0,93641M,Midknights JROTC,MIDTOWN HIGH SCHOOL,Georgia,United States
4294,26,0,26,0,26,,2026-02-14 21:00:40,0,0,89964A,C-Bots,HENDRICKSON HIGH SCHOOL,Texas - Region 4,United States
4295,26,0,26,0,26,,2026-02-17 22:07:08,0,0,14760Z,67 Elite,PICKERINGTON HIGH SCHOOL NORTH,Ohio,United States
4296,26,0,26,0,26,,2026-02-20 19:57:27,0,0,1111C,NAI Robotics Team C,North Allegheny Ihs,Pennsylvania - West,United States
4297,26,0,26,0,26,,2026-02-21 14:01:04,0,0,4481A,Prototype-X,Middlesex County Magnet School,New Jersey,United States
4298,26,0,26,0,26,,2026-02-21 18:06:33,0,0,3308B,NitroZeus,HADDONFIELD MEMORIAL HIGH SCHOOL,New Jersey,United States
4299,26,0,26,0,26,,2026-02-21 18:42:24,0,0,31848D,Mr. Roboto,MCPHERSON HIGH,Kansas,United States
4300,26,0,26,0,26,,2026-02-21 18:44:39,0,0,11555A,Peregrine,THE FIELD SCHOOL,District of Columbia,United States
4301,26,0,26,0,26,,2026-02-21 19:13:39,0,0,75683P,Pancake Tortoises,NEW GLARUS HIGH,Wisconsin,United States
4302,26,0,26,0,26,,2026-02-28 18:32:14,0,0,75605A,Christian Heritage,CHRISTIAN HERITAGE CLASSICAL SCHOOL,Texas - Region 2,United States
4303,26,0,26,0,26,,2026-02-28 19:33:15,0,0,89798A,Everglades High School,Everglades High School,Florida - South,United States
4304,26,0,26,0,26,,2026-03-06 18:11:59,0,0,79930A,MechaMane,Center for Career Technology Education,Texas - Region 1,United States
4305,26,0,26,0,26,,2026-03-07 17:16:01,0,0,27025B,A.E.R.O.,SOUTH TEXAS ISD SCIENCE ACADEMY,Texas - Region 6,United States
4306,25,20,5,20,5,2026-03-01 16:07:58,2026-03-01 16:02:47,37,0,28918A,CJCP Robotics Alpha,Central Jersey College Prep Charter School,New Jersey,United States
4307,25,20,5,20,20,2026-02-07 15:33:48,2026-01-24 17:29:49,53,0,7701E,Ethereal,ZIONSVILLE COMMUNITY HIGH SCHOOL,Indiana - Region 2 - Central,United States
4308,25,3,22,17,22,2025-12-14 19:32:38,2025-11-15 19:28:53,34,0,1437V,Patriot Robotics,VIEWPOINT SCHOOL,California - Region 4,United States
4309,25,15,10,15,10,2026-03-01 19:24:28,2026-03-01 17:50:17,55,11,101C,Radnor Robotics,RADNOR SHS,Pennsylvania - East,United States
4310,25,15,10,15,10,2026-01-10 18:41:25,2026-01-30 19:40:19,60,0,58072G,The Mitochondria,VALLEY CITY HIGH SCHOOL,North Dakota,United States
4311,25,15,10,15,23,2026-02-07 07:57:28,2026-01-17 08:24:31,59,0,21169J,Lion Legends,Stamford American School Hong Kong,Hong Kong,Hong Kong
4312,25,15,10,15,10,2025-10-26 01:26:41,2025-11-09 00:12:59,59,0,47779U,GRANBOTS U,Granville Boys High School,Australia,Australia
4313,25,15,10,15,12,2026-02-06 19:43:05,2026-01-22 19:20:10,56,3,36518E,Tricerabots,WASHINGTON COUNTY HIGH SCHOOL,Alabama,United States
4314,25,15,10,15,10,2026-02-14 18:17:23,2026-02-14 19:53:47,55,0,1506A,Fluffy Unicorns,PACT CHARTER SCHOOL,Minnesota,United States
4315,25,0,25,15,25,2025-09-13 02:39:01,2025-10-17 23:42:30,0,0,7479Y,Bushrangers,Hillcrest Christian College,Australia,Australia
4316,25,15,10,15,10,2026-01-31 17:38:36,2026-01-31 18:41:46,54,0,5106B,Kennett Coders Bombshell,Kennett High School,New Hampshire/Vermont,United States
4317,25,15,10,15,10,2025-12-06 16:16:48,2025-12-06 16:04:40,51,0,36613B,Tipton Blue Devils Team 2,TIPTON HIGH SCHOOL,Indiana - Region 1 - North,United States
4318,25,3,22,15,22,2026-01-27 10:55:31,2026-02-24 10:55:13,0,0,34217A,Colaiste Choilm Tullamore,Colaiste Choilm Tullamore,Ireland,Ireland
4319,25,5,20,15,24,2026-02-21 19:10:24,2025-12-13 17:32:18,55,0,7619U,Hex Vex,HIGHLAND HIGH,California - Region 3,United States
4320,25,0,25,15,25,2026-02-27 15:50:25,2026-01-17 14:37:59,0,17,58053D,It Might Work,City of London School for Girls,United Kingdom,United Kingdom
4321,25,15,10,15,10,2026-03-09 16:01:56,2026-02-20 17:24:01,56,0,21468A,Ringgold Robotics,RINGGOLD SHS,Pennsylvania - West,United States
4322,25,0,25,15,25,2025-11-22 22:14:23,2026-01-24 17:45:25,0,0,78780D,Vortx,PINECREST ACADEMY OF NEVADA CADENCE,Nevada,United States
4323,25,0,25,15,25,2026-01-31 21:41:30,2026-01-17 20:59:49,0,0,11702A,MMHS knights,YRDSB,Ontario,Canada
4324,25,0,25,15,25,2026-02-07 03:02:23,2026-01-23 08:31:56,0,0,55930F,Builders of Babel,Wuhan Yangtze International School,Middle China,China
4325,25,0,25,15,25,2026-02-21 18:14:31,2026-01-31 14:51:10,0,0,11342D,2B Decided,Christopher Columbus High School,Florida - South,United States
4326,25,15,10,15,21,2026-01-24 17:19:32,2025-12-07 20:02:05,0,0,17760R,Code Red,Capitol City Robotics,District of Columbia,United States
4327,25,15,10,15,20,2026-02-13 15:56:41,2025-11-24 18:48:42,0,42,814N,Joff-Check,Franklin Area High School,Pennsylvania - West,United States
4328,25,15,10,15,20,2026-03-07 18:44:29,2026-02-14 16:27:26,0,0,2142B,Plow King,JOHN BAPST MEMORIAL HIGH SCHOOL,Maine,United States
4329,25,15,10,15,10,2025-12-13 16:50:27,2025-12-13 15:49:30,0,0,8615A,LoCo Robotics,LOWNDES CO VOC COMPLEX,Mississippi,United States
4330,25,15,10,15,10,2026-02-07 08:07:07,2026-02-08 01:56:40,0,0,82224D,Naga Bots,Jakarta Intercultural School,Indonesia,Indonesia
4331,25,9,16,9,16,2025-11-15 05:36:58,2025-11-14 08:34:39,0,0,68729X,未来科技战队-X,西安艾客机器人教育科技有限责任公司,Middle China,China
4332,25,0,25,7,25,2026-02-22 19:27:51,2026-01-31 16:24:45,0,0,11476C,LionTech C,Mater Academy Charter High School,Florida - South,United States
4333,25,2,23,5,25,2026-01-10 15:33:38,2025-10-25 17:26:35,48,23,94521A,NASA,FREMONT HIGH SCHOOL,Indiana - Region 1 - North,United States
4334,25,5,20,5,20,2025-11-20 17:51:47,2025-11-20 19:14:04,52,0,1505A,HC Robo Raiders,Holy Cross Catholic Secondary School,Ontario,Canada
4335,25,5,20,5,20,2026-02-21 19:17:56,2026-02-21 18:59:04,43,0,7422C,Robotic Burros,Burroughs High,California - Region 3,United States
4336,25,0,25,5,25,2025-10-25 16:51:43,2026-02-01 18:26:34,0,12,23851F,F students,KIRKWOOD SR. HIGH,Missouri,United States
4337,25,5,20,5,20,2026-01-30 22:10:54,2026-01-30 22:09:35,0,0,97673Z,KATBOTS CECYTECH 11 CD. DEL CONOCIMIENTO,CECYTECH 11 Ciudad del Conocimiento,Mexico,Mexico
4338,25,5,20,5,20,2026-03-01 13:37:29,2026-03-01 14:04:53,0,0,96138E,Monroe Eclipse,MONROE TOWNSHIP HIGH SCHOOL,New Jersey,United States
4339,25,0,25,3,25,2025-11-02 04:32:32,2025-11-19 03:17:21,0,0,6546E,One Degree North,Singapore American School,Singapore,Singapore
4340,25,1,24,3,24,2026-01-24 00:57:16,2025-12-19 09:39:00,42,0,5864B,MANTA,Macau Baptist College,Macau,Macau
4341,25,3,22,3,22,2026-02-04 23:12:00,2026-02-04 23:25:01,0,0,34086A,CECYTEM Capula 1,CECYTEM Plantel Capula,Mexico,Mexico
4342,25,3,22,3,22,2026-03-09 17:56:41,2026-03-09 16:30:46,0,0,58690B,WPSD Vespa,WESTERN PENNSYLVANIA SCHOOL FOR THE DEAF,Pennsylvania - West,United States
4343,25,2,23,2,23,2026-02-28 17:20:42,2026-02-28 17:45:55,6,0,1575T,Timeless,Woodbridge Senior High School,Virginia,United States
4344,25,0,25,2,25,2026-01-24 17:05:18,2026-01-31 16:36:59,0,0,50170A,Gators A,GREENWICH ACADEMY,Connecticut,United States
4345,25,2,23,2,23,2026-01-16 03:18:17,2026-01-16 07:22:50,0,0,1852A,BCC Ant,Bangkok Christian College,Thailand,Thailand
4346,25,2,23,2,23,2026-03-14 18:24:34,2026-03-14 14:55:17,0,0,11442X,Lafoofoo,The Hewitt School,New York-South,United States
4347,25,1,24,1,24,2026-01-19 16:41:47,2026-01-19 16:46:03,55,10,8746B,Orange Knights,ROME FREE ACADEMY,New York-North,United States
4348,25,1,24,1,24,2026-02-21 19:19:04,2026-02-21 20:32:44,34,3,1032H,Dino Destroyers,NFDL Robotics attn: Aaron Novak,Wisconsin,United States
4349,25,0,25,1,25,2026-01-18 22:41:08,2026-02-22 20:40:43,47,0,15151C,Florin Ro-Botics,FLORIN HIGH,California - Region 2,United States
4350,25,1,24,1,24,2026-02-21 14:54:41,2026-02-21 17:26:57,22,0,81834D,Garfield,VERSAILLES HIGH SCHOOL,Ohio,United States
4351,25,0,25,1,25,2026-02-13 17:19:25,2026-01-24 15:54:30,39,13,1716C,The Crashing Stashers,NIAGARA FALLS HIGH SCHOOL,New York-North,United States
4352,25,1,24,1,24,2025-12-06 16:44:44,2025-12-06 15:51:30,0,0,12019A,Cards 1,DAVISON HIGH SCHOOL,Michigan,United States
4353,25,0,25,0,25,2026-01-17 15:39:35,2026-01-17 16:36:16,51,4,91708D,DABOX,HANCOCK HIGH SCHOOL,Mississippi,United States
4354,25,0,25,0,25,2026-01-31 21:54:26,2026-01-31 18:32:52,52,0,67400A,Robo Rebels,PEARL RIVER HIGH SCHOOL,Louisiana,United States
4355,25,0,25,0,25,2026-01-31 00:55:20,2026-01-30 23:40:36,40,0,25368A,Machine Militia,Klamath union High school,Oregon,United States
4356,25,0,25,0,25,2026-03-01 16:44:26,2026-03-01 15:50:47,39,0,3327G,Genesis,SPRING-FORD SHS 9-12 CTR,Pennsylvania - East,United States
4357,25,0,25,0,25,,2026-01-31 21:48:02,0,22,99999U,Mechanical Advantage,Ernest S. Mcbride Senior. High School,California - Region 4,United States
4358,25,0,25,0,25,,2026-01-31 18:15:23,0,20,603K,KNOCKOUT,BELMONT HIGH SCHOOL,New Hampshire/Vermont,United States
4359,25,0,25,0,25,,2025-11-23 01:28:37,0,19,808B,King Kekaulike B,King Kekaulike,Hawaii,United States
4360,25,0,25,0,25,,2026-02-14 15:28:27,0,17,76903D,Kenshi,LAKE VIEW HIGH SCHOOL,Texas - Region 5,United States
4361,25,0,25,0,25,2025-12-13 22:56:24,2026-01-31 00:57:27,55,15,25368D,The Chalant's,Klamath Union High school,Oregon,United States
4362,25,0,25,0,25,,2026-01-31 15:50:08,0,9,2606D,Poachers,SOUTH HIGH COMMUNITY,Massachusetts,United States
4363,25,0,25,0,25,,2026-02-01 19:14:46,0,9,1870D,Devastator CHS,CANISIUS HIGH SCHOOL,New York-North,United States
4364,25,0,25,0,25,2026-02-21 18:49:45,2026-02-21 17:10:31,0,6,4001F,PHS Engineering,PARKLAND HIGH SCHOOL,Pennsylvania - East,United States
4365,25,0,25,0,25,,2026-02-14 22:39:58,0,4,1022D,Bottle Breakers,Claremont Secondary School,Vancouver Island (BC),Canada
4366,25,0,25,0,25,,2025-10-31 23:51:33,0,4,2941D,Mater,Otumoetai College,New Zealand,New Zealand
4367,25,0,25,0,25,2025-11-19 22:28:01,2026-01-10 14:51:24,49,0,92973A,Mini-Fridge,Cape Cod Tech,Massachusetts,United States
4368,25,0,25,0,25,2026-02-07 19:15:16,2026-02-28 21:04:54,49,0,48988A,Bobcats Team 1,Rule ISD,Texas - Region 5,United States
4369,25,0,25,0,25,2026-02-24 12:01:58,2026-01-27 11:51:31,45,0,95561D,SMC,St. Munchin's College,Ireland,Ireland
4370,25,0,25,0,25,2026-01-10 20:58:34,2026-01-10 19:58:25,0,0,45250Y,SJHS Renaissance Robotics,Renaissance Robotics,Ontario,Canada
4371,25,0,25,0,25,2026-01-11 00:28:06,2026-01-11 17:54:54,0,0,84141C,Kaiser Cougars,HENRY J KAISER HIGH SCHOOL,Hawaii,United States
4372,25,0,25,0,25,2026-01-15 01:56:03,2026-01-15 01:43:13,0,0,3946A,Ace of Spades,KENT DENVER SCHOOL,Colorado,United States
4373,25,0,25,0,25,2026-01-17 15:17:29,2026-01-17 15:54:00,0,0,508X,PiraTech,PALM BAY MAGNET SENIOR HIGH SCHOOL,Florida - North/Central,United States
4374,25,0,25,0,25,2026-01-17 20:32:43,2026-01-17 20:11:44,0,0,91825A,LaBuBot,BARTLESVILLE HIGH SCHOOL,Oklahoma,United States
4375,25,0,25,0,25,2026-01-24 17:19:04,2026-01-24 18:13:58,0,0,6523A,Doofenshmirtz Inc.,TRI-CITY COLLEGE PREP,Arizona,United States
4376,25,0,25,0,25,2026-01-31 16:55:55,2026-01-31 16:46:34,0,0,18019X,SabreTech,ST BRENDAN CATHOLIC HIGH SCHOOL,Florida - South,United States
4377,25,0,25,0,25,2026-02-01 19:53:11,2026-02-01 19:38:39,0,0,12825A,VHS Robotics Team,THE VILLAGES HIGH SCHOOL,Florida - North/Central,United States
4378,25,0,25,0,25,2026-02-10 15:34:28,2026-02-10 17:26:55,0,0,1509A,Rmageddon,Ridley College High School,Ontario,Canada
4379,25,0,25,0,25,2026-02-14 19:09:54,2026-02-14 20:02:57,0,0,3450A,Vikings Blue,TRAVIS B BRYAN HIGH SCHOOL,Texas - Region 3,United States
4380,25,0,25,0,25,2026-02-14 19:17:33,2026-02-14 18:37:05,0,0,16700A,Angry Nerds,MOUNT AIRY CHRISTIAN ACADEMY,Maryland,United States
4381,25,0,25,0,25,2026-02-20 17:54:37,2026-02-20 19:43:05,0,0,65524D,IGRIS,BRENTWOOD SHS,Pennsylvania - West,United States
4382,25,0,25,0,25,2026-02-26 20:16:05,2026-02-26 17:28:39,0,0,12878D,Collin GPT,Pineville High School,Louisiana,United States
4383,25,0,25,0,25,,2025-09-20 17:32:01,0,0,920B,SLO - Botics,San Luis Obispo High School,California - Region 3,United States
4384,25,0,25,0,25,,2025-10-27 00:19:27,0,0,69153A,Synced,St Peters College,Australia,Australia
4385,25,0,25,0,25,,2025-10-31 07:00:50,0,0,85301Z,Zoolander,The International School of Macao,Macau,Macau
4386,25,0,25,0,25,,2025-11-08 18:32:26,0,0,21408B,Trojan Chargers,CHESTERTON SENIOR HIGH SCHOOL,Indiana - Region 1 - North,United States
4387,25,0,25,0,25,,2025-11-08 20:43:46,0,0,3337A,Hurricane,Klein Cain High School,Texas - Region 3,United States
4388,25,0,25,0,25,,2025-11-15 03:00:02,0,0,31260S,Jems,Camberwell Grammar School,Australia,Australia
4389,25,0,25,0,25,,2025-11-15 18:23:38,0,0,32792S,Screwless,Winter Park High School,Florida - North/Central,United States
4390,25,0,25,0,25,,2025-11-15 20:54:28,0,0,20281A,Batteries Not Included,SOUTH SALEM HIGH SCHOOL,Oregon,United States
4391,25,0,25,0,25,,2025-11-22 07:05:18,0,0,88109A,广东碧桂园学校高中A队,GuangDong Country Garden School(Senior ),South China,China
4392,25,0,25,0,25,,2025-11-22 16:44:04,0,0,3440M,Mutant,"REACT ",Kentucky,United States
4393,25,0,25,0,25,,2025-11-22 18:12:18,0,0,2142Z,Guppies,John Bapst Memorial High School,Maine,United States
4394,25,0,25,0,25,,2025-12-05 14:15:36,0,0,36817B,Cranky Clankers,The American School In Switzerland (TASIS),Switzerland,Switzerland
4395,25,0,25,0,25,,2025-12-06 17:38:23,0,0,25099B,Ghostie,HIGHLAND PREP WEST,Arizona,United States
4396,25,0,25,0,25,,2025-12-06 19:10:39,0,0,55635A,Clankin Clanker Makers,South Beauregard High School,Louisiana,United States
4397,25,0,25,0,25,,2025-12-09 19:10:34,0,0,715A,CDS Cyclones A,The Country Day School,Ontario,Canada
4398,25,0,25,0,25,,2025-12-13 16:52:55,0,0,81224C,KHHS TSA Team 2,KIPP HOUSTON HIGH SCHOOL,Texas - Region 3,United States
4399,25,0,25,0,25,,2025-12-13 20:14:08,0,0,70258B,The Orb-Weavers,HAMDEN HALL COUNTRY DAY SCHOOL,Connecticut,United States
4400,25,0,25,0,25,,2025-12-13 22:14:57,0,0,95410D,The Greasy Goblins,EMPIRE HIGH SCHOOL,Arizona,United States
4401,25,0,25,0,25,,2025-12-20 16:45:20,0,0,59148B,Francis Lewis: Auto-Bots II,FRANCIS LEWIS HIGH SCHOOL,New York-South,United States
4402,25,0,25,0,25,,2025-12-20 19:20:31,0,0,42329D,Howe Bulldogs,Howe High School,Texas - Region 5,United States
4403,25,0,25,0,25,,2025-12-27 20:03:10,0,0,97777B,"Not a bug, a feature","Not A Bug, A Feature",Dominican Republic,Dominican Republic
4404,25,0,25,0,25,,2026-01-10 16:19:04,0,0,2616Y,Y-Not,CHERRY HILL HIGH SCHOOL EAST,New Jersey,United States
4405,25,0,25,0,25,,2026-01-10 17:12:48,0,0,615B,PATronics,White House Heritage High School,Tennessee,United States
4406,25,0,25,0,25,,2026-01-10 18:27:16,0,0,1368D,Indian Nation Robotics,IRWIN COUNTY HIGH SCHOOL,Georgia,United States
4407,25,0,25,0,25,,2026-01-10 18:33:11,0,0,10900Y,Smash Clan,HAMPDEN CHARTER SCHOOL OF SCIENCE EAST,Massachusetts,United States
4408,25,0,25,0,25,,2026-01-10 21:32:57,0,0,3685C,Page Not Found,WAIANAE HIGH SCHOOL,Hawaii,United States
4409,25,0,25,0,25,,2026-01-16 13:02:40,0,0,71611C,Charterhouse,Charterhouse School,United Kingdom,United Kingdom
4410,25,0,25,0,25,,2026-01-16 17:06:56,0,0,41267B,CTRL ALT Defeat,Woodland Hills School District,Pennsylvania - West,United States
4411,25,0,25,0,25,,2026-01-16 18:03:48,0,0,16645A,Kit Kat Club,PINE TREE HIGH SCHOOL,Texas - Region 2,United States
4412,25,0,25,0,25,,2026-01-17 15:59:31,0,0,63601F,Cl*nker Crew 6007,CENTRAL HIGH,Missouri,United States
4413,25,0,25,0,25,,2026-01-17 17:08:24,0,0,78889F,Killingly Robotics,KILLINGLY HIGH SCHOOL,Connecticut,United States
4414,25,0,25,0,25,,2026-01-17 20:07:23,0,0,60713A,Cyber Chips,ARCHBISHOP CHAPELLE HIGH SCHOOL,Louisiana,United States
4415,25,0,25,0,25,,2026-01-22 19:36:59,0,0,66423C,Are You Sure?,HANDLEY HIGH SCHOOL,Alabama,United States
4416,25,0,25,0,25,,2026-01-31 00:41:35,0,0,27508J,Viking Robotics Team Forseti,North Salem High School,Oregon,United States
4417,25,0,25,0,25,,2026-01-31 07:26:13,0,0,76371M,St. Mary's International HS Robotics,St. Mary's international School,Japan,Japan
4418,25,0,25,0,25,,2026-01-31 11:00:30,0,0,20371S,Cog-nexus,SIS-Ruwais,United Arab Emirates,United Arab Emirates
4419,25,0,25,0,25,,2026-01-31 20:16:14,0,0,2349A,OPS- Krispy Crew,Central High School,Nebraska,United States
4420,25,0,25,0,25,,2026-02-07 16:33:35,0,0,16802A,OOPS,MADISON CENTRAL HIGH SCHOOL,Mississippi,United States
4421,25,0,25,0,25,,2026-02-07 19:14:45,0,0,8565A,CHS Robotics A,COVINA HIGH,California - Region 4,United States
4422,25,0,25,0,25,,2026-02-07 19:26:07,0,0,45730A,RoboBarons,DEKALB HIGH SCHOOL,Indiana - Region 1 - North,United States
4423,25,0,25,0,25,,2026-02-07 20:12:59,0,0,11466B,Next Level Kidz » Inception,Next Level Kidz,South Carolina,United States
4424,25,0,25,0,25,,2026-02-11 18:30:59,0,0,5897V,Lynx,NORTHLAND HIGH SCHOOL,Ohio,United States
4425,25,0,25,0,25,,2026-02-14 19:34:57,0,0,31077A,Why won't you work?,HILBERT HIGH,Wisconsin,United States
4426,25,0,25,0,25,,2026-02-16 00:08:19,0,0,9181K,Kirby,Seaquam Secondary,British Columbia (BC),Canada
4427,25,0,25,0,25,,2026-02-19 23:48:14,0,0,60522V,Smart Fellas or Fart Smellas?,CHARLES FRANCIS ADAMS HIGH SCHOOL,Washington,United States
4428,25,0,25,0,25,,2026-02-21 14:58:34,0,0,79267M,Miracles,River Bluff High School,South Carolina,United States
4429,25,0,25,0,25,,2026-02-21 18:33:04,0,0,19711B,"NCHS Innovatriots, Team B",Newark Charter Senior High School,Delmarva,United States
4430,25,0,25,0,25,,2026-02-21 22:33:21,0,0,8594A,Orange Juice and Co,Bend Senior High School,Oregon,United States
4431,25,0,25,0,25,,2026-02-22 17:25:33,0,0,24004A,Coral Reef Robotics,Coral Reef High School,Florida - South,United States
4432,25,0,25,0,25,,2026-02-28 15:56:07,0,0,14819D,NHS Robotics D,NOBLESVILLE HIGH SCHOOL,Indiana - Region 2 - Central,United States
4433,25,0,25,0,25,,2026-02-28 15:59:17,0,0,97191A,Dunking Donuts,TRI-WEST SENIOR HIGH SCHOOL,Indiana - Region 2 - Central,United States
4434,25,0,25,0,25,,2026-02-28 19:58:04,0,0,7282X,AutoFlashes: X-Caliber,Franklin Central High School,Indiana - Region 2 - Central,United States
4435,25,0,25,0,25,,2026-03-07 16:10:27,0,0,18908A,Hawk Wheels,HARMONY SCHOOL OF EXCELLENCE - LAREDO,Texas - Region 6,United States
4436,25,0,25,0,25,,2026-03-13 10:37:15,0,0,41510B,Der Nederlanders,International School Basel,Switzerland,Switzerland
4437,24,15,9,15,16,2025-11-22 20:03:58,2025-12-13 19:18:25,59,0,88454A,O.R.B. (Our Robot is Broken),FAITH Homeschool Co-op,Kentucky,United States
4438,24,5,19,15,19,2026-01-09 23:04:37,2026-02-08 18:19:55,0,0,2360N,Nemesis,Neuqua Valley High School,Illinois,United States
4439,24,12,12,12,16,2026-01-31 19:44:19,2026-02-07 16:42:32,0,0,3735C,Error 404,Klein High School,Texas - Region 3,United States
4440,24,5,19,5,22,2026-02-21 16:45:34,2026-03-07 16:17:29,0,0,19711A,"NCHS Innovatriots, Team A",Newark Charter Senior High School,Delmarva,United States
4441,24,3,21,3,21,2025-12-20 05:36:15,2025-12-20 06:12:34,37,0,85777T,NE-TIGER,新坐标科技,North China,China
4442,24,3,21,3,21,2026-01-26 19:12:12,2026-01-26 23:08:32,0,0,56558A,CECYTEM Capula 2,CECYTEM Plantel Capula,Mexico,Mexico
4443,24,2,22,2,22,2025-11-22 18:46:37,2025-11-22 18:45:50,45,5,7454B,Ohana,PINE SCHOOL,Louisiana,United States
4444,24,0,24,2,24,2025-12-13 18:43:10,2026-01-31 20:30:26,1,0,21788B,Wildcards,PayITForward,Texas - Region 5,United States
4445,24,0,24,2,24,2026-02-05 21:13:51,2026-03-07 20:37:46,0,0,39045B,Sharknado,MONOMOY REGIONAL HIGH SCHOOL,Massachusetts,United States
4446,24,2,22,2,22,2026-02-07 19:35:53,2026-02-07 17:54:16,0,0,61783C,YouBreakItYouBuyIt,Surrey Christian School,British Columbia (BC),Canada
4447,24,1,23,1,23,2025-11-24 17:26:38,2025-11-24 17:47:15,50,0,814S,Rada Rada,Franklin Area High School,Pennsylvania - West,United States
4448,24,1,23,1,23,2025-12-11 15:58:41,2025-12-11 16:48:03,40,10,33761B,Bryant Team 2,ALMA BRYANT HIGH SCHOOL,Alabama,United States
4449,24,1,23,1,23,2026-01-10 14:54:25,2026-01-10 14:56:28,45,0,13444C,Glitched,COVENANT CHRISTIAN HIGH SCHOOL,Michigan,United States
4450,24,1,23,1,24,2025-11-01 15:51:33,2025-11-22 16:54:18,41,0,89227A,Panther Robotics,RIDGELAND HIGH SCHOOL,Georgia,United States
4451,24,1,23,1,23,2026-01-17 19:31:32,2026-01-17 20:06:47,30,0,37148A,GOATORIOUS,PORTLAND HIGH SCHOOL,Tennessee,United States
4452,24,1,23,1,23,2026-02-21 20:16:59,2026-02-21 18:00:23,24,0,18055A,Whitnall Robotics Club-Vectors,Whitnall High School Robotics Club,Wisconsin,United States
4453,24,0,24,1,24,2025-12-11 16:41:38,2026-02-20 23:55:17,54,0,54200A,Theodore Team 1,THEODORE HIGH SCHOOL,Alabama,United States
4454,24,0,24,1,24,2025-10-18 15:19:45,2026-02-21 17:46:57,0,0,29601R,Red Raiders Robotics,GREENVILLE SENIOR HIGH ACADEMY,South Carolina,United States
4455,24,0,24,1,24,2026-01-10 18:46:58,2026-01-31 14:25:15,0,0,6260M,Midas,Middleton High School,Florida - North/Central,United States
4456,24,0,24,1,24,2026-01-17 17:56:36,2025-12-13 17:42:44,0,0,66834B,Trash Bin,VISTA RIDGE HIGH SCHOOL,Colorado,United States
4457,24,1,23,1,23,2026-01-28 00:04:17,2026-01-28 00:08:18,0,0,27261B,27261B,CBTIS 293,Mexico,Mexico
4458,24,0,24,0,24,2026-01-24 05:14:56,2026-01-24 04:05:55,38,0,66550A,Benigno Robotics Elite B,"Benigno ""Ninoy"" S. Aquino High School",Philippines,Philippines
4459,24,0,24,0,24,,2026-01-31 19:30:12,0,8,93876A,Solid Rock Academic Center,Solid Rock Academic Center,Arkansas,United States
4460,24,0,24,0,24,,2026-01-10 16:46:35,0,7,1870E,Haruspex CHS,CANISIUS HIGH SCHOOL,New York-North,United States
4461,24,0,24,0,24,,2026-02-07 20:44:50,0,7,5977B,The Boehm of Our Existence,LA PLATA HIGH SCHOOL,Maryland,United States
4462,24,0,24,0,24,,2025-12-20 01:34:09,0,5,44448B,Megatron,St Andrews International School Bangkok,Thailand,Thailand
4463,24,0,24,0,24,,2025-10-19 17:25:43,0,4,11342E,Giggles,Christopher Columbus High School,Florida - South,United States
4464,24,0,24,0,24,2026-01-26 15:44:59,2025-12-13 20:27:34,54,0,82228B,The Grym Reapers,FARMINGTON HIGH SCHOOL,New Mexico,United States
4465,24,0,24,0,24,2025-12-11 23:32:31,2025-11-22 17:43:44,53,0,9210A,Electric Plague,Storm Robotics (ISD47),Minnesota,United States
4466,24,0,24,0,24,2026-02-07 19:04:31,2026-02-21 20:21:55,49,0,31848G,The Outlaws,MCPHERSON HIGH,Kansas,United States
4467,24,0,24,0,24,2025-12-06 18:52:53,2026-01-25 21:12:04,1,0,90041B,Monarch Knights,MONARCH HIGH SCHOOL,Florida - South,United States
4468,24,0,24,0,24,2025-11-15 20:14:51,2025-11-15 20:12:30,0,0,34020B,Señor Red Robin,LA SERNA HIGH,California - Region 4,United States
4469,24,0,24,0,24,2025-11-22 05:38:20,2025-11-22 05:50:31,0,0,20089Z,Jinling High School Team Z,JinLing High school,East China,China
4470,24,0,24,0,24,2026-02-02 14:27:03,2026-02-02 14:03:33,0,0,48380G,RoboGators (TBD),WEST FORK HIGH SCHOOL,Texas - Region 3,United States
4471,24,0,24,0,24,2026-02-05 14:26:55,2026-02-04 07:22:26,0,0,55267F,Al-Faris Iron Knights,Alfaris International school,Saudi Arabia,Saudi Arabia
4472,24,0,24,0,24,2026-02-21 17:15:30,2026-02-21 16:52:02,0,0,45135A,Double-Cross (Fairfield Local Varsity),FAIRFIELD LOCAL HIGH SCHOOL,Ohio,United States
4473,24,0,24,0,24,,2025-08-16 08:22:46,0,0,71639V,✧(๑•̀ㅂ•́)و✧EACH✧//0℃//,Shenzhen Science Museum EACH-ROBOTICS,South China,China
4474,24,0,24,0,24,,2025-11-01 19:35:01,0,0,2474B,Walnut Grove B,Walnut Grove Robotics,Texas - Region 5,United States
4475,24,0,24,0,24,,2025-11-08 16:38:16,0,0,21524A,ECH gold,JACKSON CENTRAL-MERRY EARLY COLLEGE HIGH,Tennessee,United States
4476,24,0,24,0,24,,2025-11-08 17:50:06,0,0,9228C,Mecha Eagles,ST JOHNS PREPARATORY SCHOOL,Massachusetts,United States
4477,24,0,24,0,24,,2025-11-08 21:20:23,0,0,17222A,Indian Springs Robotics,Indian Springs School,Alabama,United States
4478,24,0,24,0,24,,2025-11-15 19:28:12,0,0,53815P,FHS Plink,FOOTHILL HIGH,California - Region 1,United States
4479,24,0,24,0,24,,2025-11-22 23:31:38,0,0,359D,Hawaiian Kids,WAIALUA HIGH & INTERMEDIATE SCHOOL,Hawaii,United States
4480,24,0,24,0,24,,2025-12-06 17:53:35,0,0,41392A,CYBER RUNNERS,PLANTATION HIGH SCHOOL,Florida - South,United States
4481,24,0,24,0,24,,2025-12-13 16:36:05,0,0,12208B,Tamu Massif,FRIENDSWOOD HIGH SCHOOL,Texas - Region 3,United States
4482,24,0,24,0,24,,2025-12-13 18:41:23,0,0,85254A,STCCS Railhawks,St. Thomas Community Christian School,Ontario,Canada
4483,24,0,24,0,24,,2025-12-13 20:19:23,0,0,1618A,When Robots Fly,E. O. SMITH HIGH SCHOOL,Connecticut,United States
4484,24,0,24,0,24,,2025-12-13 21:02:31,0,0,95410C,Iron Ravens,EMPIRE HIGH SCHOOL,Arizona,United States
4485,24,0,24,0,24,,2026-01-10 18:29:50,0,0,33363B,MHSHS's Buccaneers,MCCLURE HEALTH SCIENCE HIGH SCHOOL,Georgia,United States
4486,24,0,24,0,24,,2026-01-17 16:19:53,0,0,1624Z,Martinsville Robotics Team,Martinsville High School,Indiana - Region 2 - Central,United States
4487,24,0,24,0,24,,2026-01-17 20:03:14,0,0,22579W,Leprechauns,MILTON HIGH,Wisconsin,United States
4488,24,0,24,0,24,,2026-01-21 00:47:13,0,0,25368E,Wise Men,Klamath Union High school,Oregon,United States
4489,24,0,24,0,24,,2026-01-24 02:41:31,0,0,81083B,Overheat,Yantai Huasheng International School,Middle China,China
4490,24,0,24,0,24,,2026-01-28 20:37:27,0,0,74124A,CECYTEH IXMIQUILPAN,Colegio de Estudios Científicos y Tecnológicos del Estado de Hidalgo - Plantel Ixmiquilpan,Mexico,Mexico
4491,24,0,24,0,24,,2026-01-31 09:10:37,0,0,2071E,RQ - Sajaya Kalba 2,RQ Science & Technology - Sharjah,United Arab Emirates,United Arab Emirates
4492,24,0,24,0,24,,2026-01-31 17:20:58,0,0,1716M,Unbent Metal,NIAGARA FALLS HIGH SCHOOL,New York-North,United States
4493,24,0,24,0,24,,2026-01-31 17:39:58,0,0,91364X,Taft Toreadors,Taft Charter High School,California - Region 4,United States
4494,24,0,24,0,24,,2026-02-03 07:57:24,0,0,7262C,中国人民大学附属中学,中国人民大学附属中学,North China,China
4495,24,0,24,0,24,,2026-02-04 22:32:53,0,0,14831A,CECYTEM Morelia,CECYTEM Morelia,Mexico,Mexico
4496,24,0,24,0,24,,2026-02-11 00:30:27,0,0,6214P,$$GROWAGARDEN$$,Mid-East Career and Technology Center,Ohio,United States
4497,24,0,24,0,24,,2026-02-14 17:24:48,0,0,20734X,Zip-Tied1,Old Town High School,Maine,United States
4498,24,0,24,0,24,,2026-02-14 19:16:26,0,0,56D,Da Rusty Potatoes,CAPE ELIZABETH HIGH SCHOOL,Maine,United States
4499,24,0,24,0,24,,2026-02-14 20:25:05,0,0,50914B,RoboDawgs2,COLUMBIA ACADEMY,Tennessee,United States
4500,24,0,24,0,24,,2026-02-14 23:21:44,0,0,96768K,MauiMecs,KAMEHAMEHA SCHOOLS MAUI,Hawaii,United States
4501,24,0,24,0,24,,2026-02-20 01:31:30,0,0,2605E,Leviathan,Sehome High School,Washington,United States
4502,24,0,24,0,24,,2026-02-20 17:49:29,0,0,3260R,SHARP,Sarah Heinz House,Pennsylvania - West,United States
4503,24,0,24,0,24,,2026-02-20 23:30:20,0,0,87546F,CANAS,Korea International School,South Korea,"Korea, Republic of"
4504,24,0,24,0,24,,2026-02-21 17:01:58,0,0,1267D,Knights: Dragon Fruit Drift,DELAWARE COUNTY CHRISTIAN SCHOOL,Pennsylvania - East,United States
4505,24,0,24,0,24,,2026-02-21 17:22:10,0,0,3162A,HHS Gearheads,HUNTINGTON HIGH SCHOOL,Texas - Region 3,United States
4506,24,0,24,0,24,,2026-02-21 21:45:57,0,0,3249D,Sleep Deprived,VANCOUVER ITECH PREPARATORY,Oregon,United States
4507,24,0,24,0,24,,2026-03-07 19:23:34,0,0,14521B,Cyber Gears,VANGUARD BEETHOVEN,Texas - Region 6,United States
4508,24,0,24,0,24,,2026-03-14 01:51:40,0,0,69580S,Still Thinking,New Mexico Military Institute,New Mexico,United States
4509,23,15,8,15,19,2026-02-14 16:35:57,2025-12-13 19:14:36,57,0,1532C,Abominable Snowmen,Bemidji VEX Robotics,Minnesota,United States
4510,23,15,8,15,18,2026-02-08 01:01:26,2025-10-18 17:16:15,57,0,3388C,Cortisol,Sir Winston Churchill High School,Alberta/Saskatchewan,Canada
4511,23,15,8,15,8,2026-01-17 21:03:23,2026-01-17 20:39:08,57,0,59735B,CobraVexed,CABARRUS EARLY COLLEGE OF TECHNOLOGY,North Carolina,United States
4512,23,15,8,15,8,2026-02-07 19:35:05,2026-01-10 19:08:00,59,0,91709D,The Devastators,The Devastators,California - Region 4,United States
4513,23,15,8,15,8,2026-02-28 18:46:58,2026-02-28 16:32:36,50,0,33172A,Doral Robotics,DORAL ACADEMY CHARTER HIGH SCHOOL,Florida - South,United States
4514,23,0,23,15,23,2026-02-21 19:20:00,2025-10-18 17:48:39,58,0,7619V,"The Vexorcists ",HIGHLAND HIGH,California - Region 3,United States
4515,23,0,23,15,23,2026-02-14 14:29:09,2025-12-06 16:46:00,50,0,6978G,Got Any Grapes?,Highland High School,Ohio,United States
4516,23,15,8,15,21,2026-02-07 18:36:55,2026-01-11 18:02:20,0,0,154G,Ghosts,Gar-Field High School,Virginia,United States
4517,23,15,8,15,17,2026-02-28 17:43:16,2025-12-03 00:00:07,0,0,32511A,MBA Scorpion,MONTGOMERY BELL ACADEMY,Tennessee,United States
4518,23,15,8,15,13,2026-02-28 22:10:25,2026-03-14 19:51:02,0,0,96504G,The G’s,BRENTWOOD HIGH SCHOOL,Tennessee,United States
4519,23,0,23,7,23,2026-01-10 19:04:34,2025-12-13 18:26:04,0,0,499X,Mocha,Mundelein Cons High School,Illinois,United States
4520,23,2,21,2,21,2026-02-14 19:06:48,2026-02-14 16:25:49,50,0,814K,Reference Pandas,Franklin Area High School,Pennsylvania - West,United States
4521,23,0,23,2,23,2026-02-28 18:12:54,2026-02-14 18:29:43,43,0,31330E,Ctrl FREAKS,SEYMOUR SENIOR HIGH SCHOOL,Indiana - Region 3 - South,United States
4522,23,1,22,1,22,2026-01-31 20:22:09,2026-02-14 19:28:29,45,0,9854B,BEAR  (Blue Earth Area Robotics),BLUE EARTH AREA SECONDARY,Minnesota,United States
4523,23,0,23,1,23,2025-10-11 14:51:58,2025-11-15 18:39:30,42,0,550Z,Zeitgeist,APOPKA HIGH,Florida - North/Central,United States
4524,23,0,23,1,23,2025-12-05 12:48:29,2026-02-07 17:28:30,0,0,36817C,Turbo Tacos,The American School In Switzerland (TASIS),Switzerland,Switzerland
4525,23,1,22,1,22,2026-01-17 18:46:56,2026-01-17 18:49:10,0,0,78447B,MIA Robotics - Team B,Michigan Islamic Academy,Michigan,United States
4526,23,1,22,1,22,2026-03-01 06:37:17,2026-03-01 08:49:42,0,0,86840M,Maschinellkraft,Doğa Koleji Ankara Çukurambar Kampüsü,Türkiye,Türkiye
4527,23,0,23,0,23,2026-01-17 17:35:35,2026-01-17 19:47:57,54,0,30134D,Robot Guys: Rebooted,MURRAY HIGH,Utah,United States
4528,23,0,23,0,23,,2026-01-22 17:00:16,0,27,25320N,Pretty Pretty Princesses,SISSONVILLE HIGH SCHOOL,West Virginia,United States
4529,23,0,23,0,23,,2026-01-31 21:15:18,0,8,89135C,The Fun Gang,WEST CAREER & TECHNICAL ACADEMY,Nevada,United States
4530,23,0,23,0,23,,2025-12-20 23:33:42,0,5,58964A,RHS Team 2,PRESIDENT THEODORE ROOSEVELT HIGH SCHOOL,Hawaii,United States
4531,23,0,23,0,23,,2026-02-21 19:58:37,0,5,6116A,AutoVincer,STAR VALLEY HIGH SCHOOL,Wyoming,United States
4532,23,0,23,0,23,,2025-11-19 16:04:01,0,4,66394A,LeFlore Team 1,JOHN L LEFLORE MAGNET SCHOOL,Alabama,United States
4533,23,0,23,0,23,,2025-12-08 02:31:11,0,2,59805A,FSS V5,Fukien Secondary School (Siu Sai Wan),Hong Kong,Hong Kong
4534,23,0,23,0,23,2025-11-15 19:11:29,2026-02-21 20:28:52,46,0,21408C,Trojan Chargers,CHESTERTON SENIOR HIGH SCHOOL,Indiana - Region 1 - North,United States
4535,23,0,23,0,23,2026-01-10 18:07:29,2026-01-30 00:49:16,45,0,54996K,Kryo,SKYLINE HIGH SCHOOL,Colorado,United States
4536,23,0,23,0,23,2026-02-07 15:52:53,2025-11-22 16:06:46,31,0,10094Z,KillSwitch,Zebra Robotics Brampton East,Ontario,Canada
4537,23,0,23,0,23,2025-12-06 14:59:07,2026-01-10 18:40:29,1,0,1316B,Towers High School,TOWERS HIGH SCHOOL,Georgia,United States
4538,23,0,23,0,23,2026-01-31 09:56:04,2026-01-31 10:45:21,0,0,2071A,RQ - SAJAYA-Q-1,RQ Science & Technology - Sharjah,United Arab Emirates,United Arab Emirates
4539,23,0,23,0,23,2026-02-06 21:08:06,2026-02-06 23:08:33,0,0,9551B,RADIANCE,WEISER HIGH SCHOOL,Idaho,United States
4540,23,0,23,0,23,2026-02-20 21:13:23,2026-02-20 21:17:17,0,0,75426A,Los Vaqueros,CLARKSVILLE MIDDLE AND HIGH SCHOOL,Texas - Region 2,United States
4541,23,0,23,0,23,,2025-08-12 03:22:54,0,0,1002F,The Rustacean,Templestowe College,Australia,Australia
4542,23,0,23,0,23,,2025-09-22 01:47:20,0,0,16676A,The OG Group - Banks Bots,Riverbanks College B-12,Australia,Australia
4543,23,0,23,0,23,,2025-10-04 09:28:15,0,0,62300A,广州市中黄港澳子弟学校VRC机器人校队,广州中黄港澳子弟学校,South China,China
4544,23,0,23,0,23,,2025-10-18 19:52:37,0,0,97445X,Satyr,DOHERTY HIGH SCHOOL,Colorado,United States
4545,23,0,23,0,23,,2025-10-18 21:43:08,0,0,50326A,PadroBotics,MARCOS DE NIZA HIGH SCHOOL,Arizona,United States
4546,23,0,23,0,23,,2025-11-08 17:34:51,0,0,134D,Team Discovery - Delta,PEMBROKE ACADEMY,New Hampshire/Vermont,United States
4547,23,0,23,0,23,,2025-11-15 19:43:42,0,0,5999C,Eagle Shock,NORTHEAST HIGH,Tennessee,United States
4548,23,0,23,0,23,,2025-11-15 20:48:32,0,0,967V,Vanadium,Russellville High School,Arkansas,United States
4549,23,0,23,0,23,,2025-12-13 14:38:44,0,0,11476A,LionTech A,Mater Academy Charter High School,Florida - South,United States
4550,23,0,23,0,23,,2026-01-08 23:24:18,0,0,31114B,Wings,BLACKFORD JUNIOR SENIOR  HIGH SCHOOL,Indiana - Region 1 - North,United States
4551,23,0,23,0,23,,2026-01-10 16:51:31,0,0,24250A,Sandwich Blue Knights 1,SANDWICH HIGH,Massachusetts,United States
4552,23,0,23,0,23,,2026-01-10 18:10:30,0,0,54770A,APEX,ELEVA-STRUM HIGH,Wisconsin,United States
4553,23,0,23,0,23,,2026-01-10 18:31:47,0,0,6743A,King Tonka,LAKEWOOD RANCH HIGH SCHOOL,Florida - North/Central,United States
4554,23,0,23,0,23,,2026-01-10 18:49:37,0,0,54222B,RoboRams Team B,INTERLACHEN HIGH SCHOOL,Florida - North/Central,United States
4555,23,0,23,0,23,,2026-01-13 23:38:04,0,0,97377B,RoboWarriors,INDIAN LAKE HIGH SCHOOL,Ohio,United States
4556,23,0,23,0,23,,2026-01-17 15:46:51,0,0,72771A,PCHS XSTREAM,PASS CHRISTIAN HIGH SCHOOL,Mississippi,United States
4557,23,0,23,0,23,,2026-01-17 20:22:11,0,0,13205D,Hive Mind,STEM SCHOOL CHATTANOOGA,Tennessee,United States
4558,23,0,23,0,23,,2026-01-24 02:43:12,0,0,53475B,Armando,YCIS PD,East China,China
4559,23,0,23,0,23,,2026-01-24 02:54:57,0,0,82C,Eagles C,Tianjin International School,North China,China
4560,23,0,23,0,23,,2026-01-24 16:41:51,0,0,61119A,Corsaires FP - Architech,Centre de formation professionnelle de Lévis,Quebec,Canada
4561,23,0,23,0,23,,2026-01-24 18:19:23,0,0,11566D,Calhoun Colts,SANFORD H CALHOUN HIGH SCHOOL,New York-South,United States
4562,23,0,23,0,23,,2026-01-24 19:51:05,0,0,8738A,Team A,FRANKLIN HIGH SCHOOL,Massachusetts,United States
4563,23,0,23,0,23,,2026-01-31 19:18:51,0,0,66954S,Robot Shark Do Do Do Do Do Do,Ponte Vedra High School,Florida - North/Central,United States
4564,23,0,23,0,23,,2026-01-31 21:57:55,0,0,6891J,LBJ Dream,FAITH LUTHERAN MIDDLE SCHOOL & HIGH SCHOOL,Nevada,United States
4565,23,0,23,0,23,,2026-02-01 19:17:54,0,0,5430D,Escape Velocity,Parkway West High School,Missouri,United States
4566,23,0,23,0,23,,2026-02-04 07:26:27,0,0,19893A,AJYAL AL MAREFAAH,AJYAL ALMAREFAAH INTERATIONAL SCHOOL,Saudi Arabia,Saudi Arabia
4567,23,0,23,0,23,,2026-02-06 19:48:15,0,0,3269B,Whiplash,Canutillo High School,Texas - Region 1,United States
4568,23,0,23,0,23,,2026-02-07 16:05:38,0,0,33418V,The Benjineers,THE BENJAMIN SCHOOL,Florida - South,United States
4569,23,0,23,0,23,,2026-02-07 18:46:37,0,0,98549X,Burnsview Secondary,Burnsview Secondary,British Columbia (BC),Canada
4570,23,0,23,0,23,,2026-02-07 20:16:42,0,0,61580A,Red Hawks,CREEK WOOD HIGH SCHOOL,Tennessee,United States
4571,23,0,23,0,23,,2026-02-07 22:02:02,0,0,49716A,Fire Hazard,Marion High school,Texas - Region 4,United States
4572,23,0,23,0,23,,2026-02-08 09:57:37,0,0,9231Z,Aiglon College,Aiglon College,Switzerland,Switzerland
4573,23,0,23,0,23,,2026-02-14 17:21:43,0,0,1275F,Chamblee High School JROTC,Chamblee High School,Georgia,United States
4574,23,0,23,0,23,,2026-02-14 17:46:16,0,0,57201A,Fairfield Ludlowe Falcons,Fairfield Ludlowe High School,Connecticut,United States
4575,23,0,23,0,23,,2026-02-14 19:47:11,0,0,33300A,Soggy Waffles,Minneola Charter School,Florida - North/Central,United States
4576,23,0,23,0,23,,2026-02-14 21:21:07,0,0,54140A,Team A,Little Chute School District,Wisconsin,United States
4577,23,0,23,0,23,,2026-02-14 23:17:01,0,0,1022B,Game Theory,Claremont Secondary School,Vancouver Island (BC),Canada
4578,23,0,23,0,23,,2026-02-14 23:29:53,0,0,36002A,Shark Attack,Math and Science College Prep,California - Region 4,United States
4579,23,0,23,0,23,,2026-02-15 16:59:03,0,0,6603C,Clickity Clankity,PATRIOT HIGH,Virginia,United States
4580,23,0,23,0,23,,2026-02-21 15:14:01,0,0,86400Z,RoboRiot,WADE HAMPTON HIGH,South Carolina,United States
4581,23,0,23,0,23,,2026-02-21 15:21:56,0,0,1642Z,HiReS-Zues,Haskell High School,Oklahoma,United States
4582,23,0,23,0,23,,2026-02-21 20:18:51,0,0,8880A,Adelphi STEP,Adelphi University STEP Program,New York-South,United States
4583,23,0,23,0,23,,2026-02-22 00:13:55,0,0,59200A,Circuit Surfers,India Community Center,California - Region 2,United States
4584,23,0,23,0,23,,2026-02-28 18:05:06,0,0,20025G,Innovation Robotics-Ghost,INNOVATION ACADEMY of Robertson County,Tennessee,United States
4585,23,0,23,0,23,,2026-02-28 19:13:18,0,0,1895B,Lambda Corps,Osbourn High School,Virginia,United States
4586,22,21,1,21,1,2026-02-22 17:34:50,2026-02-22 20:02:52,0,0,2550Z,Grizzly Robotics Z,GRANITE BAY HIGH,California - Region 2,United States
4587,22,15,7,15,7,2026-02-19 22:01:11,2026-02-19 22:23:14,58,8,23004A,Sharp Dressed Men,ELLET HIGH SCHOOL,Ohio,United States
4588,22,15,7,15,7,2026-02-08 13:02:17,2026-02-08 13:15:13,60,0,84899A,Polaris,Radley College,United Kingdom,United Kingdom
4589,22,15,7,15,7,2026-03-01 19:13:50,2026-03-01 20:16:40,58,0,91W,VEXMEN: Wolverine,Brandywine Robotics Inc.,Pennsylvania - East,United States
4590,22,0,22,15,22,2026-02-07 18:22:37,2026-03-14 15:19:59,0,0,17814W,Organized Chaos,WESTON HIGH SCHOOL,Connecticut,United States
4591,22,15,7,15,7,2026-02-11 01:15:16,2026-02-11 02:36:38,0,0,8931H,V-Bots HydroBoltz,LAKE STEVENS SR HIGH SCHOOL,Washington,United States
4592,22,15,7,15,7,2026-02-21 20:18:31,2026-02-21 19:59:04,0,0,19290A,Model Train Club,FENWICK HIGH SCHOOL,Illinois,United States
4593,22,7,15,7,15,2025-11-08 06:34:00,2025-11-08 11:16:04,0,0,37360A,LongKeGao,LongKeGao,South China,China
4594,22,0,22,5,22,2026-02-07 20:17:03,2026-01-17 20:11:26,51,0,9019K,King's Gambit,ROOSEVELT HIGH SCHOOL,Colorado,United States
4595,22,0,22,5,22,2026-02-19 23:48:18,2026-03-14 18:21:10,52,0,4478P,Phoenix,MASUK HIGH SCHOOL,Connecticut,United States
4596,22,5,17,5,19,2026-02-14 17:47:12,2026-01-10 14:31:25,0,0,8151V,Tempest Dragons,Grand Island Senior High School,Nebraska,United States
4597,22,5,17,5,18,2026-02-04 04:03:37,2025-12-14 05:59:02,0,0,90065P,PTH Maker,國立屏東高級中學,Chinese Taipei,Taiwan
4598,22,5,17,5,17,2026-02-14 16:27:37,2026-02-14 17:25:05,0,0,10565Z,LegaZy,LOVELAND HIGH SCHOOL,Ohio,United States
4599,22,5,17,5,17,2026-02-28 14:43:53,2026-03-01 10:13:24,0,0,52521B,Avextruces,Col·legi Vedruna Vall,Spain,Spain
4600,22,1,21,4,21,2025-12-20 03:04:06,2026-02-07 09:00:02,39,0,12305B,TCCS roBotics team,Tung Chung Catholic School,Hong Kong,Hong Kong
4601,22,4,18,4,19,2026-02-07 20:39:54,2025-11-22 18:53:27,19,0,40328A,Thieves in the Night,METRO DEAF SCHOOL,Minnesota,United States
4602,22,3,19,3,19,2026-02-14 16:34:21,2026-02-14 15:27:08,1,0,42784A,HELP! Why is it smoking...,MARION HIGH SCHOOL,Indiana - Region 1 - North,United States
4603,22,3,19,3,19,2026-01-17 21:27:50,2026-01-17 17:18:38,0,0,77003W,Falcon 2,EAST EARLY COLLEGE HIGH SCHOOL,Texas - Region 3,United States
4604,22,3,19,3,19,2026-02-05 00:20:05,2026-02-05 00:16:55,0,0,57336A,CECYTEM Penjamillo,CECYTEM Plantel Penjamillo,Mexico,Mexico
4605,22,0,22,2,22,2026-01-19 19:46:04,2025-12-13 20:45:21,39,0,830B,Fusion Force,Jim Ned High School,Texas - Region 5,United States
4606,22,0,22,2,22,2026-02-14 21:55:01,2026-01-24 21:12:44,38,0,53387G,PC Cougars,Phoenix Christian Prep,Arizona,United States
4607,22,2,20,2,20,2025-12-06 14:31:12,2025-12-06 14:13:08,0,0,54732B,Barbie Girls,Durham Johnston Comp,United Kingdom,United Kingdom
4608,22,2,20,2,20,2026-01-30 22:46:45,2026-01-30 22:56:16,0,0,65639A,COBACH 8 BUHOS,"COLEGIO DE BACHILLERES DEL ESTADO DE CHIHUAHUA, PLANTEL 8",Mexico,Mexico
4609,22,1,21,1,21,2026-02-07 17:27:47,2026-02-07 18:11:34,48,0,81580T,TealTeam6,BRITISH INTERNATIONAL SCHOOL OF BOSTON,Massachusetts,United States
4610,22,0,22,1,22,2025-11-15 16:16:52,2025-12-06 17:07:55,0,0,32410B,Breaking Benson,Redwater High School,Texas - Region 2,United States
4611,22,0,22,1,22,2025-11-20 19:28:55,2026-02-26 16:14:25,0,0,51401D,D1 Prospects,RIVERSIDE HIGH SCHOOL,West Virginia,United States
4612,22,1,21,1,21,2025-12-19 00:14:58,2025-12-19 00:23:47,0,0,92126A,MIRA MESA HIGH SCHOOL,Mira Mesa High School,California - Region 4,United States
4613,22,1,21,1,21,2026-02-28 17:47:17,2026-02-28 17:54:52,0,0,18882G,LE-AND,LOOPA Aula Tecnològica,Andorra,Andorra
4614,22,0,22,0,22,2025-12-13 21:55:07,2025-12-13 19:13:53,45,0,2474R,R - Name Coming Soon :),Walnut Grove Robotics,Texas - Region 5,United States
4615,22,0,22,0,22,2026-02-06 08:22:29,2026-02-07 02:49:05,31,0,93299C,HIS C,Hangzhou International School,East China,China
4616,22,0,22,0,22,,2026-01-17 23:14:25,0,18,10640A,Parkland Panthers,Parkland Secondary School,Vancouver Island (BC),Canada
4617,22,0,22,0,22,,2026-02-14 19:40:41,0,13,3691C,CyberWolves C,H GRADY SPRUCE HIGH SCHOOL,Texas - Region 2,United States
4618,22,0,22,0,22,,2025-10-19 20:14:16,0,12,569D,NightHawk Robotics Club,MURRIETA VALLEY HIGH,California - Region 4,United States
4619,22,0,22,0,22,,2026-01-23 20:06:52,0,5,38241T,Torque Titans,FAITH ACADEMY,Alabama,United States
4620,22,0,22,0,22,,2026-01-17 17:45:34,0,3,6127A,Evangelion,Del Valle High School,Texas - Region 1,United States
4621,22,0,22,0,22,2026-02-08 02:47:03,2025-11-07 06:48:11,48,0,76275A,HARROW 1,Harrow International School Hong Kong,Hong Kong,Hong Kong
4622,22,0,22,0,22,2025-08-12 03:38:17,2025-08-12 01:54:02,0,0,96498D,Copperfield-DEL,Copperfield College,Australia,Australia
4623,22,0,22,0,22,2025-11-22 15:09:37,2025-11-22 15:40:20,0,0,80101A,Bulldog Bots,HANCEVILLE HIGH SCHOOL,Alabama,United States
4624,22,0,22,0,22,2026-01-17 18:43:43,2026-01-17 18:38:18,0,0,128D,128 Dih,Korah Collegiate & Vocational School,Ontario,Canada
4625,22,0,22,0,22,2026-02-06 22:23:32,2026-02-06 21:26:35,0,0,9551C,C.L.A.N.K.E.R.,WEISER HIGH SCHOOL,Idaho,United States
4626,22,0,22,0,22,2026-02-14 19:55:25,2026-02-14 19:22:33,0,0,8349S,Specter,GATEWAY ACADEMY TO INNOVATION & TECHNOLOGY,Kentucky,United States
4627,22,0,22,0,22,2026-03-04 19:17:53,2026-03-04 18:30:23,0,0,12801B,Bear Force One,GLENS FALLS SENIOR HIGH SCHOOL,New York-North,United States
4628,22,0,22,0,22,,2025-08-16 00:53:40,0,0,11044C,Sacred Heart Robotics,"Sacred Heart College, Auckland",New Zealand,New Zealand
4629,22,0,22,0,22,,2025-10-18 20:40:14,0,0,89125P,PHS Engineering and Robotics (PHEAR) - Senior Team,PFLUGERVILLE HIGH SCHOOL,Texas - Region 4,United States
4630,22,0,22,0,22,,2025-10-25 20:38:42,0,0,986B,Lancers B,GRACE BRETHREN JR SR HIGH SCHOOL,California - Region 4,United States
4631,22,0,22,0,22,,2025-11-08 17:42:48,0,0,39W,Warp,CRANBROOK SCHOOLS,Michigan,United States
4632,22,0,22,0,22,,2025-11-08 19:05:08,0,0,21908B,Rockford Robotics B,ROCKFORD HIGH SCHOOL,Michigan,United States
4633,22,0,22,0,22,,2025-11-08 19:18:48,0,0,1930A,Forman Lions,FORMAN SCHOOL,Connecticut,United States
4634,22,0,22,0,22,,2025-11-15 20:45:16,0,0,6980A,Breaking Bad,STAR CITY HIGH SCHOOL,Arkansas,United States
4635,22,0,22,0,22,,2025-11-19 02:05:44,0,0,13358S,Shopping Kart,SILVER CREEK HIGH SCHOOL,Colorado,United States
4636,22,0,22,0,22,,2025-12-06 18:17:48,0,0,6408J,Jobless,Heritage Woods Secondary,British Columbia (BC),Canada
4637,22,0,22,0,22,,2025-12-06 19:58:16,0,0,80817C,Blaze Circuit,FOUNTAIN-FORT CARSON HIGH SCHOOL,Colorado,United States
4638,22,0,22,0,22,,2025-12-06 22:03:36,0,0,64900A,Stale Doritos,DUFUR SCHOOL,Oregon,United States
4639,22,0,22,0,22,,2025-12-07 15:44:54,0,0,74620F,Foxtrot,VERNON TOWNSHIP HIGH SCHOOL,New Jersey,United States
4640,22,0,22,0,22,,2025-12-13 19:15:16,0,0,6467A,N.W.A (Natives With Attitudes),Mescalero Apache School,New Mexico,United States
4641,22,0,22,0,22,,2025-12-13 20:26:17,0,0,99015A,Guido de Bot,Guido de Bres Christian High School,Ontario,Canada
4642,22,0,22,0,22,,2025-12-30 21:58:03,0,0,79793E,RoboPirates,MAGNOLIA SCIENCE ACADEMY SANTA ANA,California - Region 4,United States
4643,22,0,22,0,22,,2026-01-10 15:30:38,0,0,66406C,Dragon Cat,Iowa School for the Deaf,Iowa,United States
4644,22,0,22,0,22,,2026-01-10 16:04:02,0,0,5313D,1A 1A 1A,SHAWSHEEN VALLEY VOCATIONAL TECHNICAL HIGH SCHOOL,Massachusetts,United States
4645,22,0,22,0,22,,2026-01-10 21:05:45,0,0,76058C,Cheddar Bay Biscuits,JOSHUA HIGH SCHOOL,Texas - Region 5,United States
4646,22,0,22,0,22,,2026-01-11 19:49:03,0,0,154A,Atomic,GAR-FIELD HIGH,Virginia,United States
4647,22,0,22,0,22,,2026-01-17 16:22:42,0,0,75548D,Gear Shifters,Cathedral High School,Minnesota,United States
4648,22,0,22,0,22,,2026-01-17 17:25:44,0,0,99022N,USS Dragons,Nacogdoches High School NNDCC,Texas - Region 2,United States
4649,22,0,22,0,22,,2026-01-17 18:25:14,0,0,8876A,CTRL+ALT+DESPAIR,QUEENSBURY SENIOR HIGH SCHOOL,New York-North,United States
4650,22,0,22,0,22,,2026-01-18 17:34:08,0,0,54058A,RoboRams A,RANDOLPH HIGH SCHOOL,New Jersey,United States
4651,22,0,22,0,22,,2026-01-22 16:37:16,0,0,83276A,Yellow Jacket Robotics,Curry High School,Alabama,United States
4652,22,0,22,0,22,,2026-01-24 02:01:31,0,0,86832Y,Deep Fried Rectangles,International School of Beijing,North China,China
4653,22,0,22,0,22,,2026-01-24 17:19:39,0,0,14819A,NHS Robotics A,NOBLESVILLE HIGH SCHOOL,Indiana - Region 2 - Central,United States
4654,22,0,22,0,22,,2026-01-24 18:13:56,0,0,14904V,Veneric Veam Vame,ELMIRA HIGH SCHOOL,New York-North,United States
4655,22,0,22,0,22,,2026-01-24 21:33:34,0,0,33472A,"Not Fast, Just Furious",Alchesay High School,Arizona,United States
4656,22,0,22,0,22,,2026-01-31 14:57:14,0,0,53535B,Thunder Chickens,Tocoi Creek High School,Florida - North/Central,United States
4657,22,0,22,0,22,,2026-01-31 17:22:39,0,0,18430A,Porter's Robotics,MISS PORTER'S SCHOOL,Connecticut,United States
4658,22,0,22,0,22,,2026-01-31 18:40:31,0,0,8079A,Innovation Ravens,Academy Of Science And Innovation,Connecticut,United States
4659,22,0,22,0,22,,2026-01-31 19:09:30,0,0,13085B,Wicked Jack,Mt Everett Regional,Massachusetts,United States
4660,22,0,22,0,22,,2026-01-31 20:29:41,0,0,98251T,CyFly,Tallahassee Collegiate Academy,Florida - North/Central,United States
4661,22,0,22,0,22,,2026-02-04 06:14:25,0,0,55663D," Monster",Dammam Industrial Secondary Institute,Saudi Arabia,Saudi Arabia
4662,22,0,22,0,22,,2026-02-04 06:44:41,0,0,60968G,ATHAR,algharaa school,Saudi Arabia,Saudi Arabia
4663,22,0,22,0,22,,2026-02-04 22:50:03,0,0,91720A,ELHS Potterbots 1,EAST LIVERPOOL HIGH SCHOOL,Ohio,United States
4664,22,0,22,0,22,,2026-02-05 02:00:13,0,0,25683A,CECYTEM San Pedro Jácuaro,CECYTEM Plantel San Pedro Jácuaro,Mexico,Mexico
4665,22,0,22,0,22,,2026-02-07 16:03:50,0,0,2719W,Kattywampus,TRITON CENTRAL HIGH SCHOOL,Indiana - Region 2 - Central,United States
4666,22,0,22,0,22,,2026-02-07 19:08:28,0,0,99223B,PW Robotics Team B,PLYMOUTH-WHITEMARSH SHS,Pennsylvania - East,United States
4667,22,0,22,0,22,,2026-02-07 19:08:58,0,0,23098A,Team Illusion - 23098A,CHESAPEAKE MATH AND IT PUBLIC CHARTER,Maryland,United States
4668,22,0,22,0,22,,2026-02-07 19:55:02,0,0,89437D,Galactic Invaders,HARGRAVE HIGH SCHOOL,Texas - Region 3,United States
4669,22,0,22,0,22,,2026-02-07 20:28:50,0,0,45135C,Hoarding Bugs (Fairfield Local JV),FAIRFIELD LOCAL HIGH SCHOOL,Ohio,United States
4670,22,0,22,0,22,,2026-02-14 17:32:13,0,0,31331E,Glenforest Gryphons,Glenforest Secondary School,Ontario,Canada
4671,22,0,22,0,22,,2026-02-14 19:18:15,0,0,45133S,Solstice,HILLSBORO HIGH SCHOOL,Ohio,United States
4672,22,0,22,0,22,,2026-02-14 19:21:26,0,0,3691A,Sigma Jimmy,H GRADY SPRUCE HIGH SCHOOL,Texas - Region 2,United States
4673,22,0,22,0,22,,2026-02-14 21:27:57,0,0,24755A,RoboMavs,ANDRADA POLYTECHNIC HIGH SCHOOL,Arizona,United States
4674,22,0,22,0,22,,2026-02-15 14:45:16,0,0,23301A,Cobalt Warriors,CHRIST CHAPEL ACADEMY,Virginia,United States
4675,22,0,22,0,22,,2026-02-16 15:40:30,0,0,13289D,The Robotic Rhinos,COLUMBIANA HIGH SCHOOL,Ohio,United States
4676,22,0,22,0,22,,2026-02-20 19:37:33,0,0,20480T,Torino,SKYLINE HIGH SCHOOL,Texas - Region 2,United States
4677,22,0,22,0,22,,2026-02-21 17:38:17,0,0,67544A,Gregboymebob,Hoisington High School,Kansas,United States
4678,22,0,22,0,22,,2026-02-21 17:56:26,0,0,28921B,Chicken Jockey,WAPAHANI HIGH SCHOOL,Indiana - Region 1 - North,United States
4679,22,0,22,0,22,,2026-02-21 18:57:20,0,0,43946A,Kiwi Brothers,J Sterling Morton West High School,Illinois,United States
4680,22,0,22,0,22,,2026-02-21 22:21:43,0,0,299W,Waffles,SKY VALLEY EDUCATION CENTER,Washington,United States
4681,22,0,22,0,22,,2026-02-22 19:51:51,0,0,818R,Symmetric,Tasava Robotics,Florida - South,United States
4682,22,0,22,0,22,,2026-02-24 11:16:56,0,0,38643A,"Clarin College ",Clarin College Athenry,Ireland,Ireland
4683,22,0,22,0,22,,2026-02-26 09:13:58,0,0,20089A,Jinling High School Team A,JinLing High school,East China,China
4684,22,0,22,0,22,,2026-02-26 09:37:08,0,0,79781C,Yu Heng Robot,Qinzhou No. 3 Middle School High School,South China,China
4685,22,0,22,0,22,,2026-02-28 14:20:28,0,0,54958A,The Vikings,North Arlington High School,New Jersey,United States
4686,22,0,22,0,22,,2026-02-28 19:29:27,0,0,613B,Pilot Holes,Franklin High School,New Jersey,United States
4687,21,16,5,16,7,2025-12-05 00:32:57,2025-11-08 18:21:32,0,0,3773Y,Bowbots - Yttrium (Y),Bow High School,New Hampshire/Vermont,United States
4688,21,0,21,15,21,2026-01-17 20:54:57,2026-02-21 20:54:15,59,6,5686B,Beserkers,MAZAMA HIGH SCHOOL,Oregon,United States
4689,21,15,6,15,6,2025-11-08 19:14:13,2025-11-08 16:13:11,59,0,46265A,Phantom Ninjas,Edwardsville Academy,Illinois,United States
4690,21,15,6,15,6,2025-11-15 02:22:32,2025-11-15 03:01:42,58,0,84134A,KSC HACK,Koonung Secondary College,Australia,Australia
4691,21,15,6,15,6,2026-02-14 20:34:37,2026-02-14 20:01:17,57,0,21101B,AutoPilot,HICKORY RIDGE HIGH,North Carolina,United States
4692,21,15,6,15,6,2026-02-14 14:55:06,2026-02-14 15:20:17,55,0,56029K,Melt Maxxers,CRESTVIEW HIGH SCHOOL,Ohio,United States
4693,21,15,6,15,10,2026-02-28 19:13:31,2025-11-22 18:57:00,53,0,65810A,HCH Bulldogs,HANCOCK HIGH SCHOOL,Michigan,United States
4694,21,15,6,15,6,2026-02-21 18:53:49,2026-02-21 17:25:46,50,0,4621K,Titan - Crius,FRONTIER HIGH,California - Region 3,United States
4695,21,15,6,15,15,2025-11-22 19:57:34,2026-02-07 18:43:30,37,0,1010Y,TenTon Robotics,West Vancouver School District #45,British Columbia (BC),Canada
4696,21,15,6,15,9,2026-01-17 18:42:03,2026-01-11 17:57:30,40,0,98271G,Clankers,Caledonia High School,Michigan,United States
4697,21,0,21,15,21,2025-08-31 01:50:48,2025-11-09 02:59:40,59,0,47779J,GRANBOTS J,Granville Boys High School,Australia,Australia
4698,21,1,20,15,20,2025-12-06 17:42:57,2026-02-03 22:40:20,58,0,50298Y,The Concrete Blocks,Mapleton Middle School,Ohio,United States
4699,21,0,21,15,21,2025-12-13 19:51:38,2025-11-08 17:23:15,0,0,31055D,Steel Fin,MAY RIVER HIGH,South Carolina,United States
4700,21,15,6,15,18,2026-01-03 13:23:17,2025-11-23 08:42:56,0,0,82090A,SEZMECH,Özel Sezin Lisesi,Türkiye,Türkiye
4701,21,15,6,15,12,2026-01-31 17:33:27,2026-01-10 18:50:11,0,0,241B,Blitz,PINKERTON ACADEMY,New Hampshire/Vermont,United States
4702,21,15,6,15,8,2026-02-07 17:43:37,2025-11-22 16:23:42,0,0,7567B,Mighty Drivers,Grand Traverse Academy,Michigan,United States
4703,21,15,6,15,8,2026-02-21 19:16:32,2026-01-23 20:07:13,0,0,4454B,Cyclops,TIMOTHY CHRISTIAN HIGH SCHOOL,Illinois,United States
4704,21,15,6,15,6,2026-01-23 06:51:50,2026-01-23 06:53:32,0,0,67789D,Ingenium Lions,Wellington College International Shanghai,East China,China
4705,21,15,6,15,6,2026-02-08 15:45:03,2026-02-08 16:02:26,0,0,8995T,Tetris,Metea Valley High School,Illinois,United States
4706,21,14,7,14,7,2025-12-02 23:40:19,2025-12-02 23:34:09,0,0,22391A,"The Clankers ",WESTMORELAND HIGH SCHOOL,Tennessee,United States
4707,21,2,19,3,19,2026-02-07 21:21:47,2026-01-31 17:19:26,47,0,99750B,Sparta's Cyber Botz,ROCORI SENIOR HIGH,Minnesota,United States
4708,21,3,18,3,18,2026-01-04 08:52:52,2026-01-03 13:10:50,0,0,34444A,VIKI \\ TECH,MBA ÇAMLICA SCHOOLS,Türkiye,Türkiye
4709,21,3,18,3,18,2026-01-10 18:21:30,2026-01-10 22:13:47,0,0,95330Z,Riptide Z,RIVER ISLANDS HIGH,California - Region 2,United States
4710,21,2,19,2,19,2026-01-03 16:13:38,2026-01-03 15:10:28,48,0,36620F,Quacktron,UNITY CHRISTIAN HIGH SCHOOL,Michigan,United States
4711,21,2,19,2,19,2026-01-17 18:05:37,2026-01-17 16:59:36,0,0,2586A,Team Viper,CALUMET HIGH SCHOOL,Michigan,United States
4712,21,2,19,2,19,2026-02-21 15:37:26,2026-02-21 15:40:26,0,0,43946M,SugarGliders,J Sterling Morton West High School,Illinois,United States
4713,21,0,21,1,21,2025-12-11 16:35:47,2025-10-29 15:11:04,52,12,54500B,Blount Team 2,MATTIE T BLOUNT HIGH SCHOOL,Alabama,United States
4714,21,1,20,1,20,2025-12-05 16:00:47,2025-11-14 18:18:33,52,12,13756B,EA Robotics,EAST ALLEGHENY JSHS,Pennsylvania - West,United States
4715,21,1,20,1,20,2026-01-10 19:02:50,2026-01-10 18:50:02,46,0,10627A,You Like Jazz?,SARANAC JRSR HIGH SCHOOL,Michigan,United States
4716,21,1,20,1,20,2026-02-06 15:54:03,2026-02-06 16:43:37,44,0,5450C,Clankers,Marshall County Central High School,Minnesota,United States
4717,21,0,21,1,21,2026-01-16 14:05:06,2026-02-20 18:45:30,51,0,13756D,EA Robotics,EAST ALLEGHENY JSHS,Pennsylvania - West,United States
4718,21,0,21,1,21,2025-11-15 14:39:41,2025-10-11 14:38:31,0,0,550M,Magna,APOPKA HIGH,Florida - North/Central,United States
4719,21,0,21,1,21,2025-11-27 00:20:44,2026-02-04 23:27:01,0,0,36298A,TULANWOLVES V1,ACADEMIA STEM HIDALGO MEDIA SUPERIOR COLEGIO 1,Mexico,Mexico
4720,21,0,21,1,21,2026-01-04 10:26:10,2026-03-01 10:53:50,0,0,11881U,Script Robotics,Uğur Okulları,Türkiye,Türkiye
4721,21,1,20,1,20,2025-10-25 19:15:34,2025-10-25 19:12:39,0,0,79536B,Widdle Wobot Wizzardz,MERKEL HIGH SCHOOL,Texas - Region 5,United States
4722,21,1,20,1,20,2025-11-26 20:17:05,2025-11-26 23:18:02,0,0,9727A,OSOS 110,CBTIS 110,Mexico,Mexico
4723,21,1,20,1,20,2026-01-09 08:15:14,2026-01-09 08:18:03,0,0,27766D,二十九中四队,南京市第二十九中学,East China,China
4724,21,1,20,1,20,2026-03-14 16:42:40,2026-03-14 16:49:13,0,0,74027D,CompSci Cyber Eagles,CREC CompSci High,Connecticut,United States
4725,21,0,21,0,21,2026-02-07 17:58:22,2026-02-07 20:19:24,54,0,5691W,Hornet Robotics- Poseidon,Bryant High School Robotics,Arkansas,United States
4726,21,0,21,0,21,2026-01-11 17:32:31,2026-01-11 17:16:29,48,1,11591T,Techtonic Force,PLAINWELL HIGH SCHOOL,Michigan,United States
4727,21,0,21,0,21,2026-02-03 15:44:51,2026-02-03 14:38:54,48,0,36728A,Team Assuranssi,Hyria Koulutus,Finland,Finland
4728,21,0,21,0,21,2026-02-22 23:24:45,2026-02-22 22:17:31,45,3,15151A,Florin Ro-Botics,FLORIN HIGH,California - Region 2,United States
4729,21,0,21,0,21,2025-12-13 17:43:11,2025-12-13 19:51:37,37,0,25368C,XAE-12 Musk,Klamath Union High school,Oregon,United States
4730,21,0,21,0,21,2026-01-31 17:35:54,2026-03-01 18:16:49,42,0,5249W,Sparta Robotics Wizards,SPARTA HIGH SCHOOL,New Jersey,United States
4731,21,0,21,0,21,,2025-12-13 20:19:26,0,25,2474E,Circuit Surfers,Walnut Grove Robotics,Texas - Region 5,United States
4732,21,0,21,0,21,,2025-12-11 01:10:56,0,22,20612B,Blazin' Bots,BLOOM TRAIL HIGH SCHOOL,Illinois,United States
4733,21,0,21,0,21,,2026-02-28 19:26:53,0,7,9950W,Canes,NEW DIANA HIGH SCHOOL,Texas - Region 2,United States
4734,21,0,21,0,21,,2026-02-21 20:19:56,0,2,22579S,Shipping Company,MILTON HIGH,Wisconsin,United States
4735,21,0,21,0,21,,2026-02-07 09:05:07,0,1,25250A,Rufbotics,South Island School,Hong Kong,Hong Kong
4736,21,0,21,0,21,,2026-02-21 01:12:44,0,1,42925H,Warriors Mech,Lorain Preparatory High School,Ohio,United States
4737,21,0,21,0,21,2026-02-07 18:47:48,2026-01-17 14:30:17,52,0,7447Z,Mechanical Maniacz,Pickens County Career and Technology Center,South Carolina,United States
4738,21,0,21,0,21,2025-11-23 00:30:15,2025-12-20 19:20:18,44,0,42700N,Nexus,Saint Louis School Hawaii,Hawaii,United States
4739,21,0,21,0,21,2026-02-21 18:44:10,2026-02-11 00:26:21,1,0,92553C,Raider,NETTLETON HIGH SCHOOL,Arkansas,United States
4740,21,0,21,0,21,2025-12-13 20:46:29,2025-12-13 15:45:07,0,0,33172X,Doral Robotics,Doral Academy Charter High School,Florida - South,United States
4741,21,0,21,0,21,2026-02-04 23:33:46,2026-02-04 23:42:14,0,0,41435A,CECYTEM Plantel Tangancícuaro,CECYTEM Plantel Tangancicuaro,Mexico,Mexico
4742,21,0,21,0,21,2026-02-21 15:45:42,2026-02-21 14:52:21,0,0,79267Z,Quantum Limits,River Bluff High School,South Carolina,United States
4743,21,0,21,0,21,2026-02-22 05:54:00,2026-02-21 12:42:02,0,0,1737Z,Zetta,International Robotics Academy,Kazakhstan,Kazakhstan
4744,21,0,21,0,21,2026-03-14 14:37:34,2026-03-14 14:57:38,0,0,78889C,Killingly Robotics,KILLINGLY HIGH SCHOOL,Connecticut,United States
4745,21,0,21,0,21,2026-03-15 13:28:28,2026-03-14 21:48:38,0,0,1784Y,Panic!,Moses Brown School,Connecticut,United States
4746,21,0,21,0,21,,2025-10-16 21:34:28,0,0,77786D,D-rivative,BRIDGELAND HIGH SCHOOL,Texas - Region 3,United States
4747,21,0,21,0,21,,2025-10-18 19:40:10,0,0,6022A,The Moles,OAK PARK HIGH,California - Region 4,United States
4748,21,0,21,0,21,,2025-10-18 21:46:50,0,0,4047A,Steamcats,TWENTYNINE PALMS HIGH SCHOOL,California - Region 3,United States
4749,21,0,21,0,21,,2025-10-29 20:54:34,0,0,1588B,Da Captains,WOOD RIVER HIGH SCHOOL,Idaho,United States
4750,21,0,21,0,21,,2025-11-08 14:28:53,0,0,59321A,CURDOG,Madison County High School,Florida - North/Central,United States
4751,21,0,21,0,21,,2025-11-08 18:32:07,0,0,241E,Eclipse,PINKERTON ACADEMY,New Hampshire/Vermont,United States
4752,21,0,21,0,21,,2025-11-08 18:56:04,0,0,49408A,RoboHawks: John Doe,Fennville High School,Michigan,United States
4753,21,0,21,0,21,,2025-11-09 22:02:01,0,0,95071T,Saratoga High,Saratoga High School,California - Region 2,United States
4754,21,0,21,0,21,,2025-11-15 17:00:55,0,0,45538A,Thats A Good Idea,NO. UT. ACAD. OF MATH ENGINEERING & SCIENCE OGDEN,Utah,United States
4755,21,0,21,0,21,,2025-11-15 17:09:18,0,0,60023Y,The Innovators-Y Not?,THE GOVERNOR'S SCHOOL @ INNOVATION PARK,Virginia,United States
4756,21,0,21,0,21,,2025-11-16 00:01:37,0,0,20M,RESEDA REGENTS ROBOTICS,Reseda High School,California - Region 4,United States
4757,21,0,21,0,21,,2025-11-21 16:27:33,0,0,30119A,Carmon's Canines,COOPER HIGH SCHOOL,Texas - Region 2,United States
4758,21,0,21,0,21,,2025-11-22 19:41:19,0,0,7454A,Da Clankas,Pine Junior/Senior High School,Louisiana,United States
4759,21,0,21,0,21,,2025-11-22 20:19:46,0,0,49932A,Bomber Battalion,Mountain Home NJROTC,Arkansas,United States
4760,21,0,21,0,21,,2025-12-09 18:23:50,0,0,1509R,Rmageddon,Ridley College High School,Ontario,Canada
4761,21,0,21,0,21,,2025-12-13 14:46:05,0,0,11476Z,LionTech Z,Mater Academy Charter High School,Florida - South,United States
4762,21,0,21,0,21,,2025-12-13 17:54:24,0,0,2481N,Everyone Missed Practice,COLORADO SPRINGS EARLY COLLEGES,Colorado,United States
4763,21,0,21,0,21,,2025-12-13 17:58:10,0,0,3184D,The TORists,SULPHUR HIGH SCHOOL,Louisiana,United States
4764,21,0,21,0,21,,2025-12-13 18:09:44,0,0,2398A,Da Ballerz,SEQUOYAH HIGH SCHOOL,Oklahoma,United States
4765,21,0,21,0,21,,2025-12-13 18:55:16,0,0,2398B,Clank,SEQUOYAH HIGH SCHOOL,Oklahoma,United States
4766,21,0,21,0,21,,2025-12-13 20:20:31,0,0,77083A,Kerr Engineering Club,KERR HIGH SCHOOL,Texas - Region 3,United States
4767,21,0,21,0,21,,2025-12-13 20:42:06,0,0,862A,Jaguar Robotics,KING COLLEGE PREP HIGH SCHOOL,Illinois,United States
4768,21,0,21,0,21,,2025-12-13 21:00:09,0,0,4149C,Blast Bots,Grygla Secondary,Minnesota,United States
4769,21,0,21,0,21,,2025-12-13 21:25:49,0,0,7983U,Centennial CyberHawks U,Centennial High School,California - Region 3,United States
4770,21,0,21,0,21,,2025-12-19 07:28:35,0,0,94701A,NIRT MACH 3,NIRT Robotica y Tecnologia,Mexico,Mexico
4771,21,0,21,0,21,,2026-01-10 14:04:02,0,0,3308E,BulldawgRobotics,HADDONFIELD MEMORIAL HIGH SCHOOL,New Jersey,United States
4772,21,0,21,0,21,,2026-01-10 19:01:29,0,0,45744A,Bu'Gi,SHERIDAN HIGH SCHOOL,Arkansas,United States
4773,21,0,21,0,21,,2026-01-10 20:23:49,0,0,62885A,KCDGearcats2,KENTUCKY COUNTRY DAY SCHOOL,Kentucky,United States
4774,21,0,21,0,21,,2026-01-10 21:03:14,0,0,2018B,New Trier High School,NEW TRIER TOWNSHIP HIGH SCHOOL WINNETKA,Illinois,United States
4775,21,0,21,0,21,,2026-01-12 22:07:53,0,0,3264H,VEX Hogs,Norwalk High School,Ohio,United States
4776,21,0,21,0,21,,2026-01-14 16:57:49,0,0,70649A,Velocity Vipers,PROFESSIONAL ACADEMY MAGNET AT LOFTEN HIGH SCHOOL,Florida - North/Central,United States
4777,21,0,21,0,21,,2026-01-17 17:22:29,0,0,25600W,Roxbury Latin - Guadzilla,The Roxbury Latin School,Massachusetts,United States
4778,21,0,21,0,21,,2026-01-17 17:27:00,0,0,78889K,Tokyo Drift,KILLINGLY HIGH SCHOOL,Connecticut,United States
4779,21,0,21,0,21,,2026-01-17 17:50:19,0,0,4288Z,Robotic Roses,YOUNG WOMEN'S COLLEGE PREP ACADEMY,Texas - Region 3,United States
4780,21,0,21,0,21,,2026-01-17 19:35:24,0,0,6463B,Fontainebleau RoboDawgs,FONTAINEBLEAU HIGH SCHOOL,Louisiana,United States
4781,21,0,21,0,21,,2026-01-23 08:26:19,0,0,84236G,404 Found,Nanjing International School,East China,China
4782,21,0,21,0,21,,2026-01-24 17:59:28,0,0,11566C,Calhoun Colts,SANFORD H CALHOUN HIGH SCHOOL,New York-South,United States
4783,21,0,21,0,21,,2026-01-24 19:42:32,0,0,53171K,Redline Robotics,Shoreland Lutheran High School,Wisconsin,United States
4784,21,0,21,0,21,,2026-01-26 13:53:02,0,0,54500A,Blount Team 1,MATTIE T BLOUNT HIGH SCHOOL,Alabama,United States
4785,21,0,21,0,21,,2026-01-28 00:07:44,0,0,80739A,CECYTEH Ixmiquilpan 2,CECYTEH Ixmiquilpan,Mexico,Mexico
4786,21,0,21,0,21,,2026-01-28 00:45:58,0,0,96177A,CECYTEH TEZONTEPEC,Colegio de Estudios Científicos y Tecnológicos del Estado de Hidalgo Plantel - Tezontepec de Aldama,Mexico,Mexico
4787,21,0,21,0,21,,2026-01-30 19:46:26,0,0,88875N,Morris Robotics (Philip),Morris School,Manitoba,Canada
4788,21,0,21,0,21,,2026-01-31 07:47:26,0,0,99007A,Bulldog Robotics,Marist Brothers International School,Japan,Japan
4789,21,0,21,0,21,,2026-01-31 15:30:48,0,0,8903G,JROTC Green Knights,Mount Pleasant High School,Delmarva,United States
4790,21,0,21,0,21,,2026-01-31 17:16:41,0,0,35049D,Cleveland Robotics Team D,CLEVELAND HIGH SCHOOL,Alabama,United States
4791,21,0,21,0,21,,2026-01-31 18:08:30,0,0,21860A,New Fairfield HS - Autobotz,NEW FAIRFIELD HIGH SCHOOL,Connecticut,United States
4792,21,0,21,0,21,,2026-01-31 18:57:32,0,0,14256M,Bionic Bulls M,Mater Brickell Academy,Florida - South,United States
4793,21,0,21,0,21,,2026-01-31 20:52:11,0,0,69812A,69812,MARS HILL BIBLE SCHOOL,Alabama,United States
4794,21,0,21,0,21,,2026-02-05 13:17:32,0,0,50608B,Dame Allan's Aero Assassins,Dame Allans Senior School,United Kingdom,United Kingdom
4795,21,0,21,0,21,,2026-02-07 16:02:30,0,0,99515E,The Mafia,Douglas High School,South Dakota,United States
4796,21,0,21,0,21,,2026-02-07 17:23:59,0,0,21052A,Five Rings Robotics,International School of Lausanne,Switzerland,Switzerland
4797,21,0,21,0,21,,2026-02-13 17:21:46,0,0,71161B,Powerful Programming Panthers,RIVERSIDE HIGH SCHOOL,Pennsylvania - West,United States
4798,21,0,21,0,21,,2026-02-13 17:56:29,0,0,92930C,Central Bobcats Team,CENTRAL HIGH SCHOOL,Texas - Region 5,United States
4799,21,0,21,0,21,,2026-02-14 14:34:09,0,0,68803A,VEX-Men,NORTHWEST HIGH SCHOOL,Nebraska,United States
4800,21,0,21,0,21,,2026-02-14 14:50:04,0,0,68803C,MJ,NORTHWEST HIGH SCHOOL,Nebraska,United States
4801,21,0,21,0,21,,2026-02-14 17:31:44,0,0,18430B,G.O.A.T.S,MISS PORTER'S SCHOOL,Connecticut,United States
4802,21,0,21,0,21,,2026-02-14 19:07:48,0,0,90588K,Lucky Ducks,Houston Co High School,Tennessee,United States
4803,21,0,21,0,21,,2026-02-15 17:45:41,0,0,7518B,Newbies,GREAT VALLEY HIGH SCHOOL,Pennsylvania - East,United States
4804,21,0,21,0,21,,2026-02-18 01:17:13,0,0,34716A,Maricopa ArrowTech,A+ CHARTER SCHOOLS,Arizona,United States
4805,21,0,21,0,21,,2026-02-20 20:01:29,0,0,38464B,FH Waffle,FOREST HILLS JSHS,Pennsylvania - West,United States
4806,21,0,21,0,21,,2026-02-21 15:25:40,0,0,33188B,Ctrl + Alt + Defeat,CARROLLTON HIGH SCHOOL-CARROLLTON MIDDLE SCHOOL,Ohio,United States
4807,21,0,21,0,21,,2026-02-21 17:09:01,0,0,64165A,404 Not Found,CORNERSTONE CHRISTIAN ACADEMY,Ohio,United States
4808,21,0,21,0,21,,2026-02-21 17:52:25,0,0,97817A,suPURDUEper Techies,Purdue Polytechnic High School Broad Ripple,Indiana - Region 2 - Central,United States
4809,21,0,21,0,21,,2026-02-21 18:46:31,0,0,76151A,Krabby Patties,GRAFTON HIGH SCHOOL,North Dakota,United States
4810,21,0,21,0,21,,2026-02-21 19:42:22,0,0,54611B,Cooked Cattle,LINCOLN HIGH,Wisconsin,United States
4811,21,0,21,0,21,,2026-02-21 19:43:54,0,0,50027K,Better Late Than Never,DERBY HIGH SCHOOL,Kansas,United States
4812,21,0,21,0,21,,2026-02-21 19:53:14,0,0,2990X,titan team x,West Salem High School,Oregon,United States
4813,21,0,21,0,21,,2026-02-22 05:48:56,0,0,74471A,Bilim Start V5,Bilim Start,Kazakhstan,Kazakhstan
4814,21,0,21,0,21,,2026-02-24 11:47:36,0,0,27310A,Gaelcholaiste Mhuire VEX,Gaelcholaiste Mhuire AG,Ireland,Ireland
4815,21,0,21,0,21,,2026-02-28 15:55:22,0,0,3081P,LV Patriots,Lenape Valley Regional High School,New Jersey,United States
4816,21,0,21,0,21,,2026-02-28 16:47:04,0,0,9950X,Lankers,NEW DIANA HIGH SCHOOL,Texas - Region 2,United States
4817,21,0,21,0,21,,2026-03-01 18:58:07,0,0,7518E,SPADE,GREAT VALLEY HIGH SCHOOL,Pennsylvania - East,United States
4818,21,0,21,0,21,,2026-03-14 09:12:29,0,0,41510X,Work,International School Basel,Switzerland,Switzerland
4819,20,20,0,20,13,2026-02-08 20:28:53,2025-12-14 18:07:42,0,0,21101R,Quantum,HICKORY RIDGE HIGH,North Carolina,United States
4820,20,20,0,20,0,2026-02-14 18:02:07,,0,0,54827A,Lithium Lions,VICTORY CHRISTIAN ACADEMY,Indiana - Region 1 - North,United States
4821,20,15,5,15,20,2026-02-28 16:16:30,2026-01-31 21:32:02,58,3,1616Z,Quackheadz,Don Tyson School of Innovation,Arkansas,United States
4822,20,15,5,15,20,2025-12-06 16:55:47,2026-01-14 00:18:41,55,0,91142C,To Vex or Not to Vex,BEAVER LOCAL HIGH SCHOOL,Ohio,United States
4823,20,15,5,15,5,2026-02-07 20:09:54,2026-02-07 20:11:57,55,0,82000B,YOUR SYMPHONY,Havergal College School,Ontario,Canada
4824,20,15,5,15,5,2026-02-21 20:06:39,2026-02-21 19:05:03,55,0,3655R,NHS Project 36 Red,North High School,California - Region 3,United States
4825,20,15,5,15,5,2026-01-31 22:11:58,2026-01-31 17:26:36,50,1,89135E,W.A.R.NING,WEST CAREER & TECHNICAL ACADEMY,Nevada,United States
4826,20,15,5,15,5,2026-01-24 21:57:59,2026-01-24 20:20:48,50,0,4146V,Sabercat Robotics,SAGUARO HIGH SCHOOL,Arizona,United States
4827,20,15,5,15,11,2026-01-17 19:35:16,2026-02-08 18:37:29,43,0,14100C,Null,West Cabarrus HIgh School,North Carolina,United States
4828,20,0,20,15,20,2026-01-10 16:25:56,2026-02-14 15:02:52,52,16,33993B,Mariner Tritons 2,MARINER HIGH SCHOOL,Florida - South,United States
4829,20,0,20,15,20,2025-12-11 00:05:42,2026-02-21 19:45:07,57,0,28466V,Vanilla Ice,SPRINGS STUDIO FOR ACADEMIC EXCELLENCE,Colorado,United States
4830,20,1,19,15,19,2025-11-15 17:32:01,2025-11-08 16:03:12,45,0,55760A,Aluminum Assassins,NORTHRIDGE HIGH SCHOOL,Indiana - Region 1 - North,United States
4831,20,0,20,15,20,2026-03-01 09:59:37,2025-12-28 11:57:58,0,0,41207R,ROBOSAPIENS,ABC Science and Anatolian High School,Türkiye,Türkiye
4832,20,15,5,15,8,2026-02-06 17:41:32,2026-02-20 18:58:28,0,0,97155C,Diamond 2,Ysleta High School,Texas - Region 1,United States
4833,20,15,5,15,6,2026-02-21 19:45:10,2026-02-07 20:31:46,0,0,66086T,Malibu Mechanics,Basehor-linwood High School,Kansas,United States
4834,20,15,5,15,5,2026-02-28 19:31:35,2026-02-28 21:29:43,0,0,99299W,Astro,BEECH SR HIGH SCHOOL,Tennessee,United States
4835,20,8,12,8,12,2025-12-05 07:50:29,2025-12-05 07:55:58,0,0,24108K,浙江省杭州市学军中学,浙江省杭州市学军中学,East China,China
4836,20,0,20,4,20,2026-03-04 15:27:31,2025-12-18 16:49:20,9,0,14895C,King Cubs,WELLSVILLE SECONDARY SCHOOL,New York-North,United States
4837,20,3,17,3,17,2026-02-07 15:52:06,2026-02-07 16:26:35,41,22,94711B,The Steel Hive,EAST FAIRMONT HIGH SCHOOL,West Virginia,United States
4838,20,3,17,3,17,2025-11-18 17:57:00,2025-11-18 18:00:19,0,0,21997A,Moberly High School JROTC Team Alpha,MOBERLY SR. HIGH,Missouri,United States
4839,20,2,18,2,18,2025-11-13 20:33:03,2025-11-13 20:33:35,0,0,69647A,CECYTEM Agostitlán,CECYTEM Plantel Agostitlán,Mexico,Mexico
4840,20,1,19,1,19,2025-12-13 18:30:09,2025-12-13 18:06:00,55,0,5278C,Cantaloupe,BROOKWOOD HIGH SCHOOL,Georgia,United States
4841,20,0,20,1,20,2025-12-18 16:26:33,2026-03-04 19:43:48,53,0,14895D,Gear Gurus,WELLSVILLE SECONDARY SCHOOL,New York-North,United States
4842,20,0,20,1,20,2025-11-22 16:38:44,2026-02-21 17:12:41,0,0,6210C,Cosmic Crash,HERITAGE CHRISTIAN SCHOOL,Indiana - Region 2 - Central,United States
4843,20,1,19,1,19,2026-01-18 18:55:10,2026-01-18 18:39:35,0,0,99689B,Moldy Cheese III,W T WHITE HIGH SCHOOL,Texas - Region 2,United States
4844,20,0,20,0,20,2026-02-14 13:42:20,2026-02-14 14:23:25,54,48,4101J,Squizzards,Hillsboro Middle/high School,Kansas,United States
4845,20,0,20,0,20,2026-02-14 18:39:22,2026-02-14 19:02:43,56,24,31848B,Robotic Knights,MCPHERSON HIGH,Kansas,United States
4846,20,0,20,0,20,2025-12-11 22:23:53,2025-12-11 22:18:59,56,8,91917C,Ragnarok,Apollo High School,Minnesota,United States
4847,20,0,20,0,20,2026-01-17 19:55:25,2026-01-31 23:28:50,60,0,41411A,Panther Bots,DUNCANVILLE HIGH SCHOOL,Texas - Region 2,United States
4848,20,0,20,0,20,2026-02-28 22:06:00,2026-02-28 19:19:47,54,0,99719V,Viper,Bentonville High School,Arkansas,United States
4849,20,0,20,0,20,2026-01-17 20:01:34,2026-01-17 18:27:48,53,0,98225H,Bellingham High School H,Bellingham High School,Washington,United States
4850,20,0,20,0,20,2025-11-09 03:15:08,2025-11-09 01:49:11,48,0,4613D,DJ Robotics,Barker College,Australia,Australia
4851,20,0,20,0,20,,2026-01-22 20:13:10,0,48,32312A,RC Robotics,RANDOLPH COUNTY HIGH SCHOOL,Alabama,United States
4852,20,0,20,0,20,,2026-01-27 12:21:04,0,46,94342A,TCC,LCETB - Thomond Community College,Ireland,Ireland
4853,20,0,20,0,20,,2025-12-20 03:08:38,0,42,14683D,KCIS Robotics D,Kang Chiao International School,Chinese Taipei,Taiwan
4854,20,0,20,0,20,2025-11-08 19:35:49,2025-11-08 18:42:26,32,0,33172W,Doral Robotics,Doral Academy Charter High School,Florida - South,United States
4855,20,0,20,0,20,,2025-12-13 18:25:58,0,32,1064X,OPS - Unknown Variable,OMAHA NORTH HIGH SCHOOL,Nebraska,United States
4856,20,0,20,0,20,2026-02-21 20:32:15,2026-02-21 19:33:27,0,30,3389A,TecTigers,Wicomico County Robotics Club,Delmarva,United States
4857,20,0,20,0,20,,2026-02-28 22:19:34,0,23,55515B,Legends of VB,Van Buren High School,Arkansas,United States
4858,20,0,20,0,20,2026-01-24 16:24:56,2026-03-14 16:58:51,47,22,39169C,Carlsbad Cavemen #3,CARLSBAD HIGH,New Mexico,United States
4859,20,0,20,0,20,,2025-10-29 15:44:33,0,20,66394B,LeFlore Team 2,JOHN L LEFLORE MAGNET SCHOOL,Alabama,United States
4860,20,0,20,0,20,,2025-12-20 17:46:29,0,19,3308D,A Few Screws Loose,HADDONFIELD MEMORIAL HIGH SCHOOL,New Jersey,United States
4861,20,0,20,0,20,,2025-12-20 18:51:30,0,18,3777A,Mecha Lions,PATERSON CHARTER SCHOOL FOR SCIENCE/TECHNOLOGY,New Jersey,United States
4862,20,0,20,0,20,,2025-09-13 00:54:58,0,16,8757A,STEAM-ED Robotics A,STEAM-ED Robotics Tauranga,New Zealand,New Zealand
4863,20,0,20,0,20,,2026-02-28 20:06:06,0,16,18046A,B.O.T.S - Bottom of The Scrap Bin,JEFFERSON TOWNSHIP HIGH SCHOOL,New Jersey,United States
4864,20,0,20,0,20,,2026-01-31 18:53:13,0,14,344A,Brotherhood of Steel,SCARBOROUGH HIGH SCHOOL,Maine,United States
4865,20,0,20,0,20,2026-01-31 20:32:00,2026-01-31 21:01:04,0,12,19711D,"NCHS Innovatriots, Team D",Newark Charter Senior High School,Delmarva,United States
4866,20,0,20,0,20,,2025-09-30 15:28:02,0,12,42502H,Murphy Team 2,MURPHY HIGH SCHOOL,Alabama,United States
4867,20,0,20,0,20,2025-12-13 20:07:12,2026-02-21 18:38:30,54,10,4691S,Aperture Science,Uintah High School,Utah,United States
4868,20,0,20,0,20,,2026-01-03 19:27:16,0,10,244D,RoboDawgs: chUck,Grandville Community Education,Michigan,United States
4869,20,0,20,0,20,,2025-11-20 19:03:25,0,8,20601T,Juggernauts,OAK HILL HIGH SCHOOL,Louisiana,United States
4870,20,0,20,0,20,,2026-01-17 17:16:51,0,8,42329E,Nighthaven,Howe High School,Texas - Region 5,United States
4871,20,0,20,0,20,,2026-01-31 19:29:41,0,8,9144B,Spartan Backorder,SOMERSET HIGH,Wisconsin,United States
4872,20,0,20,0,20,,2026-02-13 18:52:26,0,7,14444A,Bison Tech,FORT LEBOEUF High School,Pennsylvania - West,United States
4873,20,0,20,0,20,,2026-01-30 20:48:37,0,6,11470A,"Shark, The Vacuum?",GOODRIDGE SECONDARY,Minnesota,United States
4874,20,0,20,0,20,,2026-02-28 17:45:20,0,6,6618E,The Dinkies,HERRON HIGH SCHOOL,Indiana - Region 2 - Central,United States
4875,20,0,20,0,20,,2025-11-08 21:23:49,0,5,45201C,BlockBot,MESA RIDGE HIGH SCHOOL,Colorado,United States
4876,20,0,20,0,20,,2025-11-24 16:25:37,0,5,65524E,Error 404 (Team Not Found),BRENTWOOD SHS,Pennsylvania - West,United States
4877,20,0,20,0,20,,2026-01-31 00:25:29,0,5,174D,Liverpool Robotics,Liverpool High School,New York-North,United States
4878,20,0,20,0,20,,2025-11-08 19:22:47,0,4,63600D,Eaglebots: Breakfast,GRAND RAPIDS CHRISTIAN HIGH SCHOOL,Michigan,United States
4879,20,0,20,0,20,2026-02-07 20:09:07,2026-01-10 17:03:56,40,3,84260F,Full House,Cabot High School,Arkansas,United States
4880,20,0,20,0,20,,2026-02-13 18:30:25,0,3,16438A,Ratthew Mussell,UNION CITY HIGH SCHOOL,Pennsylvania - West,United States
4881,20,0,20,0,20,2026-02-21 18:36:59,2026-02-21 20:34:57,1,0,21050E,shrEkton,MCGEHEE HIGH SCHOOL,Arkansas,United States
4882,20,0,20,0,20,,2025-10-04 21:08:06,0,1,12500G,Guang Dong,ANDERSON HIGH SCHOOL,California - Region 1,United States
4883,20,0,20,0,20,,2026-02-15 10:07:59,0,1,21190Z,TSR TECH,YAŞAM TASARIM OKULLARI,Türkiye,Türkiye
4884,20,0,20,0,20,2025-11-14 17:38:31,2026-01-16 14:15:17,50,0,13756C,EA Robotics,EAST ALLEGHENY JSHS,Pennsylvania - West,United States
4885,20,0,20,0,20,2026-01-17 19:29:21,2026-03-07 22:19:59,42,0,37562B,MITA Robotics,MIT Academy,California - Region 2,United States
4886,20,0,20,0,20,2026-03-07 15:07:17,2026-02-21 18:21:10,41,0,19711E,"NCHS Innovatriots, Team E",Newark Charter Senior High School,Delmarva,United States
4887,20,0,20,0,20,2025-10-25 16:54:51,2025-11-08 17:46:43,25,0,1695D,"Hand Tigers D ""Pro-Bot""",DANIEL HAND HIGH SCHOOL,Connecticut,United States
4888,20,0,20,0,20,2025-11-03 18:08:46,2025-11-03 16:42:40,0,0,75423A,C-Tech Celeste,Celeste High School,Texas - Region 2,United States
4889,20,0,20,0,20,2025-11-12 00:49:07,2025-11-12 00:14:10,0,0,231K,Knights Robotics Team,DR KIRK LEWIS CAREER AND TECHNICAL HIGH SCHOOL,Texas - Region 3,United States
4890,20,0,20,0,20,2025-12-11 13:54:40,2025-12-11 14:00:31,0,0,30077D,INTERBOTICS,Internat Jos Schmit,Luxembourg,Luxembourg
4891,20,0,20,0,20,2025-12-15 20:26:14,2025-12-15 19:19:23,0,0,21524B,ECH green,JACKSON CENTRAL-MERRY EARLY COLLEGE HIGH,Tennessee,United States
4892,20,0,20,0,20,2026-01-10 19:27:59,2026-01-10 16:43:06,0,0,8341E,Randy the Mega Knights,PEWAMO WESTPHALIA MIDDLE HIGH SCHOOL,Michigan,United States
4893,20,0,20,0,20,2026-01-31 21:57:23,2026-01-31 21:44:52,0,0,79089A,VHTPA Team A,DR. RICHARD A. VLADOVIC HARBOR TEACHER PREPARATION ACADEMY,California - Region 4,United States
4894,20,0,20,0,20,2026-02-04 22:34:53,2026-02-04 22:37:46,0,0,13289A,Fire by Wire,COLUMBIANA HIGH SCHOOL,Ohio,United States
4895,20,0,20,0,20,2026-02-04 22:35:57,2026-02-04 22:41:56,0,0,24082A,CONALEP TEPEJI DEL RIO,Colegio Nacional de Educación Profesional Técnica  Plantel 214 Tepeji del Río,Mexico,Mexico
4896,20,0,20,0,20,2026-02-04 23:54:48,2026-02-04 23:56:32,0,0,51960A,CECYTEM Carácuaro,CECYTEM Plantel Carácurao,Mexico,Mexico
4897,20,0,20,0,20,2026-02-05 01:05:06,2026-02-05 01:10:22,0,0,95654A,CECYTEM Puerépero,CECYTEM Plantel Puerépero,Mexico,Mexico
4898,20,0,20,0,20,2026-02-07 16:38:23,2026-02-07 16:36:42,0,0,3838B,Iron Giants,OCEAN SPRINGS HIGH SCHOOL,Mississippi,United States
4899,20,0,20,0,20,2026-02-14 17:37:03,2026-02-14 17:34:38,0,0,1723D,Dyaus,MERCERSBURG ACADEMY,Pennsylvania - East,United States
4900,20,0,20,0,20,2026-02-14 21:39:44,2026-02-14 18:57:07,0,0,41869B,Comet Cougars,Kempner High School AFJROTC,Texas - Region 3,United States
4901,20,0,20,0,20,2026-02-16 17:37:25,2026-02-16 17:23:20,0,0,19161B,Tiger 1,Leonard High School,Texas - Region 2,United States
4902,20,0,20,0,20,,2025-10-11 15:08:33,0,0,97052B,Loose Screws,HAGERTY HIGH SCHOOL,Florida - North/Central,United States
4903,20,0,20,0,20,,2025-10-17 15:18:05,0,0,33761A,Bryant Team 1,ALMA BRYANT HIGH SCHOOL,Alabama,United States
4904,20,0,20,0,20,,2025-10-18 23:38:21,0,0,1138V,Eagle Engineering V,CHAMINADE COLLEGE PREPARATORY HIGH SCHOOL,California - Region 4,United States
4905,20,0,20,0,20,,2025-10-25 18:14:49,0,0,4303A,Incognito,FOREST PARK HIGH,Virginia,United States
4906,20,0,20,0,20,,2025-10-25 19:23:50,0,0,49637E,McFarland Team Rookies,Mcfarland High School,California - Region 3,United States
4907,20,0,20,0,20,,2025-11-01 01:07:17,0,0,2933Z,Jerry Jerry,Freyberg High School,New Zealand,New Zealand
4908,20,0,20,0,20,,2025-11-01 16:33:43,0,0,33269D,Jimmy,CARDIGAN MOUNTAIN SCHOOL,New Hampshire/Vermont,United States
4909,20,0,20,0,20,,2025-11-01 19:16:28,0,0,56160X,OPS - Bionicle,Buena Vista High School,Nebraska,United States
4910,20,0,20,0,20,,2025-11-01 19:54:08,0,0,2474C,Code of Duty,Walnut Grove Robotics,Texas - Region 5,United States
4911,20,0,20,0,20,,2025-11-03 17:32:26,0,0,87490F,4X4,FARMERSVILLE HIGH SCHOOL,Texas - Region 2,United States
4912,20,0,20,0,20,,2025-11-08 16:21:51,0,0,77711F,Goldfish Gobblers,NIMITZ HIGH SCHOOL,Texas - Region 2,United States
4913,20,0,20,0,20,,2025-11-08 17:36:04,0,0,65714X,Screamin' Eagles,Nixa High School JROTC,Missouri,United States
4914,20,0,20,0,20,,2025-11-08 20:35:28,0,0,4519C,Robo Titans,OMAHA SOUTH MAGNET HIGH SCHOOL,Nebraska,United States
4915,20,0,20,0,20,,2025-11-08 21:33:31,0,0,1138K,Eagle Engineering K,Chaminade College Preparatory,California - Region 4,United States
4916,20,0,20,0,20,,2025-11-12 16:03:06,0,0,19070B,Cyfalls Golden Eagles,CYPRESS FALLS HIGH SCHOOL,Texas - Region 3,United States
4917,20,0,20,0,20,,2025-11-15 17:52:46,0,0,2528F,RoboDoves,WESTERN HIGH,Maryland,United States
4918,20,0,20,0,20,,2025-11-15 20:39:15,0,0,37215B,CPA - Transylvanian Tech Support,CHRIST PRESBYTERIAN ACADEMY,Tennessee,United States
4919,20,0,20,0,20,,2025-11-19 02:57:38,0,0,68610B,YT Beta,Yishun Town Secondary School,Singapore,Singapore
4920,20,0,20,0,20,,2025-11-19 18:17:48,0,0,42502G,Murphy Team 1,MURPHY HIGH SCHOOL,Alabama,United States
4921,20,0,20,0,20,,2025-11-20 20:40:26,0,0,45631B,Swiss Cheese,ALEXANDRIA SENIOR HIGH SCHOOL,Louisiana,United States
4922,20,0,20,0,20,,2025-11-22 19:18:50,0,0,59968K,Shoebill 59968K,JOHN F KENNEDY HIGH SCHOOL,New York-South,United States
4923,20,0,20,0,20,,2025-11-22 20:23:07,0,0,39554A,Did We Tighten That?,Debbie Smith CTE Academy,Nevada,United States
4924,20,0,20,0,20,,2025-11-23 01:42:37,0,0,67886A,Clanker,Singapore International School @Saigon South,Vietnam,Vietnam
4925,20,0,20,0,20,,2025-11-29 17:21:39,0,0,82855Y,STL Yellowjackets,STL Robotics,Ontario,Canada
4926,20,0,20,0,20,,2025-12-06 17:03:22,0,0,22305A,Super Hornets,DETROIT COUNTRY DAY SCHOOL,Michigan,United States
4927,20,0,20,0,20,,2025-12-06 18:28:10,0,0,10058A,Demolition,CORAL ACADEMY OF SCIENCE LAS VEGAS Cadence,Nevada,United States
4928,20,0,20,0,20,,2025-12-06 20:45:14,0,0,80804A,Affectionate Tarts,WESTLAKE HIGH,Utah,United States
4929,20,0,20,0,20,,2025-12-06 20:52:28,0,0,7842V,Violent,Robotics71 - School District #71,Vancouver Island (BC),Canada
4930,20,0,20,0,20,,2025-12-07 00:27:18,0,0,1002X,The Shadow,Templestowe College,Australia,Australia
4931,20,0,20,0,20,,2025-12-10 00:32:23,0,0,4805C,"In Big John we trust, all others pay Cache",HARDING HIGH SCHOOL,Ohio,United States
4932,20,0,20,0,20,,2025-12-13 00:39:10,0,0,1064P,OPS - Almost HD,OMAHA NORTH HIGH SCHOOL,Nebraska,United States
4933,20,0,20,0,20,,2025-12-13 15:57:53,0,0,66852A,Deaf Dynamics,Maryland School f/t Deaf,Maryland,United States
4934,20,0,20,0,20,,2025-12-13 16:59:05,0,0,78723A,The ARC-TECH BEARS,AUSTIN ACHIEVE HIGH SCHOOL,Texas - Region 4,United States
4935,20,0,20,0,20,,2025-12-13 17:29:42,0,0,12543E,SteelTeam Six,MARMION ACADEMY,Illinois,United States
4936,20,0,20,0,20,,2025-12-13 17:53:55,0,0,1233X,1233 X-Men,CROWN POINT HIGH SCHOOL,Indiana - Region 1 - North,United States
4937,20,0,20,0,20,,2025-12-13 19:25:55,0,0,4148A,Techno,Greenville High School,Texas - Region 2,United States
4938,20,0,20,0,20,,2025-12-14 07:52:05,0,0,90065T,PTH Fighter,國立屏東高級中學,Chinese Taipei,Taiwan
4939,20,0,20,0,20,,2025-12-19 00:18:08,0,0,92126B,MIRA MESA HIGH SCHOOL,Mira Mesa High School,California - Region 4,United States
4940,20,0,20,0,20,,2025-12-20 17:50:44,0,0,5770B,Gadget Girls,Baltimore Leadership School For Young Women,Maryland,United States
4941,20,0,20,0,20,,2025-12-20 18:44:21,0,0,6964A,River Valley RADs,River Valley Technical Center,New Hampshire/Vermont,United States
4942,20,0,20,0,20,,2026-01-03 16:02:35,0,0,23037E,Hippo-Tron,FINDLAY HIGH SCHOOL,Ohio,United States
4943,20,0,20,0,20,,2026-01-04 22:48:16,0,0,119Y,Y Not?,ST BERNARD SCHOOL,Connecticut,United States
4944,20,0,20,0,20,,2026-01-04 23:45:50,0,0,3134V,Robolabs Voltage,Robolabs,California - Region 2,United States
4945,20,0,20,0,20,,2026-01-09 19:57:40,0,0,2435B,Soldiers of Technology,Great Plains Technology Center,Oklahoma,United States
4946,20,0,20,0,20,,2026-01-10 14:44:53,0,0,3308A,RoBros,HADDONFIELD MEMORIAL HIGH SCHOOL,New Jersey,United States
4947,20,0,20,0,20,,2026-01-10 15:21:58,0,0,1199A,Robo Rams A,ARABIA MOUNTAIN HIGH SCHOOL,Georgia,United States
4948,20,0,20,0,20,,2026-01-10 17:21:42,0,0,3701A,Lancer Jedi,LOYALSOCK TWP SHS,Pennsylvania - East,United States
4949,20,0,20,0,20,,2026-01-10 17:46:41,0,0,134J,Just Add Air,PEMBROKE ACADEMY,New Hampshire/Vermont,United States
4950,20,0,20,0,20,,2026-01-10 20:11:10,0,0,81528A,Metal Masterminds,HUTTO NINTH GRADE CENTER,Texas - Region 4,United States
4951,20,0,20,0,20,,2026-01-10 20:24:57,0,0,33172Y,Doral Robotics,Doral Academy Charter High School,Florida - South,United States
4952,20,0,20,0,20,,2026-01-15 13:38:25,0,0,42206A,Clonfert College Ballinasloe,Ardscoil Mhuire Ballinasloe,Ireland,Ireland
4953,20,0,20,0,20,,2026-01-16 13:18:12,0,0,33422U,UTCR,University Technical College,United Kingdom,United Kingdom
4954,20,0,20,0,20,,2026-01-16 16:21:09,0,0,21468B,Ringgold Robotics,RINGGOLD SHS,Pennsylvania - West,United States
4955,20,0,20,0,20,,2026-01-16 23:47:50,0,0,99299T,Thunderbolts,BEECH SR HIGH SCHOOL,Tennessee,United States
4956,20,0,20,0,20,,2026-01-17 17:19:47,0,0,1290M,Paranoid Android,Brentwood College School,Vancouver Island (BC),Canada
4957,20,0,20,0,20,,2026-01-17 18:18:54,0,0,59936B,Logistical Nightmare,Brandon Evansville ISD,Minnesota,United States
4958,20,0,20,0,20,,2026-01-17 20:53:46,0,0,46802A,Mater Wildcats 1,MATER BISCAYNE ACADEMY MIDDLE/HIGH,Florida - South,United States
4959,20,0,20,0,20,,2026-01-17 21:51:11,0,0,97038A,Clankers,Molalla High School,Oregon,United States
4960,20,0,20,0,20,,2026-01-17 21:54:56,0,0,89275A,Thunder Bots,Guy-Perkins School District,Arkansas,United States
4961,20,0,20,0,20,,2026-01-21 00:42:56,0,0,5686F,Insanity,Mazama High School,Oregon,United States
4962,20,0,20,0,20,,2026-01-22 16:30:01,0,0,9848A,High Roller,MADISON COUNTY HIGH SCHOOL,Alabama,United States
4963,20,0,20,0,20,,2026-01-22 23:51:20,0,0,60522X,Automatons,CHARLES FRANCIS ADAMS HIGH SCHOOL,Washington,United States
4964,20,0,20,0,20,,2026-01-24 14:55:47,0,0,77628D,36,WELLINGTON C MEPHAM HIGH SCHOOL,New York-South,United States
4965,20,0,20,0,20,,2026-01-24 16:56:19,0,0,3425A,Lab Rats,The Lab School of Washington,District of Columbia,United States
4966,20,0,20,0,20,,2026-01-24 18:57:13,0,0,569E,NightHawk Robotics Club,Murrieta Valley High School,California - Region 4,United States
4967,20,0,20,0,20,,2026-01-24 19:15:11,0,0,19383F,NewRo Bots,NEW ROCHELLE HIGH SCHOOL,New York-South,United States
4968,20,0,20,0,20,,2026-01-24 21:16:57,0,0,12691D,Coding Error,OCONOMOWOC HIGH,Wisconsin,United States
4969,20,0,20,0,20,,2026-01-27 13:08:38,0,0,9942V,Creationeers,Colaiste Choilm,Ireland,Ireland
4970,20,0,20,0,20,,2026-01-31 00:26:53,0,0,174A,Liverpool Robotics,Liverpool High School,New York-North,United States
4971,20,0,20,0,20,,2026-01-31 07:14:35,0,0,1425A,RQ - Khorfakkan Youth 1,RQ Science & Technology - Khorfakkan,United Arab Emirates,United Arab Emirates
4972,20,0,20,0,20,,2026-01-31 13:46:48,0,0,71368A,Qubits,Queen Elizabeth Sixth Form College,United Kingdom,United Kingdom
4973,20,0,20,0,20,,2026-01-31 15:41:04,0,0,72519B,Lisbon Panthers,Lisbon Regional School,New Hampshire/Vermont,United States
4974,20,0,20,0,20,,2026-01-31 17:28:17,0,0,35884B,Holmes County - Blue,HOLMES COUNTY HIGH SCHOOL,Florida - North/Central,United States
4975,20,0,20,0,20,,2026-01-31 18:03:39,0,0,35049E,Cleveland Robotics Team E,CLEVELAND HIGH SCHOOL,Alabama,United States
4976,20,0,20,0,20,,2026-01-31 20:41:26,0,0,97301E,MT DOOM,SALEM ACADEMY,Oregon,United States
4977,20,0,20,0,20,,2026-01-31 21:55:47,0,0,687G,Nerd Herd G,CALIFORNIA ACADEMY OF MATHEMATICS AND SCIENCE,California - Region 4,United States
4978,20,0,20,0,20,,2026-02-02 14:26:19,0,0,93647A,Spartan Gearheads,PORTER HIGH SCHOOL,Texas - Region 3,United States
4979,20,0,20,0,20,,2026-02-03 16:44:58,0,0,63344Z,Croc Bot Doot Doot Dooo-Do Doot Doot,FOUNTAIN VALLEY SCHOOL OF COLORADO,Colorado,United States
4980,20,0,20,0,20,,2026-02-03 21:53:47,0,0,76543E,Blue Fish Studios,SOUTH-WESTERN CAREER ACADEMY,Ohio,United States
4981,20,0,20,0,20,,2026-02-04 23:08:04,0,0,31718A,CECYTEM Huandacareo,CECYTEM Plantel Huandacareo,Mexico,Mexico
4982,20,0,20,0,20,,2026-02-05 11:45:12,0,0,31061C,Carmel College,Carmel College,United Kingdom,United Kingdom
4983,20,0,20,0,20,,2026-02-05 16:27:10,0,0,2373B,Robo Rats,CLEAR LAKE HIGH SCHOOL,Texas - Region 3,United States
4984,20,0,20,0,20,,2026-02-06 20:33:24,0,0,41998B,Loose screws,VALE HIGH SCHOOL,Oregon,United States
4985,20,0,20,0,20,,2026-02-07 00:12:20,0,0,13460A,Team Insomnia,Sherburne-Earlville Senior High School,New York-North,United States
4986,20,0,20,0,20,,2026-02-07 06:55:32,0,0,76764A,ATIS-HS,A'Takamul International School,Kuwait,Kuwait
4987,20,0,20,0,20,,2026-02-07 07:39:30,0,0,3708V,VSA VEX,Victoria Shanghai Academy,Hong Kong,Hong Kong
4988,20,0,20,0,20,,2026-02-07 08:37:17,0,0,33008Z,Kuwait 1,Kuwait Information Technology Society,Kuwait,Kuwait
4989,20,0,20,0,20,,2026-02-07 17:58:07,0,0,89437C,Sin Agua,HARGRAVE HIGH SCHOOL,Texas - Region 3,United States
4990,20,0,20,0,20,,2026-02-07 18:35:45,0,0,9594E,RoboCavs,Collingwood School,British Columbia (BC),Canada
4991,20,0,20,0,20,,2026-02-07 18:50:56,0,0,4647C,Unpredictable we,MADISON SENIOR HIGH SCHOOL,Idaho,United States
4992,20,0,20,0,20,,2026-02-07 19:15:03,0,0,45631C,Vector,ALEXANDRIA SENIOR HIGH SCHOOL,Louisiana,United States
4993,20,0,20,0,20,,2026-02-07 19:44:55,0,0,95661B,Oakmont Team B,OAKMONT HIGH,California - Region 2,United States
4994,20,0,20,0,20,,2026-02-07 20:44:15,0,0,77038C,BubbleBots,BLANSON CTE HIGH SCHOOL,Texas - Region 3,United States
4995,20,0,20,0,20,,2026-02-07 21:23:55,0,0,93489A,Mahpiya Luta,RED CLOUD INDIAN SCHOOL,South Dakota,United States
4996,20,0,20,0,20,,2026-02-07 21:25:00,0,0,37135H,Nolensville Robotics,Nolensville High School,Tennessee,United States
4997,20,0,20,0,20,,2026-02-11 01:11:18,0,0,99621E,Lucky Ducks,SHORECREST HIGH SCHOOL,Washington,United States
4998,20,0,20,0,20,,2026-02-13 19:24:27,0,0,78880A,Rocksprings Angoras,ROCKSPRINGS ISD,Texas - Region 4,United States
4999,20,0,20,0,20,,2026-02-13 21:17:28,0,0,77072P,PTAA Chargers,PIONEER TECHNOLOGY AND ARTS ACADEMY NORTH DALLAS,Texas - Region 2,United States
5000,20,0,20,0,20,,2026-02-13 21:37:15,0,0,75160F,Kill Switch,TERRELL HIGH SCHOOL,Texas - Region 2,United States
5001,20,0,20,0,20,,2026-02-14 20:22:26,0,0,2616T,TBD,CHERRY HILL HIGH SCHOOL EAST,New Jersey,United States
5002,20,0,20,0,20,,2026-02-14 20:34:29,0,0,1506D,Rubber Bandits,PACT CHARTER SCHOOL,Minnesota,United States
5003,20,0,20,0,20,,2026-02-14 21:16:45,0,0,3450B,Vikings Silver,TRAVIS B BRYAN HIGH SCHOOL,Texas - Region 3,United States
5004,20,0,20,0,20,,2026-02-14 22:00:19,0,0,56865A,CogNation,SOUTH WASCO COUNTY HIGH SCHOOL,Oregon,United States
5005,20,0,20,0,20,,2026-02-15 15:22:39,0,0,9458B,The Bakers,MASSAPEQUA HIGH SCHOOL,New York-South,United States
5006,20,0,20,0,20,,2026-02-15 22:07:48,0,0,9594A,RoboCavs,Collingwood School,British Columbia (BC),Canada
5007,20,0,20,0,20,,2026-02-18 18:43:52,0,0,40217B,Rust-eze,CHAPIN HIGH SCHOOL,Texas - Region 1,United States
5008,20,0,20,0,20,,2026-02-21 15:53:57,0,0,79267T,TermiGators,River Bluff High School,South Carolina,United States
5009,20,0,20,0,20,,2026-02-21 19:06:47,0,0,63842B,"Clankers 2.0 ",DEWITT CLINTON HIGH SCHOOL,New York-South,United States
5010,20,0,20,0,20,,2026-02-21 19:15:46,0,0,55117A,AGON,FREMONT HIGH,Utah,United States
5011,20,0,20,0,20,,2026-02-21 19:52:12,0,0,12999M,Panther Science,CRESTON HIGH SCHOOL,Iowa,United States
5012,20,0,20,0,20,,2026-02-21 21:12:58,0,0,866C,Cutie Mark Crusaders,WILLAMETTE HIGH SCHOOL,Oregon,United States
5013,20,0,20,0,20,,2026-02-21 22:48:53,0,0,5606B,SKARO FAHS,Feilding High School,New Zealand,New Zealand
5014,20,0,20,0,20,,2026-02-28 12:54:45,0,0,84331F,CYBER-VEX,LYCEE VAUBAN LUXEMBOURG,Luxembourg,Luxembourg
5015,20,0,20,0,20,,2026-02-28 18:49:03,0,0,2068A,Metal Jackets,OSBOURN PARK HIGH,Virginia,United States
5016,20,0,20,0,20,,2026-02-28 19:09:11,0,0,90588D,Irish Batman,Houston Co High School,Tennessee,United States
5017,20,0,20,0,20,,2026-02-28 21:39:22,0,0,48922P,Pringle Legacy,SPERRY HIGH SCHOOL,Oklahoma,United States
5018,20,0,20,0,20,,2026-03-07 04:28:04,0,0,97038G,Morbid Mistress,MOLALLA HIGH SCHOOL,Oregon,United States
5019,19,19,0,19,15,2025-08-15 06:18:25,2025-10-25 09:16:14,0,0,7925A,H.I.I 杭州二中A队,Hangzhou No.2 High School,East China,China
5020,19,15,4,15,18,2026-02-18 19:20:35,2026-02-07 16:50:55,50,0,8776A,Arrowhead Robotics,ARROWHEAD PARK MEDICAL ACADEMY,New Mexico,United States
5021,19,15,4,15,4,2025-12-08 19:48:25,2025-12-08 16:35:03,47,0,43272A,Fox Robotics - The Freshies,Caddo Mills High School,Texas - Region 2,United States
5022,19,15,4,15,4,2026-02-07 21:43:54,2026-02-07 19:11:28,47,0,93454D,Proud Parents,Pioneer Valley High School,California - Region 3,United States
5023,19,1,18,15,18,2026-02-28 21:41:36,2026-01-17 20:53:37,56,0,7187K,#DIV/0!,FAYETTEVILLE HIGH SCHOOL EAST,Arkansas,United States
5024,19,15,4,15,9,2026-01-22 01:09:09,2026-01-10 19:17:53,0,0,6410M,Caravan Robotics,MOUNT CARMEL HIGH SCHOOL,Illinois,United States
5025,19,15,4,15,5,2026-02-11 02:56:32,2026-02-20 23:35:02,0,0,34022A,TCIS Dragons,"Taejon Christian International School ",South Korea,"Korea, Republic of"
5026,19,15,4,15,5,2026-02-28 22:12:49,2026-02-07 21:21:48,0,0,37135C,Nolensville Robotics,Nolensville High School,Tennessee,United States
5027,19,0,19,5,19,2025-11-15 13:44:31,2026-01-16 01:37:03,0,0,29204D,Googly Eyes,CREATE,Alabama,United States
5028,19,1,18,1,18,2025-11-14 17:41:30,2025-11-14 17:51:24,55,0,32219D,Purple Polar Bears,UPPER SAINT CLAIR HIGH SCHOOL,Pennsylvania - West,United States
5029,19,1,18,1,18,2026-01-24 17:15:30,2026-01-24 17:07:04,47,0,18055C,Whitnall Robotics Club- Baja bolts,Whitnall High School,Wisconsin,United States
5030,19,1,18,1,18,2025-10-25 04:35:26,2025-10-25 03:22:48,44,0,36010A,CSDE A,Cairns School of Distance Education,Australia,Australia
5031,19,1,18,1,18,2026-01-10 00:06:02,2026-01-10 00:52:56,0,0,11864C,CLLJ,BLAIR HIGH SCHOOL,Nebraska,United States
5032,19,0,19,0,19,2026-01-22 20:14:10,2026-01-22 16:44:28,52,10,78321A,St. Alban's Robotics Team,Saint Alban's High School,West Virginia,United States
5033,19,0,19,0,19,2026-01-19 19:51:10,2026-01-19 19:58:09,37,0,751A,Baron Bots,BONITA VISTA SENIOR HIGH,California - Region 4,United States
5034,19,0,19,0,19,,2026-02-14 19:09:46,0,15,31572A,Old Orchard Beach Gulls,Old Orchard Beach High School RSU 23,Maine,United States
5035,19,0,19,0,19,,2026-01-17 21:07:54,0,6,6264Y,Shawnigan Robotics,Shawnigan Lake School,Vancouver Island (BC),Canada
5036,19,0,19,0,19,2025-11-21 20:37:54,2025-11-21 20:26:19,1,0,75503P,Fantastic Five,PLEASANT GROVE HIGH SCHOOL,Texas - Region 2,United States
5037,19,0,19,0,19,2025-11-08 16:55:07,2025-10-25 15:28:47,48,0,13444A,Oblivion,COVENANT CHRISTIAN HIGH SCHOOL,Michigan,United States
5038,19,0,19,0,19,2026-01-10 17:44:49,2026-02-14 21:52:35,30,0,6425B,Duck Soup,BAY PORT HIGH,Wisconsin,United States
5039,19,0,19,0,19,2025-12-13 16:08:25,2025-12-13 16:05:21,0,0,5735K,Unorganized Chaos,St Martin High School,Mississippi,United States
5040,19,0,19,0,19,2026-01-10 15:18:52,2026-01-10 15:37:00,0,0,429C,RoboBucs C,BERKELEY PREPARATORY SCHOOL,Florida - North/Central,United States
5041,19,0,19,0,19,2026-01-17 19:07:04,2026-01-17 19:26:11,0,0,12319W,Lockerby Robotics 2,Lockerby Composite School,Ontario,Canada
5042,19,0,19,0,19,2026-01-31 15:52:23,2026-01-31 16:35:08,0,0,73191A,NeXu5,MEDICAL ACADEMY FOR SCIENCE AND TECHNOLOGY (M.A.S.T.) @ HOME,Florida - South,United States
5043,19,0,19,0,19,2026-02-14 18:51:37,2026-02-14 15:16:55,0,0,830C,Silver Tech,Jim Ned High School,Texas - Region 5,United States
5044,19,0,19,0,19,2026-02-19 23:54:20,2026-02-19 22:43:36,0,0,6403P,Prometheus,BROOKSIDE HIGH SCHOOL,Ohio,United States
5045,19,0,19,0,19,2026-02-21 17:03:58,2026-02-21 16:00:43,0,0,90005M,Oomizumi,MEMORIAL HIGH SCHOOL,New Jersey,United States
5046,19,0,19,0,19,2026-02-21 19:33:33,2026-02-21 16:03:42,0,0,23184B,CEC Robo Eagles - Bulletproof,CONWELL EGAN CATHOLIC HIGH SCHOOL,Pennsylvania - East,United States
5047,19,0,19,0,19,,2025-10-18 17:15:47,0,0,88847A,byte_me,GRANBURY HIGH SCHOOL,Texas - Region 5,United States
5048,19,0,19,0,19,,2025-11-08 16:32:09,0,0,46390B,Tri-Township Robotics,Tri-Township School,Indiana - Region 1 - North,United States
5049,19,0,19,0,19,,2025-11-08 17:38:47,0,0,4255A,4255A,Madison Co Voc Complex,Mississippi,United States
5050,19,0,19,0,19,,2025-11-15 07:44:10,0,0,64433C,AELPHA,Charter International School,Thailand,Thailand
5051,19,0,19,0,19,,2025-11-15 19:17:28,0,0,11432A,"Thomas Edison ""Inventors""",THOMAS A EDISON CAREER AND TECHNICAL EDUCATION HIGH SCHOOL,New York-South,United States
5052,19,0,19,0,19,,2025-12-06 19:04:40,0,0,25099A,Motormasters,HIGHLAND PREP WEST,Arizona,United States
5053,19,0,19,0,19,,2025-12-13 16:11:28,0,0,47287A,CreekBots,CYPRESS CREEK HIGH SCHOOL,Texas - Region 3,United States
5054,19,0,19,0,19,,2025-12-13 19:22:37,0,0,40217C,Revelation,CHAPIN HIGH SCHOOL,Texas - Region 1,United States
5055,19,0,19,0,19,,2025-12-13 20:01:49,0,0,9391B,Chappie,LOST RIVER HIGH SCHOOL,Oregon,United States
5056,19,0,19,0,19,,2025-12-13 21:19:14,0,0,2854Y,Sloth,Lake Creek High School,Texas - Region 3,United States
5057,19,0,19,0,19,,2025-12-20 04:24:37,0,0,4253W,Raid Zero W,Taipei American School,Chinese Taipei,Taiwan
5058,19,0,19,0,19,,2025-12-20 15:08:47,0,0,6844A,A to Z,MITCHELL HIGH SCHOOL - 01,South Dakota,United States
5059,19,0,19,0,19,,2026-01-10 16:32:59,0,0,10627Z,The Clankers,SARANAC JRSR HIGH SCHOOL,Michigan,United States
5060,19,0,19,0,19,,2026-01-10 17:05:28,0,0,3142R,Team Rocket,Paideia School,Georgia,United States
5061,19,0,19,0,19,,2026-01-10 19:45:53,0,0,81528C,Geared-up Hippos,HUTTO NINTH GRADE CENTER,Texas - Region 4,United States
5062,19,0,19,0,19,,2026-01-10 19:58:16,0,0,1965N,Patriots Bots,Adlai E Stevenson High School,Illinois,United States
5063,19,0,19,0,19,,2026-01-12 17:32:49,0,0,52575D,Do Robots Actually Know Everything? (D.R.A.K.E.),WARREN AREA HIGH SCHOOL,Pennsylvania - West,United States
5064,19,0,19,0,19,,2026-01-15 21:13:53,0,0,2206M,Blue Bees,Academia María Reina,Puerto Rico,Puerto Rico
5065,19,0,19,0,19,,2026-01-17 15:36:47,0,0,34087B,Diver Dan,LA FAYETTE JUNIOR-SENIOR HIGH SCHOOL,New York-North,United States
5066,19,0,19,0,19,,2026-01-17 18:29:57,0,0,1360A,Vibots,"Vibot Robotics ",Florida - North/Central,United States
5067,19,0,19,0,19,,2026-01-17 22:15:22,0,0,10898A,MagnaSpartans,Stafford Stem Magnet Academy,Texas - Region 3,United States
5068,19,0,19,0,19,,2026-01-17 22:27:09,0,0,77082X,Alief Taylor Mecha Lions,TAYLOR HIGH SCHOOL,Texas - Region 3,United States
5069,19,0,19,0,19,,2026-01-19 16:10:12,0,0,5501C,Dutchmen Robotics,GUILDERLAND HIGH SCHOOL,New York-North,United States
5070,19,0,19,0,19,,2026-01-22 18:51:18,0,0,66423A,Sakurai,HANDLEY HIGH SCHOOL,Alabama,United States
5071,19,0,19,0,19,,2026-01-23 22:01:57,0,0,1575S,Surfin Bird,Woodbridge Senior High School,Virginia,United States
5072,19,0,19,0,19,,2026-01-30 20:53:16,0,0,97673W,MONARCAS CECYTECH 11 CD. DEL CONOCIMIENTO,CECYTE Chihuahua Plantel 11,Mexico,Mexico
5073,19,0,19,0,19,,2026-01-30 23:33:01,0,0,22625A,COBACH 19 Leones,COLEGIO DE BACHILLERES DEL ESTADO DE CHIHUAHUA PLANTEL 19,Mexico,Mexico
5074,19,0,19,0,19,,2026-01-31 17:40:24,0,0,66372M,FRANKLIN JROTC 1,FRANKLIN HIGH,California - Region 2,United States
5075,19,0,19,0,19,,2026-01-31 17:44:12,0,0,64762H,Robotic Potatoes,BANGOR HIGH SCHOOL,Maine,United States
5076,19,0,19,0,19,,2026-02-04 07:52:10,0,0,22430A,Red star,Second Secondary Industrial Institute,Saudi Arabia,Saudi Arabia
5077,19,0,19,0,19,,2026-02-06 17:01:27,0,0,61503A,SPHS Robotics Team,SPAIN PARK HIGH SCHOOL,Alabama,United States
5078,19,0,19,0,19,,2026-02-06 23:55:49,0,0,3699A,Wall-E the Warrior,Chenango Valley High School,New York-North,United States
5079,19,0,19,0,19,,2026-02-07 19:11:48,0,0,31098A,Village Idiots,Wylie High School,Texas - Region 5,United States
5080,19,0,19,0,19,,2026-02-07 19:25:30,0,0,8001A,Bodwell Bruins,Bodwell High School,British Columbia (BC),Canada
5081,19,0,19,0,19,,2026-02-07 19:27:36,0,0,18908W,ShadowHawks,HARMONY SCHOOL OF EXCELLENCE - LAREDO,Texas - Region 6,United States
5082,19,0,19,0,19,,2026-02-07 20:48:02,0,0,4077A,Voltage,STEM Collegiate,Alberta/Saskatchewan,Canada
5083,19,0,19,0,19,,2026-02-08 09:55:37,0,0,15520A,VEX MEN,Institut Le Rosey,Switzerland,Switzerland
5084,19,0,19,0,19,,2026-02-08 18:27:36,0,0,68411C,Caffeine Required,Winston Churchill High School,Alberta/Saskatchewan,Canada
5085,19,0,19,0,19,,2026-02-09 23:18:17,0,0,43452B,King Pins,PORT CLINTON HIGH SCHOOL,Ohio,United States
5086,19,0,19,0,19,,2026-02-14 15:59:46,0,0,42442A,WJ Robotics,WALTER JOHNSON HIGH,Maryland,United States
5087,19,0,19,0,19,,2026-02-14 19:29:30,0,0,830D,Yes Man!,Jim Ned High School,Texas - Region 5,United States
5088,19,0,19,0,19,,2026-02-16 14:08:04,0,0,59759B,Leetonia Bananas,LEETONIA HIGH SCHOOL,Ohio,United States
5089,19,0,19,0,19,,2026-02-17 22:24:19,0,0,5897N,Clanker,NORTHLAND HIGH SCHOOL,Ohio,United States
5090,19,0,19,0,19,,2026-02-21 12:31:53,0,0,74815S,SRIS76,Silk Road International School,Kyrgyzstan,Kyrgyzstan
5091,19,0,19,0,19,,2026-02-21 17:41:35,0,0,2158W,ausTIN CANs,Anderson Robotics,Texas - Region 4,United States
5092,19,0,19,0,19,,2026-02-21 20:06:49,0,0,48505A,McMichael Air Force 1,DALTON MCMICHAEL HIGH,North Carolina,United States
5093,19,0,19,0,19,,2026-02-21 20:48:49,0,0,25025R,Cyber Claws,LaVergne High,Tennessee,United States
5094,19,0,19,0,19,,2026-02-22 18:54:42,0,0,45535B,EHS Robotics - B,EDGEWOOD HIGH SCHOOL,Indiana - Region 3 - South,United States
5095,19,0,19,0,19,,2026-02-24 20:56:22,0,0,39599R,WHS Warriors,WINTERS HIGH,California - Region 2,United States
5096,19,0,19,0,19,,2026-02-28 19:09:43,0,0,6479B,Junkerbot,POTOMAC HIGH,Virginia,United States
5097,19,0,19,0,19,,2026-02-28 20:06:07,0,0,613G,Gamma,Franklin High School,New Jersey,United States
5098,19,0,19,0,19,,2026-03-09 15:42:45,0,0,2101A,PHS Team #1,Parkersburg High School,West Virginia,United States
5099,19,0,19,0,19,,2026-03-13 19:07:16,0,0,99989C,CODEmandos - Spectacle,Hendersonville High School,Tennessee,United States
5100,18,15,3,15,3,2026-02-14 18:56:37,2026-02-14 16:05:24,55,0,6249E,The Hardware Store,Boothbay Region High School,Maine,United States
5101,18,15,3,15,3,2026-01-31 20:37:21,2026-01-31 20:46:30,54,0,15267Z,Pirate Bots,COCHRANE-FOUNTAIN CITY HIGH,Wisconsin,United States
5102,18,15,3,15,3,2026-02-21 21:33:16,2026-02-21 18:36:00,54,0,93436D,Maple High Robotics 93436D,MAPLE HIGH,California - Region 3,United States
5103,18,0,18,15,18,2026-03-01 16:07:23,2026-02-21 18:18:59,0,0,3327B,Bananas,SPRING-FORD SHS 9-12 CTR,Pennsylvania - East,United States
5104,18,15,3,15,17,2026-01-31 17:11:42,2026-02-21 18:02:25,0,5,19709X,Mighty Mustang Bots,MOT CHARTER SCHOOL,Delmarva,United States
5105,18,15,3,15,16,2026-01-17 16:09:14,2026-02-07 16:30:50,0,0,85843A,tECH,EAST CENTRAL HIGH SCHOOL,Mississippi,United States
5106,18,15,3,15,15,2026-01-17 19:54:32,2025-12-06 19:16:43,0,0,87265F,Robo Ridge,Southridge School,British Columbia (BC),Canada
5107,18,0,18,6,18,2026-03-07 00:50:05,2025-12-13 19:32:35,0,0,31055B,Sharknado,MAY RIVER HIGH,South Carolina,United States
5108,18,4,14,4,14,2026-02-07 15:15:59,2026-02-07 15:19:22,0,0,9168B,Damaged Bots,Bluffton High School,South Carolina,United States
5109,18,4,14,4,14,2026-02-08 21:05:35,2026-02-08 20:38:19,0,0,355M,Mavericks,Fox Valley Robotics,Illinois,United States
5110,18,3,15,3,17,2026-02-14 15:18:37,2025-12-06 18:09:32,10,0,66312A,Big Backs 4 Life,DANVILLE HIGH SCHOOL,Ohio,United States
5111,18,1,17,1,18,2026-02-07 20:53:02,2026-02-21 20:42:13,35,7,38502B,Corsairs,New Colossus Academy,Tennessee,United States
5112,18,1,17,1,17,2026-02-27 16:49:50,2026-02-27 16:53:12,35,0,17404G,Gipsy,WEST YORK AREA HIGH SCHOOL,Pennsylvania - East,United States
5113,18,1,17,1,17,2025-11-15 19:10:48,2025-11-15 19:01:51,20,0,52806A,Cyber Ravens,ROSS SCHOOL,New York-South,United States
5114,18,0,18,1,18,2025-11-19 17:01:29,2025-12-11 16:58:07,50,10,54200B,Theodore Team 2,THEODORE HIGH SCHOOL,Alabama,United States
5115,18,0,18,1,18,2026-02-07 16:36:44,2025-12-13 00:07:53,57,0,13205H,Those 9th grade kids,STEM SCHOOL CHATTANOOGA,Tennessee,United States
5116,18,0,18,1,18,2026-01-04 08:59:47,2025-11-23 11:01:01,0,0,15001T,SAMS,BAHÇELİEVLER 15 TEMMUZ ŞEHİTLERİ AİHL,Türkiye,Türkiye
5117,18,0,18,1,18,2026-02-05 01:02:35,2026-01-26 23:04:38,0,0,83492M,Robotrim-Clustertim,Robotrim,Mexico,Mexico
5118,18,1,17,1,17,2026-02-20 17:22:35,2026-02-20 17:41:41,0,0,79912B,Blush Bots,FRANKLIN HIGH SCHOOL,Texas - Region 1,United States
5119,18,1,17,1,17,2026-02-20 20:08:01,2026-02-20 20:07:49,0,0,47874U,"U-Knighted -- Paxton, Braxton, Christopher, Rowan",Squalicum High School,Washington,United States
5120,18,0,18,0,18,2026-03-01 11:58:59,2026-03-01 12:08:11,55,0,76666A,Maker's Team Revolution,"Aula Maker, Castellón",Spain,Spain
5121,18,0,18,0,18,2026-02-20 22:29:20,2026-02-20 23:33:20,52,0,3723Y,Clankers,Seoul Foreign School,South Korea,"Korea, Republic of"
5122,18,0,18,0,18,2026-01-24 16:01:53,2026-01-24 16:04:26,38,8,61119H,Corsaires FP - Héphaïstos,Centre de formation professionnelle de Lévis,Quebec,Canada
5123,18,0,18,0,18,,2026-02-07 02:15:35,0,22,31619D,Dyson,Dulwich College Shanghai Pudong,East China,China
5124,18,0,18,0,18,,2025-12-06 20:28:50,0,10,95559B,USSB,ST JOHN'S PREPARATORY SCHOOL,Minnesota,United States
5125,18,0,18,0,18,,2026-02-20 08:04:10,0,10,16863A,ASP Swordfish,American STEM Prep,South Korea,"Korea, Republic of"
5126,18,0,18,0,18,,2025-12-06 18:03:58,0,6,31114A,Salty Heifers,BLACKFORD JUNIOR SENIOR  HIGH SCHOOL,Indiana - Region 1 - North,United States
5127,18,0,18,0,18,,2026-03-07 18:30:46,0,6,1902D,D-Snicketies - CHS,CHICO HIGH,California - Region 1,United States
5128,18,0,18,0,18,,2026-02-14 19:32:13,0,5,14082C,14082 C-,Rocky Grove Jshs,Pennsylvania - West,United States
5129,18,0,18,0,18,,2025-12-20 18:58:07,0,3,44116A,RoboPirates,ROCKY RIVER HIGH SCHOOL,Ohio,United States
5130,18,0,18,0,18,,2026-01-21 20:02:46,0,3,37898A,Shatter Gears,MARGARETTA HIGH SCHOOL,Ohio,United States
5131,18,0,18,0,18,,2025-11-15 19:15:55,0,2,9343C,Googly Robotics,HAMPDEN ACADEMY,Maine,United States
5132,18,0,18,0,18,,2026-01-31 20:45:44,0,2,1290J,JAR,Brentwood College School,Vancouver Island (BC),Canada
5133,18,0,18,0,18,2025-12-11 23:08:29,2025-12-06 17:24:27,44,0,91917E,Cheesy Fries,Apollo High School,Minnesota,United States
5134,18,0,18,0,18,2026-02-13 17:05:31,2026-01-31 18:01:35,40,0,1716A,Student Driver,NIAGARA FALLS HIGH SCHOOL,New York-North,United States
5135,18,0,18,0,18,2025-09-27 03:01:15,2025-09-27 03:02:52,0,0,17888D,SDFZ-HS-D,江西师大附中,Middle China,China
5136,18,0,18,0,18,2025-11-01 15:24:20,2025-11-01 12:42:05,0,0,89227C,Work In Progress,RIDGELAND HIGH SCHOOL,Georgia,United States
5137,18,0,18,0,18,2025-12-06 19:22:04,2025-12-06 19:24:10,0,0,45201F,Star Satellites,MESA RIDGE HIGH SCHOOL,Colorado,United States
5138,18,0,18,0,18,2026-01-17 18:19:27,2026-01-17 16:38:26,0,0,40224A,SMC Robotics          >   2 Teams,St. Mary's College Highschool HSCDSB,Ontario,Canada
5139,18,0,18,0,18,2026-02-21 19:28:09,2026-02-21 19:36:22,0,0,67052A,Divide by  0,BISHOP CARROLL CATHOLIC HIGH SCHOOL,Kansas,United States
5140,18,0,18,0,18,2026-02-28 18:07:40,2026-02-28 15:30:08,0,0,48329B,RoboKnights B,SOUTHWOOD JR-SR HIGH SCHOOL,Indiana - Region 1 - North,United States
5141,18,0,18,0,18,,2025-10-25 17:01:53,0,0,13358X,Catalyst,SILVER CREEK HIGH SCHOOL,Colorado,United States
5142,18,0,18,0,18,,2025-11-01 15:08:13,0,0,6447A,Falcon Robotics,NORTH COUNTRY SENIOR UHSD #22,New Hampshire/Vermont,United States
5143,18,0,18,0,18,,2025-11-01 15:46:41,0,0,63780C,The Lake,LAKESIDE HIGH SCHOOL,Georgia,United States
5144,18,0,18,0,18,,2025-11-01 18:27:46,0,0,400X,Xylophone,Galveston I.S.D. Robotics,Texas - Region 3,United States
5145,18,0,18,0,18,,2025-11-01 20:04:41,0,0,36316A,Knight Bots,POPE JOHN PAUL II PREPARATORY SCHOOL,Tennessee,United States
5146,18,0,18,0,18,,2025-11-08 22:43:06,0,0,20K,RESEDA REGENTS ROBOTICS,Reseda High School,California - Region 4,United States
5147,18,0,18,0,18,,2025-11-15 08:03:40,0,0,38657N,Theerush,Shrewsbury International School,Thailand,Thailand
5148,18,0,18,0,18,,2025-11-15 17:28:27,0,0,9089U,Nexus,BrandywineBOTS,Delmarva,United States
5149,18,0,18,0,18,,2025-11-16 21:05:40,0,0,8780B,Bots N' Tater Tots,Waubonsie Valley High School,Illinois,United States
5150,18,0,18,0,18,,2025-11-22 21:11:20,0,0,86266A,Nayénesgan (Slayer of Enemies),DISHCHII'BIKOH COMMUNITY SCHOOL,Arizona,United States
5151,18,0,18,0,18,,2025-11-24 17:29:16,0,0,38538S,Eclipse Horizon,CLEAR HORIZONS EARLY COLLEGE HIGH SCHOOL,Texas - Region 3,United States
5152,18,0,18,0,18,,2025-11-25 16:27:57,0,0,231R,KNIGHT ROBOTICS,DR KIRK LEWIS CAREER AND TECHNICAL HIGH SCHOOL,Texas - Region 3,United States
5153,18,0,18,0,18,,2025-11-26 23:25:14,0,0,6109C,Cetis 109  C,CETis No. 109,Mexico,Mexico
5154,18,0,18,0,18,,2025-12-06 16:55:35,0,0,95E,CEC TriBots,Central Educational Center,Georgia,United States
5155,18,0,18,0,18,,2025-12-06 20:51:36,0,0,719P,Pushovers,Bentonville Public Schools,Arkansas,United States
5156,18,0,18,0,18,,2025-12-09 19:06:14,0,0,715B,CDS Cyclones B,The Country Day School,Ontario,Canada
5157,18,0,18,0,18,,2025-12-13 00:52:47,0,0,68114C,The Warrior's Way,WESTSIDE HIGH SCHOOL,Nebraska,United States
5158,18,0,18,0,18,,2025-12-13 14:09:18,0,0,53535A,Tornado Pigeons,Tocoi Creek High School,Florida - North/Central,United States
5159,18,0,18,0,18,,2025-12-13 16:57:32,0,0,43160F,Dumpster Boxers,WASHINGTON HIGH SCHOOL,Ohio,United States
5160,18,0,18,0,18,,2025-12-19 10:00:05,0,0,19320M,Abyss,ShiMen Middle School,South China,China
5161,18,0,18,0,18,,2026-01-10 15:41:09,0,0,66406B,"GG Energy Cat ",Iowa School for the Deaf,Iowa,United States
5162,18,0,18,0,18,,2026-01-10 20:24:41,0,0,99499A,ANTRAX,Harmony Science Academy,Texas - Region 1,United States
5163,18,0,18,0,18,,2026-01-10 21:01:37,0,0,13481A,ASVAR,ASU PREPARATORY ACADEMY-POLYTECHNIC HIGH SCHOOL,Arizona,United States
5164,18,0,18,0,18,,2026-01-13 11:40:29,0,0,99869M,SMGS 1,Scoil Mhuire Gan Smal,Ireland,Ireland
5165,18,0,18,0,18,,2026-01-16 20:16:36,0,0,75117B,Bulldog Blasters,EDGEWOOD HIGH SCHOOL,Texas - Region 2,United States
5166,18,0,18,0,18,,2026-01-17 19:27:45,0,0,34300A,Wolves,Ecole Salish Secondary (Surrey School District),British Columbia (BC),Canada
5167,18,0,18,0,18,,2026-01-17 19:38:23,0,0,11701A,Syntax Error,IDEA North Mission College Prep,Texas - Region 6,United States
5168,18,0,18,0,18,,2026-01-17 20:39:23,0,0,14012M,F.A.V.M.A.,PINECREST LAKES MIDDLE/HIGH ACADEMY,Florida - North/Central,United States
5169,18,0,18,0,18,,2026-01-17 21:31:46,0,0,93454H,Order of the Stone,Pioneer Valley High School,California - Region 3,United States
5170,18,0,18,0,18,,2026-01-19 20:35:55,0,0,62869C,HSI FW HS,HARMONY SCHOOL OF INNOVATION - FORT WORTH,Texas - Region 5,United States
5171,18,0,18,0,18,,2026-01-20 19:50:32,0,0,76194A,Dragons,DIVISION AVENUE SENIOR HIGH SCHOOL,New York-South,United States
5172,18,0,18,0,18,,2026-01-23 02:19:48,0,0,14396A,GCA Robotics Club,Gilbert Classical Academy,Arizona,United States
5173,18,0,18,0,18,,2026-01-24 16:58:05,0,0,55618A,Breadington,THE CATHOLIC HIGH SCHOOL OF BALTIMORE,Maryland,United States
5174,18,0,18,0,18,,2026-01-24 22:35:30,0,0,179E,Santa Fe Christian Robotics,Santa Fe Christian Schools,California - Region 4,United States
5175,18,0,18,0,18,,2026-01-27 23:32:44,0,0,53901A,BEH TIZAYUCA,Bachillerato del Estado de Hidalgo Plantel Tizayuca,Mexico,Mexico
5176,18,0,18,0,18,,2026-01-30 23:56:43,0,0,174B,Liverpool Robotics,Liverpool High School,New York-North,United States
5177,18,0,18,0,18,,2026-01-31 09:49:06,0,0,2071B,RQ - SAJAYA-Q-2,RQ Science & Technology - Sharjah,United Arab Emirates,United Arab Emirates
5178,18,0,18,0,18,,2026-01-31 18:46:30,0,0,499G,Green Eggs and Ham,Mundelein Cons High School,Illinois,United States
5179,18,0,18,0,18,,2026-01-31 19:09:02,0,0,15183B,Bull Dogs,DAVID THIBODAUX STEM MAGNET ACADEMY,Louisiana,United States
5180,18,0,18,0,18,,2026-01-31 19:52:02,0,0,35884A,Holmes County - Gold,HOLMES COUNTY HIGH SCHOOL JROTC,Florida - North/Central,United States
5181,18,0,18,0,18,,2026-01-31 21:25:18,0,0,9520B,Circuit Surfers,Iowa Park High School,Texas - Region 5,United States
5182,18,0,18,0,18,,2026-02-03 20:02:45,0,0,77079E,The Robot,MARGOLIN HEBREW ACADEMY,Tennessee,United States
5183,18,0,18,0,18,,2026-02-06 07:30:19,0,0,89944C,Gargantuan Flying Cockroach,The Canadian International School Guangzhou,South China,China
5184,18,0,18,0,18,,2026-02-06 18:05:34,0,0,590S,The Fun Gang,TEXAS CITY HIGH SCHOOL,Texas - Region 3,United States
5185,18,0,18,0,18,,2026-02-07 14:42:33,0,0,12054B,BCHS Robotics,BETHLEHEM CENTRAL HIGH SCHOOL,New York-North,United States
5186,18,0,18,0,18,,2026-02-07 15:50:17,0,0,46X,Outlaws,Seton School,Virginia,United States
5187,18,0,18,0,18,,2026-02-07 16:08:21,0,0,12839F,Eyeball Engineering,HUDSON FALLS HIGH SCHOOL,New York-North,United States
5188,18,0,18,0,18,,2026-02-07 17:25:11,0,0,53189K,Mex,Russell County High School,Alabama,United States
5189,18,0,18,0,18,,2026-02-14 14:53:34,0,0,1368A,Indian Nation Robotics,IRWIN COUNTY HIGH SCHOOL,Georgia,United States
5190,18,0,18,0,18,,2026-02-14 17:19:41,0,0,4216B,Robo Rangers,LAKESIDE HIGH SCHOOL,Arkansas,United States
5191,18,0,18,0,18,,2026-02-14 18:58:31,0,0,10440C,Mechanical Masterminds,Bangor Homeschool,Maine,United States
5192,18,0,18,0,18,,2026-02-14 19:31:43,0,0,22204H,Helix,WYLIE HIGH SCHOOL,Texas - Region 5,United States
5193,18,0,18,0,18,,2026-02-14 19:48:40,0,0,72247C,Asymmetric Gears,Akron Roman Catholic Home Educators (ARCHE),Ohio,United States
5194,18,0,18,0,18,,2026-02-14 20:08:13,0,0,54208B,Vidar,DENMARK HIGH,Wisconsin,United States
5195,18,0,18,0,18,,2026-02-14 21:46:38,0,0,11513J,DHS Robotics,DICKINSON HIGH SCHOOL,Texas - Region 3,United States
5196,18,0,18,0,18,,2026-02-14 22:31:33,0,0,89018B,WRHS 2,WINDOW ROCK HIGH SCHOOL,Arizona,United States
5197,18,0,18,0,18,,2026-02-20 23:14:11,0,0,30597F,Freshies,Korea International School Jeju Campus,South Korea,"Korea, Republic of"
5198,18,0,18,0,18,,2026-02-21 16:54:43,0,0,39578B,JKSN North Side Robotics,NORTH SIDE HIGH SCHOOL,Tennessee,United States
5199,18,0,18,0,18,,2026-02-21 18:16:35,0,0,53202X,SC X,SOUTH CENTRAL JR-SR HIGH SCHOOL,Indiana - Region 1 - North,United States
5200,18,0,18,0,18,,2026-02-21 18:50:53,0,0,46804A,Squishmallows,Squishmallows,California - Region 2,United States
5201,18,0,18,0,18,,2026-02-21 19:23:26,0,0,8756D,Bouffford,McCallum HS,Texas - Region 4,United States
5202,18,0,18,0,18,,2026-02-21 20:14:16,0,0,50438A,The Peanut Gallery,The Peanut Gallery,Utah,United States
5203,18,0,18,0,18,,2026-02-21 21:02:21,0,0,36574A,Stinger Crew,JEAN MASSIEU SCHOOL FOR THE DEAF,Utah,United States
5204,18,0,18,0,18,,2026-02-28 15:55:43,0,0,6618X,Little SeaSaurs,HERRON HIGH SCHOOL,Indiana - Region 2 - Central,United States
5205,18,0,18,0,18,,2026-02-28 16:06:00,0,0,9050B,Gear Heads,GROTON AREA HIGH SCHOOL - 01,South Dakota,United States
5206,18,0,18,0,18,,2026-02-28 16:18:01,0,0,75670A,Ridgefield Royals,Ridgefield Memorial High School,New Jersey,United States
5207,18,0,18,0,18,,2026-02-28 16:46:20,0,0,1483D,Lovelace,TRINITY LUTHERAN HIGH SCHOOL,Indiana - Region 3 - South,United States
5208,18,0,18,0,18,,2026-02-28 16:49:40,0,0,3465C,Clashers,Great Plains Lutheran High School,South Dakota,United States
5209,18,0,18,0,18,,2026-02-28 17:03:08,0,0,57013J,The Anime-tronics,Canton Robotics,South Dakota,United States
5210,18,0,18,0,18,,2026-03-01 00:33:18,0,0,63204A,Bishop Amat Robotics,BISHOP AMAT HIGH SCHOOL,California - Region 4,United States
5211,18,0,18,0,18,,2026-03-13 13:50:08,0,0,41510A,G12 OGs,International School Basel,Switzerland,Switzerland
5212,17,10,7,16,11,2026-01-17 18:40:05,2025-12-06 18:11:48,0,0,53417X,Firebirds 2,JOHN C BIRDLEBOUGH HIGH SCHOOL,New York-North,United States
5213,17,15,2,15,3,2026-02-21 18:39:37,2026-02-07 15:08:27,52,0,9071Y,The Iron Pack,NEW FOUNDATIONS CS,Pennsylvania - East,United States
5214,17,0,17,15,17,2026-01-31 20:49:45,2026-02-14 22:36:15,57,0,1290X,veXplosion,Brentwood College School,Vancouver Island (BC),Canada
5215,17,15,2,15,16,2026-02-14 18:37:26,2026-02-28 21:06:34,0,0,38301B,Madison B,MADISON ACADEMIC MAGNET HIGH SCHOOL,Tennessee,United States
5216,17,15,2,15,3,2026-01-10 16:17:57,2025-12-13 16:11:58,0,0,3773V,BowBots - Vanadium (V),Bow High School,New Hampshire/Vermont,United States
5217,17,15,2,15,2,2025-10-26 03:09:33,2025-10-26 03:14:29,0,0,47779T,GRANBOTS T,Granville Boys High School,Australia,Australia
5218,17,15,2,15,2,2026-01-18 19:03:15,2026-01-18 18:13:21,0,0,75409B,Mane8,ANNA HIGH SCHOOL,Texas - Region 5,United States
5219,17,3,14,3,14,2026-02-03 13:55:17,2026-02-03 12:47:17,0,0,11413B,Trash Cube,"City of Riihimäki, lukio",Finland,Finland
5220,17,2,15,2,16,2026-02-14 20:58:58,2026-02-28 19:59:34,44,0,7187Z,Dubious Fellows,Fayetteville High School Engineering,Arkansas,United States
5221,17,0,17,2,17,2026-01-17 19:53:45,2025-10-18 16:31:15,0,0,77003U,Falcon 1,EAST EARLY COLLEGE HIGH SCHOOL,Texas - Region 3,United States
5222,17,2,15,2,15,2026-02-15 06:08:42,2026-02-15 06:11:43,0,0,26026B,EsRobotik,Özel Çağdaş Fen Lisesi - Anadolu Lisesi,Türkiye,Türkiye
5223,17,1,16,1,16,2026-02-20 17:26:56,2025-12-05 17:55:53,48,0,32219C,Pink Penguins,UPPER SAINT CLAIR HIGH SCHOOL,Pennsylvania - West,United States
5224,17,0,17,1,17,2026-01-19 11:11:28,2026-02-24 14:06:03,51,0,87648D,Royal and Prior,Royal and Prior School,Ireland,Ireland
5225,17,0,17,1,17,2025-11-22 15:49:39,2025-12-06 16:06:20,0,0,50480B,Spartronics - Get Stickbugged,IMLAY CITY HIGH SCHOOL,Michigan,United States
5226,17,0,17,1,17,2025-12-13 17:53:22,2026-01-10 18:23:38,0,0,5477S,Panthronix,STARRS MILL HIGH SCHOOL,Georgia,United States
5227,17,0,17,1,17,2026-01-19 18:47:02,2026-03-04 15:40:00,0,0,5111A,AP 5111A,Averill Park High School,New York-North,United States
5228,17,0,17,0,17,2026-02-08 17:40:33,2026-02-08 18:11:09,49,0,60172U,Unicorns,Lake Park High School,Illinois,United States
5229,17,0,17,0,17,2026-01-17 17:10:08,2026-01-17 17:15:51,47,0,701A,RoboVikes A,VANDEN HIGH,California - Region 2,United States
5230,17,0,17,0,17,,2026-02-20 18:17:30,0,8,2750Z,PokeBots,MILLER GROVE SCHOOL,Texas - Region 2,United States
5231,17,0,17,0,17,2025-12-28 09:39:44,2025-12-28 10:20:44,0,7,34444B,VIKI \\ TECH,MBA ÇAMLICA SCHOOLS,Türkiye,Türkiye
5232,17,0,17,0,17,2026-02-21 21:09:14,2026-02-21 19:09:02,0,7,9717A,St. Catharine Comets,ST CATHARINE ACADEMY,New York-South,United States
5233,17,0,17,0,17,,2026-01-27 13:03:46,0,7,9942X,Nuts&Bolts,Colaiste Choilm,Ireland,Ireland
5234,17,0,17,0,17,,2026-02-07 20:33:04,0,7,899B,Zip Ties and a Prayer,North Point High School,Maryland,United States
5235,17,0,17,0,17,,2025-12-06 16:06:03,0,1,71782A,FLHS Robotics,FORT LAUDERDALE HIGH SCHOOL,Florida - South,United States
5236,17,0,17,0,17,,2025-12-06 17:44:18,0,1,33020B,Autodogs,SOUTH BROWARD HIGH SCHOOL,Florida - South,United States
5237,17,0,17,0,17,,2026-02-14 20:16:24,0,1,52558A,you can't just say perchance,Hugoton USD210 Public Schools,Kansas,United States
5238,17,0,17,0,17,2026-02-21 19:14:37,2026-01-31 01:17:07,56,0,20281C,Harry Botter and the Goblet of Wire,SOUTH SALEM HIGH SCHOOL,Oregon,United States
5239,17,0,17,0,17,2025-10-25 22:19:27,2025-10-25 22:21:41,0,0,96433G,GWHS Eagle 2,WASHINGTON (GEORGE) HIGH,California - Region 2,United States
5240,17,0,17,0,17,2025-11-15 01:58:00,2025-11-15 00:46:17,0,0,1002D,Templestowe college,Templestowe College,Australia,Australia
5241,17,0,17,0,17,2026-01-19 10:33:40,2026-01-19 11:14:44,0,0,45194A,1st Year Saint Eunans,Saint Eunans College,Ireland,Ireland
5242,17,0,17,0,17,2026-02-07 16:35:04,2026-02-07 18:43:20,0,0,6249A,Crush Depth Crew,BOOTHBAY REGION HIGH SCHOOL,Maine,United States
5243,17,0,17,0,17,2026-02-07 21:11:32,2026-02-07 20:44:37,0,0,68546A,LC Robotics,LAKEVIEW CENTENNIAL HIGH SCHOOL,Texas - Region 5,United States
5244,17,0,17,0,17,2026-02-08 10:08:14,2026-02-08 09:24:15,0,0,15520B,VEX FORTUNA,Institut Le Rosey,Switzerland,Switzerland
5245,17,0,17,0,17,2026-02-11 00:17:42,2026-02-11 00:00:09,0,0,86477A,Bubbas,PALESTINE-WHEATLEY SENIOR HIGH,Arkansas,United States
5246,17,0,17,0,17,2026-02-13 19:05:36,2026-02-13 19:00:26,0,0,76502J,The Circuit Breakers,LAKE BELTON HIGH SCHOOL,Texas - Region 4,United States
5247,17,0,17,0,17,2026-02-28 12:11:01,2026-02-28 12:13:44,0,0,19630X,19630X,International School of Luxembourg,Luxembourg,Luxembourg
5248,17,0,17,0,17,2026-03-01 12:12:14,2026-02-28 15:21:07,0,0,52521Z,Radiance,Fundació Vedruna Catalunya Educació,Spain,Spain
5249,17,0,17,0,17,2026-03-14 08:55:53,2026-03-13 13:52:21,0,0,66777S,ISZL - Eagles,International School of Zug and Luzern,Switzerland,Switzerland
5250,17,0,17,0,17,,2025-08-16 00:57:30,0,0,2900A,SymbiOHSis,Onehunga High School,New Zealand,New Zealand
5251,17,0,17,0,17,,2025-10-25 03:16:23,0,0,85657D,Marsden Robotics D,Marsden State High School,Australia,Australia
5252,17,0,17,0,17,,2025-11-01 15:13:51,0,0,63780D,Lakeside High School TSA Team D,LAKESIDE HIGH SCHOOL,Georgia,United States
5253,17,0,17,0,17,,2025-11-01 17:12:15,0,0,20641C,Robo Dawgs 3 Alligator Chow,ZEPHYRHILLS HIGH SCHOOL,Florida - North/Central,United States
5254,17,0,17,0,17,,2025-11-01 17:50:54,0,0,72919A,KSD Jackrabbots,Kansas School f/t Deaf,Kansas,United States
5255,17,0,17,0,17,,2025-11-01 18:38:04,0,0,2477Y,Y U Mad,Waipahu High School,Hawaii,United States
5256,17,0,17,0,17,,2025-11-08 14:10:09,0,0,89227S,Strikers,RIDGELAND HIGH SCHOOL,Georgia,United States
5257,17,0,17,0,17,,2025-11-08 15:17:08,0,0,47401A,Bloomington Robotics Club,BLOOMINGTON HIGH SCHOOL SOUTH,Indiana - Region 3 - South,United States
5258,17,0,17,0,17,,2025-11-08 16:43:26,0,0,61317B,JP2 S.H.I.E.L.D. Robotics,JOHN PAUL II CATHOLIC SCHOOL,South Carolina,United States
5259,17,0,17,0,17,,2025-11-08 16:51:14,0,0,85986A,Strawhats,RIVERSIDE HIGH,South Carolina,United States
5260,17,0,17,0,17,,2025-11-08 18:22:45,0,0,34300N,Wolves,Ecole Salish Secondary (Surrey School District),British Columbia (BC),Canada
5261,17,0,17,0,17,,2025-11-08 21:03:12,0,0,22890T,22890T,BOOKER T WASHINGTON MAGNET HIGH SCHOOL,Alabama,United States
5262,17,0,17,0,17,,2025-11-12 19:36:14,0,0,82599A,The Clankers,Gilmanton Area Schools,Wisconsin,United States
5263,17,0,17,0,17,,2025-11-13 19:23:30,0,0,28962A,CECYTEM El Chaparro,CECYTEM Plantel El Chaparro,Mexico,Mexico
5264,17,0,17,0,17,,2025-11-14 17:53:29,0,0,89018C,WRHS 3,WINDOW ROCK HIGH SCHOOL,Arizona,United States
5265,17,0,17,0,17,,2025-11-15 06:30:40,0,0,84000S,SCiUS PSU Surat,PSU Witthayanusorn Suratthani School,Thailand,Thailand
5266,17,0,17,0,17,,2025-11-15 18:19:31,0,0,1893C,High Tech Parrots,BALTIMORE POLYTECHNIC INSTITUTE,Maryland,United States
5267,17,0,17,0,17,,2025-11-15 20:28:07,0,0,45538B,The Purple Kings,NO. UT. ACAD. OF MATH ENGINEERING & SCIENCE OGDEN,Utah,United States
5268,17,0,17,0,17,,2025-11-15 20:54:00,0,0,72015C,Ctrl+Alt+Cards,Harmony Grove Junior High School,Arkansas,United States
5269,17,0,17,0,17,,2025-11-19 18:51:13,0,0,97673Y,DINOBOTS CECYTECH 11 CD. DEL CONOCIMIENTO,CECYTECH Cd. del Conocimiento,Mexico,Mexico
5270,17,0,17,0,17,,2025-11-20 20:21:55,0,0,65607C,Circuit Circus,PITKIN HIGH SCHOOL,Louisiana,United States
5271,17,0,17,0,17,,2025-11-22 15:48:41,0,0,63310J,Triple Helix,KATY HIGH SCHOOL,Texas - Region 3,United States
5272,17,0,17,0,17,,2025-11-22 18:22:37,0,0,13205F,13205F,STEM SCHOOL CHATTANOOGA,Tennessee,United States
5273,17,0,17,0,17,,2025-11-22 18:26:47,0,0,3009M,Starmen,RANDALL K. COOPER HIGH SCHOOL,Kentucky,United States
5274,17,0,17,0,17,,2025-11-22 19:26:41,0,0,43280S,Rejected Joe's,ELKHORN NORTH HIGH SCHOOL,Nebraska,United States
5275,17,0,17,0,17,,2025-12-06 17:06:25,0,0,18786A,Cambridge Robotics,CAMBRIDGE HIGH SCHOOL,Georgia,United States
5276,17,0,17,0,17,,2025-12-07 08:15:01,0,0,38657P,CyberStorm,Shrewsbury International School,Thailand,Thailand
5277,17,0,17,0,17,,2025-12-09 17:57:55,0,0,67435A,BH Highlanders,Branksome Hall,Ontario,Canada
5278,17,0,17,0,17,,2025-12-13 17:38:34,0,0,1253X,Weapon X,COFFEE COUNTY HIGH SCHOOL,Georgia,United States
5279,17,0,17,0,17,,2025-12-13 17:54:20,0,0,76752A,Bulldogs,Martinsburg High School,West Virginia,United States
5280,17,0,17,0,17,,2025-12-13 18:20:02,0,0,17404N,Bite My Shiny Metal Drivetrain,WEST YORK AREA HIGH SCHOOL,Pennsylvania - East,United States
5281,17,0,17,0,17,,2025-12-13 18:46:41,0,0,79700A,Robot Jets,JEFFERSON MIDDLE,New Mexico,United States
5282,17,0,17,0,17,,2025-12-13 19:04:47,0,0,8787Z,Angelo's Builders,Eastwood High School,Texas - Region 1,United States
5283,17,0,17,0,17,,2025-12-13 19:05:29,0,0,72519C,Lisbon Panthers,Lisbon Regional School,New Hampshire/Vermont,United States
5284,17,0,17,0,17,,2025-12-13 19:28:05,0,0,97052A,Dimbits,HAGERTY HIGH SCHOOL,Florida - North/Central,United States
5285,17,0,17,0,17,,2025-12-13 20:17:48,0,0,687A,Nerd Herd A,CALIFORNIA ACADEMY OF MATHEMATICS AND SCIENCE,California - Region 4,United States
5286,17,0,17,0,17,,2025-12-13 20:43:06,0,0,80075A,Golden Horde,VON STEUBEN METRO SCIENCE HIGH SCHOOL,Illinois,United States
5287,17,0,17,0,17,,2025-12-20 06:28:57,0,0,29980V,Grand Slam,深圳技术大学附属中学,South China,China
5288,17,0,17,0,17,,2025-12-20 19:14:11,0,0,1759P,El Segundo P.O.T.A.T.O.E.S,El Segundo High School,California - Region 4,United States
5289,17,0,17,0,17,,2026-01-10 15:59:56,0,0,134H,Team Discovery - Hex,Pembroke Academy,New Hampshire/Vermont,United States
5290,17,0,17,0,17,,2026-01-10 17:48:05,0,0,3701B,Lancer Younglings,LOYALSOCK TWP SHS,Pennsylvania - East,United States
5291,17,0,17,0,17,,2026-01-10 18:26:23,0,0,4828P,BrewTech Robotics - P,BREWBAKER TECHNOLOGY MAGNET HIGH SCHOOL,Alabama,United States
5292,17,0,17,0,17,,2026-01-10 18:32:24,0,0,43272S,Fox Robotics - Thing-a-ma-gears,CADDO MILLS HIGH SCHOOL,Texas - Region 2,United States
5293,17,0,17,0,17,,2026-01-10 18:42:18,0,0,91709Z,My Little Ponies,RUBEN S. AYALA HIGH,California - Region 4,United States
5294,17,0,17,0,17,,2026-01-10 18:52:14,0,0,61845A,Del Sol  Army JROTC,DEL SOL ACADEMY OF PERFORMING ARTS HIGH SCHOOL,Nevada,United States
5295,17,0,17,0,17,,2026-01-10 19:22:16,0,0,72380A,Booper Dooper,Don Antonio Lugo High School,California - Region 4,United States
5296,17,0,17,0,17,,2026-01-10 19:31:27,0,0,5059B,Robo-Quackers Prime,FRIENDS ACADEMY,New York-South,United States
5297,17,0,17,0,17,,2026-01-13 22:22:49,0,0,88729A,Caseville Eagles,CASEVILLE SCHOOL K12,Michigan,United States
5298,17,0,17,0,17,,2026-01-15 14:21:35,0,0,40566H,Holy Rosary College Team 1,Holy Rosary College Mountbellew,Ireland,Ireland
5299,17,0,17,0,17,,2026-01-16 02:20:43,0,0,44448E,Bot Busters,St Andrews International School Bangkok,Thailand,Thailand
5300,17,0,17,0,17,,2026-01-16 15:43:38,0,0,46790B,AHS-Bot Masters,ATHENS HIGH SCHOOL,Texas - Region 2,United States
5301,17,0,17,0,17,,2026-01-17 14:55:23,0,0,85811B,RoboWizardSweepers,Sandusky Jr/Sr High School,Michigan,United States
5302,17,0,17,0,17,,2026-01-17 15:25:43,0,0,86400G,Grey Area,WADE HAMPTON HIGH,South Carolina,United States
5303,17,0,17,0,17,,2026-01-17 18:07:31,0,0,4862D,Avionics Thunderbirds III,Ashbury College,Ontario,Canada
5304,17,0,17,0,17,,2026-01-17 18:41:48,0,0,16018B,Reeths-Puffer Robotics Team B,REETHSPUFFER HIGH SCHOOL,Michigan,United States
5305,17,0,17,0,17,,2026-01-17 20:37:28,0,0,59936A,Collateral Damage,Brandon Evansville ISD,Minnesota,United States
5306,17,0,17,0,17,,2026-01-24 04:32:12,0,0,59644C,Error 404 Brain not found,Branksome Hall Asia,South Korea,"Korea, Republic of"
5307,17,0,17,0,17,,2026-01-24 15:49:57,0,0,70543A,STARGAZERS,MILLENNIUM 6-12 COLLEGIATE ACADEMY,Florida - South,United States
5308,17,0,17,0,17,,2026-01-24 17:32:21,0,0,11555B,Kestrel,THE FIELD SCHOOL,District of Columbia,United States
5309,17,0,17,0,17,,2026-01-24 17:54:50,0,0,11555C,Merlin,THE FIELD SCHOOL,District of Columbia,United States
5310,17,0,17,0,17,,2026-01-24 19:10:58,0,0,6260X,Minerva,MIDDLETON HIGH SCHOOL,Florida - North/Central,United States
5311,17,0,17,0,17,,2026-01-24 19:27:21,0,0,2083Y,Y-Axis,Fond du Lac Area Robotics Team,Wisconsin,United States
5312,17,0,17,0,17,,2026-01-30 22:42:02,0,0,99153B,VAQUEROS,CECYTE Chihuahua No. 14  Villa Esperanza,Mexico,Mexico
5313,17,0,17,0,17,,2026-01-31 07:21:24,0,0,1425B,RQ - Khorfakkan Youth 2,RQ Science & Technology - Khorfakkan,United Arab Emirates,United Arab Emirates
5314,17,0,17,0,17,,2026-01-31 07:40:59,0,0,46767K,Falcons,"The International School of Choueifat Khalifa City ",United Arab Emirates,United Arab Emirates
5315,17,0,17,0,17,,2026-01-31 14:33:34,0,0,83295A,SW Robotics,Southwest Miami Senior High School,Florida - South,United States
5316,17,0,17,0,17,,2026-01-31 18:37:12,0,0,344X,Pushbot X404,SCARBOROUGH HIGH SCHOOL,Maine,United States
5317,17,0,17,0,17,,2026-01-31 18:45:02,0,0,49759D,Mechanical Monstrosities,Buchholz High School,Florida - North/Central,United States
5318,17,0,17,0,17,,2026-01-31 19:29:05,0,0,1743A,Kobra Kaiju,CAST STEM HIGH SCHOOL,Texas - Region 4,United States
5319,17,0,17,0,17,,2026-01-31 19:30:47,0,0,31331C,Glenforest Gryphons,Glenforest Secondary School,Ontario,Canada
5320,17,0,17,0,17,,2026-01-31 20:43:58,0,0,99975B,St. Luke's B,St. Luke's Episcopal School,Texas - Region 4,United States
5321,17,0,17,0,17,,2026-02-04 06:05:38,0,0,24810A,Naruto,The First Secondary Industrial Institute in Al-Ahsa,Saudi Arabia,Saudi Arabia
5322,17,0,17,0,17,,2026-02-06 21:06:08,0,0,17381A,DCHS Robo Hornets,DALLAS COUNTY HIGH SCHOOL,Alabama,United States
5323,17,0,17,0,17,,2026-02-07 04:10:17,0,0,11455A,SMCESPS,St. Margaret's Co-educational English Secondary and Primary School,Hong Kong,Hong Kong
5324,17,0,17,0,17,,2026-02-07 17:22:15,0,0,21052X,ByteMe Robotics,International School of Lausanne,Switzerland,Switzerland
5325,17,0,17,0,17,,2026-02-07 18:13:37,0,0,12621C,GHS Botcats,GREENBRIER HIGH SCHOOL,Tennessee,United States
5326,17,0,17,0,17,,2026-02-07 18:54:57,0,0,98549B,Burnout,Burnsview Secondary,British Columbia (BC),Canada
5327,17,0,17,0,17,,2026-02-07 20:23:44,0,0,45135B,Terabyte (Fairfield Local Girls Varsity),FAIRFIELD LOCAL HIGH SCHOOL,Ohio,United States
5328,17,0,17,0,17,,2026-02-07 20:46:06,0,0,97779E,St Andrews College,St Andrew’s College,Ontario,Canada
5329,17,0,17,0,17,,2026-02-07 20:59:00,0,0,98250A,EWS RoboJags A,The Emery/Weiner School,Texas - Region 3,United States
5330,17,0,17,0,17,,2026-02-09 23:39:02,0,0,43452C,VEXtraordinary,PORT CLINTON HIGH SCHOOL,Ohio,United States
5331,17,0,17,0,17,,2026-02-14 17:00:07,0,0,6980B,Red Riot,STAR CITY HIGH SCHOOL,Arkansas,United States
5332,17,0,17,0,17,,2026-02-14 20:29:54,0,0,76058Z,Sea Cows,JOSHUA HIGH SCHOOL,Texas - Region 5,United States
5333,17,0,17,0,17,,2026-02-14 22:13:33,0,0,13481S,Indecisive,ASU PREPARATORY ACADEMY-POLYTECHNIC HIGH SCHOOL,Arizona,United States
5334,17,0,17,0,17,,2026-02-14 22:20:03,0,0,75463A,Memorial High School Mustangs,MEMORIAL HIGH SCHOOL,Texas - Region 3,United States
5335,17,0,17,0,17,,2026-02-14 22:59:53,0,0,296B,Hurricane Robotics,Heart Lake Secondary School,Ontario,Canada
5336,17,0,17,0,17,,2026-02-19 22:54:31,0,0,60883A,Robotomy,AKRON STEM HIGH SCHOOL,Ohio,United States
5337,17,0,17,0,17,,2026-02-20 21:41:56,0,0,75703A,UT Tyler University Academy - Tyler campus,UT TYLER UNIVERSITY ACADEMY AT TYLER,Texas - Region 2,United States
5338,17,0,17,0,17,,2026-02-21 17:16:00,0,0,14246D,The Failures,MCCLAIN HIGH SCHOOL,Ohio,United States
5339,17,0,17,0,17,,2026-02-21 17:20:53,0,0,80075D,Midnight Fury Panthers,Von Steuben Metro Science High School,Illinois,United States
5340,17,0,17,0,17,,2026-02-21 18:03:28,0,0,41447A,Syntax ERROR,DE FOREST HIGH,Wisconsin,United States
5341,17,0,17,0,17,,2026-02-21 18:41:50,0,0,8385A,Spark Sharkz,UNION HIGH,Utah,United States
5342,17,0,17,0,17,,2026-02-21 20:21:12,0,0,98333A,Seattle Prep Alternating Current,Seattle Preparatory School,Washington,United States
5343,17,0,17,0,17,,2026-02-21 20:27:18,0,0,39578A,North Side Team A,NORTH SIDE HIGH SCHOOL,Tennessee,United States
5344,17,0,17,0,17,,2026-02-21 22:13:55,0,0,2903T,Palmy Robotics,Palmerston North Boys High School,New Zealand,New Zealand
5345,17,0,17,0,17,,2026-02-21 22:42:39,0,0,2921R,Free Range Robotics-R,Free Range Robotics,New Zealand,New Zealand
5346,17,0,17,0,17,,2026-02-26 03:10:30,0,0,39599D,FarmBots,WINTERS HIGH,California - Region 2,United States
5347,17,0,17,0,17,,2026-02-26 03:16:28,0,0,39599G,Winters Warriors,WINTERS HIGH,California - Region 2,United States
5348,17,0,17,0,17,,2026-02-26 03:18:26,0,0,39599P,WHS Warriors,WINTERS HIGH,California - Region 2,United States
5349,17,0,17,0,17,,2026-02-26 23:58:04,0,0,39313W,Insomniac Wombats,ASOTIN JR SR HIGH,Washington,United States
5350,17,0,17,0,17,,2026-02-28 19:05:14,0,0,1895A,Lambda Corps,Osbourn High School,Virginia,United States
5351,17,0,17,0,17,,2026-02-28 20:03:10,0,0,75670B,Ridgefield Royals,Ridgefield Memorial High School,New Jersey,United States
5352,17,0,17,0,17,,2026-03-01 17:44:55,0,0,3327H,Hydra,SPRING-FORD SHS 9-12 CTR,Pennsylvania - East,United States
5353,16,16,0,16,15,2026-01-16 19:27:42,2025-11-21 18:46:28,0,0,75426B,Competitive Coders,CLARKSVILLE MIDDLE HIGH SCHOOL,Texas - Region 2,United States
5354,16,15,1,15,1,2026-01-18 21:57:06,2026-01-18 21:58:50,56,9,3988A,RoboRaiders,JOHN A. ROWLAND HIGH,California - Region 4,United States
5355,16,15,1,15,1,2026-01-24 19:15:09,2026-01-24 19:54:50,58,0,8568X,X-Machina,NORTH ANDOVER HIGH,Massachusetts,United States
5356,16,15,1,15,15,2025-12-11 16:42:51,2025-11-08 17:58:34,56,0,39232B,Dr. Ater,JACKSON PREPARATORY SCHOOL,Mississippi,United States
5357,16,15,1,15,1,2026-02-22 19:17:48,2026-02-22 17:19:51,50,0,42616B,LHS Robotics Team D1 Sigmas!,LINCOLN HIGH SCHOOL,Indiana - Region 3 - South,United States
5358,16,0,16,15,16,2025-10-25 15:59:27,2025-11-08 17:30:40,0,0,77275D,The Downpour Drifters,Spark Academy,New Hampshire/Vermont,United States
5359,16,0,16,15,16,2026-01-17 19:06:57,2026-02-14 18:51:06,0,0,6463A,Fontainebleau RoboDawgs,FONTAINEBLEAU HIGH SCHOOL,Louisiana,United States
5360,16,15,1,15,6,2025-12-13 16:48:54,2026-02-07 19:39:51,0,0,1188A,Anomaly,HADDAM-KILLINGWORTH HIGH SCHOOL,Connecticut,United States
5361,16,15,1,15,2,2026-01-17 19:58:34,2025-12-13 02:20:56,0,0,5686T,The Saiyan,Mazama High School,Oregon,United States
5362,16,15,1,15,1,2026-01-28 12:28:20,2026-01-28 12:28:07,0,0,65552A,Richard Hale,Richard Hale School,United Kingdom,United Kingdom
5363,16,15,1,15,1,2026-02-11 00:09:03,2026-02-11 00:23:17,0,0,72301B,Devil Bots,THE ACADEMIES OF WEST MEMPHIS CHARTER SCHOOL,Arkansas,United States
5364,16,0,16,2,16,2026-02-21 19:27:51,2026-03-14 16:53:01,41,0,39169A,Carlsbad Cavemen #1,CARLSBAD HIGH,New Mexico,United States
5365,16,2,14,2,14,2025-11-26 20:22:22,2025-11-26 23:15:41,0,0,9727B,CBTIS 110_B OSOS,CBTIS 110,Mexico,Mexico
5366,16,1,15,1,15,2026-02-07 07:35:17,2026-02-07 08:50:34,41,36,96500F,Faltech,Falcon Frontiers Club,Kuwait,Kuwait
5367,16,0,16,1,16,2026-02-14 22:18:04,2025-12-13 21:24:34,40,0,7996C,Wall-e's Amigas,HIGLEY HIGH SCHOOL,Arizona,United States
5368,16,1,15,1,15,2026-02-07 21:11:16,2026-02-07 21:14:41,0,20,23880G,The Golden Gooners,LYONS TWP HIGH SCH,Illinois,United States
5369,16,1,15,1,15,2026-02-07 15:53:41,2026-02-07 16:03:34,0,0,1771A,Mech Warriors,DIXIE HIGH,Utah,United States
5370,16,1,15,1,15,2026-02-26 03:11:20,2026-02-24 20:40:45,0,0,39599X,Winters Warriors,WINTERS HIGH,California - Region 2,United States
5371,16,0,16,0,16,2025-10-25 17:34:32,2025-10-25 17:12:34,57,27,244C,RoboDawgs: Cognition,Grandville Community Education,Michigan,United States
5372,16,0,16,0,16,2025-10-25 19:29:38,2025-10-25 19:32:17,58,0,39527A,Do//ie Zoom,Chino Hills High School,California - Region 4,United States
5373,16,0,16,0,16,2026-01-17 19:30:52,2026-01-17 19:30:34,52,0,75421A,Dixon High,DIXON HIGH,California - Region 2,United States
5374,16,0,16,0,16,2025-10-25 03:05:16,2025-10-25 02:40:47,50,0,85657A,Marsden Robotics A,Marsden State High School,Australia,Australia
5375,16,0,16,0,16,2025-11-22 06:36:28,2025-11-22 06:38:40,46,0,79623A,STC Sabres,Sha Tin College,Hong Kong,Hong Kong
5376,16,0,16,0,16,,2025-12-06 16:38:50,0,39,63600B,Eaglebots: Bad WiFi,GRAND RAPIDS CHRISTIAN HIGH SCHOOL,Michigan,United States
5377,16,0,16,0,16,,2026-02-07 13:26:35,0,32,80745C,Byte Bots,St. Modan's High School,United Kingdom,United Kingdom
5378,16,0,16,0,16,,2025-12-13 21:35:12,0,25,76240B,Spare Parts,GAINESVILLE  HS,Texas - Region 5,United States
5379,16,0,16,0,16,,2026-01-27 19:00:14,0,14,1412B,Red Chair Robotics,CYPRESS SPRINGS HIGH SCHOOL,Texas - Region 3,United States
5380,16,0,16,0,16,,2026-02-14 15:01:03,0,11,91720B,ELHS Potterbots 2,EAST LIVERPOOL HIGH SCHOOL,Ohio,United States
5381,16,0,16,0,16,,2026-01-22 20:11:55,0,10,25221C,Bot Crew,southside high school,Alabama,United States
5382,16,0,16,0,16,2026-02-21 14:50:28,2025-12-13 19:41:15,40,9,9623H,Hubba Bubba,West Ashley Center for Advanced Studies,South Carolina,United States
5383,16,0,16,0,16,,2025-11-22 16:19:52,0,5,58311A,"Holly Pond High School ",Holly Pond High School,Alabama,United States
5384,16,0,16,0,16,,2026-01-17 20:31:56,0,5,9019V,Vanguard,ROOSEVELT HIGH SCHOOL,Colorado,United States
5385,16,0,16,0,16,,2026-02-07 20:04:16,0,3,899D,Scrap Pile,North Point High School,Maryland,United States
5386,16,0,16,0,16,,2026-02-21 16:34:08,0,2,11254Z,Strictly BuZiness,William Henry Harrison High School,Ohio,United States
5387,16,0,16,0,16,2025-12-06 18:51:34,2025-12-06 17:54:44,0,1,90041A,Monarch Knights,MONARCH HIGH SCHOOL,Florida - South,United States
5388,16,0,16,0,16,,2025-10-04 21:46:34,0,1,12500A,Rookies,ANDERSON HIGH SCHOOL,California - Region 1,United States
5389,16,0,16,0,16,,2025-12-06 15:54:49,0,1,84359A,Super Nova,Nova High School,Florida - South,United States
5390,16,0,16,0,16,,2025-12-08 02:58:47,0,1,42491A,Operation G,Pui Ching Middle School,Hong Kong,Hong Kong
5391,16,0,16,0,16,,2025-12-13 17:58:58,0,1,5686N,5686N,Mazama High School,Oregon,United States
5392,16,0,16,0,16,,2025-12-13 19:08:04,0,1,75149A,Wranglers Battalion,WEST MESQUITE HIGH SCHOOL,Texas - Region 2,United States
5393,16,0,16,0,16,2025-11-01 19:29:38,2025-11-08 19:19:15,52,0,1233Z,Zamboni,CROWN POINT HIGH SCHOOL,Indiana - Region 1 - North,United States
5394,16,0,16,0,16,2025-11-03 18:06:18,2025-11-03 16:44:42,0,0,75423B,Celeste Clankers,Celeste High School,Texas - Region 2,United States
5395,16,0,16,0,16,2025-11-13 20:53:50,2025-11-13 20:55:05,0,0,35199A,CECYTEM Tangancícuaro,CECYTEM Plantel Tangancícuaro,Mexico,Mexico
5396,16,0,16,0,16,2025-11-15 18:56:33,2025-11-15 18:59:08,0,0,99881A,"Robotic Warriors HS ","Waupun Area Jr/Sr High School ",Wisconsin,United States
5397,16,0,16,0,16,2025-11-15 19:39:06,2025-11-15 20:48:22,0,0,43311A,Loose Screws,BAUXITE HIGH SCHOOL,Arkansas,United States
5398,16,0,16,0,16,2025-12-12 20:25:21,2025-12-12 20:20:12,0,0,55855A,A,Columbia High School / iCAT,Idaho,United States
5399,16,0,16,0,16,2025-12-13 20:35:17,2025-12-13 21:31:30,0,0,70528C,MIRACLE WORKERS,GALENA HIGH SCHOOL,Nevada,United States
5400,16,0,16,0,16,2026-01-10 18:20:07,2026-01-10 17:01:31,0,0,35749B,SHS Robotics Team Won,SPARKMAN HIGH SCHOOL,Alabama,United States
5401,16,0,16,0,16,2026-01-10 19:11:57,2026-01-10 19:34:05,0,0,95993A,KCDGearcats3,KENTUCKY COUNTRY DAY SCHOOL,Kentucky,United States
5402,16,0,16,0,16,2026-02-01 13:59:04,2026-02-01 13:21:03,0,0,622A,Octadecahe-Droids,Colyton Grammar School,United Kingdom,United Kingdom
5403,16,0,16,0,16,2026-02-21 21:14:29,2026-02-21 19:18:25,0,0,92437W,BearBotics,Selma High School,California - Region 3,United States
5404,16,0,16,0,16,,2025-10-11 14:32:59,0,0,6042F,Potosi High School,Potosi High School,Missouri,United States
5405,16,0,16,0,16,,2025-11-01 20:07:36,0,0,12543M,SteelTeam Six,MARMION ACADEMY,Illinois,United States
5406,16,0,16,0,16,,2025-11-02 06:05:44,0,0,6546G,One Degree North,Singapore American School,Singapore,Singapore
5407,16,0,16,0,16,,2025-11-02 18:24:39,0,0,22445A,Cyber Squirrels,JUSTIN-SIENA,California - Region 2,United States
5408,16,0,16,0,16,,2025-11-02 19:38:28,0,0,22445C,You’re Gonna Need a Bigger Bot!,JUSTIN-SIENA,California - Region 2,United States
5409,16,0,16,0,16,,2025-11-08 16:17:27,0,0,1235C,Wolverines C,WEST FORSYTH HIGH SCHOOL,Georgia,United States
5410,16,0,16,0,16,,2025-11-08 17:17:26,0,0,42786A,Mustang Robotics,FRANKLIN D ROOSEVELT HIGH SCHOOL,Texas - Region 2,United States
5411,16,0,16,0,16,,2025-11-15 19:12:12,0,0,43311B,RobotRaptors,BAUXITE HIGH SCHOOL,Arkansas,United States
5412,16,0,16,0,16,,2025-11-20 20:21:32,0,0,45631D,The Rats,ALEXANDRIA SENIOR HIGH SCHOOL,Louisiana,United States
5413,16,0,16,0,16,,2025-11-21 15:46:04,0,0,75160B,Byte,TERRELL HIGH SCHOOL,Texas - Region 2,United States
5414,16,0,16,0,16,,2025-11-22 16:13:44,0,0,35519A,Robo Wariors,WEST POINT HIGH SCHOOL,Alabama,United States
5415,16,0,16,0,16,,2025-11-22 16:22:40,0,0,35179A,Archangels,VINEMONT HIGH SCHOOL,Alabama,United States
5416,16,0,16,0,16,,2025-11-23 19:42:16,0,0,47500A,Z-Team,JUNCTION CITY SR HIGH,Kansas,United States
5417,16,0,16,0,16,,2025-11-28 16:01:48,0,0,59418H,Cypher,Ghars School,Kuwait,Kuwait
5418,16,0,16,0,16,,2025-11-29 21:06:38,0,0,86744M,MechaRauders,Fort McMurray Public School Division,Alberta/Saskatchewan,Canada
5419,16,0,16,0,16,,2025-12-06 16:17:36,0,0,98927A,Mountaineers,EPHRATA SHS,Pennsylvania - East,United States
5420,16,0,16,0,16,,2025-12-06 17:36:27,0,0,174E,Liverpool Robotics,Liverpool High School,New York-North,United States
5421,16,0,16,0,16,,2025-12-06 21:42:19,0,0,6891G,Geeksquad,FAITH LUTHERAN MIDDLE SCHOOL & HIGH SCHOOL,Nevada,United States
5422,16,0,16,0,16,,2025-12-13 16:23:00,0,0,97834G,OIA-Make It Girly,OWENSBORO INNOVATION ACADEMY,Kentucky,United States
5423,16,0,16,0,16,,2025-12-13 18:48:56,0,0,76752B,Orange and Black,Martinsburg High School,West Virginia,United States
5424,16,0,16,0,16,,2025-12-19 07:08:36,0,0,14683C,KCIS Robotics C,Kang Chiao International School,Chinese Taipei,Taiwan
5425,16,0,16,0,16,,2026-01-10 14:01:03,0,0,33544B,Coyote Engineering 2,CYPRESS CREEK MIDDLE/HIGH SCHOOL,Florida - North/Central,United States
5426,16,0,16,0,16,,2026-01-10 16:32:30,0,0,33344T,T-N-T,Whitewater High School,Georgia,United States
5427,16,0,16,0,16,,2026-01-10 18:27:43,0,0,82717C,The Botfather,ALPHA OMEGA ACADEMY,Texas - Region 3,United States
5428,16,0,16,0,16,,2026-01-10 20:41:58,0,0,33933B,Loose Nuts,Awesome Robotics,California - Region 2,United States
5429,16,0,16,0,16,,2026-01-13 12:00:31,0,0,9942Z,Tank Platoon,Colaiste Choilm,Ireland,Ireland
5430,16,0,16,0,16,,2026-01-16 13:51:13,0,0,25032C,Kingswood Team 3,Kingswood School,United Kingdom,United Kingdom
5431,16,0,16,0,16,,2026-01-16 18:13:31,0,0,48760A,NOVA-X,Quebedeaux Robotics,Louisiana,United States
5432,16,0,16,0,16,,2026-01-17 15:51:20,0,0,88458A,Hawthorne Robotics,HAWTHORNE CHRISTIAN ACADEMY,South Carolina,United States
5433,16,0,16,0,16,,2026-01-17 16:54:19,0,0,84136C,Darkhorse,STEPHEN F AUSTIN HIGH SCHOOL,Texas - Region 3,United States
5434,16,0,16,0,16,,2026-01-17 17:05:58,0,0,9257D,Dream Team,COVINGTON CATHOLIC HIGH SCHOOL,Kentucky,United States
5435,16,0,16,0,16,,2026-01-17 18:53:35,0,0,16018D,Reeths-Puffer Robotics Team D,REETHSPUFFER HIGH SCHOOL,Michigan,United States
5436,16,0,16,0,16,,2026-01-17 18:55:31,0,0,73895B,Red Shift,MEDWAY HIGH,Massachusetts,United States
5437,16,0,16,0,16,,2026-01-17 19:09:49,0,0,92047B,Badger Bots,IDEA ELSA COLLEGE PREPARATORY,Texas - Region 6,United States
5438,16,0,16,0,16,,2026-01-17 19:55:47,0,0,3217S,Sputnik,MARTHA LAYNE COLLINS HIGH SCHOOL,Kentucky,United States
5439,16,0,16,0,16,,2026-01-21 22:28:52,0,0,45495A,Oso Bots,WEST OSO HIGH SCHOOL,Texas - Region 4,United States
5440,16,0,16,0,16,,2026-01-22 18:39:36,0,0,25221S,Bot Squad,southside high school,Alabama,United States
5441,16,0,16,0,16,,2026-01-23 00:17:17,0,0,60522W,OG Clankas,CHARLES FRANCIS ADAMS HIGH SCHOOL,Washington,United States
5442,16,0,16,0,16,,2026-01-24 18:27:39,0,0,35244C,:),HOOVER HIGH SCHOOL,Alabama,United States
5443,16,0,16,0,16,,2026-01-24 18:35:41,0,0,20010B,Transformers,AFJROTC Robotics Club,South Carolina,United States
5444,16,0,16,0,16,,2026-01-31 16:43:05,0,0,15505A,ACCI,Albert Campbell CI,Ontario,Canada
5445,16,0,16,0,16,,2026-01-31 19:00:44,0,0,81580B,BISBOTICS,BRITISH INTERNATIONAL SCHOOL OF BOSTON,Massachusetts,United States
5446,16,0,16,0,16,,2026-01-31 19:04:02,0,0,499K,VEX Team,Mundelein Cons High School,Illinois,United States
5447,16,0,16,0,16,,2026-01-31 19:20:23,0,0,60439A,LHS Robotics,LEMONT TWP HIGH SCHOOL,Illinois,United States
5448,16,0,16,0,16,,2026-01-31 21:55:49,0,0,7842Z,Zidiots,Robotics71 - School District #71,Vancouver Island (BC),Canada
5449,16,0,16,0,16,,2026-02-03 20:18:24,0,0,46950A,TigerBots,University High School,Tennessee,United States
5450,16,0,16,0,16,,2026-02-05 12:24:30,0,0,50608D,Dame Allan's Destroyers,Dame Allans Senior School,United Kingdom,United Kingdom
5451,16,0,16,0,16,,2026-02-06 19:04:44,0,0,17381B,DCHS Steel Stinger Squad,DALLAS COUNTY HIGH SCHOOL,Alabama,United States
5452,16,0,16,0,16,,2026-02-07 17:13:01,0,0,53189V,Overclock,Russell County High School,Alabama,United States
5453,16,0,16,0,16,,2026-02-07 17:47:17,0,0,42957A,NYA,NORTH YARMOUTH ACADEMY,Maine,United States
5454,16,0,16,0,16,,2026-02-07 19:09:54,0,0,69920C,Real Steel,Heights High school,Texas - Region 3,United States
5455,16,0,16,0,16,,2026-02-07 20:10:50,0,0,70573B,Purple Boot Mentoring Program - Team 2,John Lancaster & W. Cecil Short Foundation Purple Boot Mentoring Program,Maryland,United States
5456,16,0,16,0,16,,2026-02-07 20:59:33,0,0,84373A,Joltin' Jackets - Larry the Lemon Shark,Springfield High School,Tennessee,United States
5457,16,0,16,0,16,,2026-02-07 21:04:40,0,0,33848X,The Final Braincell,Catholic High School,Louisiana,United States
5458,16,0,16,0,16,,2026-02-07 21:34:26,0,0,82997S,Steel Stampede,MONTINI CATHOLIC HIGH SCHOOL,Illinois,United States
5459,16,0,16,0,16,,2026-02-11 00:06:10,0,0,86477C,The Stump Kids,PALESTINE-WHEATLEY SENIOR HIGH,Arkansas,United States
5460,16,0,16,0,16,,2026-02-14 16:23:23,0,0,62191A,The Tigers,Alexandria-Monroe High School,Indiana - Region 1 - North,United States
5461,16,0,16,0,16,,2026-02-14 18:33:42,0,0,15457A,Falcobots white,BURLINGTON TOWNSHIP HIGH SCHOOL,New Jersey,United States
5462,16,0,16,0,16,,2026-02-14 18:48:54,0,0,67002D,Constellation,Northwest Career And Technical Academy,Nevada,United States
5463,16,0,16,0,16,,2026-02-14 19:39:55,0,0,1302A,Palo Verde Titans,PALO VERDE HIGH MAGNET SCHOOL,Arizona,United States
5464,16,0,16,0,16,,2026-02-20 01:36:36,0,0,47874X,"Xander, Tristen, Jonathan",Squalicum High School,Washington,United States
5465,16,0,16,0,16,,2026-02-20 17:49:13,0,0,1585K,Bottylicious,SULPHUR SPRINGS HIGH SCHOOL,Texas - Region 2,United States
5466,16,0,16,0,16,,2026-02-20 17:58:17,0,0,1585A,Circuit Slayers,SULPHUR SPRINGS HIGH SCHOOL,Texas - Region 2,United States
5467,16,0,16,0,16,,2026-02-20 20:16:40,0,0,47874Y,StrawHats,Squalicum High School,Washington,United States
5468,16,0,16,0,16,,2026-02-21 17:27:25,0,0,64840C,B-CC Robo Barons C,Bethesda-chevy Chase High School,Maryland,United States
5469,16,0,16,0,16,,2026-02-21 18:09:04,0,0,75150A,North Mesquite JROTC,NORTH MESQUITE HIGH SCHOOL,Texas - Region 2,United States
5470,16,0,16,0,16,,2026-02-21 19:58:37,0,0,65474N,Wildcats,Northland Lutheran High School,Wisconsin,United States
5471,16,0,16,0,16,,2026-02-21 20:00:38,0,0,899A,ALLUMINATORS,North Point High School,Maryland,United States
5472,16,0,16,0,16,,2026-02-26 20:18:09,0,0,25320J,"Javelin ",SISSONVILLE HIGH SCHOOL,West Virginia,United States
5473,16,0,16,0,16,,2026-02-28 18:15:16,0,0,92436A,JROTC Warriors,FRANKLIN HIGH SCHOOL,New Jersey,United States
5474,16,0,16,0,16,,2026-03-07 21:18:48,0,0,1902Z,Dionysus- CHS,CHICO HIGH,California - Region 1,United States
5475,15,15,0,15,15,2026-02-07 18:04:18,2026-01-17 16:57:49,59,0,7447A,!LITER4TE,PICKENS COUNTY CAREER AND TECHNOLOGY CENTER,South Carolina,United States
5476,15,15,0,15,2,2026-02-03 22:31:31,2025-11-15 19:46:00,59,0,76543G,Genesis,SOUTH-WESTERN CAREER ACADEMY,Ohio,United States
5477,15,15,0,15,1,2025-12-13 18:47:07,2025-11-22 19:50:18,59,0,2817C,Gear Shifters,The DEN Career and Technology Center,Texas - Region 3,United States
5478,15,15,0,15,0,2026-02-07 18:52:42,,59,0,70763D,Freeport Falcons,FREEPORT HIGH SCHOOL,Maine,United States
5479,15,15,0,15,0,2026-01-31 19:53:43,,57,0,6060Z,SMC BlueBolts Z,St. Michael's College School,Ontario,Canada
5480,15,15,0,15,0,2026-02-28 19:37:33,2026-02-28 19:21:29,57,0,991Y,BearBots - Yodeling Yaks,HARPETH HALL SCHOOL,Tennessee,United States
5481,15,15,0,15,15,2026-02-14 22:16:14,2025-12-06 19:54:54,54,0,64900B,Odd Future,DUFUR SCHOOL,Oregon,United States
5482,15,15,0,15,3,2026-02-12 19:59:48,2025-10-25 15:58:14,54,0,42652B,Holston Circuit,SULLIVAN EAST HIGH SCHOOL,Tennessee,United States
5483,15,15,0,15,5,2026-01-16 13:40:46,2026-02-08 15:05:27,51,0,83697X,WBGS Deus X Machina,Watford Grammar School for Boys,United Kingdom,United Kingdom
5484,15,15,0,15,0,2026-02-21 23:54:19,,51,0,2903S,Palmy Robotics,Palmerston North Boys High School,New Zealand,New Zealand
5485,15,15,0,15,0,2025-11-15 17:24:17,,49,0,13427A,"LET's Go ACCE ",Academy for College & Career Exploration,Maryland,United States
5486,15,15,0,15,15,2026-03-01 20:19:45,2026-01-24 19:08:34,0,20,91C,VEXMEN: Polaris,Brandywine Robotics Inc.,Pennsylvania - East,United States
5487,15,15,0,15,8,2025-11-15 02:31:53,2025-10-18 02:02:55,0,0,97230C,8T8,Highvale Secondary College,Australia,Australia
5488,15,15,0,15,6,2025-11-22 13:12:36,2026-02-15 08:41:37,0,0,44698Y,IBBTech,Educat,Türkiye,Türkiye
5489,15,15,0,15,4,2026-01-10 19:38:08,2025-11-01 15:53:38,0,0,33993F,Mariner Tritonics,MARINER HIGH SCHOOL,Florida - South,United States
5490,15,15,0,15,4,2026-02-11 17:53:16,2026-01-31 00:13:25,0,0,5686H,Hamburgerler,Mazama High School,Oregon,United States
5491,15,15,0,15,1,2026-01-17 21:49:20,2026-01-31 00:19:48,0,10,97038C,The Ghosts of War,Molalla High School,Oregon,United States
5492,15,15,0,15,1,2026-02-14 22:48:52,2025-12-14 20:49:49,0,0,81822A,Double Deuce,CHATSWORTH CHARTER HIGH,California - Region 4,United States
5493,15,15,0,15,1,2026-02-28 19:16:56,2026-01-10 15:31:54,0,0,5813E,Redmon Rockshires,ABRAHAM LINCOLN HIGH SCHOOL,Iowa,United States
5494,15,15,0,15,0,2025-11-22 06:19:24,,0,0,51822F,深圳市福田区福田中学,深圳市福田区福田中学,South China,China
5495,15,15,0,15,0,2025-11-26 22:53:53,2025-11-26 21:29:28,0,0,87756A,Astroingenieros 3," Planetario SAYAB",Mexico,Mexico
5496,15,15,0,15,0,2025-12-06 19:54:30,,0,0,94814A,Wolfpack Alpha,SOUTH FORT MYERS HIGH SCHOOL,Florida - South,United States
5497,15,15,0,15,0,2026-02-11 00:54:52,,0,0,99621D,Spare Parts,Shorecrest High School,Washington,United States
5498,15,15,0,15,0,2026-02-16 16:53:51,2026-02-16 16:30:57,0,0,87490C,The Phoenixes,FARMERSVILLE HIGH SCHOOL,Texas - Region 2,United States
5499,15,15,0,15,0,2026-02-21 21:39:52,2026-02-21 22:16:07,0,0,1788A,Woodland Christian Cardinals,WOODLAND CHRISTIAN SCHOOL,California - Region 2,United States
5500,15,0,15,3,15,2025-10-04 17:51:50,2025-11-08 20:29:55,40,0,9257E,Eviction Notice,COVINGTON CATHOLIC HIGH SCHOOL,Kentucky,United States
5501,15,3,12,3,12,2025-10-18 17:56:03,2025-10-18 18:05:15,0,0,95690A,Crimson Knights,YorkCan Competitive Series Foundation,Ontario,Canada
5502,15,2,13,2,15,2025-12-06 23:57:21,2025-10-17 06:04:57,40,0,53397T,Minimal Wear,South Coast Baptist College,Australia,Australia
5503,15,0,15,2,15,2025-11-01 19:52:32,2026-03-14 17:23:14,48,0,69580X,The X axis,New Mexico Military Institute,New Mexico,United States
5504,15,0,15,2,15,2025-10-18 01:04:01,2026-02-21 21:03:23,46,0,93241C,The Broken Axles,Spotswood College,New Zealand,New Zealand
5505,15,0,15,0,15,2025-09-22 01:11:46,2025-09-22 02:46:54,50,57,50911A,BanksiaBots_A,Banksia Park International HS,Australia,Australia
5506,15,0,15,0,15,,2025-11-08 13:32:23,0,59,11850Z,NLCS_Apex,North London Collegiate School,United Kingdom,United Kingdom
5507,15,0,15,0,15,,2026-02-14 23:09:44,0,59,37792E,Mica Mountain Team #5,MICA MOUNTAIN HIGH SCHOOL,Arizona,United States
5508,15,0,15,0,15,,2026-01-13 10:02:26,0,56,19524B,SMGS 3,Scoil Mhuire Gan Smal,Ireland,Ireland
5509,15,0,15,0,15,2025-10-18 18:27:33,2025-10-18 19:37:34,52,0,13876K,KCHS #3,CATHOLIC HIGH SCHOOL OF KEARNEY,Nebraska,United States
5510,15,0,15,0,15,,2025-11-15 21:45:23,0,51,20132C,M.L.P's,Central Valley High School,California - Region 1,United States
5511,15,0,15,0,15,,2026-01-20 20:12:01,0,51,76194B,"Dragons ",DIVISION AVENUE SENIOR HIGH SCHOOL,New York-South,United States
5512,15,0,15,0,15,2025-11-22 15:17:11,2025-11-22 15:44:24,50,0,80101B,Hanceville Clankers,HANCEVILLE HIGH SCHOOL,Alabama,United States
5513,15,0,15,0,15,,2026-02-28 18:38:06,0,45,621B,Circuit Overlords,ROM12 Inc.,Indiana - Region 2 - Central,United States
5514,15,0,15,0,15,,2026-01-24 19:54:22,0,44,74947C,Fenix - Couscous,Ecole Secondaire Massey-Vanier,Quebec,Canada
5515,15,0,15,0,15,,2026-01-10 17:14:16,0,41,37116D,Rooster City Robotics,FITZGERALD HIGH SCHOOL COLLEGE & CAREER ACADEMY,Georgia,United States
5516,15,0,15,0,15,,2026-01-24 17:55:09,0,40,42863B,Dragonoids Team B,Greens Farms Academy,Connecticut,United States
5517,15,0,15,0,15,2026-01-27 11:34:38,2026-01-27 12:23:54,30,0,46923A,Colnato A,Coláiste na Toirbhirte,Ireland,Ireland
5518,15,0,15,0,15,,2026-01-30 23:12:21,0,30,174C,Liverpool Robotics,Liverpool High School,New York-North,United States
5519,15,0,15,0,15,,2026-01-31 20:59:19,0,30,3512C,Apollo,SUMNER HIGH SCHOOL,Washington,United States
5520,15,0,15,0,15,,2026-01-24 01:54:04,0,28,63936Z,Lingnan Z,"Lingnan Middle School, Macau",Macau,Macau
5521,15,0,15,0,15,,2026-02-28 17:18:40,0,20,2528A,RoboDoves,Western High School,Maryland,United States
5522,15,0,15,0,15,,2026-01-31 17:06:51,0,18,76892G,ScorpionsVI,Sayre High School,Oklahoma,United States
5523,15,0,15,0,15,,2025-12-13 19:52:40,0,14,52455B,Terry's Crew,BEAUFORT HIGH,South Carolina,United States
5524,15,0,15,0,15,,2025-11-22 19:15:59,0,12,63842A,Clankers,DEWITT CLINTON HIGH SCHOOL,New York-South,United States
5525,15,0,15,0,15,,2026-02-14 21:34:55,0,12,13481P,White,ASU PREPARATORY ACADEMY-POLYTECHNIC HIGH SCHOOL,Arizona,United States
5526,15,0,15,0,15,,2026-02-14 22:12:25,0,11,30591C,Team Padre,De La Salle College,Ontario,Canada
5527,15,0,15,0,15,,2026-01-31 21:43:50,0,9,945D,945D,GREEN VALLEY HIGH SCHOOL,Nevada,United States
5528,15,0,15,0,15,,2025-11-20 17:43:46,0,8,29292T,Tech Titans,Peabody Magnet High School,Louisiana,United States
5529,15,0,15,0,15,,2025-12-20 19:53:55,0,7,2606J,Infernalis,SOUTH HIGH COMMUNITY,Massachusetts,United States
5530,15,0,15,0,15,,2026-02-14 15:41:23,0,5,1233K,Kool-Aids,CROWN POINT HIGH SCHOOL,Indiana - Region 1 - North,United States
5531,15,0,15,0,15,,2026-02-07 16:58:04,0,4,2025A,Archimedes,N GARLAND HIGH SCHOOL,Texas - Region 5,United States
5532,15,0,15,0,15,,2026-01-31 19:56:51,0,4,75555A,Jagbots,Horn High School,Texas - Region 2,United States
5533,15,0,15,0,15,2026-02-15 16:20:17,2026-02-15 16:13:45,0,3,73030A,Holton-Arms,Holton-Arms School,Maryland,United States
5534,15,0,15,0,15,2026-01-17 16:51:53,2026-01-17 18:59:58,1,0,77360A,Wildcats,ONALASKA JR/SR HIGH,Texas - Region 3,United States
5535,15,0,15,0,15,,2025-12-06 18:11:05,0,1,67467A,The Loose Screws,PLANTATION HIGH SCHOOL JROTC,Florida - South,United States
5536,15,0,15,0,15,2026-02-20 23:07:21,2026-01-24 04:34:34,45,0,30597C,KISJ C,Korea International School Jeju Campus,South Korea,"Korea, Republic of"
5537,15,0,15,0,15,2025-12-13 21:15:17,2025-12-13 19:53:58,0,0,11042B,Squigglybobs,Seven Lake High School,Texas - Region 3,United States
5538,15,0,15,0,15,2026-01-30 22:42:20,2026-01-30 23:20:41,0,0,67602A,COBACH 22 SOLES,"COLEGIO DE BACHILLERES DEL ESTADO DE CHIHUAHUA, PLANTEL 22",Mexico,Mexico
5539,15,0,15,0,15,2026-02-04 08:08:00,2026-02-04 07:12:18,0,0,68490A,RoboRushd,Ibn Roshd Jazan,Saudi Arabia,Saudi Arabia
5540,15,0,15,0,15,2026-02-07 17:28:33,2026-02-07 16:16:02,0,0,34113A,Berserker,FAIRVIEW  SCHOOL,Michigan,United States
5541,15,0,15,0,15,2026-02-08 19:16:20,2026-02-08 18:38:53,0,0,8780G,Imposters,Waubonsie Valley High School,Illinois,United States
5542,15,0,15,0,15,2026-02-21 19:56:56,2026-02-21 18:49:21,0,0,11475A,Liberty Patriots,LIBERTY HIGH,California - Region 3,United States
5543,15,0,15,0,15,2026-02-28 19:12:28,2026-02-28 22:06:08,0,0,615H,PATronics,White House Heritage High School,Tennessee,United States
5544,15,0,15,0,15,,2025-10-04 19:31:41,0,0,84184A,Robo Hawks,SOUTH SIDE HIGH SCHOOL,Tennessee,United States
5545,15,0,15,0,15,,2025-10-25 18:25:18,0,0,1723B,Borrasca,MERCERSBURG ACADEMY,Pennsylvania - East,United States
5546,15,0,15,0,15,,2025-11-06 21:54:07,0,0,15800C,"""The Furious 5'"" - Omaha Westview HS JROTC",Westview High School,Nebraska,United States
5547,15,0,15,0,15,,2025-11-08 18:53:33,0,0,5590A,Klein Collins HS 5590A,KLEIN COLLINS HIGH SCHOOL,Texas - Region 3,United States
5548,15,0,15,0,15,,2025-11-13 20:16:09,0,0,64221A,CECYTEM Peribán,CECYTEM Periban,Mexico,Mexico
5549,15,0,15,0,15,,2025-11-13 21:00:03,0,0,64188A,CECYTEM Faro de Bucerias,CECYTEM Plantel Faro de Bucerías,Mexico,Mexico
5550,15,0,15,0,15,,2025-11-15 20:16:02,0,0,46790A,Athens Dynamics,ATHENS HIGH SCHOOL,Texas - Region 2,United States
5551,15,0,15,0,15,,2025-11-15 20:32:11,0,0,81004A,Rebel Robots,STEWART CO HIGH SCHOOL,Tennessee,United States
5552,15,0,15,0,15,,2025-11-15 21:11:52,0,0,86587B,Doofenshmirtz Evil Inc.,CROSSHILL CHRISTIAN SCHOOL,Oregon,United States
5553,15,0,15,0,15,,2025-11-22 17:11:22,0,0,33711A,Marblehead HS Counterweight,MARBLEHEAD HIGH,Massachusetts,United States
5554,15,0,15,0,15,,2025-11-22 17:54:11,0,0,49651Z,HA_LEGACY,Howard Academy,Panama,Panama
5555,15,0,15,0,15,,2025-11-23 16:23:19,0,0,89445B,Buckin' Bots,ALBERT M LOWRY HIGH SCHOOL,Nevada,United States
5556,15,0,15,0,15,,2025-11-23 18:43:58,0,0,47500B,Blue Jay Fighters,JUNCTION CITY SR HIGH,Kansas,United States
5557,15,0,15,0,15,,2025-11-26 23:03:11,0,0,87756B,Astroingenieras," Planetario SAYAB",Mexico,Mexico
5558,15,0,15,0,15,,2025-12-03 23:28:53,0,0,56237A,Galileo Academy of Science & Technology,GALILEO HIGH,California - Region 2,United States
5559,15,0,15,0,15,,2025-12-06 16:17:39,0,0,20827B,The Garrison,"Fort Ben Composite Squadron, Civil Air Patrol",Indiana - Region 2 - Central,United States
5560,15,0,15,0,15,,2025-12-06 19:30:34,0,0,27508G,Viking Robotics Team SIF,North Salem High School,Oregon,United States
5561,15,0,15,0,15,,2025-12-06 19:41:57,0,0,76449C,Graford C,GRAFORD SCHOOL,Texas - Region 5,United States
5562,15,0,15,0,15,,2025-12-06 22:02:26,0,0,30706G,W.V G,WEST VALLEY EARLY COLLEGE HIGH,California - Region 1,United States
5563,15,0,15,0,15,,2025-12-11 20:23:11,0,0,35501B,Brotherhood of Steel,JASPER HIGH SCHOOL,Alabama,United States
5564,15,0,15,0,15,,2025-12-13 18:54:54,0,0,72519D,Delta Panthers,Lisbon Regional School,New Hampshire/Vermont,United States
5565,15,0,15,0,15,,2025-12-13 18:55:59,0,0,77786K,Robot Runners,BRIDGELAND HIGH SCHOOL,Texas - Region 3,United States
5566,15,0,15,0,15,,2025-12-13 20:02:48,0,0,7460R,Hello Kitty Gang,APOLLO HIGH SCHOOL,Kentucky,United States
5567,15,0,15,0,15,,2025-12-13 20:18:01,0,0,88170J,Buccaneer Robotics,South Dade Senior High,Florida - South,United States
5568,15,0,15,0,15,,2025-12-13 21:48:36,0,0,81218A,The Angels,Loveless Academic Magnet Prog High School,Alabama,United States
5569,15,0,15,0,15,,2025-12-19 05:53:05,0,0,92269S,JSAL,"Shanghai United International School, Qingpu Campus",East China,China
5570,15,0,15,0,15,,2025-12-27 21:14:10,0,0,62496B,Ferrous Phoenix,IBA2 INC,Florida - North/Central,United States
5571,15,0,15,0,15,,2026-01-10 16:05:47,0,0,61775A,Marauder JROTC,DUNKIRK SENIOR HIGH SCHOOL,New York-North,United States
5572,15,0,15,0,15,,2026-01-10 18:05:56,0,0,98881A,SPX RoboLions A,St Pius X Catholic High School,Georgia,United States
5573,15,0,15,0,15,,2026-01-10 19:15:41,0,0,12740A,Guinevere Beatrice,PEBBLE HILLS HIGH SCHOOL,Texas - Region 1,United States
5574,15,0,15,0,15,,2026-01-10 19:52:17,0,0,35601A,VEX Vipers,Decatur City Schools,Alabama,United States
5575,15,0,15,0,15,,2026-01-10 20:30:16,0,0,45250U,Renaissance Robotics,Renaissance Robotics,Ontario,Canada
5576,15,0,15,0,15,,2026-01-11 17:47:03,0,0,9039M,Oblivion,BrandywineBOTS,Delmarva,United States
5577,15,0,15,0,15,,2026-01-11 18:10:04,0,0,84141A,Clankers,HENRY J KAISER HIGH SCHOOL,Hawaii,United States
5578,15,0,15,0,15,,2026-01-13 11:50:54,0,0,9942E,Watt Team,Colaiste Choilm,Ireland,Ireland
5579,15,0,15,0,15,,2026-01-15 14:38:49,0,0,40566B,Holy Rosary College Team 2,Holy Rosary College Mountbellew,Ireland,Ireland
5580,15,0,15,0,15,,2026-01-17 16:00:27,0,0,47248A,Spartan Robotics,SOUTH KNOX MIDDLE-HIGH SCHOOL,Indiana - Region 3 - South,United States
5581,15,0,15,0,15,,2026-01-17 18:06:41,0,0,87265D,Robo Ridge,Southridge School,British Columbia (BC),Canada
5582,15,0,15,0,15,,2026-01-17 18:52:57,0,0,20734Z,SIX SEVEN,Old Town High School,Maine,United States
5583,15,0,15,0,15,,2026-01-17 19:18:42,0,0,128B,What Team,Korah Collegiate & Vocational School,Ontario,Canada
5584,15,0,15,0,15,,2026-01-17 19:45:07,0,0,22635G,Clanker Heads,CAMPBELL COUNTY HIGH SCHOOL,Wyoming,United States
5585,15,0,15,0,15,,2026-01-19 18:12:04,0,0,5501D,Ice Cold Cuties 2.0,GUILDERLAND HIGH SCHOOL,New York-North,United States
5586,15,0,15,0,15,,2026-01-22 01:14:07,0,0,60466F,Prohibido Rendirse,Rich Township High School,Illinois,United States
5587,15,0,15,0,15,,2026-01-24 15:39:20,0,0,84837A,Lakerbotics,WINDEMERE PREPARATORY SCHOOL,Florida - North/Central,United States
5588,15,0,15,0,15,,2026-01-24 16:40:12,0,0,72390A,Billingsley Bears,BILLINGSLEY HIGH SCHOOL,Alabama,United States
5589,15,0,15,0,15,,2026-01-24 16:51:54,0,0,1353S,Farmingdale Robotics,FARMINGDALE SENIOR HIGH SCHOOL,New York-South,United States
5590,15,0,15,0,15,,2026-01-24 17:53:38,0,0,42501A,"""Dwink Box""",EAST COMMUNITY LEARNING CENTER,Ohio,United States
5591,15,0,15,0,15,,2026-01-24 19:16:43,0,0,77628P,Ship Wreck,WELLINGTON C MEPHAM HIGH SCHOOL,New York-South,United States
5592,15,0,15,0,15,,2026-01-24 19:44:02,0,0,8568E,Knights,NORTH ANDOVER HIGH,Massachusetts,United States
5593,15,0,15,0,15,,2026-01-24 22:10:38,0,0,96428C,Bet it all on red,DESERT CHRISTIAN SCHOOL,Arizona,United States
5594,15,0,15,0,15,,2026-01-24 22:43:20,0,0,179A,Santa Fe Christian Robotics,Santa Fe Christian Schools,California - Region 4,United States
5595,15,0,15,0,15,,2026-01-25 18:58:04,0,0,34020F,Robotics.exe,LA SERNA HIGH,California - Region 4,United States
5596,15,0,15,0,15,,2026-01-27 11:37:15,0,0,80681B,5th Year  CDI,Colaiste Dun Iascaigh,Ireland,Ireland
5597,15,0,15,0,15,,2026-01-28 13:42:34,0,0,85828X,Barclay,Barclay Academy,United Kingdom,United Kingdom
5598,15,0,15,0,15,,2026-01-28 13:43:16,0,0,85297A,Gear Grinders,The Sele School,United Kingdom,United Kingdom
5599,15,0,15,0,15,,2026-01-29 23:40:25,0,0,46366C,NJSP Magma Mechanics,NJSP Robotics,Indiana - Region 1 - North,United States
5600,15,0,15,0,15,,2026-01-31 11:56:30,0,0,1425D,RQ - Kalba Youth 2,RQ Science & Technology - Khorfakkan,United Arab Emirates,United Arab Emirates
5601,15,0,15,0,15,,2026-01-31 15:44:59,0,0,4405S,SkRobot,VJ & ANGELA SKUTT CATHOLIC HIGH SCHOOL,Nebraska,United States
5602,15,0,15,0,15,,2026-01-31 17:49:17,0,0,9378W,Wolfpack Robotics,MERRILL F. WEST HIGH,California - Region 2,United States
5603,15,0,15,0,15,,2026-01-31 18:02:46,0,0,1695C,"Hand Tigers C ""Slightly Dysfunctional""",DANIEL HAND HIGH SCHOOL,Connecticut,United States
5604,15,0,15,0,15,,2026-01-31 19:55:40,0,0,60439C,LHS Robotics 3,LEMONT TWP HIGH SCHOOL,Illinois,United States
5605,15,0,15,0,15,,2026-01-31 20:02:03,0,0,99999D,Device Under Inspection,Ernest S. Mcbride Senior. High School,California - Region 4,United States
5606,15,0,15,0,15,,2026-01-31 20:23:05,0,0,50865G,Calculators,Holy Trinity Catholic High School,Alberta/Saskatchewan,Canada
5607,15,0,15,0,15,,2026-01-31 20:34:09,0,0,5884B,Shipwreck,Liberty Magnet High School,Louisiana,United States
5608,15,0,15,0,15,,2026-01-31 20:40:24,0,0,8188F,"JESA Aftershock , 8188 F",JACK E SINGLEY ACADEMY,Texas - Region 2,United States
5609,15,0,15,0,15,,2026-01-31 22:01:55,0,0,86744B,Zee Building,Fort McMurray Public School Division,Alberta/Saskatchewan,Canada
5610,15,0,15,0,15,,2026-02-01 19:31:37,0,0,12825B,VHS Robotics Team,THE VILLAGES HIGH SCHOOL,Florida - North/Central,United States
5611,15,0,15,0,15,,2026-02-02 14:26:05,0,0,48380A,RoboGators,WEST FORK HIGH SCHOOL,Texas - Region 3,United States
5612,15,0,15,0,15,,2026-02-04 06:25:57,0,0,25852A,ThunderBots,Al Motaqadimah International School - Al Ghadir branch,Saudi Arabia,Saudi Arabia
5613,15,0,15,0,15,,2026-02-05 00:04:17,0,0,59759A,Barney,Leetonia High School,Ohio,United States
5614,15,0,15,0,15,,2026-02-05 21:54:17,0,0,63857E,Mashpee Middle High School,Mashpee High School,Massachusetts,United States
5615,15,0,15,0,15,,2026-02-06 21:02:19,0,0,41998G,G,Vale High School,Oregon,United States
5616,15,0,15,0,15,,2026-02-07 01:28:39,0,0,86608A,Quality Dragon,QSI Quality Schools International,South China,China
5617,15,0,15,0,15,,2026-02-07 15:14:31,0,0,7432S,Solstice,Dutch Fork High School,South Carolina,United States
5618,15,0,15,0,15,,2026-02-07 18:08:23,0,0,34216A,South High Robotics,South Glens Falls High School,New York-North,United States
5619,15,0,15,0,15,,2026-02-07 18:29:09,0,0,91694B,AIAP MechaLions,Academia Internacional Árabe Panameña,Panama,Panama
5620,15,0,15,0,15,,2026-02-07 18:35:42,0,0,23241B,RPI STEP VEX,Rensselaer Polytechnic Institute - STEP,New York-North,United States
5621,15,0,15,0,15,,2026-02-07 18:54:09,0,0,75080B,RHS-Eagle B,RICHARDSON HIGH SCHOOL,Texas - Region 5,United States
5622,15,0,15,0,15,,2026-02-07 19:09:38,0,0,89124A,Southwest Robo Hogs,PSJA SOUTHWEST EARLY COLLEGE HIGH SCHOOL,Texas - Region 6,United States
5623,15,0,15,0,15,,2026-02-07 20:08:54,0,0,4378C,Lady Knights,J M HANKS HIGH SCHOOL,Texas - Region 1,United States
5624,15,0,15,0,15,,2026-02-07 21:31:57,0,0,49716B,Fire Hazard,Marion High school,Texas - Region 4,United States
5625,15,0,15,0,15,,2026-02-08 04:12:27,0,0,19882U,UNIS Hanoi V5,UNIS Hanoi,Vietnam,Vietnam
5626,15,0,15,0,15,,2026-02-08 15:50:31,0,0,13765Y,MTS_NAMESPACE,Merchant Taylors' School,United Kingdom,United Kingdom
5627,15,0,15,0,15,,2026-02-13 15:10:09,0,0,814H,The Bay Harbor Builders,Franklin Area High School,Pennsylvania - West,United States
5628,15,0,15,0,15,,2026-02-13 17:38:05,0,0,76047A,Iron Dragons,GRANBURY HIGH SCHOOL,Texas - Region 5,United States
5629,15,0,15,0,15,,2026-02-14 15:54:01,0,0,91720C,ELHS Potterbots 3,EAST LIVERPOOL HIGH SCHOOL,Ohio,United States
5630,15,0,15,0,15,,2026-02-14 17:39:51,0,0,42243A,West Haven High School,West Haven High School,Connecticut,United States
5631,15,0,15,0,15,,2026-02-14 17:57:57,0,0,32150A,Ranger Robotics,BF Terry High School,Texas - Region 1,United States
5632,15,0,15,0,15,,2026-02-14 18:16:15,0,0,98292A,tacocat,CARLYNTON JSHS,Pennsylvania - West,United States
5633,15,0,15,0,15,,2026-02-14 18:31:40,0,0,89131C,VEXercise,ARBOR VIEW HIGH SCHOOL,Nevada,United States
5634,15,0,15,0,15,,2026-02-14 18:34:58,0,0,4101A,I.H.C.,Hillsboro Middle/high School,Kansas,United States
5635,15,0,15,0,15,,2026-02-14 18:55:54,0,0,15352F,Trap Squad,SEAMAN HIGH,Kansas,United States
5636,15,0,15,0,15,,2026-02-14 19:02:38,0,0,9871E,E=mc²,ACADEMY FOR TECHNOLOGY ENGINEERING MATH & SCIENCE,Texas - Region 5,United States
5637,15,0,15,0,15,,2026-02-14 19:16:49,0,0,24755B,Neurological Dead Zone,ANDRADA POLYTECHNIC HIGH SCHOOL,Arizona,United States
5638,15,0,15,0,15,,2026-02-14 19:40:39,0,0,719D,Drift,BENTONVILLE WEST HIGH SCHOOL,Arkansas,United States
5639,15,0,15,0,15,,2026-02-14 22:00:40,0,0,9922C,Gearhowlers,BASIC ACADEMY OF INT'L STUDIES HIGH SCHOOL,Nevada,United States
5640,15,0,15,0,15,,2026-02-14 22:05:43,0,0,95260X,Circuit Breakers,NOTRE DAME ACADEMY GIRLS HIGH SCHOOL,California - Region 4,United States
5641,15,0,15,0,15,,2026-02-15 19:40:23,0,0,11066A,Killer Bees,"Bridgehampton School ",New York-South,United States
5642,15,0,15,0,15,,2026-02-19 21:50:12,0,0,98225G,Bellingham High School G,Bellingham High School,Washington,United States
5643,15,0,15,0,15,,2026-02-21 15:15:23,0,0,9121A,Colonel Engineering,William Fleming High School,Virginia,United States
5644,15,0,15,0,15,,2026-02-21 15:23:15,0,0,17038B,Trojan Lambda,WEST MARSHALL HIGH SCHOOL,Iowa,United States
5645,15,0,15,0,15,,2026-02-21 19:26:02,0,0,27905H,I Think It Works?,MARSHFIELD HIGH,Wisconsin,United States
5646,15,0,15,0,15,,2026-02-21 20:02:53,0,0,12999C,Panther Sparks,CRESTON HIGH SCHOOL,Iowa,United States
5647,15,0,15,0,15,,2026-02-21 20:10:32,0,0,3700A,AHC Transformers,ACADEMY OF THE HOLY CROSS,Maryland,United States
5648,15,0,15,0,15,,2026-02-21 21:03:03,0,0,899C,GFE,North Point High School,Maryland,United States
5649,15,0,15,0,15,,2026-02-21 21:24:25,0,0,81372A,HSED,Harmony School of Excellence - Dallas,Texas - Region 2,United States
5650,15,0,15,0,15,,2026-02-21 21:32:52,0,0,43770X,SAGE Engineering - Team Tahi,SAGE Engineering After School Club,New Zealand,New Zealand
5651,15,0,15,0,15,,2026-02-21 21:53:36,0,0,98570A,Babylon Panthers,BABYLON JUNIOR-SENIOR HIGH SCHOOL,New York-South,United States
5652,15,0,15,0,15,,2026-02-21 22:10:15,0,0,1353F,Farmingdale Robotics,FARMINGDALE SENIOR HIGH SCHOOL,New York-South,United States
5653,15,0,15,0,15,,2026-02-24 21:01:13,0,0,39599S,Winters Warriors,WINTERS HIGH,California - Region 2,United States
5654,15,0,15,0,15,,2026-02-24 21:03:02,0,0,39599W,Winters Warriors,WINTERS HIGH,California - Region 2,United States
5655,15,0,15,0,15,,2026-02-26 03:15:46,0,0,39599Y,WHS Warriors,WINTERS HIGH,California - Region 2,United States
5656,15,0,15,0,15,,2026-02-26 03:18:10,0,0,39599K,WHS Warriors,WINTERS HIGH,California - Region 2,United States
5657,15,0,15,0,15,,2026-02-27 16:40:15,0,0,46846P,Subject to Change,Gordonstoun School,United Kingdom,United Kingdom
5658,15,0,15,0,15,,2026-02-28 14:13:10,0,0,83941B,Jigglypuffians,RIVERSIDE HIGH SCHOOL,Indiana - Region 2 - Central,United States
5659,15,0,15,0,15,,2026-02-28 16:28:08,0,0,18019A,SabreTech,ST BRENDAN CATHOLIC HIGH SCHOOL,Florida - South,United States
5660,15,0,15,0,15,,2026-02-28 19:27:45,0,0,7187G,Wii-zer,FAYETTEVILLE HIGH SCHOOL EAST,Arkansas,United States
5661,15,0,15,0,15,,2026-02-28 20:55:41,0,0,12621A,GHS Botcats,GREENBRIER HIGH SCHOOL,Tennessee,United States
5662,15,0,15,0,15,,2026-03-07 21:27:26,0,0,30706A,W.V EAG,WEST VALLEY EARLY COLLEGE HIGH,California - Region 1,United States
5663,14,7,7,7,7,2026-02-21 19:46:17,2026-02-21 19:39:57,0,0,32410D,Automatrons,Redwater High School,Texas - Region 2,United States
5664,14,4,10,4,10,2026-01-31 16:09:14,2026-01-31 17:49:30,40,0,58612A,Data Demolishers,Independent Team,Florida - North/Central,United States
5665,14,1,13,1,13,2025-10-25 08:22:53,2025-10-25 08:26:17,0,0,88613U,88613U,Middle school affiliated to Beijing Normal University,North China,China
5666,14,0,14,0,14,,2026-02-28 14:10:06,0,5,54058B,RoboRamsB,RANDOLPH HIGH SCHOOL,New Jersey,United States
5667,14,0,14,0,14,2026-01-31 20:42:47,2026-01-31 22:22:01,0,0,2817A,Moons Mighty Men,The DEN career and technology,Texas - Region 3,United States
5668,14,0,14,0,14,,2025-08-16 06:37:24,0,0,41999A,Living Wrod Shanghai SRCC Robot Club,Living Wrod Shanghai,East China,China
5669,14,0,14,0,14,,2025-10-18 23:15:03,0,0,91091A,System Blue,Heritage Christian Schools- South Campus,California - Region 4,United States
5670,14,0,14,0,14,,2025-10-25 08:38:38,0,0,3359C,Team 3 of Hangzhou Entel Foreign Language School,Hangzhou Entel Foreign Language School,East China,China
5671,14,0,14,0,14,,2025-11-15 23:27:34,0,0,1902S,Standardized Apes - CHS,CHICO HIGH,California - Region 1,United States
5672,14,0,14,0,14,,2025-11-22 17:30:25,0,0,76058P,Puzzle,JOSHUA HIGH SCHOOL,Texas - Region 5,United States
5673,14,0,14,0,14,,2025-12-06 17:22:42,0,0,295T,PART-T,Placer Robotics (PART),California - Region 2,United States
5674,14,0,14,0,14,,2025-12-13 15:47:59,0,0,88170A,Buccaneer Robotics,South Dade Senior High,Florida - South,United States
5675,14,0,14,0,14,,2025-12-13 18:12:52,0,0,41819B,DTown Robotics B,DALLASTOWN AREA SHS,Pennsylvania - East,United States
5676,14,0,14,0,14,,2025-12-13 19:11:48,0,0,72519A,Lisbon Panthers,LISBON REGIONAL SCHOOL (HIGH),New Hampshire/Vermont,United States
5677,14,0,14,0,14,,2026-01-16 07:15:02,0,0,64084C,Cyber Wolves 3,Thai-Chinese International School,Thailand,Thailand
5678,14,0,14,0,14,,2026-01-17 16:06:01,0,0,47401B,Bloomington Robotics Club,BLOOMINGTON HIGH SCHOOL SOUTH,Indiana - Region 3 - South,United States
5679,14,0,14,0,14,,2026-01-23 06:36:28,0,0,67789E,Ingenium Lions,Wellington College International Shanghai,East China,China
5680,14,0,14,0,14,,2026-02-03 10:21:13,0,0,48077J,JTT030,Jazan Secondary Industrial Institute,Saudi Arabia,Saudi Arabia
5681,14,0,14,0,14,,2026-02-05 01:54:54,0,0,11615A,CECYTEM Cahulote de Santa Ana,CECYTEM Plantel Cahulote de Santa Ana,Mexico,Mexico
5682,14,0,14,0,14,,2026-02-06 20:12:56,0,0,40217D,Dawgs,CHAPIN HIGH SCHOOL,Texas - Region 1,United States
5683,14,0,14,0,14,,2026-02-07 07:01:05,0,0,67723A,GES team,Gulf English School (GES),Kuwait,Kuwait
5684,14,0,14,0,14,,2026-02-21 17:20:31,0,0,14246B,Ctrl+Alt+Elite,MCCLAIN HIGH SCHOOL,Ohio,United States
5685,14,0,14,0,14,,2026-03-01 07:42:24,0,0,26622B,MBAESTECH,MBA OKULLARI,Türkiye,Türkiye
5686,13,5,8,5,8,2026-01-17 18:00:04,2026-01-17 17:56:56,1,0,12319X,Lockerby Robotics 3,Lockerby Composite School,Ontario,Canada
5687,13,0,13,2,13,2026-01-24 17:40:12,2026-01-10 16:01:51,43,0,99512A,BroBot,CROSWELL-LEXINGTON HIGH SCHOOL,Michigan,United States
5688,13,1,12,1,12,2025-10-12 00:43:26,2025-10-12 01:54:00,0,0,1034D,Louisville Robotics,Louisville High School,California - Region 4,United States
5689,13,0,13,0,13,2025-11-22 11:52:40,2025-12-28 11:19:54,45,0,38218A,VEXTORIOUS,DOĞA KOLEJİ ACIBADEM KAMPÜSÜ,Türkiye,Türkiye
5690,13,0,13,0,13,2025-11-08 08:54:04,2025-11-08 09:35:42,0,0,666U,SRobotU,Xian Gaoxin No.1 High School,West China,China
5691,13,0,13,0,13,2025-11-08 17:41:44,2025-11-08 17:54:22,0,0,3337B,Storm,Klein Cain High School,Texas - Region 3,United States
5692,13,0,13,0,13,2025-12-18 19:29:50,2025-12-18 19:12:10,0,0,89308A,Mahar Senators,RALPH C MAHAR REGIONAL,Massachusetts,United States
5693,13,0,13,0,13,2026-02-06 17:23:30,2026-02-06 20:19:20,0,0,34012C,Shell Shock,THOMAS JEFFERSON CHARTER,Idaho,United States
5694,13,0,13,0,13,,2025-10-31 23:44:31,0,0,2941A,Oats Robotics,Otumoetai College,New Zealand,New Zealand
5695,13,0,13,0,13,,2025-11-13 19:28:41,0,0,83785A,CECYTEM Churumuco,CECYTEM Churumuco,Mexico,Mexico
5696,13,0,13,0,13,,2025-11-15 16:16:26,0,0,57301A,Roncalli Royal Robotics Team A,RONCALLI HIGH SCHOOL,Indiana - Region 2 - Central,United States
5697,13,0,13,0,13,,2025-11-15 19:30:42,0,0,14349R,Titan Core,Titan Core,North Carolina,United States
5698,13,0,13,0,13,,2025-12-05 17:44:49,0,0,6127B,grannies,Del Valle High School,Texas - Region 1,United States
5699,13,0,13,0,13,,2026-01-16 21:50:35,0,0,45631A,TroBotics,ALEXANDRIA SENIOR HIGH SCHOOL,Louisiana,United States
5700,13,0,13,0,13,,2026-01-17 20:04:11,0,0,22635E,Camel Robotics,CAMPBELL COUNTY HIGH SCHOOL,Wyoming,United States
5701,13,0,13,0,13,,2026-01-18 17:58:21,0,0,7580U,GENR8,Haslett Robotics Club,Michigan,United States
5702,13,0,13,0,13,,2026-01-23 08:30:46,0,0,31619C,Father,Dulwich College Shanghai Pudong,East China,China
5703,13,0,13,0,13,,2026-01-24 21:10:45,0,0,80550H,High-Tech Hooligans,WINDSOR CHARTER ACADEMY MIDDLE AND EARLY COLLEGE H,Colorado,United States
5704,13,0,13,0,13,,2026-02-03 03:32:34,0,0,29980T,Grand Slam,深圳技术大学附属中学,South China,China
5705,13,0,13,0,13,,2026-02-04 22:59:38,0,0,56029A,Clanker Robotics,CRESTVIEW HIGH SCHOOL,Ohio,United States
5706,13,0,13,0,13,,2026-02-07 04:07:17,0,0,33885B,F3DN.43_Ants,"Trường TH, THCS và THPT FPT Đà Nẵng",Vietnam,Vietnam
5707,13,0,13,0,13,,2026-02-07 19:10:24,0,0,75080A,RHS-Eagles & Army-A,RICHARDSON HIGH SCHOOL,Texas - Region 5,United States
5708,13,0,13,0,13,,2026-02-14 17:47:56,0,0,89748B,Fabulous Fists,BEREA-MIDPARK HIGH SCHOOL,Ohio,United States
5709,13,0,13,0,13,,2026-02-14 18:56:17,0,0,22204G,Goldfish,WYLIE HIGH SCHOOL,Texas - Region 5,United States
5710,13,0,13,0,13,,2026-02-15 18:51:18,0,0,1808D,KLANKR,FREEPORT HIGH SCHOOL,New York-South,United States
5711,13,0,13,0,13,,2026-02-21 18:51:01,0,0,18450A,GFS A,GERMANTOWN FRIENDS SCHOOL,Pennsylvania - East,United States
5712,13,0,13,0,13,,2026-02-21 18:52:23,0,0,22579A,Mega Man Vex,MILTON HIGH,Wisconsin,United States
5713,13,0,13,0,13,,2026-02-21 22:21:40,0,0,3249P,Quasar,VANCOUVER ITECH PREPARATORY,Oregon,United States
5714,13,0,13,0,13,,2026-02-24 10:29:08,0,0,91555C,Colmans,St Colmans College,Ireland,Ireland
5715,13,0,13,0,13,,2026-02-26 15:36:53,0,0,24740A,MCTEC Vipers,MERCER COUNTY TECHNICAL EDUCATION CENTER,West Virginia,United States
5716,12,4,8,4,8,2025-12-14 00:33:54,2025-12-14 00:16:56,46,0,27180G,Mechaneers,Hawaii Science and Technology Museum,Hawaii,United States
5717,12,0,12,3,12,2026-02-15 06:25:19,2026-03-01 09:35:53,0,0,63840T,TNT,Hisar School,Türkiye,Türkiye
5718,12,2,10,2,10,2025-10-12 00:59:38,2025-10-12 00:25:02,12,60,1437Z,Patriot Robotics,VIEWPOINT SCHOOL,California - Region 4,United States
5719,12,2,10,2,10,2025-12-06 22:05:54,2025-12-06 21:34:18,45,0,6891W,Woodburners,Faith Lutheran High School,Nevada,United States
5720,12,2,10,2,10,2026-02-14 18:49:12,2026-02-14 18:47:26,0,0,3260H,SHARP,Sarah Heinz House,Pennsylvania - West,United States
5721,12,1,11,1,11,2026-02-28 16:02:42,2026-02-28 16:24:45,44,0,91101P,The Forge,GREENBRIER HIGH SCHOOL,Arkansas,United States
5722,12,1,11,1,11,2026-01-19 10:31:29,2026-01-19 10:28:00,0,0,67732A,Ghostie Gang,Pobalscoil Ghaoth Dobhair,Ireland,Ireland
5723,12,0,12,0,12,2025-08-23 10:55:20,2025-08-23 10:38:27,0,0,13755G,Chiway Repton School Xiamen,Chiway Repton School Xiamen & Xiamen Technician School,South China,China
5724,12,0,12,0,12,2026-02-05 01:42:06,2026-02-05 01:48:24,0,0,29215B,DELMAR T4NK3R,DELMAR INTERNATIONAL SCHOOL,Mexico,Mexico
5725,12,0,12,0,12,,2025-10-18 17:51:08,0,0,20121A,G.O.R.T's,GRAND OAKS HIGH SCHOOL,Texas - Region 3,United States
5726,12,0,12,0,12,,2025-11-07 08:52:16,0,0,14316A,NCPA-A,NCPA,South China,China
5727,12,0,12,0,12,,2025-11-15 17:47:46,0,0,50027P,Firewall,DERBY HIGH SCHOOL,Kansas,United States
5728,12,0,12,0,12,,2025-12-06 19:31:39,0,0,78634C,Eduardo and Friends,HUTTO HIGH SCHOOL,Texas - Region 4,United States
5729,12,0,12,0,12,,2025-12-06 21:51:37,0,0,92668A,YCHS Robotics,Yuba City High School,California - Region 1,United States
5730,12,0,12,0,12,,2026-01-18 18:46:07,0,0,59573B,Butler I Robotics,BUTLER HIGH SCHOOL,New Jersey,United States
5731,12,0,12,0,12,,2026-01-24 17:55:32,0,0,88535A,Golden Hawks,MIAMI SPRINGS SENIOR HIGH SCHOOL,Florida - South,United States
5732,12,0,12,0,12,,2026-01-27 13:05:58,0,0,61492A,The Green 2,The Green 2,Ireland,Ireland
5733,12,0,12,0,12,,2026-02-06 06:12:47,0,0,34844B,Sprinkling Donuts,Beijing City International School,North China,China
5734,12,0,12,0,12,,2026-02-06 21:04:28,0,0,41998C,Chips,VALE HIGH SCHOOL,Oregon,United States
5735,12,0,12,0,12,,2026-02-07 18:17:38,0,0,99515D,Cosmic Chaos,Douglas High School,South Dakota,United States
5736,12,0,12,0,12,,2026-02-07 19:16:42,0,0,2670A,WUKONG,Kylin Robotics,Ontario,Canada
5737,12,0,12,0,12,,2026-02-14 19:09:46,0,0,45255A,AHS Raptorbots,ANDERSON HIGH SCHOOL,Ohio,United States
5738,12,0,12,0,12,,2026-03-14 19:27:15,0,0,3603A,Greater ABQ NSBE Robotics,Greater Albuquerque NSBE Jr,New Mexico,United States
5739,11,2,9,2,9,2026-01-31 18:38:22,2026-01-31 18:40:57,45,0,16021G,Alex Wins,Canadian Valley Technology Center,Oklahoma,United States
5740,11,2,9,2,9,2026-02-28 15:15:23,2026-02-28 15:25:19,0,0,57301R,Roncalli Royal Robotics Team R,RONCALLI HIGH SCHOOL,Indiana - Region 2 - Central,United States
5741,11,1,10,1,10,2026-03-01 12:19:34,2026-03-01 12:22:11,45,0,52521F,Septur,Fundació Vedruna Catalunya Educació,Spain,Spain
5742,11,1,10,1,10,2026-02-07 21:22:45,2026-02-07 14:01:32,43,0,615A,PATronics Quack Attack!,White House Heritage High School,Tennessee,United States
5743,11,0,11,1,11,2026-02-07 22:07:46,2026-02-21 20:26:00,45,0,38502A,Privateers,New Colossus Academy,Tennessee,United States
5744,11,1,10,1,10,2025-10-25 15:18:40,2025-10-25 14:27:01,0,0,54664A,Robohobos,NORTH HIGH,Missouri,United States
5745,11,1,10,1,10,2026-02-04 23:49:33,2026-02-04 23:56:25,0,0,45881A,LOBEX - CECYTEM Ciudad Hidalgo,CECYTEM Plantel Ciudad Hidalgo,Mexico,Mexico
5746,11,0,11,0,11,2026-01-31 07:51:33,2026-01-31 06:05:54,55,0,99484C,"C-DOXA, DOXA Robotics",Christian Academy in Japan,Japan,Japan
5747,11,0,11,0,11,2026-02-28 17:15:05,2026-03-01 11:21:29,36,0,52521G,Robonova,Vedruna Vall,Spain,Spain
5748,11,0,11,0,11,2025-09-27 03:57:42,2025-09-27 03:54:42,0,0,71639K,✧(๑•̀ㅂ•́)و✧EACH✧//BEST//,Shenzhen Science Museum EACH-ROBOTICS,South China,China
5749,11,0,11,0,11,2025-11-13 19:51:04,2025-11-13 19:50:56,0,0,87024A,CECYTEM Plantel Opopeo,CECYTEM Plantel Opopeo,Mexico,Mexico
5750,11,0,11,0,11,2026-01-10 18:37:41,2026-01-10 15:34:14,0,0,98881B,SPX RoboLions B,ST PIUS X CATHOLIC HIGH SCHOOL,Georgia,United States
5751,11,0,11,0,11,2026-02-13 01:08:00,2026-02-13 00:52:22,0,0,8663A,MSDWT Concepticons,NORTH CENTRAL HIGH SCHOOL,Indiana - Region 2 - Central,United States
5752,11,0,11,0,11,,2025-10-26 05:58:33,0,0,92641A,VEX VERSTAPPEN,Washington High School,Chinese Taipei,Taiwan
5753,11,0,11,0,11,,2025-11-08 19:28:27,0,0,34300W,Wolves,Ecole Salish Secondary (Surrey School District),British Columbia (BC),Canada
5754,11,0,11,0,11,,2025-12-13 14:14:45,0,0,1235A,alpha,WEST FORSYTH HIGH SCHOOL,Georgia,United States
5755,11,0,11,0,11,,2025-12-13 15:39:46,0,0,8754X,Slytherin,"Hogwarts ",Texas - Region 3,United States
5756,11,0,11,0,11,,2025-12-13 19:59:48,0,0,70540B,Wu Tang Clang,EAST MOUNTAIN HIGH SCHOOL,New Mexico,United States
5757,11,0,11,0,11,,2025-12-20 05:06:29,0,0,88139A,郑州101中学一队," ZHENG ZHOU NO.101 HIGH SCHOOL ",Middle China,China
5758,11,0,11,0,11,,2026-01-01 01:13:51,0,0,28625W,Warrior Vex,WEST IREDELL HIGH JROTC,North Carolina,United States
5759,11,0,11,0,11,,2026-01-10 13:36:55,0,0,33544A,Coyote Engineering,CYPRESS CREEK MIDDLE/HIGH SCHOOL,Florida - North/Central,United States
5760,11,0,11,0,11,,2026-01-10 22:53:18,0,0,95330A,Riptide,RIVER ISLANDS HIGH,California - Region 2,United States
5761,11,0,11,0,11,,2026-01-17 20:35:16,0,0,11701B,We Thought This Was LEGO,IDEA North Mission College Prep,Texas - Region 6,United States
5762,11,0,11,0,11,,2026-01-24 02:13:07,0,0,81083D,Kite_Runner,Yantai Huasheng International School,Middle China,China
5763,11,0,11,0,11,,2026-01-24 04:12:25,0,0,79813A,shark.dev,Busan Foreign School,South Korea,"Korea, Republic of"
5764,11,0,11,0,11,,2026-01-24 18:26:44,0,0,1860B,Band of the Hawk,MOUNTAIN VIEW HIGH SCHOOL,Texas - Region 1,United States
5765,11,0,11,0,11,,2026-01-24 19:55:11,0,0,64783D,Mayville Mayhem,CHAUTAUQUA LAKE SECONDARY SCHOOL,New York-North,United States
5766,11,0,11,0,11,,2026-01-28 23:04:33,0,0,1588J,Driving Me Nuts,Wood River High School,Idaho,United States
5767,11,0,11,0,11,,2026-01-31 09:01:37,0,0,1425C,RQ - Sajaya KHR 1,RQ Science & Technology - Khorfakkan,United Arab Emirates,United Arab Emirates
5768,11,0,11,0,11,,2026-01-31 16:34:28,0,0,75409C,HeroV2,ANNA HIGH SCHOOL,Texas - Region 5,United States
5769,11,0,11,0,11,,2026-02-06 18:50:36,0,0,9551F,JOHN2.0,WEISER HIGH SCHOOL,Idaho,United States
5770,11,0,11,0,11,,2026-02-07 15:04:28,0,0,16885B,Mechanical Moose,hiren viroja,South Carolina,United States
5771,11,0,11,0,11,,2026-02-07 15:40:31,0,0,86400S,Cyber Storm,WADE HAMPTON HIGH,South Carolina,United States
5772,11,0,11,0,11,,2026-02-07 17:20:06,0,0,33418B,The Benjineers Junior Varsity,THE BENJAMIN SCHOOL,Florida - South,United States
5773,11,0,11,0,11,,2026-02-07 22:13:15,0,0,72474B,Glenbard West Robotics,GLENBARD WEST HIGH SCHOOL,Illinois,United States
5774,11,0,11,0,11,,2026-02-15 19:05:01,0,0,81N,VEXMEN: Northstar,Brandywine Robotics Inc.,Pennsylvania - East,United States
5775,11,0,11,0,11,,2026-02-21 14:35:53,0,0,7432E,EquinoX,Dutch Fork High School,South Carolina,United States
5776,11,0,11,0,11,,2026-02-21 19:35:37,0,0,99223D,PW Robotics Team D,PLYMOUTH-WHITEMARSH SHS,Pennsylvania - East,United States
5777,11,0,11,0,11,,2026-02-21 21:49:19,0,0,2990A,Titan Team Kronos,West Salem High School,Oregon,United States
5778,11,0,11,0,11,,2026-02-21 23:57:26,0,0,3204A,SPC Bots Alexander,St Peter's College,New Zealand,New Zealand
5779,11,0,11,0,11,,2026-02-28 19:13:16,0,0,11001B,SPUN Robotics Cheetahs,SPUN Robotics Inc,Virginia,United States
5780,11,0,11,0,11,,2026-02-28 21:34:00,0,0,2435A,Soldiers of Technology,Great Plains Technology Center TSA,Oklahoma,United States
5781,10,10,0,10,0,2025-11-22 06:57:26,,0,0,85684A,85684A,Shanghai Minhang district teenagers activity center,East China,China
5782,10,5,5,5,5,2026-02-21 20:14:30,2026-02-21 20:16:38,0,0,64840A,B-CC Robo-Barons A,Bethesda-Chevy Chase High School,Maryland,United States
5783,10,3,7,3,7,2026-02-14 16:18:08,2026-02-14 16:22:37,0,0,42442B,WJ Robotics,WALTER JOHNSON HIGH,Maryland,United States
5784,10,1,9,1,9,2026-02-14 20:08:54,2026-02-14 21:59:34,43,0,11245C,Nitos,LEE HIGH SCHOOL,Texas - Region 3,United States
5785,10,0,10,1,10,2026-02-07 15:51:51,2026-02-28 15:34:43,41,0,663K,The Kangaroos,CHATTANOOGA CHRISTIAN SCHOOL,Tennessee,United States
5786,10,0,10,0,10,,2025-10-12 01:08:18,0,60,1034B,Louisville Robotics,LOUISVILLE HIGH SCHOOL,California - Region 4,United States
5787,10,0,10,0,10,,2025-12-06 02:00:38,0,55,4253D,Raid Zero D,Taipei American School,Chinese Taipei,Taiwan
5788,10,0,10,0,10,2026-01-24 05:12:49,2026-01-24 05:26:26,36,0,93854M,Mayari ng Distornilyador,Makati Science High School,Philippines,Philippines
5789,10,0,10,0,10,2025-09-22 02:39:18,2025-11-10 02:39:42,57,0,12410N,Mac Users,MOUNT BARKER HIGH SCHOOL,Australia,Australia
5790,10,0,10,0,10,2025-12-13 17:35:10,2025-12-13 17:23:03,0,0,1697C,Titan Dynamics,HALL HIGH SCHOOL,Connecticut,United States
5791,10,0,10,0,10,2026-01-28 01:31:14,2026-01-28 00:21:12,0,0,77693A,COABEH CARDONAL,Colegio de Bachilleres del Estado de Hidalgo Cardonal,Mexico,Mexico
5792,10,0,10,0,10,2026-01-30 19:27:52,2026-01-30 20:11:52,0,0,7157C,Aurora's Comet,Chittenango High School,New York-North,United States
5793,10,0,10,0,10,,2025-08-12 01:07:42,0,0,69153B,Cross Threaded,St Peters College,Australia,Australia
5794,10,0,10,0,10,,2025-11-01 18:41:56,0,0,62629W,Iron Patriots:  Wagyu,WHEELING PARK HIGH SCHOOL,West Virginia,United States
5795,10,0,10,0,10,,2025-11-08 17:54:14,0,0,23851C,Mitchells Dicsiples,KIRKWOOD SR. HIGH,Missouri,United States
5796,10,0,10,0,10,,2025-11-12 00:27:31,0,0,4805B,SPIDERMAN,HARDING HIGH SCHOOL,Ohio,United States
5797,10,0,10,0,10,,2025-11-16 19:38:19,0,0,1413C,ILuvSourdough,ST CHARLES EAST HIGH SCHOOL,Illinois,United States
5798,10,0,10,0,10,,2025-11-20 18:11:49,0,0,97779B,St Andrews College,St Andrew’s College,Ontario,Canada
5799,10,0,10,0,10,,2025-12-06 18:48:42,0,0,46802D,Mater Wildcats 4,MATER BISCAYNE ACADEMY MIDDLE/HIGH,Florida - South,United States
5800,10,0,10,0,10,,2025-12-06 20:08:17,0,0,98549N,Nitro,Burnsview Secondary,British Columbia (BC),Canada
5801,10,0,10,0,10,,2025-12-13 17:07:47,0,0,1505B,HC Robo Raiders,Holy Cross Catholic Secondary School,Ontario,Canada
5802,10,0,10,0,10,,2025-12-13 20:03:11,0,0,80162A,EVERMAN HIGH SCHOOL,EVERMAN HIGH SCHOOL,Texas - Region 5,United States
5803,10,0,10,0,10,,2025-12-14 18:59:43,0,0,30405A,Flames,St. Thomas Aquinas Catholic Secondary School,Ontario,Canada
5804,10,0,10,0,10,,2025-12-19 06:33:50,0,0,54088A,KCISLK,Kang Chiao International School Linkou Campus,Chinese Taipei,Taiwan
5805,10,0,10,0,10,,2025-12-20 16:19:45,0,0,44116B,Deglovers,ROCKY RIVER HIGH SCHOOL,Ohio,United States
5806,10,0,10,0,10,,2026-01-01 08:42:17,0,0,82435A,Leighton SRCC VEX Club,上海励滕伯克曼学校,East China,China
5807,10,0,10,0,10,,2026-01-15 09:45:02,0,0,73272A,RIS Phoenix 1,Ruamrudee International School,Thailand,Thailand
5808,10,0,10,0,10,,2026-01-15 22:51:58,0,0,29204F,The Cube,CREATE,Alabama,United States
5809,10,0,10,0,10,,2026-01-17 15:08:51,0,0,85811A,ShadowWizardMoneyAffiliation,Sandusky Jr/Sr High School,Michigan,United States
5810,10,0,10,0,10,,2026-01-17 18:48:35,0,0,49182C,CECA Team # 3,CLINT ISD EARLY COLLEGE ACADEMY,Texas - Region 1,United States
5811,10,0,10,0,10,,2026-01-17 19:15:45,0,0,23956A,Silver King Cyborgs,PORT ISABEL HIGH SCHOOL,Texas - Region 6,United States
5812,10,0,10,0,10,,2026-01-17 20:14:22,0,0,78520A,Chargers1,VETERANS MEMORIAL EARLY COLLEGE HIGH SCHOOL,Texas - Region 6,United States
5813,10,0,10,0,10,,2026-01-23 03:59:25,0,0,3668X,Sentient Robotics Club,Macau Artificial Intelligence Education Center,Macau,Macau
5814,10,0,10,0,10,,2026-01-23 07:29:58,0,0,84236E,Optimus Prime Jnr.,Nanjing International School,East China,China
5815,10,0,10,0,10,,2026-01-24 16:46:18,0,0,36116B,Cyberknights,Montgomery Catholic Preparatory School,Alabama,United States
5816,10,0,10,0,10,,2026-01-24 18:10:06,0,0,1024A,Early Birds,Mckenzie Career Center,Indiana - Region 2 - Central,United States
5817,10,0,10,0,10,,2026-01-24 19:17:02,0,0,54140C,The Bogey Bandits,Little Chute School District,Wisconsin,United States
5818,10,0,10,0,10,,2026-01-27 10:51:37,0,0,14198B,Oaklands Community College -Team 2,Oaklands Community College,Ireland,Ireland
5819,10,0,10,0,10,,2026-01-31 13:53:29,0,0,804D,Red Devils,Avon Park High School,Florida - North/Central,United States
5820,10,0,10,0,10,,2026-01-31 15:19:46,0,0,14141A,Cyborg Titans,South Lake Robotics,Florida - North/Central,United States
5821,10,0,10,0,10,,2026-01-31 15:24:44,0,0,3042U,RU Ghosts,RANDOLPH UNION HIGH SCHOOL,New Hampshire/Vermont,United States
5822,10,0,10,0,10,,2026-02-07 16:23:27,0,0,91187A,JB Titans HS,Jubilee Brownsville,Texas - Region 6,United States
5823,10,0,10,0,10,,2026-02-07 17:47:51,0,0,51548C,51548C,Covington High Lion-Bots,Louisiana,United States
5824,10,0,10,0,10,,2026-02-07 18:28:06,0,0,99515A,T-BODS,Douglas High School,South Dakota,United States
5825,10,0,10,0,10,,2026-02-07 18:58:48,0,0,424D,BHS Drillers,BAKERSFIELD HIGH,California - Region 3,United States
5826,10,0,10,0,10,,2026-02-14 10:29:10,0,0,11106A,MBA Robotics,MBA OKULLARI ORAN KAMPÜSÜ,Türkiye,Türkiye
5827,10,0,10,0,10,,2026-02-14 14:24:12,0,0,15457B,Falcobots gold,BURLINGTON TOWNSHIP HIGH SCHOOL,New Jersey,United States
5828,10,0,10,0,10,,2026-02-14 17:18:38,0,0,53171R,Atomic Monkeys,Shoreland Lutheran High School,Wisconsin,United States
5829,10,0,10,0,10,,2026-02-14 18:03:48,0,0,16700B,Mech Monkeys,MOUNT AIRY CHRISTIAN ACADEMY,Maryland,United States
5830,10,0,10,0,10,,2026-02-14 18:15:44,0,0,3589C,Mekhanikal Kannibals,Tri-city United High School,Minnesota,United States
5831,10,0,10,0,10,,2026-02-14 18:49:56,0,0,5062A,CyberFox,FOX VALLEY LUTHERAN HIGH SCHOOL,Wisconsin,United States
5832,10,0,10,0,10,,2026-02-14 19:49:28,0,0,46810M,Murphy's Law,ARCHBISHOP MURPHY HIGH SCHOOL,Washington,United States
5833,10,0,10,0,10,,2026-02-17 21:42:56,0,0,14760E,Robots in Trenchcoats,PICKERINGTON HIGH SCHOOL NORTH,Ohio,United States
5834,10,0,10,0,10,,2026-02-21 17:15:33,0,0,75503D,Duct Tape and Bubblegum,PLEASANT GROVE HIGH SCHOOL,Texas - Region 2,United States
5835,10,0,10,0,10,,2026-02-21 20:14:37,0,0,97038F,OP^2,MOLALLA HIGH SCHOOL,Oregon,United States
5836,10,0,10,0,10,,2026-02-28 20:23:22,0,0,76892B,Blue Aces,Sayre High School,Oklahoma,United States
5837,10,0,10,0,10,,2026-03-06 21:09:15,0,0,95230A,CHS Canizona,Clint High School,Texas - Region 1,United States
5838,9,5,4,5,5,2026-03-08 17:48:11,2026-02-07 19:48:57,28,0,3134Y,Robolabs Yohkoh,Robolabs,California - Region 2,United States
5839,9,3,6,3,6,2025-12-06 16:45:58,2025-12-06 15:31:57,50,0,53247P,Legacy Robotics,LEGACY EARLY COLLEGE HIGH SCHOOL,Texas - Region 4,United States
5840,9,2,7,2,7,2025-09-22 02:22:31,2025-09-22 01:03:52,40,0,69153C,888,St Peters College,Australia,Australia
5841,9,1,8,1,8,2025-12-13 17:18:37,2025-12-13 17:42:16,41,0,19359C,Star Team Beater,MOUNTAIN HOUSE HIGH,California - Region 2,United States
5842,9,1,8,1,8,2026-02-20 16:18:39,2026-02-20 16:22:11,0,0,3260Z,SHARP,Sarah Heinz House,Pennsylvania - West,United States
5843,9,0,9,0,9,2026-02-07 21:08:31,2026-02-07 21:12:14,15,0,28755A,Crazy,Temescal Canyon High School,California - Region 4,United States
5844,9,0,9,0,9,2025-08-23 05:19:09,2025-08-23 05:21:21,0,0,17528A,17528A,17528A,South China,China
5845,9,0,9,0,9,2026-03-01 11:04:03,2026-03-01 11:09:11,0,0,52521K,Foursaken,Fundació Vedruna Catalunya Educació,Spain,Spain
5846,9,0,9,0,9,,2025-11-08 21:58:03,0,0,89445A,The Mighty Clankers,ALBERT M LOWRY HIGH SCHOOL,Nevada,United States
5847,9,0,9,0,9,,2025-11-29 19:29:19,0,0,22108A,Mechaknights,Zebra Robotics Ajax,Ontario,Canada
5848,9,0,9,0,9,,2025-12-13 15:52:44,0,0,31033D,Iron Plaid,Duchesne the Academy of the Sacred Heart,Texas - Region 3,United States
5849,9,0,9,0,9,,2025-12-13 22:40:26,0,0,99196A,South High,SOUTH HIGH,California - Region 3,United States
5850,9,0,9,0,9,,2025-12-19 19:20:53,0,0,92244Z,Percussive Maintenance,KASSON-MANTORVILLE SENIOR HIGH,Minnesota,United States
5851,9,0,9,0,9,,2025-12-20 23:14:01,0,0,2477Z,Z-ReaperZ,Waipahu High School,Hawaii,United States
5852,9,0,9,0,9,,2026-01-04 20:55:28,0,0,14153A,Robo-Stingers,Hinsdale South High School,Illinois,United States
5853,9,0,9,0,9,,2026-01-10 19:08:21,0,0,6581S,JBots,J.w. Sexton High School,Michigan,United States
5854,9,0,9,0,9,,2026-01-10 19:10:21,0,0,22479W,Warrior Robotics White,Calvary Christian High School,Florida - North/Central,United States
5855,9,0,9,0,9,,2026-01-17 16:43:08,0,0,23533A,Iron Eagles,SOUTHFIELD CHRISTIAN SCHOOL,Michigan,United States
5856,9,0,9,0,9,,2026-01-17 17:37:53,0,0,18055B,Whitnall Robotics Club-Red Hot Robotics,WHITNALL HIGH,Wisconsin,United States
5857,9,0,9,0,9,,2026-01-17 17:52:54,0,0,9343A,Under Construction,HAMPDEN ACADEMY,Maine,United States
5858,9,0,9,0,9,,2026-01-17 21:18:31,0,0,74559E,Robocats,CELINA HIGH SCHOOL,Texas - Region 5,United States
5859,9,0,9,0,9,,2026-01-31 19:17:05,0,0,75409G,The Little Drivetrain That Could,ANNA HIGH SCHOOL,Texas - Region 5,United States
5860,9,0,9,0,9,,2026-01-31 20:50:04,0,0,28782A,Jimsy Robotics,OMAHA HIGH SCHOOL,Arkansas,United States
5861,9,0,9,0,9,,2026-02-05 02:03:45,0,0,60961A,CECYTEM Ixtlan de los Hervores,CECYTEM Plantel Ixtlán de los Hervores,Mexico,Mexico
5862,9,0,9,0,9,,2026-02-07 16:40:02,0,0,6567E,Prestige,EAST LANSING HIGH SCHOOL,Michigan,United States
5863,9,0,9,0,9,,2026-02-07 19:37:26,0,0,89124B,Southwest Robo Hogs,PSJA SOUTHWEST EARLY COLLEGE HIGH SCHOOL,Texas - Region 6,United States
5864,9,0,9,0,9,,2026-02-07 19:59:04,0,0,1025B,Loded Diper,MANVEL HIGH SCHOOL,Texas - Region 3,United States
5865,9,0,9,0,9,,2026-02-11 00:46:31,0,0,99621C,The 2 x 4's,SHORECREST HIGH SCHOOL,Washington,United States
5866,9,0,9,0,9,,2026-02-14 17:06:45,0,0,48695A,Wall,WALL HIGH SCHOOL,Texas - Region 1,United States
5867,9,0,9,0,9,,2026-02-14 22:53:44,0,0,69920B,Genghis,Height High school,Texas - Region 3,United States
5868,9,0,9,0,9,,2026-02-15 17:54:19,0,0,20164V,Very Smart People,Charles J. Colgan Senior. High School,Virginia,United States
5869,9,0,9,0,9,,2026-02-21 03:48:02,0,0,52392B,Notorious Nihilists,Otahuhu College,New Zealand,New Zealand
5870,9,0,9,0,9,,2026-02-21 17:00:26,0,0,5870A,Brebeuf Risk Takers,BREBEUF JESUIT PREPARATORY SCHOOL,Indiana - Region 2 - Central,United States
5871,9,0,9,0,9,,2026-02-21 19:52:19,0,0,1812X,NM-IBrokeit,North Marion High School,Oregon,United States
5872,9,0,9,0,9,,2026-02-28 18:57:33,0,0,37148B,Techno Divas,PORTLAND HIGH SCHOOL,Tennessee,United States
5873,8,1,7,3,7,2025-07-19 03:41:20,2025-11-08 10:23:21,0,0,43010A,精准转向,长沙市萤火羽翼机器人活动中心,Middle China,China
5874,8,2,6,2,6,2025-11-19 21:28:12,2025-11-19 21:48:45,50,0,12323C,Blue Eagles Robotics,PLYMOUTH NORTH HIGH,Massachusetts,United States
5875,8,2,6,2,6,2026-01-19 20:13:53,2026-01-19 20:16:08,50,0,62869A,HSI FW HS,HARMONY SCHOOL OF INNOVATION - FORT WORTH,Texas - Region 5,United States
5876,8,2,6,2,6,2026-02-14 14:33:30,2026-02-14 14:36:50,45,0,67876A,Coders Academy,Columbus Academy,Ohio,United States
5877,8,2,6,2,6,2026-01-31 19:14:43,2026-01-31 17:09:20,0,0,13085C,Chip,Mt Everett Regional,Massachusetts,United States
5878,8,1,7,1,7,2025-11-15 19:03:45,2025-11-15 19:06:03,51,0,86349M,Flare,Flare,Texas - Region 5,United States
5879,8,1,7,1,7,2026-02-21 20:48:44,2026-02-21 20:27:33,47,0,92553A,Gypsy Danger,NETTLETON HIGH SCHOOL,Arkansas,United States
5880,8,1,7,1,7,2025-11-08 21:11:40,2025-11-08 21:42:48,0,0,1034C,Louisville Robotics,LOUISVILLE HIGH SCHOOL,California - Region 4,United States
5881,8,1,7,1,7,2026-02-06 23:51:17,2026-02-06 22:42:55,0,0,6527C,Windham Warriors,WINDHAM ASHLAND CENTRAL SCHOOL,New York-North,United States
5882,8,0,8,0,8,2026-02-07 07:24:06,2026-02-07 06:34:07,56,0,3708Z,Shark Byte,Victoria Shanghai Academy,Hong Kong,Hong Kong
5883,8,0,8,0,8,2026-01-19 15:21:12,2026-01-17 18:28:27,48,0,34087A,Scuba Steve,LA FAYETTE JUNIOR-SENIOR HIGH SCHOOL,New York-North,United States
5884,8,0,8,0,8,2025-12-13 20:58:04,2025-12-13 21:52:22,0,0,50731B,Wunsche Phoenix Fire Tech,CARL WUNSCHE SR HIGH SCHOOL,Texas - Region 3,United States
5885,8,0,8,0,8,2026-02-07 19:13:32,2026-02-07 19:16:32,0,0,50226B,Merivale Robotics,Merivale High School,Ontario,Canada
5886,8,0,8,0,8,2026-02-28 13:35:12,2026-02-28 12:44:33,0,0,84331D,T-VEX,LYCEE VAUBAN LUXEMBOURG,Luxembourg,Luxembourg
5887,8,0,8,0,8,,2025-11-08 22:06:36,0,0,1034A,Louisville Robotics,LOUISVILLE HIGH SCHOOL,California - Region 4,United States
5888,8,0,8,0,8,,2025-11-15 20:20:59,0,0,6975X,Spotsy Bots,SPOTSYLVANIA HIGH,Virginia,United States
5889,8,0,8,0,8,,2025-11-22 09:22:23,0,0,15966B,Zhixin TB,Zhixin High School 广州市执信中学,South China,China
5890,8,0,8,0,8,,2025-11-22 18:41:54,0,0,11419A,Sioux Falls Christian Chargers,Sioux Falls Christian School,South Dakota,United States
5891,8,0,8,0,8,,2025-12-06 15:38:50,0,0,98271A,GearWings,Caledonia High School,Michigan,United States
5892,8,0,8,0,8,,2025-12-06 17:34:26,0,0,6297A,FCS Paladins,Fellowship Christian School,Georgia,United States
5893,8,0,8,0,8,,2025-12-06 17:35:27,0,0,4216A,Mystery Gang,LAKESIDE HIGH SCHOOL,Arkansas,United States
5894,8,0,8,0,8,,2025-12-13 18:43:19,0,0,3162Z,HHS Gearheads,HUNTINGTON HIGH SCHOOL,Texas - Region 3,United States
5895,8,0,8,0,8,,2026-01-10 18:38:59,0,0,60233W,Newsome STEM,NEWSOME HIGH SCHOOL,Florida - North/Central,United States
5896,8,0,8,0,8,,2026-01-10 18:42:08,0,0,37358B,Disorder,KEARNY COLLEGE CONNECTIONS,California - Region 4,United States
5897,8,0,8,0,8,,2026-01-11 15:09:16,0,0,96959B,Files Not Found,PORTAGE NORTHERN HIGH SCHOOL,Michigan,United States
5898,8,0,8,0,8,,2026-01-15 23:23:15,0,0,82017A,Supernova,SOUTH ADAMS HIGH SCHOOL,Indiana - Region 1 - North,United States
5899,8,0,8,0,8,,2026-01-17 16:07:11,0,0,50500A,GT6ROBO,GATEWAY SCIENCE ACADEMY HIGH,Missouri,United States
5900,8,0,8,0,8,,2026-01-17 20:39:44,0,0,20571B,ImPROv,PORTER EARLY COLLEGE HIGH SCHOOL,Texas - Region 6,United States
5901,8,0,8,0,8,,2026-01-19 19:03:54,0,0,5111D,AP 5111D,AVERILL PARK HIGH SCHOOL,New York-North,United States
5902,8,0,8,0,8,,2026-01-19 21:32:09,0,0,7164C,PI-rtz C,SOUTHWEST SENIOR HIGH,California - Region 4,United States
5903,8,0,8,0,8,,2026-01-28 21:10:19,0,0,27261C,27261C,CBTIS 293,Mexico,Mexico
5904,8,0,8,0,8,,2026-01-31 11:08:06,0,0,25055E,ASD Falcons,American School of Dubai,United Arab Emirates,United Arab Emirates
5905,8,0,8,0,8,,2026-01-31 17:00:49,0,0,1957A,MHS Bulldogs 1,Marianna High School,Florida - North/Central,United States
5906,8,0,8,0,8,,2026-01-31 17:01:57,0,0,73895A,Daedalus,MEDWAY HIGH,Massachusetts,United States
5907,8,0,8,0,8,,2026-02-06 19:44:54,0,0,87217R,Them fries in da bagz,RIVERSIDE HIGH SCHOOL,Texas - Region 1,United States
5908,8,0,8,0,8,,2026-02-12 16:45:27,0,0,73137A,HACC'D,Cuba-Rushford Central School,New York-North,United States
5909,8,0,8,0,8,,2026-02-13 17:41:53,0,0,71161A,Powerful Programming Panthers,RIVERSIDE HIGH SCHOOL,Pennsylvania - West,United States
5910,8,0,8,0,8,,2026-02-13 19:02:51,0,0,56238A,HCRC,HARBOR CREEK SENIOR HIGH SCHOOL,Pennsylvania - West,United States
5911,8,0,8,0,8,,2026-02-14 17:45:56,0,0,7996A,Axiom,HIGLEY HIGH SCHOOL,Arizona,United States
5912,8,0,8,0,8,,2026-02-21 17:08:28,0,0,44012A,Avon Lake Robotics,Avon Lake High School,Ohio,United States
5913,8,0,8,0,8,,2026-02-21 18:32:51,0,0,99223C,PW Robotics Team C,PLYMOUTH-WHITEMARSH SHS,Pennsylvania - East,United States
5914,8,0,8,0,8,,2026-02-21 19:01:26,0,0,51500C,PDS Robotics,Princeton Day School,New Jersey,United States
5915,8,0,8,0,8,,2026-02-21 21:58:59,0,0,8880B,Adelphi STEP,Adelphi University STEP Program,New York-South,United States
5916,8,0,8,0,8,,2026-02-21 22:45:16,0,0,78611G,Te Aka Mauri teams engineering,Rotorua Girls High School,New Zealand,New Zealand
5917,8,0,8,0,8,,2026-02-28 18:26:55,0,0,46952B,ClawCore Robotics,EASTBROOK HIGH SCHOOL,Indiana - Region 1 - North,United States
5918,8,0,8,0,8,,2026-03-04 18:49:45,0,0,5111E,AP 5111E,AVERILL PARK HIGH SCHOOL,New York-North,United States
5919,7,2,5,2,6,2026-02-27 16:49:51,2026-02-14 16:45:07,43,0,6463C,Fontainebleau RoboDawgs,FONTAINEBLEAU HIGH SCHOOL,Louisiana,United States
5920,7,2,5,2,6,2025-11-22 09:57:12,2025-09-27 02:44:54,0,0,5915Z,PNP-Z,VEX Academy of  Guangzhou PNP studio,South China,China
5921,7,2,5,2,5,2026-01-10 20:25:08,2026-01-10 20:06:52,0,0,5813A,Brobotics,ABRAHAM LINCOLN HIGH SCHOOL,Iowa,United States
5922,7,1,6,1,6,2026-01-18 16:47:48,2026-01-18 15:53:29,50,0,25063A,Vex Secret Services,CHARLOTTE SENIOR HIGH SCHOOL,Michigan,United States
5923,7,0,7,1,7,2025-12-11 00:18:54,2026-01-17 20:20:01,48,0,28466A,Autonomous Assault,SPRINGS STUDIO FOR ACADEMIC EXCELLENCE,Colorado,United States
5924,7,1,6,1,6,2026-01-15 10:38:16,2026-01-15 10:30:40,0,0,73272B,RIS Phoenix 2,Ruamrudee International School,Thailand,Thailand
5925,7,1,6,1,6,2026-01-30 20:21:48,2026-01-30 20:31:44,0,0,93877A,COBACH 13 Raptors,COLEGIO DE BACHILLERES DEL ESTADO DE CHIHUAHUA PLANTEL 13,Mexico,Mexico
5926,7,1,6,1,6,2026-02-14 22:37:24,2026-02-14 21:40:49,0,0,91894E,HuskyTech,CENTENNIAL HIGH,California - Region 4,United States
5927,7,0,7,0,7,2026-02-21 16:35:47,2026-02-21 16:37:23,54,0,76543C,Pioneers,SOUTH-WESTERN CAREER ACADEMY,Ohio,United States
5928,7,0,7,0,7,2025-12-06 17:50:19,2025-12-06 15:54:38,52,0,17404W,Fate,WEST YORK AREA HIGH SCHOOL,Pennsylvania - East,United States
5929,7,0,7,0,7,2025-11-02 19:08:30,2026-01-25 22:06:15,55,0,733D,NP3 Pirates D,NATOMAS PACIFIC PATHWAYS PREP,California - Region 2,United States
5930,7,0,7,0,7,2026-01-24 21:30:28,2026-01-24 21:27:12,0,0,30372Z,RoboStangs - HS 2,RANCHO SOLANO PREPARATORY SCHOOL,Arizona,United States
5931,7,0,7,0,7,2026-02-04 23:52:33,2026-02-04 23:57:39,0,0,41051A,CECYTEM Nahuatzen,CECYTEM Plantel Nahuatzen,Mexico,Mexico
5932,7,0,7,0,7,2026-02-07 16:13:19,2026-02-07 20:28:23,0,0,30884A,Seahawk1,BISHOP SEABURY ACADEMY,Kansas,United States
5933,7,0,7,0,7,,2025-10-04 19:07:39,0,0,19713R,The Churro Squad,Cypress Ranch High School,Texas - Region 3,United States
5934,7,0,7,0,7,,2025-11-01 19:02:36,0,0,42329C,Schlorp McBingles,Howe High School,Texas - Region 5,United States
5935,7,0,7,0,7,,2025-11-08 14:27:08,0,0,59321B,MADCO,Madison County High School,Florida - North/Central,United States
5936,7,0,7,0,7,,2025-11-08 18:51:42,0,0,15350A,Aquila,Johnston Heights Secondary,British Columbia (BC),Canada
5937,7,0,7,0,7,,2025-11-08 19:53:39,0,0,34300G,Wolves,Ecole Salish Secondary (Surrey School District),British Columbia (BC),Canada
5938,7,0,7,0,7,,2025-11-15 15:09:18,0,0,6249D,The Four Wheel Flop,BOOTHBAY REGION HIGH SCHOOL,Maine,United States
5939,7,0,7,0,7,,2025-11-21 00:20:36,0,0,26681G,Crash-outs,STRUTHERS HIGH SCHOOL,Ohio,United States
5940,7,0,7,0,7,,2025-12-06 16:01:03,0,0,71811W,Whiplash,NORTHVIEW HIGH SCHOOL,Georgia,United States
5941,7,0,7,0,7,,2025-12-06 19:57:15,0,0,98549R,Ravens,Burnsview Secondary,British Columbia (BC),Canada
5942,7,0,7,0,7,,2025-12-06 20:38:35,0,0,8373H,MHP Twisted Axles,MADISON HIGHLAND PREP,Arizona,United States
5943,7,0,7,0,7,,2025-12-07 00:21:20,0,0,751F,Baron Bots,BONITA VISTA SENIOR HIGH,California - Region 4,United States
5944,7,0,7,0,7,,2025-12-07 18:27:11,0,0,11818B,King David Lions,King David High School,British Columbia (BC),Canada
5945,7,0,7,0,7,,2025-12-20 17:24:37,0,0,10900B,PELICAN-1,HAMPDEN CHARTER SCHOOL OF SCIENCE EAST,Massachusetts,United States
5946,7,0,7,0,7,,2026-01-03 15:43:02,0,0,23037D,Dominion,FINDLAY HIGH SCHOOL,Ohio,United States
5947,7,0,7,0,7,,2026-01-11 18:07:59,0,0,299Z,Little Goblins,SKY VALLEY EDUCATION CENTER,Washington,United States
5948,7,0,7,0,7,,2026-01-15 14:45:58,0,0,42206B,Clonfert College Team 2,Ardscoil Mhuire,Ireland,Ireland
5949,7,0,7,0,7,,2026-01-17 16:50:53,0,0,85986B,Big Hero 6,RIVERSIDE HIGH,South Carolina,United States
5950,7,0,7,0,7,,2026-01-17 19:46:27,0,0,58387N,Big Red Robotics,NAHS Robotics Club,Massachusetts,United States
5951,7,0,7,0,7,,2026-01-22 20:45:51,0,0,2664X,InGen,Dolphin Robotics,Massachusetts,United States
5952,7,0,7,0,7,,2026-01-24 12:43:42,0,0,41908A,CAST Robotics,Cambridge Academy for Science and Technology,United Kingdom,United Kingdom
5953,7,0,7,0,7,,2026-01-24 17:39:00,0,0,48657A,Da Meridian Clankers,MERIDIAN EARLY COLLEGE HIGH SCHOOL,Michigan,United States
5954,7,0,7,0,7,,2026-01-24 17:49:36,0,0,14819B,NHS Robotics B,NOBLESVILLE HIGH SCHOOL,Indiana - Region 2 - Central,United States
5955,7,0,7,0,7,,2026-01-24 18:50:10,0,0,1965B,Minutemen Mechanics,Adlai E Stevenson High School,Illinois,United States
5956,7,0,7,0,7,,2026-01-29 20:10:58,0,0,2664J,Torx Crew,Dolphin Robotics,Massachusetts,United States
5957,7,0,7,0,7,,2026-01-31 17:31:14,0,0,44047C,JEDI Robo Princesses,JEFFERSON AREA SR HIGH SCHOOL,Ohio,United States
5958,7,0,7,0,7,,2026-01-31 23:32:07,0,0,6264M,Shawnigan Robotics,Shawnigan Lake School,Vancouver Island (BC),Canada
5959,7,0,7,0,7,,2026-02-07 15:53:51,0,0,48988B,Bobcats Team 2,Rule ISD,Texas - Region 5,United States
5960,7,0,7,0,7,,2026-02-07 17:08:39,0,0,33418Y,The Benjineers Junior Varsity,THE BENJAMIN SCHOOL,Florida - South,United States
5961,7,0,7,0,7,,2026-02-07 20:10:59,0,0,79190A,Aluminum Avengers,Alabama School For Deaf,Alabama,United States
5962,7,0,7,0,7,,2026-02-07 20:14:00,0,0,31820A,Harris County Corner Crew,Harris County Robotics Association,Georgia,United States
5963,7,0,7,0,7,,2026-02-14 19:05:02,0,0,45133P,Party Poopers,HILLSBORO HIGH SCHOOL,Ohio,United States
5964,7,0,7,0,7,,2026-02-14 19:24:02,0,0,64762F,Gadget Gang 2.0,BANGOR HIGH SCHOOL,Maine,United States
5965,7,0,7,0,7,,2026-02-14 20:44:02,0,0,59310A,Pierz Mechaneers,HEALY SECONDARY,Minnesota,United States
5966,7,0,7,0,7,,2026-02-14 21:41:44,0,0,76903A,Samsung Smart Microwave,LAKE VIEW HIGH SCHOOL,Texas - Region 5,United States
5967,7,0,7,0,7,,2026-02-15 19:31:54,0,0,19383E,NewRo Bots,NEW ROCHELLE HIGH SCHOOL,New York-South,United States
5968,7,0,7,0,7,,2026-02-18 01:16:02,0,0,34716B,ArrowNova Robotics,A+ CHARTER SCHOOLS,Arizona,United States
5969,7,0,7,0,7,,2026-02-21 18:28:23,0,0,8890A,IronRAMS A,DICKINSON (JOHN) HIGH SCHOOL,Delmarva,United States
5970,7,0,7,0,7,,2026-02-28 16:42:39,0,0,29577A,Monarch Mechanics,Trinity Hall,New Jersey,United States
5971,7,0,7,0,7,,2026-02-28 19:44:44,0,0,37458A,Gen Bots,WASHINGTON LIBERTY HIGH,Virginia,United States
5972,7,0,7,0,7,,2026-02-28 20:07:40,0,0,80452B,The Parthian's,Sheridan High School,Arkansas,United States
5973,7,0,7,0,7,,2026-03-07 20:36:13,0,0,18908X,Hawkeye,HARMONY SCHOOL OF EXCELLENCE - LAREDO,Texas - Region 6,United States
5974,7,0,7,0,7,,2026-03-09 15:39:45,0,0,24740B,MCTEC Mustangs,MERCER COUNTY TECHNICAL EDUCATION CENTER,West Virginia,United States
5975,6,2,4,2,5,2025-12-06 20:05:25,2026-02-07 18:15:23,0,0,18268A,Wrench Monkeys,ST. GEORGE ACADEMY,Utah,United States
5976,6,2,4,2,4,2026-01-03 08:24:26,2026-01-04 08:40:03,0,0,18850F,Thunder,FMV Özel Florya Işık Lisesi,Türkiye,Türkiye
5977,6,1,5,1,5,2025-12-13 19:19:34,2025-12-13 19:54:39,48,0,93400B,Sketch Bots,BEAUFORT HIGH,South Carolina,United States
5978,6,1,5,1,5,2025-12-13 17:11:16,2025-12-13 19:07:57,35,0,17404Y,The Riff Raffs,WEST YORK AREA HIGH SCHOOL,Pennsylvania - East,United States
5979,6,0,6,1,6,2026-02-05 00:51:52,2025-11-13 19:14:09,0,0,82632A,CECYTEM PURUANDIRO,CETYTE MICHOACÁN,Mexico,Mexico
5980,6,1,5,1,5,2026-02-21 19:10:59,2026-02-21 18:48:42,0,0,32410C,Golden Dawn,Redwater High School,Texas - Region 2,United States
5981,6,0,6,0,6,2025-11-08 22:01:34,2025-11-08 19:15:37,51,0,7187V,Windows 9,FAYETTEVILLE HIGH SCHOOL EAST,Arkansas,United States
5982,6,0,6,0,6,2026-01-22 15:52:59,2026-01-22 15:56:50,44,0,35501A,35501A Brotherhood of Steel,JASPER HIGH SCHOOL,Alabama,United States
5983,6,0,6,0,6,2026-02-14 15:55:16,2026-02-14 19:39:14,26,0,55745D,Bison Robotics,VISTA PEAK 9-12 PREPARATORY,Colorado,United States
5984,6,0,6,0,6,,2025-11-08 20:05:05,0,15,74419A,RoboZilla,MARBLE FALLS HIGH SCHOOL,Texas - Region 4,United States
5985,6,0,6,0,6,,2026-02-03 21:30:12,0,1,44405A,ALT F4 Robotics,ODYSSEY EARLY COLLEGE AND CAREER OPTIONS,Colorado,United States
5986,6,0,6,0,6,2026-02-14 19:57:07,2026-01-10 20:12:51,35,0,3412A,"VRC in Paradise  ",Paradise Valley High School,Arizona,United States
5987,6,0,6,0,6,2025-11-08 16:13:11,2025-11-08 17:52:55,0,0,1697A,Up For Debate,HALL HIGH SCHOOL,Connecticut,United States
5988,6,0,6,0,6,2025-11-15 15:05:21,2025-11-15 17:11:45,0,0,85A,I don't know how to pronounce it,Mount Vernon CSD,Iowa,United States
5989,6,0,6,0,6,2026-01-10 20:11:31,2026-01-10 17:40:55,0,0,6425A,Wahooey,BAY PORT HIGH,Wisconsin,United States
5990,6,0,6,0,6,2026-01-24 17:35:51,2026-01-24 18:05:22,0,0,14819E,NHS Robotics E,NOBLESVILLE HIGH SCHOOL,Indiana - Region 2 - Central,United States
5991,6,0,6,0,6,2026-01-24 19:17:07,2026-01-24 17:33:52,0,0,36092N,WHS NERDS 4,WETUMPKA HIGH SCHOOL,Alabama,United States
5992,6,0,6,0,6,2026-02-04 23:03:00,2026-02-04 23:02:50,0,0,29215A,DELAMR REX,DELMAR INTERNATIONAL SCHOOL,Mexico,Mexico
5993,6,0,6,0,6,2026-02-07 20:19:41,2026-02-07 18:17:32,0,0,1069E,Lethally Wired,Berthoud Robotics,Colorado,United States
5994,6,0,6,0,6,2026-02-07 20:56:42,2026-02-07 21:23:15,0,0,31645B,Roarbotics,EDISON HIGH,California - Region 3,United States
5995,6,0,6,0,6,2026-02-14 21:53:47,2026-02-14 19:23:06,0,0,13650B,We Tried....,WINNECONNE HIGH,Wisconsin,United States
5996,6,0,6,0,6,2026-02-21 19:24:09,2026-02-21 20:25:07,0,0,50805H,The Blue Whales,Robotechs,Virginia,United States
5997,6,0,6,0,6,2026-02-28 18:10:15,2026-02-28 14:55:33,0,0,1624A,MHS Robotics Team,Martinsville High School,Indiana - Region 2 - Central,United States
5998,6,0,6,0,6,,2025-10-24 07:47:53,0,0,10505N,浙江省杭州第二中学,浙江省杭州市第二中学,East China,China
5999,6,0,6,0,6,,2025-10-25 03:43:42,0,0,79226A,Clairvaux MacKillop College 1,Clairvaux Mackillop College,Australia,Australia
6000,6,0,6,0,6,,2025-10-25 03:47:19,0,0,21572A,TLC Terminators,The Lakes College,Australia,Australia
6001,6,0,6,0,6,,2025-10-25 17:49:39,0,0,66423B,Plastic Gear Solid,HANDLEY HIGH SCHOOL,Alabama,United States
6002,6,0,6,0,6,,2025-11-08 18:19:54,0,0,60708D,The Cheese Weasels,CTE Innovation Center - GCS,South Carolina,United States
6003,6,0,6,0,6,,2025-11-08 19:11:30,0,0,17451F,AvengerRobotics-E,AvengerRobotics_VEX,Georgia,United States
6004,6,0,6,0,6,,2025-11-15 21:36:47,0,0,90475D,Desert Vipers,DEER PARK HIGH SCHOOL (SC),Texas - Region 3,United States
6005,6,0,6,0,6,,2025-11-22 19:50:58,0,0,9594H,RoboCavs,Collingwood School,British Columbia (BC),Canada
6006,6,0,6,0,6,,2025-11-28 16:24:53,0,0,75485B,KES Turbo Bots,kes.edu.kw,Kuwait,Kuwait
6007,6,0,6,0,6,,2025-12-06 17:45:00,0,0,4873G,Gasoline,Seckinger High School,Georgia,United States
6008,6,0,6,0,6,,2025-12-11 17:12:25,0,0,36092X,WHS NERDS 2,WETUMPKA HIGH SCHOOL,Alabama,United States
6009,6,0,6,0,6,,2025-12-13 15:54:29,0,0,72519E,Echo Panthers,Lisbon Regional School,New Hampshire/Vermont,United States
6010,6,0,6,0,6,,2025-12-13 18:42:35,0,0,27905D,Requiem,MARSHFIELD HIGH,Wisconsin,United States
6011,6,0,6,0,6,,2025-12-13 18:54:45,0,0,1235B,Wolverines B,WEST FORSYTH HIGH SCHOOL,Georgia,United States
6012,6,0,6,0,6,,2025-12-20 15:03:09,0,0,59148A,Francis Lewis: The Patriot Auto-Bots I,FRANCIS LEWIS HIGH SCHOOL,New York-South,United States
6013,6,0,6,0,6,,2025-12-20 18:07:25,0,0,41001M,Cyber Mustangs,MERGENTHALER VOCATIONAL-TECHNICAL HIGH,Maryland,United States
6014,6,0,6,0,6,,2026-01-08 20:52:49,0,0,39045D,MechoShark,MONOMOY REGIONAL HIGH SCHOOL,Massachusetts,United States
6015,6,0,6,0,6,,2026-01-10 16:15:10,0,0,91775E,Red40,FAIRBANKS HIGH SCHOOL,Ohio,United States
6016,6,0,6,0,6,,2026-01-10 17:03:39,0,0,3743G,Booowlers,ERIE HIGH SCHOOL,Colorado,United States
6017,6,0,6,0,6,,2026-01-10 19:14:37,0,0,52311H,Robotanists,HIGHLAND PREP,Arizona,United States
6018,6,0,6,0,6,,2026-01-11 18:29:53,0,0,90262A,Lynwood HS Knights A,LYNWOOD HIGH,California - Region 4,United States
6019,6,0,6,0,6,,2026-01-15 14:41:25,0,0,18844M,VEX Vipers,Marist Colllege,Ireland,Ireland
6020,6,0,6,0,6,,2026-01-16 23:59:21,0,0,99299V,V.O.V.,BEECH SR HIGH SCHOOL,Tennessee,United States
6021,6,0,6,0,6,,2026-01-17 16:38:06,0,0,90843B,The Blockheads,UNION GROVE HIGH,Wisconsin,United States
6022,6,0,6,0,6,,2026-01-17 16:54:35,0,0,91524A,Robotic Knights,JOSE MARTI MAST 6-12 ACADEMY,Florida - South,United States
6023,6,0,6,0,6,,2026-01-17 17:48:31,0,0,1860D,Lucky,Mountain View High School,Texas - Region 1,United States
6024,6,0,6,0,6,,2026-01-17 19:03:59,0,0,12319Y,Lockerby Robotics 4,Lockerby Composite School,Ontario,Canada
6025,6,0,6,0,6,,2026-01-24 04:15:27,0,0,59644D,Diva,Branksome Hall Asia,South Korea,"Korea, Republic of"
6026,6,0,6,0,6,,2026-01-24 15:54:22,0,0,33711B,Marblehead HS Bravo,MARBLEHEAD HIGH,Massachusetts,United States
6027,6,0,6,0,6,,2026-01-24 17:33:56,0,0,6523C,The Ethernets,TRI-CITY COLLEGE PREP,Arizona,United States
6028,6,0,6,0,6,,2026-01-24 19:35:45,0,0,50170B,Gators B,GREENWICH ACADEMY,Connecticut,United States
6029,6,0,6,0,6,,2026-01-30 17:50:54,0,0,15406A,NARIGURI CECyT No.5 San Juanito,"CECYTE SAN JUANITO, BOCOYNA",Mexico,Mexico
6030,6,0,6,0,6,,2026-01-31 00:44:13,0,0,89264D,Dill Pickles,TEACH-NW,Oregon,United States
6031,6,0,6,0,6,,2026-01-31 14:00:45,0,0,804C,Red Devils,AVON PARK HIGH SCHOOL,Florida - North/Central,United States
6032,6,0,6,0,6,,2026-01-31 14:15:34,0,0,14141Z,OGs,South Lake Robotics,Florida - North/Central,United States
6033,6,0,6,0,6,,2026-01-31 15:57:10,0,0,1110A,TeraΩ,Worcester Academy,Massachusetts,United States
6034,6,0,6,0,6,,2026-01-31 18:22:24,0,0,830A,Bundle of Wires,Jim Ned High School,Texas - Region 5,United States
6035,6,0,6,0,6,,2026-01-31 19:14:53,0,0,89135B,The Dantastic 4,WEST CAREER & TECHNICAL ACADEMY,Nevada,United States
6036,6,0,6,0,6,,2026-01-31 20:20:33,0,0,82021B,The Chefs,CHARTER OAK HIGH,California - Region 4,United States
6037,6,0,6,0,6,,2026-01-31 22:16:17,0,0,98765C,Lodi High Robotics,LODI HIGH,California - Region 2,United States
6038,6,0,6,0,6,,2026-02-05 00:37:55,0,0,79625A,CECYTEM Atecucario,CECYTEM Plantel Atecucario,Mexico,Mexico
6039,6,0,6,0,6,,2026-02-07 14:10:29,0,0,45135D,The 501st (Fairfield Local Freshman),FAIRFIELD LOCAL HIGH SCHOOL,Ohio,United States
6040,6,0,6,0,6,,2026-02-07 18:18:58,0,0,39672W,MIT Class of 2030,Washburn Rural High School,Kansas,United States
6041,6,0,6,0,6,,2026-02-07 18:38:55,0,0,5111B,AP 5111B,AVERILL PARK HIGH SCHOOL,New York-North,United States
6042,6,0,6,0,6,,2026-02-07 18:53:21,0,0,66795A,CSAS Blue,Chattanooga School For Arts And Sciences Upper,Tennessee,United States
6043,6,0,6,0,6,,2026-02-07 19:11:37,0,0,18316B,RA Knights,RENAISSANCE ACADEMY CS,Pennsylvania - East,United States
6044,6,0,6,0,6,,2026-02-07 21:12:07,0,0,53189A,Arc Length = θ × r,Russell County High School,Alabama,United States
6045,6,0,6,0,6,,2026-02-11 02:57:45,0,0,87546H,Lenny,Korea International School,South Korea,"Korea, Republic of"
6046,6,0,6,0,6,,2026-02-14 14:58:48,0,0,54140E,M.A.C and cheese,Little Chute School District,Wisconsin,United States
6047,6,0,6,0,6,,2026-02-14 15:34:36,0,0,56029T,Isrozataco,CRESTVIEW HIGH SCHOOL,Ohio,United States
6048,6,0,6,0,6,,2026-02-14 16:49:47,0,0,12878C,Lioneers,Pineville High School,Louisiana,United States
6049,6,0,6,0,6,,2026-02-14 17:40:11,0,0,77999A,CKExpress,PADUA FRANCISCAN HIGH SCHOOL,Ohio,United States
6050,6,0,6,0,6,,2026-02-14 17:51:38,0,0,21860B,New Fairfield HS - Behemoth,NEW FAIRFIELD HIGH SCHOOL,Connecticut,United States
6051,6,0,6,0,6,,2026-02-14 18:55:16,0,0,74105B,Hi Voltage,NORTHWEST CABARRUS HIGH,North Carolina,United States
6052,6,0,6,0,6,,2026-02-14 18:56:39,0,0,92168A,LCA Hungry Hippos,LEGACY CHRISTIAN ACADEMY,Texas - Region 5,United States
6053,6,0,6,0,6,,2026-02-14 22:07:41,0,0,11513K,DHS Robotics,DICKINSON HIGH SCHOOL,Texas - Region 3,United States
6054,6,0,6,0,6,,2026-02-14 23:23:00,0,0,590R,Team Rocket,TEXAS CITY HIGH SCHOOL,Texas - Region 3,United States
6055,6,0,6,0,6,,2026-02-21 00:45:24,0,0,2908Y,MAGS Roarbotix Y,Mount Albert Grammar School,New Zealand,New Zealand
6056,6,0,6,0,6,,2026-02-21 16:33:28,0,0,98927B,Mountaineers,Ephrata Senior High School,Pennsylvania - East,United States
6057,6,0,6,0,6,,2026-02-21 18:40:33,0,0,93436C,Maple High Robotics 93436C,MAPLE HIGH,California - Region 3,United States
6058,6,0,6,0,6,,2026-02-21 21:07:25,0,0,93241J,Joker Robotics,Spotswood College,New Zealand,New Zealand
6059,6,0,6,0,6,,2026-02-21 21:57:09,0,0,20196A,Spiky Dinos,Northshore Coding and Robotics Club,New York-South,United States
6060,6,0,6,0,6,,2026-02-24 20:44:42,0,0,39599J,WHS Warriors,WINTERS HIGH,California - Region 2,United States
6061,6,0,6,0,6,,2026-02-26 10:48:29,0,0,73490A,Bobotter,roboMINT e.V.,Germany,Germany
6062,6,0,6,0,6,,2026-02-28 17:19:56,0,0,85C,Kingfisher,Mount Vernon CSD,Iowa,United States
6063,6,0,6,0,6,,2026-02-28 18:30:51,0,0,9227F,Felipe Gorilla,ROSELLE PARK HIGH SCHOOL,New Jersey,United States
6064,6,0,6,0,6,,2026-02-28 19:27:25,0,0,93971B,KRT Kearny Robotics Team B Borealis,LINCOLN  SCHOOL,New Jersey,United States
6065,6,0,6,0,6,,2026-03-07 18:26:54,0,0,1902Y,Panther Whatever's - CHS,CHICO HIGH,California - Region 1,United States
6066,6,0,6,0,6,,2026-03-07 20:00:47,0,0,20132A,Falcon Robotics - Field Error,CENTRAL VALLEY HIGH,California - Region 1,United States
6067,5,5,0,5,3,2026-01-24 17:52:33,2025-11-08 18:25:51,54,0,9228A,Mecha Eagles,ST JOHNS PREPARATORY SCHOOL,Massachusetts,United States
6068,5,5,0,5,0,2025-11-15 19:47:20,,0,0,23037C,Burnouts,FINDLAY HIGH SCHOOL,Ohio,United States
6069,5,2,3,2,3,2026-02-08 04:15:28,2026-02-07 04:29:54,50,0,3788X,LKSS X,東華三院李嘉誠中學,Hong Kong,Hong Kong
6070,5,2,3,2,3,2026-02-28 17:51:06,2026-02-28 15:28:52,45,0,31330A,Midwest Princesses,SEYMOUR SENIOR HIGH SCHOOL,Indiana - Region 3 - South,United States
6071,5,1,4,1,5,2026-01-19 22:11:30,2026-01-10 20:28:39,51,0,62869D,HSI FW HS,HARMONY SCHOOL OF INNOVATION - FORT WORTH,Texas - Region 5,United States
6072,5,1,4,1,4,2026-02-27 17:18:51,2026-02-27 17:07:39,43,0,17921W,North Schuylkill High School 1,NORTH SCHUYLKILL JSHS,Pennsylvania - East,United States
6073,5,1,4,1,4,2026-02-28 18:29:15,2026-02-28 15:34:10,39,0,59813A,Central Regional Eagles,CENTRAL REGIONAL HIGH SCHOOL,New Jersey,United States
6074,5,1,4,1,4,2025-11-07 13:28:37,2025-11-07 13:35:43,0,0,67591A,256 CYBER-BOTS,SOROTI MUNICIPAL S.S,Uganda,Uganda
6075,5,1,4,1,4,2026-01-31 17:46:04,2026-01-31 16:45:39,0,0,1870B,Wall-E CHS,CANISIUS HIGH SCHOOL,New York-North,United States
6076,5,1,4,1,4,2026-02-21 22:37:39,2026-02-21 03:35:09,0,0,88397H,Andrew J Miller Fan Club,"St Andrew's College, Christchurch",New Zealand,New Zealand
6077,5,0,5,0,5,2026-01-19 21:12:10,2026-01-19 22:42:36,53,0,3051C,Olympian Budgies,Olympian High School Robotics,California - Region 4,United States
6078,5,0,5,0,5,2026-02-01 21:21:00,2026-02-01 19:29:37,48,0,66757C,NeoC Monarchs,"NeoCity Academy, Osceola School District",Florida - North/Central,United States
6079,5,0,5,0,5,2026-02-07 17:27:23,2026-02-07 17:29:25,45,0,36316B,Knight Bots 2,POPE JOHN PAUL II PREPARATORY SCHOOL,Tennessee,United States
6080,5,0,5,0,5,2026-01-17 14:47:50,2026-01-17 14:56:13,41,0,37148C,Robotniks,PORTLAND HIGH SCHOOL,Tennessee,United States
6081,5,0,5,0,5,,2026-01-31 22:22:05,0,5,945T,Los Pollos Hermanos,Green Valley High School,Nevada,United States
6082,5,0,5,0,5,,2025-12-06 16:17:03,0,1,1282A,Clarkston High School,CLARKSTON HIGH SCHOOL,Georgia,United States
6083,5,0,5,0,5,2026-02-21 16:28:24,2026-03-14 19:17:01,53,0,39169B,Carlsbad Cavemen #2,CARLSBAD HIGH,New Mexico,United States
6084,5,0,5,0,5,2025-12-07 01:22:17,2025-12-07 01:09:24,0,0,7164B,B Pi-rtz,SOUTHWEST SENIOR HIGH,California - Region 4,United States
6085,5,0,5,0,5,2025-12-18 20:55:17,2025-12-18 20:40:25,0,0,6975J,OSHA Violation,SPOTSYLVANIA HIGH,Virginia,United States
6086,5,0,5,0,5,2026-01-10 18:58:43,2026-01-10 16:23:29,0,0,33190G,Galactic Geeks Robotics,VIRGIL GRISSOM HIGH SCHOOL,Alabama,United States
6087,5,0,5,0,5,2026-01-17 18:11:34,2026-01-17 18:47:50,0,0,34300C,Wolves,Ecole Salish Secondary (Surrey School District),British Columbia (BC),Canada
6088,5,0,5,0,5,2026-01-17 19:30:53,2026-01-17 21:02:29,0,0,43141E,Too Many Motors,HIGHLAND HIGH SCHOOL,Arizona,United States
6089,5,0,5,0,5,2026-01-17 19:31:49,2026-01-17 15:43:11,0,0,89725H,Horizon,ESC l'Horizon,Ontario,Canada
6090,5,0,5,0,5,2026-01-31 18:02:46,2026-01-31 17:41:12,0,0,79130N,Bear'ly Functioning,Newfound Regional High School,New Hampshire/Vermont,United States
6091,5,0,5,0,5,2026-01-31 21:05:52,2026-01-31 19:49:00,0,0,2990Z,Zenith,West Salem High School,Oregon,United States
6092,5,0,5,0,5,2026-02-07 20:23:00,2026-02-07 20:33:21,0,0,27025A,Quicksilver,SOUTH TEXAS ISD SCIENCE ACADEMY,Texas - Region 6,United States
6093,5,0,5,0,5,2026-02-13 19:19:18,2026-02-13 19:14:24,0,0,73134A,Harmony,HARMONY SCHOOL OF INNOVATION - FORT,Texas - Region 5,United States
6094,5,0,5,0,5,2026-02-21 17:07:16,2026-02-21 18:50:33,0,0,21204B,FORA Team B,FORA: Forging Opportunities for Refugees in America,Illinois,United States
6095,5,0,5,0,5,,2025-08-12 02:07:27,0,0,96498E,Copperfield Error 404,Copperfield College,Australia,Australia
6096,5,0,5,0,5,,2025-10-12 19:47:16,0,0,76076A,Sailor Sixers,Independence High School,California - Region 2,United States
6097,5,0,5,0,5,,2025-10-17 15:26:31,0,0,72991A,Citronelle Team 1,CITRONELLE HIGH SCHOOL,Alabama,United States
6098,5,0,5,0,5,,2025-10-18 20:50:08,0,0,84136D,Darkside,STEPHEN F AUSTIN HIGH SCHOOL,Texas - Region 3,United States
6099,5,0,5,0,5,,2025-10-18 23:18:23,0,0,1437A,Patriot Robotics,VIEWPOINT SCHOOL,California - Region 4,United States
6100,5,0,5,0,5,,2025-10-25 03:22:54,0,0,16999S,苏州山峰双语学校,苏州山峰双语学校,East China,China
6101,5,0,5,0,5,,2025-11-06 23:23:48,0,0,4519A,South High Area 51,OMAHA SOUTH MAGNET HIGH SCHOOL,Nebraska,United States
6102,5,0,5,0,5,,2025-11-08 18:54:30,0,0,65714A,Screamin' Eagles,Nixa High School JROTC,Missouri,United States
6103,5,0,5,0,5,,2025-11-08 21:00:40,0,0,30134C,The Reason for the Rule,MURRAY HIGH,Utah,United States
6104,5,0,5,0,5,,2025-11-13 20:20:54,0,0,44129A,CECYTEM Tancítaro,CECYTEM Plantel Tancítaro,Mexico,Mexico
6105,5,0,5,0,5,,2025-11-14 15:41:28,0,0,30506A,Bronco Robotics,EAST FORSYTH HIGH SCHOOL,Georgia,United States
6106,5,0,5,0,5,,2025-11-15 15:31:36,0,0,3104A,WHS Robotics Club,WINDERMERE HIGH,Florida - North/Central,United States
6107,5,0,5,0,5,,2025-11-15 16:16:49,0,0,13329B,Berwick Academy,Berwick Academy,Maine,United States
6108,5,0,5,0,5,,2025-11-15 18:39:13,0,0,43050W,The Grave Diggers,MOUNT VERNON HIGH SCHOOL,Ohio,United States
6109,5,0,5,0,5,,2025-11-16 20:18:57,0,0,2541A,Fremont Guerreros,JOHN C. FREMONT SENIOR HIGH,California - Region 4,United States
6110,5,0,5,0,5,,2025-11-19 18:57:06,0,0,12329A,The Crew,CA3L,Alabama,United States
6111,5,0,5,0,5,,2025-11-22 06:48:28,0,0,11618A,Black Kites Two,Renaissance College Hong Kong,Hong Kong,Hong Kong
6112,5,0,5,0,5,,2025-11-22 14:56:52,0,0,7567F,Wild Wild Westangs,GRAND TRAVERSE ACADEMY,Michigan,United States
6113,5,0,5,0,5,,2025-11-22 16:54:01,0,0,81699A,Red Devils Robotics,CENTRAL HIGH SCHOOL,Maine,United States
6114,5,0,5,0,5,,2025-11-22 20:16:11,0,0,5450E,Excellent Cosmos Chaos,Marshall County Central High School,Minnesota,United States
6115,5,0,5,0,5,,2025-12-03 00:10:13,0,0,22391C,The Dream Team,WESTMORELAND HIGH SCHOOL,Tennessee,United States
6116,5,0,5,0,5,,2025-12-05 00:03:09,0,0,82017B,The Under Engineers,SOUTH ADAMS HIGH SCHOOL,Indiana - Region 1 - North,United States
6117,5,0,5,0,5,,2025-12-06 15:00:33,0,0,2240W,Five Knights at Notre,COLEGIO CATOLICO NOTER DAME,Puerto Rico,Puerto Rico
6118,5,0,5,0,5,,2025-12-06 17:06:38,0,0,12313A,Maverick Robotics Team,PASADENA MEMORIAL HIGH SCHOOL,Texas - Region 3,United States
6119,5,0,5,0,5,,2025-12-06 17:19:23,0,0,1199B,Robo Rams B,ARABIA MOUNTAIN HIGH SCHOOL,Georgia,United States
6120,5,0,5,0,5,,2025-12-06 17:28:31,0,0,52311S,Hellmann's Mayonnaise Corporation,HIGHLAND PREP,Arizona,United States
6121,5,0,5,0,5,,2025-12-06 19:25:41,0,0,80817B,Turbo Box,FOUNTAIN-FORT CARSON HIGH SCHOOL,Colorado,United States
6122,5,0,5,0,5,,2025-12-06 19:57:52,0,0,99689C,Robohorns,W T WHITE HIGH SCHOOL,Texas - Region 2,United States
6123,5,0,5,0,5,,2025-12-09 22:38:54,0,0,91775C,"Gourmia 14qt All-In-One Digital Air Fryers, 1550W",FAIRBANKS HIGH SCHOOL,Ohio,United States
6124,5,0,5,0,5,,2025-12-12 17:50:29,0,0,5689C,IDK,CALDWELL SENIOR HIGH SCHOOL,Idaho,United States
6125,5,0,5,0,5,,2025-12-13 14:46:34,0,0,27309A,Jagbot,HORIZON SCIENCE ACADEMY TOLEDO,Ohio,United States
6126,5,0,5,0,5,,2025-12-13 14:51:41,0,0,93400C,Confusion Fusion,BEAUFORT HIGH,South Carolina,United States
6127,5,0,5,0,5,,2025-12-13 17:31:43,0,0,2105B,Swampbotics,WARE COUNTY HIGH SCHOOL,Georgia,United States
6128,5,0,5,0,5,,2025-12-13 17:32:35,0,0,68114A,The Warrior's Way,WESTSIDE HIGH SCHOOL,Nebraska,United States
6129,5,0,5,0,5,,2025-12-13 17:50:44,0,0,67572A,Cape Vikings,CAPE HENLOPEN HIGH SCHOOL,Delmarva,United States
6130,5,0,5,0,5,,2025-12-13 19:02:07,0,0,20541A,MixTape,TAHLEQUAH HIGH SCHOOL,Oklahoma,United States
6131,5,0,5,0,5,,2025-12-13 19:36:56,0,0,41998E,E,VALE HIGH SCHOOL,Oregon,United States
6132,5,0,5,0,5,,2025-12-13 21:03:58,0,0,27381V,Cavaliers,Chicago Vocational High School,Illinois,United States
6133,5,0,5,0,5,,2025-12-28 13:25:57,0,0,6302U,Ridgedale Rockets Robotics,RIDGEDALE JR/SR HIGH SCHOOL,Ohio,United States
6134,5,0,5,0,5,,2026-01-10 10:58:52,0,0,16886C,CIC CREW GEN2,Trường THPT Chuyên tỉnh Sơn La,Vietnam,Vietnam
6135,5,0,5,0,5,,2026-01-10 15:18:36,0,0,35691C,ElasticQ,CONCORDIA JR-SR HIGH,Kansas,United States
6136,5,0,5,0,5,,2026-01-10 15:47:31,0,0,70202A,The Side Effects,Loveland Classical School,Colorado,United States
6137,5,0,5,0,5,,2026-01-10 19:13:49,0,0,33993A,Mariner Tritons,MARINER HIGH SCHOOL,Florida - South,United States
6138,5,0,5,0,5,,2026-01-13 11:12:27,0,0,56457S,St Patricks College,St Patricks College,Ireland,Ireland
6139,5,0,5,0,5,,2026-01-13 12:13:51,0,0,19524A,SMGS 2,Scoil Mhuire Gan Smal,Ireland,Ireland
6140,5,0,5,0,5,,2026-01-16 13:38:55,0,0,71611B,Charterhouse,Charterhouse School,United Kingdom,United Kingdom
6141,5,0,5,0,5,,2026-01-16 19:10:22,0,0,29292S,Rising Akuma's,Peabody Magnet High School,Louisiana,United States
6142,5,0,5,0,5,,2026-01-17 18:44:07,0,0,91652A,Eaglots,ETOWAH HIGH SCHOOL,Georgia,United States
6143,5,0,5,0,5,,2026-01-17 19:37:10,0,0,34300F,Wolves,Ecole Salish Secondary (Surrey School District),British Columbia (BC),Canada
6144,5,0,5,0,5,,2026-01-17 20:45:09,0,0,29413B,Evil Inc. Of Pointe Coupee,STEM Magnet Academy of Pointe Coupee,Louisiana,United States
6145,5,0,5,0,5,,2026-01-17 20:50:44,0,0,46802C,Mater Wildcats 3,MATER BISCAYNE ACADEMY MIDDLE/HIGH,Florida - South,United States
6146,5,0,5,0,5,,2026-01-18 01:26:48,0,0,89555A,VMA MAKERS,Shenzhen Vanke Meisha Academy,South China,China
6147,5,0,5,0,5,,2026-01-18 18:25:31,0,0,75425A,Highlanders,West Milford High School,New Jersey,United States
6148,5,0,5,0,5,,2026-01-19 22:18:09,0,0,62869B,HSI FW HS,HARMONY SCHOOL OF INNOVATION - FORT WORTH,Texas - Region 5,United States
6149,5,0,5,0,5,,2026-01-24 20:49:59,0,0,19383C,NewRo Bots,NEW ROCHELLE HIGH SCHOOL,New York-South,United States
6150,5,0,5,0,5,,2026-01-24 21:01:50,0,0,46810W,Wildcats,ARCHBISHOP MURPHY HIGH SCHOOL,Washington,United States
6151,5,0,5,0,5,,2026-01-24 22:46:27,0,0,88872A,Westview Secondary School,Westview Secondary School,British Columbia (BC),Canada
6152,5,0,5,0,5,,2026-01-25 20:08:22,0,0,92087A,Sage Hill Robotics,Sage Hill School,California - Region 4,United States
6153,5,0,5,0,5,,2026-01-27 12:48:10,0,0,40169A,Mungret Community College,Mungret Community College,Ireland,Ireland
6154,5,0,5,0,5,,2026-01-28 00:25:07,0,0,86864A,COBAEH Mineral de la Reforma,COBAEH Mineral de la Reforma,Mexico,Mexico
6155,5,0,5,0,5,,2026-01-30 23:27:57,0,0,22625X,COBACH 19 Leones,COLEGIO DE BACHILLERES DEL ESTADO DE CHIHUAHUA PLANTEL 19,Mexico,Mexico
6156,5,0,5,0,5,,2026-01-31 15:32:11,0,0,19141A,Blackbeard,PUTNAM CITY HIGH SCHOOL,Oklahoma,United States
6157,5,0,5,0,5,,2026-01-31 15:45:30,0,0,9144A,Spartan Force,SOMERSET HIGH,Wisconsin,United States
6158,5,0,5,0,5,,2026-01-31 17:03:22,0,0,817D,Sparticles: FreshFreshies,East Longmeadow High School,Massachusetts,United States
6159,5,0,5,0,5,,2026-01-31 18:45:13,0,0,750E,Ember,SOUTH BRUNSWICK HIGH SCHOOL,New Jersey,United States
6160,5,0,5,0,5,,2026-01-31 19:26:11,0,0,30591A,Team Acutis,De La Salle College,Ontario,Canada
6161,5,0,5,0,5,,2026-01-31 19:32:46,0,0,55641A,Herbert,WESTINGHOUSE HIGH SCHOOL,Illinois,United States
6162,5,0,5,0,5,,2026-01-31 20:13:36,0,0,60441M,The Devil's Dingbats,LOCKPORT TOWNSHIP HIGH SCH EAST,Illinois,United States
6163,5,0,5,0,5,,2026-01-31 22:07:47,0,0,92563B,Broncobotics,Vista Murrieta High School,California - Region 4,United States
6164,5,0,5,0,5,,2026-02-01 17:50:38,0,0,9967B,Code Miners,Cicero North Syracuse High School,New York-North,United States
6165,5,0,5,0,5,,2026-02-02 23:39:07,0,0,44826D,Rage Bait,WESTERN RESERVE MIDDLE SCHOOL,Ohio,United States
6166,5,0,5,0,5,,2026-02-04 07:43:16,0,0,19987M,STEM Force,"al motaqadimah for smart learning ",Saudi Arabia,Saudi Arabia
6167,5,0,5,0,5,,2026-02-06 21:04:42,0,0,36518F,Nuclear Kittens,WASHINGTON COUNTY HIGH SCHOOL,Alabama,United States
6168,5,0,5,0,5,,2026-02-07 03:59:32,0,0,30120A,The Wellington 67ers,Wellington College International Tianjin,North China,China
6169,5,0,5,0,5,,2026-02-07 06:46:43,0,0,86289A,IQAS,IQAS,Kuwait,Kuwait
6170,5,0,5,0,5,,2026-02-07 17:04:40,0,0,89437B,Diddly Do's,HARGRAVE HIGH SCHOOL,Texas - Region 3,United States
6171,5,0,5,0,5,,2026-02-07 18:45:31,0,0,9880J,The Ottomen,JAMES F. BYRNES HIGH,South Carolina,United States
6172,5,0,5,0,5,,2026-02-07 20:07:36,0,0,35244F,Fusion,HOOVER HIGH SCHOOL,Alabama,United States
6173,5,0,5,0,5,,2026-02-07 20:30:48,0,0,42706B,"LJ Orchestrators ",Lone Jack High School,Missouri,United States
6174,5,0,5,0,5,,2026-02-08 10:10:33,0,0,9231Y,Aiglon College,Aiglon College,Switzerland,Switzerland
6175,5,0,5,0,5,,2026-02-08 15:44:12,0,0,321E,Equanimity,Niles West HS 321 Robotics,Illinois,United States
6176,5,0,5,0,5,,2026-02-08 18:18:46,0,0,68411A,Griffin Robotics,Winston Churchill High School,Alberta/Saskatchewan,Canada
6177,5,0,5,0,5,,2026-02-08 19:05:40,0,0,68411B,Reasonable Robotics,Winston Churchill High School,Alberta/Saskatchewan,Canada
6178,5,0,5,0,5,,2026-02-14 16:56:15,0,0,22796A,St. Michael High School,ST MICHAEL THE ARCHANGEL HIGH SCHOOL,Louisiana,United States
6179,5,0,5,0,5,,2026-02-14 18:55:56,0,0,69927A,Scrap Metal,Sugar Valley Rural Charter School,Pennsylvania - East,United States
6180,5,0,5,0,5,,2026-02-14 19:07:47,0,0,22425W,Johnny 5,WESTVIEW HIGH SCHOOL,Tennessee,United States
6181,5,0,5,0,5,,2026-02-14 19:50:04,0,0,90588B,Lucky Charms,Houston Co High School,Tennessee,United States
6182,5,0,5,0,5,,2026-02-14 20:11:30,0,0,21063B,Shasta,HILLCREST HIGH SCHOOL,Texas - Region 2,United States
6183,5,0,5,0,5,,2026-02-14 20:24:08,0,0,90005A,The Gabagools,MEMORIAL HIGH SCHOOL,New Jersey,United States
6184,5,0,5,0,5,,2026-02-16 14:58:49,0,0,26681K,JON JON,STRUTHERS HIGH SCHOOL,Ohio,United States
6185,5,0,5,0,5,,2026-02-20 08:27:30,0,0,87546C,SIT,Korea International School,South Korea,"Korea, Republic of"
6186,5,0,5,0,5,,2026-02-21 02:40:54,0,0,4067X,Burnside X,Burnside High School,New Zealand,New Zealand
6187,5,0,5,0,5,,2026-02-21 17:39:11,0,0,7453B,Robot Generals,Shafter High School,California - Region 3,United States
6188,5,0,5,0,5,,2026-02-21 18:24:28,0,0,50027X,Robo Hobos,DERBY HIGH SCHOOL,Kansas,United States
6189,5,0,5,0,5,,2026-02-21 18:42:24,0,0,2606C,5 Elixer,SOUTH HIGH COMMUNITY,Massachusetts,United States
6190,5,0,5,0,5,,2026-02-21 18:50:01,0,0,64840B,B-CC Robo-Barons B,Bethesda-Chevy Chase High School,Maryland,United States
6191,5,0,5,0,5,,2026-02-21 19:03:40,0,0,21408D,Trojan Chargers,CHESTERTON SENIOR HIGH SCHOOL,Indiana - Region 1 - North,United States
6192,5,0,5,0,5,,2026-02-21 19:22:27,0,0,30G,Montville Robotics,MONTVILLE TOWNSHIP HIGH SCHOOL,New Jersey,United States
6193,5,0,5,0,5,,2026-02-21 19:43:27,0,0,11442Z,Void Warranty,The Hewitt School,New York-South,United States
6194,5,0,5,0,5,,2026-02-21 20:48:10,0,0,3249S,Safety Issues,VANCOUVER ITECH PREPARATORY,Oregon,United States
6195,5,0,5,0,5,,2026-02-22 00:17:09,0,0,32430B,Alisal Robotics Team 2,Alisal High School,California - Region 2,United States
6196,5,0,5,0,5,,2026-02-26 18:03:49,0,0,3674G,Go Girls!,ENERGY INSTITUTE HIGH SCHOOL,Texas - Region 3,United States
6197,5,0,5,0,5,,2026-02-28 17:37:03,0,0,1483A,Average Joes,TRINITY LUTHERAN HIGH SCHOOL,Indiana - Region 3 - South,United States
6198,5,0,5,0,5,,2026-02-28 19:33:28,0,0,3725A,Screwbacca,Shortridge High School,Indiana - Region 2 - Central,United States
6199,5,0,5,0,5,,2026-02-28 21:34:12,0,0,20025X,Innovation Robotics-xFactor,INNOVATION ACADEMY of Robertson County,Tennessee,United States
6200,5,0,5,0,5,,2026-02-28 22:35:59,0,0,63190S,Bison Dynamics,Station Camp High School,Tennessee,United States
6201,5,0,5,0,5,,2026-03-01 20:04:55,0,0,8637B,Germantown Academy 2,Germantown Academy,Pennsylvania - East,United States
6202,5,0,5,0,5,,2026-03-07 20:30:36,0,0,29760X,Alt-F-Score,Shasta Charter Academy,California - Region 1,United States
6203,5,0,5,0,5,,2026-03-07 20:59:21,0,0,1902F,Flameless Firebenders - CHS,CHICO HIGH,California - Region 1,United States
6204,4,4,0,4,4,2026-01-31 20:01:24,2026-02-28 18:40:37,0,0,70260B,Mechatroopers,Don Soffer Aventura High School,Florida - South,United States
6205,4,3,1,3,1,2026-01-09 08:19:57,2026-01-09 08:21:32,0,0,27766E,二十九中五队,南京市第二十九中学,East China,China
6206,4,0,4,2,4,2026-01-24 20:35:48,2026-01-10 18:00:15,0,0,53787N,GreaseFire,N.E.W. Lutheran High School,Wisconsin,United States
6207,4,2,2,2,2,2026-01-23 08:19:32,2026-01-23 08:17:54,0,0,89644B,YCIS 2,YCIS Shanghai Puxi,East China,China
6208,4,1,3,1,3,2026-02-21 17:28:20,2026-02-21 17:30:26,55,0,64165B,The Swallowtails,CORNERSTONE CHRISTIAN ACADEMY,Ohio,United States
6209,4,1,3,1,3,2025-12-05 16:51:30,2025-12-05 16:59:51,48,0,11921C,Drill Bit,FAIRVIEW HIGH SCHOOL,Pennsylvania - West,United States
6210,4,1,3,1,3,2026-01-04 11:11:35,2026-01-04 11:15:00,0,0,18702J,SJ Robotiques,SJ Robotics,Türkiye,Türkiye
6211,4,1,3,1,3,2026-01-10 19:35:44,2026-01-10 20:01:38,0,0,38149A,MetroTech A,MetroTech STEM Center,Oklahoma,United States
6212,4,0,4,0,4,2025-10-25 21:09:06,2025-10-25 18:36:15,54,0,986A,Lancers A,GRACE JR/SR HIGH SCHOOL,California - Region 4,United States
6213,4,0,4,0,4,2026-02-07 20:55:03,2026-02-07 16:46:14,53,0,31848C,The Dynamites,MCPHERSON HIGH,Kansas,United States
6214,4,0,4,0,4,2026-01-17 18:18:47,2026-01-17 16:18:55,50,0,16018C,Reeths-Puffer Robotics Team C,REETHSPUFFER HIGH SCHOOL,Michigan,United States
6215,4,0,4,0,4,2026-03-07 22:17:33,2026-03-07 22:00:49,47,0,96097A,Yreka Miners,Yreka High School,California - Region 1,United States
6216,4,0,4,0,4,2025-12-13 19:00:59,2025-12-13 16:00:26,43,0,2817B,Hanging with Mahoney's,The DEN Career and Technology Center,Texas - Region 3,United States
6217,4,0,4,0,4,2025-11-22 15:33:08,2025-11-22 16:18:04,40,0,78139F,Fairview Force 1,Fairview HIgh School,Alabama,United States
6218,4,0,4,0,4,2026-01-24 06:23:08,2026-01-24 06:27:05,40,0,3818F,Watt Were WeThinKKing,International School Manila,Philippines,Philippines
6219,4,0,4,0,4,2025-11-15 20:57:26,2025-11-15 20:59:41,38,0,90588C,Irish Raiders,Houston Co High School,Tennessee,United States
6220,4,0,4,0,4,2025-11-22 21:07:59,2025-11-22 21:44:44,37,0,2443B,Blue Thunder - Meckett,MAUI HIGH SCHOOL,Hawaii,United States
6221,4,0,4,0,4,2026-02-28 19:03:14,2026-02-28 15:52:06,35,0,59813B,Central Regional Eagles,CENTRAL REGIONAL HIGH SCHOOL,New Jersey,United States
6222,4,0,4,0,4,2026-02-14 13:37:54,2026-02-14 13:52:21,34,0,49573A,Hawks,HADDON TOWNSHIP HIGH SCHOOL,New Jersey,United States
6223,4,0,4,0,4,2026-02-28 16:37:23,2026-02-28 16:30:08,31,0,29577B,Monarch Mechanics B,Trinity Hall,New Jersey,United States
6224,4,0,4,0,4,2026-01-17 18:31:47,2026-01-17 18:34:20,1,1,45009Z,Venomous Viperz,YOUNG WOMEN'S LEADERSHIP ACADEMY,Texas - Region 1,United States
6225,4,0,4,0,4,2026-01-31 17:28:57,2025-12-13 20:03:24,49,0,15183A,DTSMA,DAVID THIBODAUX STEM MAGNET ACADEMY,Louisiana,United States
6226,4,0,4,0,4,2025-11-05 21:28:53,2025-11-05 21:12:27,0,0,33467A,BLACKOUT,Dr. Joaquin Garcia High School,Florida - South,United States
6227,4,0,4,0,4,2025-11-22 18:50:57,2025-11-22 18:58:34,0,0,11864A,CBLT,BLAIR HIGH SCHOOL,Nebraska,United States
6228,4,0,4,0,4,2025-12-13 19:42:53,2025-12-13 21:33:12,0,0,10101R,Dragonzord,IMMOKALEE HIGH SCHOOL,Florida - South,United States
6229,4,0,4,0,4,2026-01-31 18:06:11,2026-01-31 18:08:39,0,0,64783B,Mayville Meanies,CHAUTAUQUA LAKE SECONDARY SCHOOL,New York-North,United States
6230,4,0,4,0,4,2026-02-07 15:34:04,2026-02-07 15:36:42,0,0,9168A,BotCats,BLUFFTON HIGH,South Carolina,United States
6231,4,0,4,0,4,2026-02-07 15:39:18,2026-02-07 16:38:00,0,0,23241C,RPI STEP VEX,Rensselaer Polytechnic Institute - STEP,New York-North,United States
6232,4,0,4,0,4,2026-02-10 16:05:18,2026-02-10 17:50:59,0,0,40404E,Error 404,Error 404 - A.N. Myer S.S.,Ontario,Canada
6233,4,0,4,0,4,2026-02-21 19:15:40,2026-02-21 18:53:27,0,0,32410F,Fanastick For,REDWATER HIGH SCHOOL,Texas - Region 2,United States
6234,4,0,4,0,4,2026-02-28 15:50:55,2026-02-28 21:25:20,0,0,18509A,Razzle Berries,"The FISTA Foundation ",Oklahoma,United States
6235,4,0,4,0,4,,2025-10-25 16:22:32,0,0,79666B,Robo Knights,BALTIMORE CITY COLLEGE,Maryland,United States
6236,4,0,4,0,4,,2025-10-25 20:29:28,0,0,82718G,Robo Raptors,THUNDER BASIN HIGH SCHOOL,Wyoming,United States
6237,4,0,4,0,4,,2025-10-25 20:32:20,0,0,82718F,BoltBoyz,THUNDER BASIN HIGH SCHOOL,Wyoming,United States
6238,4,0,4,0,4,,2025-11-12 00:18:36,0,0,2373A,Night Walkers,CLEAR LAKE HIGH SCHOOL,Texas - Region 3,United States
6239,4,0,4,0,4,,2025-11-15 17:31:11,0,0,1893X,Baltimore Polytechnic Institute,BALTIMORE POLYTECHNIC INSTITUTE,Maryland,United States
6240,4,0,4,0,4,,2025-11-15 19:52:59,0,0,84478V,Launch Control,Launch Control,Texas - Region 4,United States
6241,4,0,4,0,4,,2025-11-15 20:53:40,0,0,21A,SPUR-FLYS,CHAMPS - CHARTER HIGH SCHOOL OF ARTS-MULTIMEDIA & PERFORMING,California - Region 4,United States
6242,4,0,4,0,4,,2025-11-16 20:25:48,0,0,2541B,Fremont Guerreros,JOHN C. FREMONT SENIOR HIGH,California - Region 4,United States
6243,4,0,4,0,4,,2025-11-22 13:11:19,0,0,83338B,RoboTigers 2,Ensworth School,Tennessee,United States
6244,4,0,4,0,4,,2025-11-22 18:50:13,0,0,91764B,Techno-Vikes,West Humber Collegiate Institute,Ontario,Canada
6245,4,0,4,0,4,,2025-11-23 18:12:36,0,0,62114A,Northwest High School JROTC,Northwest High School,Kansas,United States
6246,4,0,4,0,4,,2025-12-02 23:56:26,0,0,32511B,MBA Warthog,MONTGOMERY BELL ACADEMY,Tennessee,United States
6247,4,0,4,0,4,,2025-12-06 19:30:31,0,0,36620G,Torque Theory,UNITY CHRISTIAN HIGH SCHOOL,Michigan,United States
6248,4,0,4,0,4,,2025-12-06 19:37:05,0,0,66767M,Carson Robotics,Carson Graham Secondary,British Columbia (BC),Canada
6249,4,0,4,0,4,,2025-12-06 20:12:43,0,0,44044C,Silly Goose,NOWATA HIGH SCHOOL,Oklahoma,United States
6250,4,0,4,0,4,,2025-12-11 13:31:41,0,0,42272A,KOREX,Vyssi odborna skola a Stredni prumyslova skola elektrotechnicka Plzen,Czech Republic,Czech Republic
6251,4,0,4,0,4,,2025-12-13 15:41:58,0,0,8615D,LoCo Robotics,LOWNDES CO VOC COMPLEX,Mississippi,United States
6252,4,0,4,0,4,,2025-12-13 17:35:51,0,0,54907C,UNPHASED,BONANZA JUNIOR/SENIOR HIGH SCHOOL,Oregon,United States
6253,4,0,4,0,4,,2025-12-13 18:02:39,0,0,84136B,War Dogs,STEPHEN F AUSTIN HIGH SCHOOL,Texas - Region 3,United States
6254,4,0,4,0,4,,2025-12-13 18:15:09,0,0,19359B,Wayne Enterprises,MOUNTAIN HOUSE HIGH,California - Region 2,United States
6255,4,0,4,0,4,,2025-12-13 19:33:32,0,0,16329R,VIPER,CYPRESS RIDGE HIGH SCHOOL,Texas - Region 3,United States
6256,4,0,4,0,4,,2025-12-13 20:33:45,0,0,67352C,NVCA #3,NORTH VALLEY CHRISTAIN ACADEMY,Arizona,United States
6257,4,0,4,0,4,,2025-12-13 21:28:57,0,0,94693A,Work In Progress (WIP),ILTEXAS HOUSTON WINDMILL LAKES OREM HIGH SCHOOL,Texas - Region 3,United States
6258,4,0,4,0,4,,2025-12-13 21:42:36,0,0,67352D,NVCA #4,NORTH VALLEY CHRISTAIN ACADEMY,Arizona,United States
6259,4,0,4,0,4,,2025-12-13 21:46:15,0,0,99196R,South High,SOUTH HIGH,California - Region 3,United States
6260,4,0,4,0,4,,2025-12-13 22:32:56,0,0,99196S,South High,SOUTH HIGH,California - Region 3,United States
6261,4,0,4,0,4,,2025-12-20 04:53:14,0,0,936B,HKIS Berkelium,Hong Kong International School,Hong Kong,Hong Kong
6262,4,0,4,0,4,,2026-01-10 15:44:55,0,0,1581A,The Problem,DEWITT HIGH SCHOOL,Michigan,United States
6263,4,0,4,0,4,,2026-01-10 16:05:37,0,0,6219F,Failure 6-2,NEENAH HIGH,Wisconsin,United States
6264,4,0,4,0,4,,2026-01-10 16:26:11,0,0,61775B,Dunkirk Marauders,DUNKIRK SENIOR HIGH SCHOOL,New York-North,United States
6265,4,0,4,0,4,,2026-01-10 17:49:23,0,0,20858E,ROBO-HAWKS E,EXETER HIGH SCHOOL,New Hampshire/Vermont,United States
6266,4,0,4,0,4,,2026-01-10 17:49:43,0,0,6425C,The Pirates,BAY PORT HIGH,Wisconsin,United States
6267,4,0,4,0,4,,2026-01-10 17:50:46,0,0,46296C,Cedar Grove High School Saints,Cedar Grove High School,Georgia,United States
6268,4,0,4,0,4,,2026-01-10 17:55:22,0,0,17230H,Millennium Falcons,HUGUENOT HIGH,Virginia,United States
6269,4,0,4,0,4,,2026-01-11 18:12:16,0,0,154B,Code and pray,GAR-FIELD HIGH,Virginia,United States
6270,4,0,4,0,4,,2026-01-14 23:06:53,0,0,1588D,Quad Bod,Wood River High School,Idaho,United States
6271,4,0,4,0,4,,2026-01-16 13:48:32,0,0,91445A,TGS Flux,The Gilberd School,United Kingdom,United Kingdom
6272,4,0,4,0,4,,2026-01-17 16:55:57,0,0,1551S,Sail Out,Suncoast Polytechnical High School,Florida - North/Central,United States
6273,4,0,4,0,4,,2026-01-17 16:59:01,0,0,1860E,Los Bombones,MOUNTAIN VIEW HIGH SCHOOL,Texas - Region 1,United States
6274,4,0,4,0,4,,2026-01-17 18:11:02,0,0,12319Z,Lockerby Robotics 5,Lockerby Composite School,Ontario,Canada
6275,4,0,4,0,4,,2026-01-17 20:51:37,0,0,50731C,Wunsche Phoenix Fire Tech,CARL WUNSCHE SR HIGH SCHOOL,Texas - Region 3,United States
6276,4,0,4,0,4,,2026-01-17 20:51:59,0,0,28300B,Chaos Theory,Alberni District Secondary School,Vancouver Island (BC),Canada
6277,4,0,4,0,4,,2026-01-17 20:52:01,0,0,1812Z,NM-Complicatorz,North Marion High School,Oregon,United States
6278,4,0,4,0,4,,2026-01-17 21:04:10,0,0,93454B,Blue Cones,Pioneer Valley High School,California - Region 3,United States
6279,4,0,4,0,4,,2026-01-17 21:13:25,0,0,93454F,Sparky,Pioneer Valley High School,California - Region 3,United States
6280,4,0,4,0,4,,2026-01-17 21:23:50,0,0,3772A,Xavier Gators,XAVIER COLLEGE PREPARATORY,Arizona,United States
6281,4,0,4,0,4,,2026-01-17 21:54:02,0,0,97038E,Circuit Breakers,MOLALLA HIGH SCHOOL,Oregon,United States
6282,4,0,4,0,4,,2026-01-17 22:02:14,0,0,77003Z,Falcon 3,EAST EARLY COLLEGE HIGH SCHOOL,Texas - Region 3,United States
6283,4,0,4,0,4,,2026-01-24 19:58:27,0,0,64900C,Dufur & Dragons,DUFUR SCHOOL,Oregon,United States
6284,4,0,4,0,4,,2026-01-24 21:00:29,0,0,99371D,OPRF 99371D,OAK PARK & RIVER FOREST HIGH SCH,Illinois,United States
6285,4,0,4,0,4,,2026-01-25 17:30:48,0,0,8771Z,Shaky Flywheels,Calabasas High School,California - Region 4,United States
6286,4,0,4,0,4,,2026-01-27 11:48:55,0,0,51316G,The Green A,The Green,Ireland,Ireland
6287,4,0,4,0,4,,2026-01-27 18:34:41,0,0,46264A,FHS Team 1,Firebaugh High School,California - Region 4,United States
6288,4,0,4,0,4,,2026-01-28 22:51:31,0,0,1588A,Compressor,WOOD RIVER HIGH SCHOOL,Idaho,United States
6289,4,0,4,0,4,,2026-01-31 00:04:14,0,0,38783A,Panther Robotics,SOUTH MEDFORD HIGH SCHOOL,Oregon,United States
6290,4,0,4,0,4,,2026-01-31 17:41:59,0,0,9378G,Wolfpack Robotics,MERRILL F. WEST HIGH,California - Region 2,United States
6291,4,0,4,0,4,,2026-01-31 19:22:45,0,0,354A,Pinkalicious Panthers,O'CONNOR HIGH SCHOOL,Texas - Region 4,United States
6292,4,0,4,0,4,,2026-01-31 19:53:50,0,0,6260V,Medusa,MIDDLETON HIGH SCHOOL,Florida - North/Central,United States
6293,4,0,4,0,4,,2026-01-31 20:24:02,0,0,80020D,DaBotics,Danforth CTI,Ontario,Canada
6294,4,0,4,0,4,,2026-02-07 00:09:47,0,0,34000S,[Co.R.E.] sVector,SANDY CREEK HIGH SCHOOL,New York-North,United States
6295,4,0,4,0,4,,2026-02-07 08:43:09,0,0,79097F,UAS Engineering,Universal American School,Kuwait,Kuwait
6296,4,0,4,0,4,,2026-02-07 15:01:30,0,0,9880F,Phantoms,JAMES F. BYRNES HIGH,South Carolina,United States
6297,4,0,4,0,4,,2026-02-07 16:32:00,0,0,85556B,Octobots,PSJA Collegiate High School,Texas - Region 6,United States
6298,4,0,4,0,4,,2026-02-07 16:56:41,0,0,35153T,ASMS Dragons,Alabama School of Mathematics and Science,Alabama,United States
6299,4,0,4,0,4,,2026-02-07 17:46:53,0,0,47969G,The Hot Fries,Pike Road Schools,Alabama,United States
6300,4,0,4,0,4,,2026-02-07 19:07:25,0,0,55515A,Dawgbot,Van Buren High School,Arkansas,United States
6301,4,0,4,0,4,,2026-02-07 20:01:09,0,0,67760B,LBJ Robotics,LYNDON B JOHNSON HIGH SCHOOL,Texas - Region 6,United States
6302,4,0,4,0,4,,2026-02-07 20:02:17,0,0,9950V,Phoenix,NEW DIANA HIGH SCHOOL,Texas - Region 2,United States
6303,4,0,4,0,4,,2026-02-07 20:13:37,0,0,4330V,Apple,RANSOM EVERGLADES SCHOOL,Florida - South,United States
6304,4,0,4,0,4,,2026-02-08 12:23:38,0,0,93568A,Sheldon,Colmers School & Sixth Form,United Kingdom,United Kingdom
6305,4,0,4,0,4,,2026-02-14 17:14:15,0,0,50027E,Panthers,DERBY HIGH SCHOOL,Kansas,United States
6306,4,0,4,0,4,,2026-02-14 17:20:55,0,0,53551Z,Reflex,Lakeside Lutheran High School,Wisconsin,United States
6307,4,0,4,0,4,,2026-02-14 17:48:21,0,0,1573A,Team Rocket,Old Colony Regional Vocational Technical,Massachusetts,United States
6308,4,0,4,0,4,,2026-02-14 17:55:39,0,0,47743C,Robocats,SEYMOUR HIGH SCHOOL,Connecticut,United States
6309,4,0,4,0,4,,2026-02-14 18:51:15,0,0,68114B,The Warrior's Way,WESTSIDE HIGH SCHOOL,Nebraska,United States
6310,4,0,4,0,4,,2026-02-14 19:08:35,0,0,42501B,Canary In A Coalmine,EAST COMMUNITY LEARNING CENTER,Ohio,United States
6311,4,0,4,0,4,,2026-02-14 20:15:11,0,0,15457C,Falcobots black,BURLINGTON TOWNSHIP HIGH SCHOOL,New Jersey,United States
6312,4,0,4,0,4,,2026-02-15 00:24:22,0,0,88736X,DRIVE_FORCE,DRIVE_FORCE,California - Region 2,United States
6313,4,0,4,0,4,,2026-02-15 17:42:23,0,0,19383H,NewRo Bots,NEW ROCHELLE HIGH SCHOOL,New York-South,United States
6314,4,0,4,0,4,,2026-02-20 21:03:30,0,0,75160E,Team E,TERRELL HIGH SCHOOL,Texas - Region 2,United States
6315,4,0,4,0,4,,2026-02-20 23:46:01,0,0,6724A,AWESOME,Chadwick International,South Korea,"Korea, Republic of"
6316,4,0,4,0,4,,2026-02-21 00:57:16,0,0,5606D,SKARO FAHS,Feilding High School,New Zealand,New Zealand
6317,4,0,4,0,4,,2026-02-21 16:58:29,0,0,1642X,HiReS-Xerxes,Haskell High+ School,Oklahoma,United States
6318,4,0,4,0,4,,2026-02-21 17:01:00,0,0,804E,Red Devils,Avon Park High School,Florida - North/Central,United States
6319,4,0,4,0,4,,2026-02-21 19:05:52,0,0,75503G,Fresh Fish,PLEASANT GROVE HIGH SCHOOL,Texas - Region 2,United States
6320,4,0,4,0,4,,2026-02-22 15:40:26,0,0,3251B,MechaBulls,WEST BOCA RATON HIGH SCHOOL,Florida - South,United States
6321,4,0,4,0,4,,2026-02-28 14:45:20,0,0,18046B,"Jefferson Falcons ",JEFFERSON TOWNSHIP HIGH SCHOOL,New Jersey,United States
6322,4,0,4,0,4,,2026-02-28 15:46:30,0,0,52521J,BichosVex,Vedruna Vall Terrassa,Spain,Spain
6323,4,0,4,0,4,,2026-02-28 17:39:43,0,0,12621D,GHS Botcats,GREENBRIER HIGH SCHOOL,Tennessee,United States
6324,4,0,4,0,4,,2026-02-28 19:07:31,0,0,38301Z,Madison Z,MADISON ACADEMIC MAGNET HIGH SCHOOL,Tennessee,United States
6325,3,3,0,3,0,2026-02-20 09:00:13,,47,0,36057B,Guardian Bot,Yongsan International School of Seoul,South Korea,"Korea, Republic of"
6326,3,0,3,2,3,2026-02-21 18:49:26,2026-02-10 23:44:48,45,0,92553B,Naga,NETTLETON HIGH SCHOOL,Arkansas,United States
6327,3,0,3,1,3,2025-12-13 19:21:55,2025-11-08 17:50:59,46,0,31055A,John Smith,MAY RIVER HIGH,South Carolina,United States
6328,3,1,2,1,2,2025-11-07 13:45:07,2025-11-07 13:40:56,0,0,67592H,Noah’s Akitechts,"EduSmiths International Christian School ",Uganda,Uganda
6329,3,1,2,1,2,2025-12-28 08:55:15,2025-12-28 11:29:52,0,0,17114C,Fusion Tech,Özel Çanakkale Akademi,Türkiye,Türkiye
6330,3,1,2,1,2,2026-01-27 23:58:29,2026-01-28 00:03:18,0,0,74493A,COBAEH MINERAL DE LA REFORMA,Colegio de Bachilleres del Estado de Hidalgo Mineral de la Reforma,Mexico,Mexico
6331,3,1,2,1,2,2026-01-31 18:10:05,2026-01-31 18:12:00,0,0,64783C,Skibidi Slicers,CHAUTAUQUA LAKE SECONDARY SCHOOL,New York-North,United States
6332,3,0,3,0,3,2026-02-08 03:30:56,2026-02-08 02:01:11,59,0,82224B,Naga Bots,Jakarta Intercultural School,Indonesia,Indonesia
6333,3,0,3,0,3,2026-01-17 18:50:02,2026-01-17 16:35:09,53,0,22736A,Cyber Tiger Chargers,AMERICAN SCHOOL FOR THE DEAF,Connecticut,United States
6334,3,0,3,0,3,2026-01-17 18:18:16,2026-01-17 21:11:05,49,0,93455A,Delta Robotics-Skylites,DELTA HIGH,California - Region 3,United States
6335,3,0,3,0,3,2025-12-13 18:39:44,2025-12-13 20:28:12,45,0,4691T,Captain Vex Sparrow,Uintah High School,Utah,United States
6336,3,0,3,0,3,2026-02-14 18:52:38,2026-02-14 16:19:33,45,0,39822C,Wall_E,Frisco ISD CTE Center SWENext (Society of Women Engineers),Texas - Region 5,United States
6337,3,0,3,0,3,2026-01-22 18:48:47,2026-01-22 18:56:42,37,0,8278B,CHS B,CARROLLTON HIGH SCHOOL,Georgia,United States
6338,3,0,3,0,3,,2026-02-14 18:51:31,0,14,99208A,99208A,BROKEN BOW HIGH SCHOOL,Oklahoma,United States
6339,3,0,3,0,3,,2025-12-13 18:32:02,0,10,7619X,Highland-X,HIGHLAND HIGH,California - Region 3,United States
6340,3,0,3,0,3,,2026-01-10 18:26:35,0,4,90407A,Billie Bots,MONTICELLO HIGH SCHOOL,Arkansas,United States
6341,3,0,3,0,3,2025-10-18 15:03:08,2025-10-18 15:57:45,1,0,83024A,South Hills High School,South Hills High School,Texas - Region 5,United States
6342,3,0,3,0,3,2025-11-23 16:40:48,2025-11-08 21:55:22,45,0,89445G,G.R.E.G.,ALBERT M LOWRY HIGH SCHOOL,Nevada,United States
6343,3,0,3,0,3,2025-10-17 03:10:21,2025-10-17 06:18:56,0,0,79419W,Coquette Cuties,Carey Baptist College,Australia,Australia
6344,3,0,3,0,3,2025-11-13 19:44:37,2025-11-13 19:44:53,0,0,15516A,CECYTEM Plantel Puerto de Jungapeo,CECYTEM Plantel Puerto de Jungapeo,Mexico,Mexico
6345,3,0,3,0,3,2025-11-13 20:42:54,2025-11-13 20:43:03,0,0,21371A,CECYTEM Crescencio Morales,CECYTEM Plantel Crescencio Morales,Mexico,Mexico
6346,3,0,3,0,3,2025-11-22 08:15:38,2025-11-22 02:55:53,0,0,15966A,Zhixin TA,Zhixin High School 广州市执信中学,South China,China
6347,3,0,3,0,3,2026-01-17 18:01:19,2026-01-17 19:02:57,0,0,8931P,V-Bots Black Jack Trio,LAKE STEVENS SR HIGH SCHOOL,Washington,United States
6348,3,0,3,0,3,2026-01-31 14:19:39,2026-01-31 16:15:52,0,0,36867F,Team Mystic,CENTRAL HIGH SCHOOL,Alabama,United States
6349,3,0,3,0,3,2026-02-06 20:59:16,2026-02-06 16:39:53,0,0,11542J,Golden Gears,Jackson High School,Alabama,United States
6350,3,0,3,0,3,2026-02-07 19:53:50,2026-02-07 20:36:08,0,0,92047A,Badger Bots,IDEA ELSA COLLEGE PREPARATORY,Texas - Region 6,United States
6351,3,0,3,0,3,2026-02-07 21:05:28,2026-02-07 20:37:30,0,0,2025B,Bolt,N GARLAND HIGH SCHOOL,Texas - Region 5,United States
6352,3,0,3,0,3,2026-02-21 17:08:36,2026-02-21 17:34:48,0,0,82267A,The Lugnuts,BAKERSFIELD Christian High School,California - Region 3,United States
6353,3,0,3,0,3,2026-02-28 13:10:50,2026-02-28 13:17:27,0,0,84331E,VEX-HYPERCUBE,LYCEE VAUBAN LUXEMBOURG,Luxembourg,Luxembourg
6354,3,0,3,0,3,,2025-09-22 00:53:11,0,0,76981B,USC Team B,University Senior College,Australia,Australia
6355,3,0,3,0,3,,2025-10-04 20:18:47,0,0,13920H,InnovatHERS,X Academy,California - Region 2,United States
6356,3,0,3,0,3,,2025-10-12 00:06:23,0,0,80496A,Launch Virtual Academy,LAUNCH VIRTUAL ACADEMY,California - Region 4,United States
6357,3,0,3,0,3,,2025-10-12 01:48:07,0,0,91364Z,Taft Toreadors,Taft Charter High School,California - Region 4,United States
6358,3,0,3,0,3,,2025-10-18 20:11:32,0,0,61973A,CyberBots,WIDEFIELD HIGH SCHOOL,Colorado,United States
6359,3,0,3,0,3,,2025-10-25 02:26:28,0,0,79226C,Clairvaux MacKillop College 2,Clairvaux Mackillop College,Australia,Australia
6360,3,0,3,0,3,,2025-10-25 15:25:47,0,0,91915A,Hawkbots,HAWKEN SCHOOL,Ohio,United States
6361,3,0,3,0,3,,2025-11-01 16:00:06,0,0,3042R,The Ionizers,RANDOLPH UNION HIGH SCHOOL,New Hampshire/Vermont,United States
6362,3,0,3,0,3,,2025-11-08 18:10:12,0,0,99872A,Oakbots,Oak Hall School,Florida - North/Central,United States
6363,3,0,3,0,3,,2025-11-08 18:16:04,0,0,9228B,Mecha Eagles,ST JOHNS PREPARATORY SCHOOL,Massachusetts,United States
6364,3,0,3,0,3,,2025-11-08 18:16:24,0,0,7447D,Instrumetal,PICKENS COUNTY CAREER AND TECHNOLOGY CENTER,South Carolina,United States
6365,3,0,3,0,3,,2025-11-08 18:43:55,0,0,1930C,Forman Lions,FORMAN SCHOOL,Connecticut,United States
6366,3,0,3,0,3,,2025-11-08 20:30:46,0,0,95770X,Air Academy High School,AIR ACADEMY HIGH SCHOOL,Colorado,United States
6367,3,0,3,0,3,,2025-11-09 19:57:08,0,0,10255X,Asters,NA,California - Region 2,United States
6368,3,0,3,0,3,,2025-11-16 20:21:33,0,0,60172X,veX-Men,Lake Park High School,Illinois,United States
6369,3,0,3,0,3,,2025-11-20 17:53:54,0,0,8278A,CHS A,CARROLLTON HIGH SCHOOL,Georgia,United States
6370,3,0,3,0,3,,2025-11-22 14:55:26,0,0,16859A,AutoBots,LAKEWAY CHRISTIAN ACADEMY,Tennessee,United States
6371,3,0,3,0,3,,2025-11-22 20:19:39,0,0,51046G,UTG North,Under The Gui,British Columbia (BC),Canada
6372,3,0,3,0,3,,2025-11-22 20:25:03,0,0,8998A,Audeamus,Audeamus,Ontario,Canada
6373,3,0,3,0,3,,2025-11-22 22:32:43,0,0,89131G,G.O.A.T,ARBOR VIEW HIGH SCHOOL,Nevada,United States
6374,3,0,3,0,3,,2025-12-06 13:22:37,0,0,95T,CEC TriBots,Central Educational Center,Georgia,United States
6375,3,0,3,0,3,,2025-12-06 16:05:26,0,0,44090A,44090A,SOUTH GWINNETT HIGH SCHOOL,Georgia,United States
6376,3,0,3,0,3,,2025-12-06 17:17:09,0,0,499F,French Fries,Mundelein Cons High School,Illinois,United States
6377,3,0,3,0,3,,2025-12-06 17:58:47,0,0,8756E,The Wingnuts,McCallum HS,Texas - Region 4,United States
6378,3,0,3,0,3,,2025-12-06 19:41:37,0,0,92668B,YCHS Robotics 2,Yuba City High School,California - Region 1,United States
6379,3,0,3,0,3,,2025-12-06 19:59:13,0,0,61973G,BoltDogs,WIDEFIELD HIGH SCHOOL,Colorado,United States
6380,3,0,3,0,3,,2025-12-06 20:04:46,0,0,80817A,Archons,FOUNTAIN-FORT CARSON HIGH SCHOOL,Colorado,United States
6381,3,0,3,0,3,,2025-12-06 20:14:43,0,0,55139C,Panther Force,CYPRESS LAKE HIGH SCHOOL,Florida - South,United States
6382,3,0,3,0,3,,2025-12-06 22:03:01,0,0,47359B,Flying Eagles,Northeast Career & Technical Academy High School,Nevada,United States
6383,3,0,3,0,3,,2025-12-13 03:23:25,0,0,1549A,Benicia High,BENICIA HIGH,California - Region 2,United States
6384,3,0,3,0,3,,2025-12-13 03:30:37,0,0,37562A,MITA Robotics,MIT Academy,California - Region 2,United States
6385,3,0,3,0,3,,2025-12-13 16:03:03,0,0,22192X,Vikings,WOODBRIDGE HIGH,Virginia,United States
6386,3,0,3,0,3,,2025-12-13 16:47:47,0,0,14246A,The Goons,MCCLAIN HIGH SCHOOL,Ohio,United States
6387,3,0,3,0,3,,2025-12-13 16:59:37,0,0,69195B,Kimball 2,JUSTIN F KIMBALL HIGH SCHOOL,Texas - Region 2,United States
6388,3,0,3,0,3,,2025-12-13 17:05:35,0,0,4343E,Zip Zorp Nation,Brentsville District High School,Virginia,United States
6389,3,0,3,0,3,,2025-12-13 18:07:58,0,0,75149B,Wranglers Battalion,WEST MESQUITE HIGH SCHOOL,Texas - Region 2,United States
6390,3,0,3,0,3,,2025-12-13 18:33:52,0,0,18350A,Thomas Jefferson High School Robotics Team,THOMAS JEFFERSON HIGH SCHOOL,Texas - Region 2,United States
6391,3,0,3,0,3,,2025-12-14 00:29:23,0,0,5968A,Cougar Tech,KEAAU HIGH SCHOOL,Hawaii,United States
6392,3,0,3,0,3,,2025-12-14 19:31:06,0,0,30405B,Team Aquinas,St. Thomas Aquinas Catholic Secondary School,Ontario,Canada
6393,3,0,3,0,3,,2025-12-15 20:23:23,0,0,3470A,Liberty Technology High School,Liberty Technology High School,Tennessee,United States
6394,3,0,3,0,3,,2025-12-20 04:32:39,0,0,42700G,Genesis,ST LOUIS SCHOOL,Hawaii,United States
6395,3,0,3,0,3,,2025-12-20 15:47:33,0,0,44116C,Little Monkey Boys,ROCKY RIVER HIGH SCHOOL,Ohio,United States
6396,3,0,3,0,3,,2025-12-20 17:46:41,0,0,5313B,Vector Oh Yeah!,SHAWSHEEN VALLEY VOCATIONAL TECHNICAL HIGH SCHOOL,Massachusetts,United States
6397,3,0,3,0,3,,2026-01-03 18:34:12,0,0,41447B,Scrap Hunters,DE FOREST HIGH,Wisconsin,United States
6398,3,0,3,0,3,,2026-01-10 00:25:34,0,0,3264J,Jaegar,NORWALK HIGH SCHOOL,Ohio,United States
6399,3,0,3,0,3,,2026-01-10 14:34:51,0,0,1043B,OPS- LooseyGoosey's,BRYAN HIGH SCHOOL,Nebraska,United States
6400,3,0,3,0,3,,2026-01-10 16:15:05,0,0,26033A,Dragons,CAMERON HIGH SCHOOL,West Virginia,United States
6401,3,0,3,0,3,,2026-01-10 17:09:53,0,0,45619A,HorsePower,Carver High School of Engineering & Science,Pennsylvania - East,United States
6402,3,0,3,0,3,,2026-01-10 17:46:20,0,0,30207B,ZINGED,THE ALTAMONT SCHOOL,Alabama,United States
6403,3,0,3,0,3,,2026-01-10 18:01:13,0,0,37116A,Rooster City Robotics,FITZGERALD HIGH SCHOOL COLLEGE & CAREER ACADEMY,Georgia,United States
6404,3,0,3,0,3,,2026-01-10 19:39:42,0,0,84626A,iTech Titans,ITECH@THOMAS A EDISON EDUCATIONAL CENTER,Florida - South,United States
6405,3,0,3,0,3,,2026-01-10 21:42:39,0,0,299X,NJDoubleK,SKY VALLEY EDUCATION CENTER,Washington,United States
6406,3,0,3,0,3,,2026-01-10 22:07:52,0,0,6526F,Damien Spartan Robotics,Damien High School,California - Region 4,United States
6407,3,0,3,0,3,,2026-01-11 18:24:56,0,0,4343C,Bot Lobby,Brentsville District High School,Virginia,United States
6408,3,0,3,0,3,,2026-01-14 16:37:48,0,0,49759C,The Overclocked Toasters,Buchholz High School,Florida - North/Central,United States
6409,3,0,3,0,3,,2026-01-14 17:27:37,0,0,49759A,The Forgiven,Buchholz High School,Florida - North/Central,United States
6410,3,0,3,0,3,,2026-01-15 01:04:17,0,0,80238A,CGHS - Alfa,DSST: CONSERVATORY GREEN HIGH SCHOOL,Colorado,United States
6411,3,0,3,0,3,,2026-01-17 20:14:18,0,0,94362A,UHS Bulldogs,UMATILLA HIGH SCHOOL,Florida - North/Central,United States
6412,3,0,3,0,3,,2026-01-17 20:50:08,0,0,93454E,The Trees,Pioneer Valley High School,California - Region 3,United States
6413,3,0,3,0,3,,2026-01-17 22:12:27,0,0,55205A,name:exe,St. John Paul II Catholic High School,Arizona,United States
6414,3,0,3,0,3,,2026-01-17 22:23:09,0,0,53747Z,PNG Robotics,Port Neches-Groves Robotics,Texas - Region 3,United States
6415,3,0,3,0,3,,2026-01-22 15:58:32,0,0,2894A,Parallel Parking,TOLEDO TECHNOLOGY ACADEMY HIGH SCHOOL,Ohio,United States
6416,3,0,3,0,3,,2026-01-22 19:02:04,0,0,34696A,Nitro Wildcats,NITRO HIGH SCHOOL,West Virginia,United States
6417,3,0,3,0,3,,2026-01-23 18:43:57,0,0,99499B,5TH GEAR,Harmony Science Academy,Texas - Region 1,United States
6418,3,0,3,0,3,,2026-01-24 02:09:57,0,0,82M,Eagles M,Tianjin International School,North China,China
6419,3,0,3,0,3,,2026-01-24 03:55:45,0,0,59644E,BHA E,Branksome Hall Asia,South Korea,"Korea, Republic of"
6420,3,0,3,0,3,,2026-01-24 15:54:11,0,0,8151A,AWOL,Grand Island Senior High School,Nebraska,United States
6421,3,0,3,0,3,,2026-01-24 16:44:16,0,0,89422A,Collegiate Robo Knights,FRIENDSHIP PCS COLLEGIATE ACADEMY,District of Columbia,United States
6422,3,0,3,0,3,,2026-01-24 17:33:55,0,0,58676K,Corsaires Kraken,Ecole Pointe-Levy,Quebec,Canada
6423,3,0,3,0,3,,2026-01-27 11:04:18,0,0,22907E,Dream Big Mergon,Secondary School,Ireland,Ireland
6424,3,0,3,0,3,,2026-01-27 11:24:20,0,0,24384A,NC Warriors,Nenagh College,Ireland,Ireland
6425,3,0,3,0,3,,2026-01-27 12:30:15,0,0,37551A,Limerick Educate Together,Limerick Educate Together Secondary School,Ireland,Ireland
6426,3,0,3,0,3,,2026-01-28 00:39:35,0,0,91824A,COBAEH SAN MIGUEL VINDHÓ,Colegio de Bachilleres del Estado de Hidalgo San Miguel Vindho,Mexico,Mexico
6427,3,0,3,0,3,,2026-01-30 01:11:52,0,0,55855X,X,Columbia High School / iCAT,Idaho,United States
6428,3,0,3,0,3,,2026-01-30 17:45:14,0,0,15244A,COBACH 16 Berrendos,COLEGIO DE BACHILLERES DEL ESTADO DE CHIHUAHUA PLANTEL 16,Mexico,Mexico
6429,3,0,3,0,3,,2026-01-31 15:22:29,0,0,43452E,Warrior Pythons,PORT CLINTON HIGH SCHOOL,Ohio,United States
6430,3,0,3,0,3,,2026-01-31 15:52:01,0,0,241H,Helix,Pinkerton Academy,New Hampshire/Vermont,United States
6431,3,0,3,0,3,,2026-01-31 18:20:09,0,0,17505C,Oh My Gato,IM TERRELL ACADEMY FOR STEM AND VPA,Texas - Region 5,United States
6432,3,0,3,0,3,,2026-01-31 18:38:51,0,0,66372E,FRANKLIN JROTC 2,FRANKLIN HIGH,California - Region 2,United States
6433,3,0,3,0,3,,2026-01-31 19:43:16,0,0,55641B,Two Day Build,WESTINGHOUSE HIGH SCHOOL,Illinois,United States
6434,3,0,3,0,3,,2026-01-31 20:16:15,0,0,60441V,Vertical Velocity,LOCKPORT TOWNSHIP HIGH SCH EAST,Illinois,United States
6435,3,0,3,0,3,,2026-01-31 20:24:59,0,0,19260A,Lovett Lion Robotics,THE LOVETT SCHOOL,Georgia,United States
6436,3,0,3,0,3,,2026-01-31 22:05:36,0,0,22796B,St. Michael High School,ST MICHAEL THE ARCHANGEL HIGH SCHOOL,Louisiana,United States
6437,3,0,3,0,3,,2026-02-01 21:46:18,0,0,21B,SPUR-FLYS,CHAMPS - CHARTER HIGH SCHOOL OF ARTS-MULTIMEDIA & PERFORMING,California - Region 4,United States
6438,3,0,3,0,3,,2026-02-05 00:13:10,0,0,56382A,CECYTEM Buenavista,CECYTEM Plantel Buenavista,Mexico,Mexico
6439,3,0,3,0,3,,2026-02-07 03:35:33,0,0,13212C,SaChunWang,Concordia International School Shanghai,East China,China
6440,3,0,3,0,3,,2026-02-07 06:50:05,0,0,17024B,Awael Seniors,Alawael Bilingual School,Kuwait,Kuwait
6441,3,0,3,0,3,,2026-02-07 15:21:59,0,0,12801A,Grizzly Gears,GLENS FALLS SENIOR HIGH SCHOOL,New York-North,United States
6442,3,0,3,0,3,,2026-02-07 17:05:56,0,0,14760N,Berzerkers,PICKERINGTON HIGH SCHOOL NORTH,Ohio,United States
6443,3,0,3,0,3,,2026-02-07 17:30:43,0,0,72040A,Tulalip Heritage HS,HERITAGE SCHOOL,Washington,United States
6444,3,0,3,0,3,,2026-02-07 18:34:00,0,0,61783B,Team Robot,Surrey Christian School,British Columbia (BC),Canada
6445,3,0,3,0,3,,2026-02-07 18:50:13,0,0,4783A,Robo Ravens,Longfields-Davidson S.S.,Ontario,Canada
6446,3,0,3,0,3,,2026-02-07 19:01:21,0,0,91187B,JB Titans HS 2,Jubilee Brownsville,Texas - Region 6,United States
6447,3,0,3,0,3,,2026-02-07 19:31:26,0,0,66086C,The Chefs,Basehor-linwood High School,Kansas,United States
6448,3,0,3,0,3,,2026-02-07 19:43:15,0,0,89125R,PHS Engineering and Robotics (PHEAR) - JV Team,PFLUGERVILLE HIGH SCHOOL,Texas - Region 4,United States
6449,3,0,3,0,3,,2026-02-07 20:10:41,0,0,35691B,Spitfire,CONCORDIA JR-SR HIGH,Kansas,United States
6450,3,0,3,0,3,,2026-02-07 21:16:33,0,0,4979C,DevilStormRobotics,Hinsdale Central High School,Illinois,United States
6451,3,0,3,0,3,,2026-02-08 18:37:33,0,0,1808A,AM,FREEPORT HIGH SCHOOL,New York-South,United States
6452,3,0,3,0,3,,2026-02-08 19:38:22,0,0,78310A,ACTOC,ACTOC,California - Region 4,United States
6453,3,0,3,0,3,,2026-02-14 17:34:00,0,0,65280A,Mean Machine,CLARION AREA JSHS,Pennsylvania - West,United States
6454,3,0,3,0,3,,2026-02-14 17:51:24,0,0,19359Z,Zoom,MOUNTAIN HOUSE HIGH,California - Region 2,United States
6455,3,0,3,0,3,,2026-02-14 18:06:11,0,0,76903C,Furia,LAKE VIEW HIGH SCHOOL,Texas - Region 5,United States
6456,3,0,3,0,3,,2026-02-14 19:12:34,0,0,8514A,Cougar Battalion,BRYAN ADAMS HIGH SCHOOL,Texas - Region 2,United States
6457,3,0,3,0,3,,2026-02-14 20:11:27,0,0,89885A,Thunderbolt,Catalina Foothills High School,Arizona,United States
6458,3,0,3,0,3,,2026-02-14 20:18:55,0,0,2158Z,Zen,ANDERSON HIGH SCHOOL,Texas - Region 4,United States
6459,3,0,3,0,3,,2026-02-14 22:11:31,0,0,7996Z,Zenith,HIGLEY HIGH SCHOOL,Arizona,United States
6460,3,0,3,0,3,,2026-02-15 16:13:53,0,0,76873A,Platano Power,Santiago Christian School,Dominican Republic,Dominican Republic
6461,3,0,3,0,3,,2026-02-16 17:04:44,0,0,14805A,Sour Patch Kids,LIBERTY HIGH SCHOOL,Ohio,United States
6462,3,0,3,0,3,,2026-02-16 18:31:31,0,0,22211B,CSB V5 2,Canadian School Bahrain,Bahrain,Bahrain
6463,3,0,3,0,3,,2026-02-16 18:31:38,0,0,4318A,Angry Bird,Creativity Private School - Bahrain,Bahrain,Bahrain
6464,3,0,3,0,3,,2026-02-20 17:10:17,0,0,13978A,Commodore Contraptions,FRAZIER HIGH SCHOOL,Pennsylvania - West,United States
6465,3,0,3,0,3,,2026-02-20 21:08:11,0,0,75160A,Atlas Engineering,TERRELL HIGH SCHOOL,Texas - Region 2,United States
6466,3,0,3,0,3,,2026-02-21 17:40:52,0,0,76151H,Caffeination and Disorientation,Grafton High School,North Dakota,United States
6467,3,0,3,0,3,,2026-02-21 17:56:43,0,0,80075S,Vonanas,Von Steuben Metro Science High School,Illinois,United States
6468,3,0,3,0,3,,2026-02-21 20:16:02,0,0,6219C,Clanka' Please!,NEENAH HIGH,Wisconsin,United States
6469,3,0,3,0,3,,2026-02-21 21:24:18,0,0,11577D,Roslyn Robotics,ROSLYN HIGH SCHOOL,New York-South,United States
6470,3,0,3,0,3,,2026-02-21 21:59:08,0,0,699T,Edison Robotics II,Thomas A Edison Career And Technical High School,New York-South,United States
6471,3,0,3,0,3,,2026-02-21 23:37:51,0,0,88397E,The Inexperienced,"St Andrew's College, Christchurch",New Zealand,New Zealand
6472,3,0,3,0,3,,2026-02-28 16:26:53,0,0,1624M,Martinsville Robotics Team,Martinsville High School,Indiana - Region 2 - Central,United States
6473,3,0,3,0,3,,2026-02-28 16:41:10,0,0,50531H,Robo Kai - Dragon Bot Dojo,Horizon Science Academy Cleveland High,Ohio,United States
6474,3,0,3,0,3,,2026-02-28 19:15:34,0,0,20827C,Valkyrie Robotics,"Fort Ben Composite Squadron, Civil Air Patrol",Indiana - Region 2 - Central,United States
6475,2,2,0,2,1,2026-01-10 20:25:18,2025-12-13 16:27:44,48,0,1251A,Apollo,FRONTIER STEM HIGH SCHOOL,Missouri,United States
6476,2,2,0,2,0,2026-01-16 18:59:55,,0,0,89278A,Patriot Pride,PRAIRILAND HIGH SCHOOL,Texas - Region 2,United States
6477,2,1,1,1,1,2026-01-19 23:22:22,2026-01-19 21:21:23,49,0,751C,Baron Bots,BONITA VISTA SENIOR HIGH,California - Region 4,United States
6478,2,0,2,0,2,2026-02-07 01:15:08,2026-02-07 01:46:51,50,0,86832C,Unemployed,International School of Beijing,North China,China
6479,2,0,2,0,2,2025-11-22 18:01:49,2025-11-22 17:45:20,49,0,17917D,Quantum Coders,Franklin Community School Corporation,Indiana - Region 2 - Central,United States
6480,2,0,2,0,2,2025-12-07 19:35:04,2025-12-07 19:09:21,47,0,11818A,King David Lions,King David High School,British Columbia (BC),Canada
6481,2,0,2,0,2,2025-12-07 02:44:39,2025-12-07 07:16:05,35,0,19723A,Tech Tigers,American International School Dhaka,Bangladesh,Bangladesh
6482,2,0,2,0,2,2026-01-05 00:26:48,2026-01-04 23:32:48,35,0,59200J,Mega Knights,India Community Center,California - Region 2,United States
6483,2,0,2,0,2,2026-01-31 15:18:41,2026-01-31 16:40:05,23,0,70262A,Sacred Heart Greenwich,Sacred Heart Greenwich,Connecticut,United States
6484,2,0,2,0,2,,2026-01-17 19:14:55,0,12,4330M,Undecided,RANSOM EVERGLADES SCHOOL,Florida - South,United States
6485,2,0,2,0,2,,2026-01-10 19:51:21,0,11,54770D,Ms. Marvels,ELEVA-STRUM HIGH,Wisconsin,United States
6486,2,0,2,0,2,2026-01-24 16:25:37,2025-12-07 18:57:07,1,0,17760Z,The STEMistas,Capitol City Robotics,District of Columbia,United States
6487,2,0,2,0,2,,2026-01-31 17:26:53,0,1,3175G,G-TECH,GALT HIGH,California - Region 2,United States
6488,2,0,2,0,2,2025-11-07 13:43:16,2025-11-07 13:39:06,0,0,90569A,Orel Bytes,Orel Vine International School,Uganda,Uganda
6489,2,0,2,0,2,2025-11-13 19:56:26,2025-11-13 19:55:58,0,0,49728A,CECYTEM Plantel San Lucas,CECYTEM Plantel San Lucas,Mexico,Mexico
6490,2,0,2,0,2,2026-01-17 17:53:04,2026-01-17 18:35:18,0,0,22579B,ExtraOrdinary,MILTON HIGH,Wisconsin,United States
6491,2,0,2,0,2,2026-01-27 10:16:19,2026-01-27 09:40:46,0,0,51316B,St Brendans Birr,stbrendanscsbirr,Ireland,Ireland
6492,2,0,2,0,2,2026-01-30 22:37:21,2026-01-30 22:24:00,0,0,3643C,TITANES,CECYTECH 23 RIBERAS JUÁREZ,Mexico,Mexico
6493,2,0,2,0,2,2026-01-31 21:30:38,2026-01-31 20:12:47,0,0,86744A,MechaRauders Alpha,Fort McMurray Public School Division,Alberta/Saskatchewan,Canada
6494,2,0,2,0,2,2026-02-03 18:27:49,2026-02-03 18:59:53,0,0,41529B,St. Anne's School B,St. Anne's School,Ontario,Canada
6495,2,0,2,0,2,2026-02-07 08:23:42,2026-02-07 08:40:03,0,0,77467R,R.S.S VEX5,Rawd Al Saleheen Bilangual School,Kuwait,Kuwait
6496,2,0,2,0,2,2026-02-14 14:05:44,2026-02-14 15:21:51,0,0,23261A,Lisbon A,DAVID ANDERSON JR/SR HIGH SCHOOL,Ohio,United States
6497,2,0,2,0,2,2026-02-14 18:05:23,2026-02-14 18:12:18,0,0,21101A,Eclipse,HICKORY RIDGE HIGH,North Carolina,United States
6498,2,0,2,0,2,2026-03-15 14:47:33,2026-03-15 14:49:39,0,0,17921Y,Daedalus,NORTH SCHUYLKILL JSHS,Pennsylvania - East,United States
6499,2,0,2,0,2,,2025-10-04 21:49:09,0,0,96740X,No Confidence,INSPIRE SCHOOL OF ARTS AND SCIENCES,California - Region 1,United States
6500,2,0,2,0,2,,2025-10-11 14:43:05,0,0,6042B,Potosi High School,POTOSI HIGH,Missouri,United States
6501,2,0,2,0,2,,2025-11-01 14:43:29,0,0,75019H,Coppell VERSA,COPPELL HIGH SCHOOL,Texas - Region 5,United States
6502,2,0,2,0,2,,2025-11-01 17:02:29,0,0,2894B,Bucket of Bolts,Toledo Technology Academy High School,Ohio,United States
6503,2,0,2,0,2,,2025-11-01 19:10:50,0,0,64178D,Unc,PLANT HIGH SCHOOL,Florida - North/Central,United States
6504,2,0,2,0,2,,2025-11-02 02:11:14,0,0,24208A,NMA-Thunderclaw,NhatMinhAcademy,Vietnam,Vietnam
6505,2,0,2,0,2,,2025-11-08 14:31:24,0,0,50081A,KnightBots-A,IN MATH & SCIENCE ACADEMY - NORTH,Indiana - Region 2 - Central,United States
6506,2,0,2,0,2,,2025-11-08 15:54:31,0,0,50081B,KnightBots-B,IN MATH & SCIENCE ACADEMY - NORTH,Indiana - Region 2 - Central,United States
6507,2,0,2,0,2,,2025-11-08 16:19:09,0,0,7187B,Little Tykes,FAYETTEVILLE HIGH SCHOOL EAST,Arkansas,United States
6508,2,0,2,0,2,,2025-11-08 16:44:47,0,0,2140E,2140E,JENISON HIGH SCHOOL,Michigan,United States
6509,2,0,2,0,2,,2025-11-08 17:55:37,0,0,21908A,Rockford Robotics A,ROCKFORD HIGH SCHOOL,Michigan,United States
6510,2,0,2,0,2,,2025-11-08 18:45:34,0,0,99905D,RoboGryphs,ST GEORGE'S INDEPENDENT SCHOOL,Tennessee,United States
6511,2,0,2,0,2,,2025-11-08 19:27:07,0,0,61973D,The Black Wall,WIDEFIELD HIGH SCHOOL,Colorado,United States
6512,2,0,2,0,2,,2025-11-08 19:50:02,0,0,45201D,6-7,MESA RIDGE HIGH SCHOOL,Colorado,United States
6513,2,0,2,0,2,,2025-11-08 20:35:48,0,0,60502W,Chaos,Arrm Robotics,Illinois,United States
6514,2,0,2,0,2,,2025-11-12 17:33:50,0,0,77786E,CEN,BRIDGELAND HIGH SCHOOL,Texas - Region 3,United States
6515,2,0,2,0,2,,2025-11-13 18:47:08,0,0,46878A,CECYTEM Maravatío,CECYTEM Plantel Maravatío,Mexico,Mexico
6516,2,0,2,0,2,,2025-11-13 19:29:05,0,0,87453A,CECYTEM Curimeo,CECYTEM Plantel Curimeo,Mexico,Mexico
6517,2,0,2,0,2,,2025-11-13 20:46:47,0,0,40519A,CECYTEM Plantel Paso de Morelos,CECYTEM Plantel Paso de Morelos,Mexico,Mexico
6518,2,0,2,0,2,,2025-11-15 17:13:33,0,0,90475B,OSHA Violation,DEER PARK HIGH SCHOOL (SC),Texas - Region 3,United States
6519,2,0,2,0,2,,2025-11-15 17:31:33,0,0,43050Y,43050Y,MOUNT VERNON HIGH SCHOOL,Ohio,United States
6520,2,0,2,0,2,,2025-11-15 17:44:37,0,0,8890C,IronRAMS C,DICKINSON (JOHN) HIGH SCHOOL,Delmarva,United States
6521,2,0,2,0,2,,2025-11-15 18:56:29,0,0,56210A,Husky A,NORTH HIGH SCHOOL,Oklahoma,United States
6522,2,0,2,0,2,,2025-11-15 23:23:21,0,0,2467J,Saber Dynamics,James Campbell High School,Hawaii,United States
6523,2,0,2,0,2,,2025-11-20 18:20:42,0,0,67435B,BH Highlanders,Branksome Hall,Ontario,Canada
6524,2,0,2,0,2,,2025-11-22 10:26:44,0,0,10251A,Chimera,Antalya Toplum Koleji,Türkiye,Türkiye
6525,2,0,2,0,2,,2025-11-22 18:56:48,0,0,18080U,HTS Hawks,Holy Trinity School,Ontario,Canada
6526,2,0,2,0,2,,2025-11-22 20:16:47,0,0,3691B,Bing Chilling,H GRADY SPRUCE HIGH SCHOOL,Texas - Region 2,United States
6527,2,0,2,0,2,,2025-12-05 13:33:21,0,0,21910B,Cuicuisha,Beau Soleil,Switzerland,Switzerland
6528,2,0,2,0,2,,2025-12-06 15:13:24,0,0,46013A,Team-A,ANDERSON HIGH SCHOOL,Indiana - Region 1 - North,United States
6529,2,0,2,0,2,,2025-12-06 15:33:25,0,0,84874B,TLH Robotics,TLH Robotics,South Carolina,United States
6530,2,0,2,0,2,,2025-12-06 19:24:07,0,0,78634A,Queen Bertha,HUTTO HIGH SCHOOL,Texas - Region 4,United States
6531,2,0,2,0,2,,2025-12-07 19:08:07,0,0,1583X,Alexander Academy,Alexander Academy,British Columbia (BC),Canada
6532,2,0,2,0,2,,2025-12-08 22:59:01,0,0,75476A,The Clankers,NORWALK CATHOLIC SCHOOL / ST PAUL HIGH SCHOOL,Ohio,United States
6533,2,0,2,0,2,,2025-12-13 01:57:42,0,0,41998D,D,VALE HIGH SCHOOL,Oregon,United States
6534,2,0,2,0,2,,2025-12-13 16:21:08,0,0,8615E,LoCo Robotics,Lowndes County CTC,Mississippi,United States
6535,2,0,2,0,2,,2025-12-13 16:31:44,0,0,14246E,Team Vex Bolts,MCCLAIN HIGH SCHOOL,Ohio,United States
6536,2,0,2,0,2,,2025-12-13 16:55:14,0,0,21860C,New Fairfield HS - Crane,NEW FAIRFIELD HIGH SCHOOL,Connecticut,United States
6537,2,0,2,0,2,,2025-12-13 17:16:46,0,0,14246C,KSJ,MCCLAIN HIGH SCHOOL,Ohio,United States
6538,2,0,2,0,2,,2025-12-13 17:38:11,0,0,8379K,Debo's Crew,Lincoln High School JROTC,Texas - Region 2,United States
6539,2,0,2,0,2,,2025-12-13 17:41:33,0,0,1961S,SFHS Eaglebots S,SOUTH FORSYTH HIGH SCHOOL,Georgia,United States
6540,2,0,2,0,2,,2025-12-13 17:41:52,0,0,79546B,Wall-e,ROTAN K-12,Texas - Region 5,United States
6541,2,0,2,0,2,,2025-12-13 18:32:50,0,0,2091C,4033C,CENTRAL VALLEY HIGH,California - Region 2,United States
6542,2,0,2,0,2,,2025-12-13 18:45:34,0,0,2481R,Spitfire Renegade,COLORADO SPRINGS EARLY COLLEGES,Colorado,United States
6543,2,0,2,0,2,,2025-12-13 19:16:14,0,0,69195A,Kimball 1,JUSTIN F KIMBALL HIGH SCHOOL,Texas - Region 2,United States
6544,2,0,2,0,2,,2025-12-13 20:13:03,0,0,76048B,Clankers,GRANBURY HIGH SCHOOL,Texas - Region 5,United States
6545,2,0,2,0,2,,2025-12-13 20:19:12,0,0,27371A,Pre-AI,Magikid Robotics Lab Redmond,Washington,United States
6546,2,0,2,0,2,,2025-12-13 20:54:54,0,0,62540A,Aris Robotics,Aris Robotics,Texas - Region 3,United States
6547,2,0,2,0,2,,2025-12-13 21:24:05,0,0,54140B,Hot Pockets,Little Chute School District,Wisconsin,United States
6548,2,0,2,0,2,,2025-12-13 22:10:20,0,0,3655S,North Stars S,North High School,California - Region 3,United States
6549,2,0,2,0,2,,2025-12-13 23:45:44,0,0,5968B,Cougar Tech,KEAAU HIGH SCHOOL,Hawaii,United States
6550,2,0,2,0,2,,2025-12-14 19:52:29,0,0,45250T,Renaissance Robotics,Renaissance Robotics,Ontario,Canada
6551,2,0,2,0,2,,2025-12-19 16:57:12,0,0,8110B,Mechanical Madness,Mankato West Robotics,Minnesota,United States
6552,2,0,2,0,2,,2025-12-20 17:23:30,0,0,67246A,MVB Buzzers,MARTIN VAN BUREN HIGH SCHOOL,New York-South,United States
6553,2,0,2,0,2,,2025-12-20 18:18:17,0,0,6964B,River Valley RADs,River Valley Technical Center,New Hampshire/Vermont,United States
6554,2,0,2,0,2,,2025-12-31 20:50:00,0,0,36143A,Messmakers,Tynes homeschool,Arizona,United States
6555,2,0,2,0,2,,2026-01-10 12:12:18,0,0,46037A,TITAN,Highgate School,United Kingdom,United Kingdom
6556,2,0,2,0,2,,2026-01-10 12:58:58,0,0,1408M,Magnetic,King Henry VIII School,United Kingdom,United Kingdom
6557,2,0,2,0,2,,2026-01-10 15:13:10,0,0,66406A,Eva 01 Cat,Iowa School for the Deaf,Iowa,United States
6558,2,0,2,0,2,,2026-01-10 16:10:17,0,0,45619B,HorsePower,G.W. Carver High School of Engineering & Science,Pennsylvania - East,United States
6559,2,0,2,0,2,,2026-01-10 18:14:33,0,0,3773F,BowBots - Fluorine (F),Bow High School,New Hampshire/Vermont,United States
6560,2,0,2,0,2,,2026-01-10 18:30:24,0,0,96715B,Tall Man,BAD AXE HIGH SCHOOL,Michigan,United States
6561,2,0,2,0,2,,2026-01-10 19:07:09,0,0,75503Y,Caffeine Crusaders,PLEASANT GROVE HIGH SCHOOL,Texas - Region 2,United States
6562,2,0,2,0,2,,2026-01-10 21:17:33,0,0,6526G,Damien Spartan Robotics,Damien High School,California - Region 4,United States
6563,2,0,2,0,2,,2026-01-11 15:37:08,0,0,9502A,Liberty High School,LIBERTY HIGH SCHOOL,Pennsylvania - East,United States
6564,2,0,2,0,2,,2026-01-15 12:40:34,0,0,15452A,Dominican Taylors,Dominican College,Ireland,Ireland
6565,2,0,2,0,2,,2026-01-16 14:01:55,0,0,6023S,Slambot,Stowe School,United Kingdom,United Kingdom
6566,2,0,2,0,2,,2026-01-16 18:39:18,0,0,20601W,Six Seven Rams,OAK HILL HIGH SCHOOL,Louisiana,United States
6567,2,0,2,0,2,,2026-01-16 19:16:34,0,0,20601U,Blue Ruby's,OAK HILL HIGH SCHOOL,Louisiana,United States
6568,2,0,2,0,2,,2026-01-17 17:20:19,0,0,63670A,The Bros,STE. GENEVIEVE SR. HIGH,Missouri,United States
6569,2,0,2,0,2,,2026-01-17 18:42:32,0,0,59322D,3.14TT,Pitt Meadows Secondary School,British Columbia (BC),Canada
6570,2,0,2,0,2,,2026-01-17 19:01:02,0,0,83201A,Atlas,WASHINGTON B T HIGH SCHOOL,Texas - Region 3,United States
6571,2,0,2,0,2,,2026-01-17 19:42:08,0,0,79924A,PHS-Iron Cape,PARKLAND HIGH SCHOOL,Texas - Region 1,United States
6572,2,0,2,0,2,,2026-01-18 18:12:42,0,0,22445D,Watts Up?,JUSTIN-SIENA,California - Region 2,United States
6573,2,0,2,0,2,,2026-01-19 10:24:47,0,0,19554C,Loreto Team,Loreto Secondary School Letterkenny,Ireland,Ireland
6574,2,0,2,0,2,,2026-01-19 11:07:13,0,0,87505B,Carndonagh CS,Carndonagh Community School,Ireland,Ireland
6575,2,0,2,0,2,,2026-01-23 00:21:38,0,0,39313X,Insomniac Orange,ASOTIN JR SR HIGH,Washington,United States
6576,2,0,2,0,2,,2026-01-23 07:40:08,0,0,67789F,Ingenium Lions,Wellington College International Shanghai,East China,China
6577,2,0,2,0,2,,2026-01-24 05:36:27,0,0,14533C,Vanguard,North London Collegiate School,South Korea,"Korea, Republic of"
6578,2,0,2,0,2,,2026-01-24 16:09:00,0,0,32959G,Droïde-3.3,Collège Saint-Sacrement,Quebec,Canada
6579,2,0,2,0,2,,2026-01-24 17:38:23,0,0,14819C,NHS Robotics C,NOBLESVILLE HIGH SCHOOL,Indiana - Region 2 - Central,United States
6580,2,0,2,0,2,,2026-01-24 18:40:47,0,0,25179A,Celtech,CRESPI CARMELITE HIGH SCHOOL,California - Region 4,United States
6581,2,0,2,0,2,,2026-01-24 18:51:54,0,0,59968V,Cougarbots 59968V,JOHN F KENNEDY HIGH SCHOOL,New York-South,United States
6582,2,0,2,0,2,,2026-01-24 19:55:43,0,0,56847C,Monrobotics,Bosque School,New Mexico,United States
6583,2,0,2,0,2,,2026-01-27 11:04:26,0,0,46033B,Robo Rangers,Tullamore College,Ireland,Ireland
6584,2,0,2,0,2,,2026-01-27 12:09:15,0,0,50230A,Spark,Spark Innovation hub,Ireland,Ireland
6585,2,0,2,0,2,,2026-01-31 08:35:13,0,0,1438B,RQ - Kalba Youth 1,RQ Science & Technology - Kalba,United Arab Emirates,United Arab Emirates
6586,2,0,2,0,2,,2026-01-31 16:52:32,0,0,2606F,"Indecisive, Indecisive, Indecisive",SOUTH HIGH COMMUNITY,Massachusetts,United States
6587,2,0,2,0,2,,2026-01-31 17:00:24,0,0,8188S,"JESA Aftershock , 2ndPeriod 8188 S",JACK E SINGLEY ACADEMY,Texas - Region 2,United States
6588,2,0,2,0,2,,2026-01-31 19:19:41,0,0,60172V,Venom,Lake Park High School,Illinois,United States
6589,2,0,2,0,2,,2026-01-31 19:54:48,0,0,1290Z,Zombie,Brentwood College School,Vancouver Island (BC),Canada
6590,2,0,2,0,2,,2026-01-31 20:31:24,0,0,60441J,Neobots,LOCKPORT TOWNSHIP HIGH SCH EAST,Illinois,United States
6591,2,0,2,0,2,,2026-01-31 20:32:50,0,0,75555B,Horn Jags 2,Horn High School,Texas - Region 2,United States
6592,2,0,2,0,2,,2026-01-31 20:39:02,0,0,97301J,G3R0LD,SALEM ACADEMY,Oregon,United States
6593,2,0,2,0,2,,2026-01-31 21:09:02,0,0,20999A,Hachamabots,EAST CAREER TECHNICAL ACADEMY,Nevada,United States
6594,2,0,2,0,2,,2026-01-31 21:14:29,0,0,28782B,Omaha Robotics,OMAHA HIGH SCHOOL,Arkansas,United States
6595,2,0,2,0,2,,2026-01-31 21:37:34,0,0,90504Z,North Robotics,North High School,California - Region 4,United States
6596,2,0,2,0,2,,2026-01-31 22:13:21,0,0,55755B,Zenith Specter,WOODLAWN HIGH SCHOOL,Louisiana,United States
6597,2,0,2,0,2,,2026-02-01 19:21:30,0,0,1870C,Pochita CHS,CANISIUS HIGH SCHOOL,New York-North,United States
6598,2,0,2,0,2,,2026-02-05 15:34:41,0,0,2335A,Knights of the Round Table,CLEAR FALLS HIGH SCHOOL,Texas - Region 3,United States
6599,2,0,2,0,2,,2026-02-06 14:19:18,0,0,82553B,RBS-VEX,Resala School,Kuwait,Kuwait
6600,2,0,2,0,2,,2026-02-07 08:03:25,0,0,59418Z,Who’s next?,Ghars School,Kuwait,Kuwait
6601,2,0,2,0,2,,2026-02-07 16:07:23,0,0,9494A,LARC,LEAVITT AREA HIGH SCHOOL,Maine,United States
6602,2,0,2,0,2,,2026-02-07 16:58:39,0,0,14760W,Quaker Waddlers,PICKERINGTON HIGH SCHOOL NORTH,Ohio,United States
6603,2,0,2,0,2,,2026-02-07 18:44:19,0,0,98333B,Seattle Prep VEX - B,Seattle Preparatory School,Washington,United States
6604,2,0,2,0,2,,2026-02-07 19:47:24,0,0,61783G,Daniel,Surrey Christian School,British Columbia (BC),Canada
6605,2,0,2,0,2,,2026-02-07 19:51:39,0,0,89153B,MTCS_2,MIDDLE TENNESSEE CHRISTIAN SCHOOL,Tennessee,United States
6606,2,0,2,0,2,,2026-02-07 20:13:39,0,0,35075C,[BHr] Split Second,BELMONT HILL SCHOOL,Massachusetts,United States
6607,2,0,2,0,2,,2026-02-07 20:55:37,0,0,44802B,Ryebotics B,RYE HIGH SCHOOL,New York-South,United States
6608,2,0,2,0,2,,2026-02-07 21:00:32,0,0,91805C,Sammy the Saint,Santa Maria High School,California - Region 3,United States
6609,2,0,2,0,2,,2026-02-07 21:19:53,0,0,93436A,Maple High Robotics 93436A,MAPLE HIGH,California - Region 3,United States
6610,2,0,2,0,2,,2026-02-08 09:37:54,0,0,21910D,Deadline,Beau Soleil,Switzerland,Switzerland
6611,2,0,2,0,2,,2026-02-11 00:35:29,0,0,72301C,Blue Screens,THE ACADEMIES OF WEST MEMPHIS CHARTER SCHOOL,Arkansas,United States
6612,2,0,2,0,2,,2026-02-13 17:02:22,0,0,71161C,Powerful Programming Panthers,RIVERSIDE HIGH SCHOOL,Pennsylvania - West,United States
6613,2,0,2,0,2,,2026-02-13 19:40:24,0,0,75397A,LaMesa,la mesa high school,Texas - Region 5,United States
6614,2,0,2,0,2,,2026-02-13 21:06:32,0,0,75160Y,Noisy Boy,TERRELL HIGH SCHOOL,Texas - Region 2,United States
6615,2,0,2,0,2,,2026-02-14 14:49:02,0,0,52410B,United B,United Local High School,Ohio,United States
6616,2,0,2,0,2,,2026-02-14 16:17:19,0,0,14082D,14082 D,Rocky Grove Jshs,Pennsylvania - West,United States
6617,2,0,2,0,2,,2026-02-14 16:31:05,0,0,153Z,Adeptus Mechanicus,MT ABRAM REGIONAL HIGH SCHOOL,Maine,United States
6618,2,0,2,0,2,,2026-02-14 17:22:45,0,0,20827A,If It Works Robotics,"Fort Ben Composite Squadron, Civil Air Patrol",Indiana - Region 2 - Central,United States
6619,2,0,2,0,2,,2026-02-14 17:40:06,0,0,2971A,TRON,NORTHWESTERN HIGH SCHOOL,Ohio,United States
6620,2,0,2,0,2,,2026-02-14 17:43:49,0,0,74027B,CompSci Cyber Eagles,CREC CompSci High,Connecticut,United States
6621,2,0,2,0,2,,2026-02-14 18:40:04,0,0,76903B,My Mechanical Romance,LAKE VIEW HIGH SCHOOL,Texas - Region 5,United States
6622,2,0,2,0,2,,2026-02-14 19:26:18,0,0,768A,Woodlawn TechnoWarriors,WOODLAWN HIGH CENTER FOR PRE-ENG. RES.,Maryland,United States
6623,2,0,2,0,2,,2026-02-14 19:37:55,0,0,31077C,"Oh God, Why Is Everything on Fire?",HILBERT HIGH,Wisconsin,United States
6624,2,0,2,0,2,,2026-02-14 19:41:26,0,0,26648U,Broadneck Robotics Club,BROADNECK HIGH,Maryland,United States
6625,2,0,2,0,2,,2026-02-14 20:06:52,0,0,77555A,Big Red,Ocean Township High School,New Jersey,United States
6626,2,0,2,0,2,,2026-02-14 20:46:17,0,0,6383D,Crash Out Bandits',MESCALERO APACHE SCHOOL,New Mexico,United States
6627,2,0,2,0,2,,2026-02-14 21:03:05,0,0,75861B,Wire Nut Garage,CAYUGA HIGH SCHOOL,Texas - Region 2,United States
6628,2,0,2,0,2,,2026-02-14 22:18:33,0,0,9922A,Frog-o-botics,BASIC ACADEMY OF INT'L STUDIES HIGH SCHOOL,Nevada,United States
6629,2,0,2,0,2,,2026-02-14 23:55:18,0,0,6374A,Bionic Bruins,BRANHAM HIGH,California - Region 2,United States
6630,2,0,2,0,2,,2026-02-15 23:19:24,0,0,22862B,Lord Byng Secondary School Team B,Lord Byng Secondary School,British Columbia (BC),Canada
6631,2,0,2,0,2,,2026-02-16 16:10:18,0,0,13289B,The Dream Team,COLUMBIANA HIGH SCHOOL,Ohio,United States
6632,2,0,2,0,2,,2026-02-20 17:03:43,0,0,75503R,Team Rocket,PLEASANT GROVE HIGH SCHOOL,Texas - Region 2,United States
6633,2,0,2,0,2,,2026-02-21 02:53:34,0,0,4067E,Burnside E,Burnside High School,New Zealand,New Zealand
6634,2,0,2,0,2,,2026-02-21 15:02:57,0,0,3612B,Roktobots,Catawba Ridge High School,South Carolina,United States
6635,2,0,2,0,2,,2026-02-21 16:45:31,0,0,93971A,KRT Kearny Robotics Team Joregga,LINCOLN SCHOOL,New Jersey,United States
6636,2,0,2,0,2,,2026-02-21 16:53:11,0,0,36613A,Tipton Devils Team 1,TIPTON HIGH SCHOOL,Indiana - Region 1 - North,United States
6637,2,0,2,0,2,,2026-02-21 17:46:41,0,0,4001E,Dremelition,PARKLAND HIGH SCHOOL,Pennsylvania - East,United States
6638,2,0,2,0,2,,2026-02-21 18:17:20,0,0,23037B,The Odd Balls,FINDLAY HIGH SCHOOL,Ohio,United States
6639,2,0,2,0,2,,2026-02-21 18:23:11,0,0,32495A,Titan,SVSS Corp,Pennsylvania - East,United States
6640,2,0,2,0,2,,2026-02-21 19:08:07,0,0,8880C,Adelphi STEP,Adelphi University STEP Program,New York-South,United States
6641,2,0,2,0,2,,2026-02-21 19:10:28,0,0,75150B,North Mesquite JROTC Team 2,NORTH MESQUITE HIGH SCHOOL,Texas - Region 2,United States
6642,2,0,2,0,2,,2026-02-21 19:37:03,0,0,8114A,Cherry and Steel 1,BERMUDIAN SPRINGS HIGH SCHOOL,Pennsylvania - East,United States
6643,2,0,2,0,2,,2026-02-21 21:18:58,0,0,33451A,Alviso Robotics,Alviso Robotics,California - Region 2,United States
6644,2,0,2,0,2,,2026-02-21 21:25:09,0,0,17640Z,LawIsing Robotics,COLUMBIA GRAMMAR & PREPARATORY SCHOOL,New York-South,United States
6645,2,0,2,0,2,,2026-02-21 21:46:53,0,0,11577C,Roslyn Robotics,ROSLYN HIGH SCHOOL,New York-South,United States
6646,2,0,2,0,2,,2026-02-21 21:59:49,0,0,11030B,Manhasset Robotics,MANHASSET SECONDARY SCHOOL,New York-South,United States
6647,2,0,2,0,2,,2026-02-21 22:09:32,0,0,11577R,Roslyn Robotics,ROSLYN HIGH SCHOOL,New York-South,United States
6648,2,0,2,0,2,,2026-02-21 23:27:59,0,0,52392A,Preppy Alphas,Otahuhu College,New Zealand,New Zealand
6649,2,0,2,0,2,,2026-02-22 00:14:41,0,0,92016P,Piedmont Hills High School Robotics Club,Piedmont Hills High School Robotics Team,California - Region 2,United States
6650,2,0,2,0,2,,2026-02-26 03:17:59,0,0,39599H,Winters Warriors,WINTERS HIGH,California - Region 2,United States
6651,2,0,2,0,2,,2026-02-28 16:07:56,0,0,97191B,Ze Pijonz,TRI-WEST SENIOR HIGH SCHOOL,Indiana - Region 2 - Central,United States
6652,2,0,2,0,2,,2026-02-28 16:45:30,0,0,93971D,KRT Kearny Robotics Team D Dashers,Lincoln School,New Jersey,United States
6653,2,0,2,0,2,,2026-02-28 17:37:30,0,0,621A,Captcha,ROM12 Inc.,Indiana - Region 2 - Central,United States
6654,2,0,2,0,2,,2026-03-07 21:53:20,0,0,51215A,One Ring Club,PLEASANT VALLEY HIGH,California - Region 1,United States
6655,1,1,0,1,1,2025-12-13 19:24:21,2025-12-06 18:14:40,50,0,17921Z,North Schuylkill High School 1,NORTH SCHUYLKILL JSHS,Pennsylvania - East,United States
6656,1,1,0,1,0,2026-01-16 17:03:57,,48,0,48766B,Keystone Oaks,KEYSTONE OAKS HIGH SCHOOL,Pennsylvania - West,United States
6657,1,1,0,1,0,2026-01-24 05:14:31,,46,0,59644G,Roboducks,Branksome Hall Asia,South Korea,"Korea, Republic of"
6658,1,1,0,1,0,2025-08-22 07:28:06,,38,0,18968K,JL.S.U.S.E.J,Ulink College of Shanghai,East China,China
6659,1,1,0,1,1,2025-11-15 17:08:08,2026-01-10 19:39:06,6,0,91775B,Twortles,FAIRBANKS HIGH SCHOOL,Ohio,United States
6660,1,1,0,1,0,2025-11-19 19:17:12,,0,0,94298A,CECYT Plantel 6,CENTRO DE ESTUDIOS CIENTIFICOS Y TECONOLÓGICOS PLANTEL 6,Mexico,Mexico
6661,1,1,0,1,0,2025-11-22 05:24:45,,0,0,88109X,广东碧桂园学校高中X队,GuangDong Country Garden School（Senior ）,South China,China
6662,1,1,0,1,0,2026-01-06 22:29:51,,0,0,2664W,doble u,Dolphin Robotics,Massachusetts,United States
6663,1,1,0,1,0,2026-02-03 02:26:31,,0,0,7618V,Shanghai Xiangming High School_7618V,Shanghai Xiangming High School,East China,China
6664,1,0,1,0,1,2026-01-31 19:59:17,2026-01-31 17:24:23,56,15,4454A,Robomitable,TIMOTHY CHRISTIAN HIGH SCHOOL,Illinois,United States
6665,1,0,1,0,1,2026-01-26 13:22:22,2026-01-26 13:37:30,45,21,99501A,Fort Hamilton TIGER ROBOTICS,FORT HAMILTON HIGH SCHOOL,New York-South,United States
6666,1,0,1,0,1,2026-01-31 19:39:29,2026-01-31 17:21:08,53,0,64064Z,Chicken'Z,Gulf Islands Secondary School,Vancouver Island (BC),Canada
6667,1,0,1,0,1,2026-01-04 20:14:54,2026-01-04 20:10:40,50,0,42310A,Stark Sparks,Private,California - Region 2,United States
6668,1,0,1,0,1,2025-09-22 03:17:14,2025-09-22 01:54:11,49,0,63180B,Wizards of Oz,Blakes Crossing Christian College,Australia,Australia
6669,1,0,1,0,1,2026-02-06 21:12:39,2026-02-06 17:20:41,40,0,3711T,Doofenshmirtz Evil Incorporated,Tallassee High School,Alabama,United States
6670,1,0,1,0,1,2026-01-27 12:16:23,2026-01-27 13:18:36,35,0,10667A,Colaiste an Chraoibhin,Colaiste an Chraoibhin,Ireland,Ireland
6671,1,0,1,0,1,,2026-02-14 16:51:20,0,34,65280C,Robocops,CLARION AREA JSHS,Pennsylvania - West,United States
6672,1,0,1,0,1,,2026-02-07 20:49:41,0,25,4447B,The Circuit Snatchers,WESTLAKE HIGH SCHOOL,Maryland,United States
6673,1,0,1,0,1,,2025-12-05 18:30:43,0,6,38464C,FH Wall-y,FOREST HILLS JSHS,Pennsylvania - West,United States
6674,1,0,1,0,1,2026-01-19 10:49:22,2026-01-19 10:50:49,0,1,28914F,Finn Valley College,Finn Valley College,Ireland,Ireland
6675,1,0,1,0,1,2025-10-25 03:03:50,2025-10-25 03:49:55,0,0,85657C,Marsden Robotics C,Marsden State High School,Australia,Australia
6676,1,0,1,0,1,2025-11-07 13:42:38,2025-11-07 13:36:32,0,0,55692B,ASIST- Alpha Entity,"African School of Innovations, Science and Technology/e2 Young Engineers Kampala-Uganda",Uganda,Uganda
6677,1,0,1,0,1,2025-11-07 13:44:08,2025-11-07 13:39:41,0,0,55554J,Silicon Saints,Harvest International School,Uganda,Uganda
6678,1,0,1,0,1,2025-12-14 20:01:51,2025-12-14 18:51:31,0,0,45250H,Renaissance Robotics,Renaissance Robotics,Ontario,Canada
6679,1,0,1,0,1,2025-12-18 18:58:29,2025-12-18 18:46:55,0,0,87521A,Autonomous Ops Squadron,SOUTH PANOLA HIGH SCHOOL AFJROTC,Mississippi,United States
6680,1,0,1,0,1,2026-01-10 14:26:48,2026-01-10 14:44:11,0,0,1043A,OPS - Grizzodyssey,BRYAN HIGH SCHOOL,Nebraska,United States
6681,1,0,1,0,1,2026-01-18 00:36:17,2026-01-17 23:56:20,0,0,87265E,Robo Ridge,Southridge School,British Columbia (BC),Canada
6682,1,0,1,0,1,2026-01-19 10:47:29,2026-01-19 10:51:07,0,0,75942A,BCS,Bailieborough Community School,Ireland,Ireland
6683,1,0,1,0,1,2026-01-27 11:02:41,2026-01-27 11:04:24,0,0,80681A,Skibidi Sigmas,Colaiste Dun Iascaigh,Ireland,Ireland
6684,1,0,1,0,1,2026-01-27 11:07:12,2026-01-27 10:38:51,0,0,79382D,St. Mary's Killester,St Marys Holy Faith,Ireland,Ireland
6685,1,0,1,0,1,2026-01-31 14:11:09,2026-01-31 15:32:06,0,0,92525S,Ranger Robotics,Southern Prep Academy,Alabama,United States
6686,1,0,1,0,1,2026-02-05 01:59:03,2026-02-05 02:07:59,0,0,44853A,CECYTEM Opopeo,CECYTEM Plantel Opopeo,Mexico,Mexico
6687,1,0,1,0,1,2026-02-07 07:39:29,2026-02-07 08:32:38,0,0,96517S,AWBS Sophomore,Alawael Bilingual School,Kuwait,Kuwait
6688,1,0,1,0,1,2026-02-14 21:04:02,2026-02-14 21:05:57,0,0,41047A,The Goofy Goobs,CENTURA SECONDARY SCHOOL,Nebraska,United States
6689,1,0,1,0,1,2026-02-26 12:38:37,2026-02-26 10:32:35,0,0,15444B,Team BBS-Lingen AG,BBS Lingen Technik und Gestaltung,Germany,Germany
6690,1,0,1,0,1,,2025-09-05 02:29:56,0,0,50911B,BanksiaBots_B,Banksia Park International HS,Australia,Australia
6691,1,0,1,0,1,,2025-10-10 21:08:32,0,0,91028D,π Are Square,Silverdale Baptist Academy,Tennessee,United States
6692,1,0,1,0,1,,2025-10-18 01:52:30,0,0,7479B,Kookaburra Kings,Hillcrest Christian College,Australia,Australia
6693,1,0,1,0,1,,2025-10-18 14:58:40,0,0,50731A,Wunsche Phoenix Fire Tech,CARL WUNSCHE SR HIGH SCHOOL,Texas - Region 3,United States
6694,1,0,1,0,1,,2025-10-18 18:44:58,0,0,5840A,King High Robotics,MARTIN LUTHER KING JR. HIGH,California - Region 4,United States
6695,1,0,1,0,1,,2025-10-18 19:44:41,0,0,45201A,Aces,MESA RIDGE HIGH SCHOOL,Colorado,United States
6696,1,0,1,0,1,,2025-10-25 15:09:42,0,0,54664B,Robohobos Jr.,NORTH HIGH,Missouri,United States
6697,1,0,1,0,1,,2025-11-03 16:01:36,0,0,74162B,Blue Ridge High School Robotics,BLUE RIDGE HIGH SCHOOL,Texas - Region 2,United States
6698,1,0,1,0,1,,2025-11-08 18:33:21,0,0,70634B,Voltage Vipers,EAST BEAUREGARD HIGH SCHOOL,Louisiana,United States
6699,1,0,1,0,1,,2025-11-08 18:55:02,0,0,1930E,Forman Lions,The Forman School,Connecticut,United States
6700,1,0,1,0,1,,2025-11-08 18:55:29,0,0,3009V,Invincible,RANDALL K. COOPER HIGH SCHOOL,Kentucky,United States
6701,1,0,1,0,1,,2025-11-08 19:58:01,0,0,61973E,The Snakes,WIDEFIELD HIGH SCHOOL,Colorado,United States
6702,1,0,1,0,1,,2025-11-12 00:01:24,0,0,231B,KNIGHTS ROBOTICS,Dr.Kirk Lewis Career and Technical HS,Texas - Region 3,United States
6703,1,0,1,0,1,,2025-11-12 14:58:22,0,0,1412U,Merica-CyRidge,CYPRESS SPRINGS HIGH SCHOOL,Texas - Region 3,United States
6704,1,0,1,0,1,,2025-11-12 17:48:32,0,0,77786Y,Bridgeland Y,BRIDGELAND HIGH SCHOOL,Texas - Region 3,United States
6705,1,0,1,0,1,,2025-11-12 17:49:28,0,0,77786A,The Wirebacks,BRIDGELAND HIGH SCHOOL,Texas - Region 3,United States
6706,1,0,1,0,1,,2025-11-13 20:58:24,0,0,90743A,CECYTEM Ostula,CECYTEM Plantel Ostula,Mexico,Mexico
6707,1,0,1,0,1,,2025-11-13 21:03:37,0,0,26857A,CECYTEM Santiago Undameo,CECYTEM Plantel Santiago Undameo,Mexico,Mexico
6708,1,0,1,0,1,,2025-11-15 16:08:14,0,0,5813C,Kanesville Klancker,ABRAHAM LINCOLN HIGH SCHOOL,Iowa,United States
6709,1,0,1,0,1,,2025-11-15 17:03:58,0,0,586G,Error 404: Team Name Not Found,PLYMOUTH HIGH SCHOOL,Indiana - Region 1 - North,United States
6710,1,0,1,0,1,,2025-11-15 17:22:23,0,0,32336A,The Parthenon Guard,WAKEFIELD SCHOOL,Virginia,United States
6711,1,0,1,0,1,,2025-11-15 20:12:33,0,0,32336W,Screeching Circuits,WAKEFIELD SCHOOL,Virginia,United States
6712,1,0,1,0,1,,2025-11-15 21:19:03,0,0,30372A,RoboStangs - HS 1,RANCHO SOLANO PREPARATORY SCHOOL,Arizona,United States
6713,1,0,1,0,1,,2025-11-19 18:06:40,0,0,25316A,COBACH 6 ÁGUILAS,"COLEGIO DE BACHILLERES DEL ESTADO DE CHIHUAHUA, PLANTEL 6",Mexico,Mexico
6714,1,0,1,0,1,,2025-11-19 18:20:06,0,0,49982B,CONALEP III Juarez 2,"CONALEP III, Juarez",Mexico,Mexico
6715,1,0,1,0,1,,2025-11-22 14:35:48,0,0,37377A,Chrome Eagle,SIGNAL MOUNTAIN MIDDLE/HIGH SCHOOL,Tennessee,United States
6716,1,0,1,0,1,,2025-11-22 19:42:05,0,0,18865A,Slidell High Robotics,SLIDELL HIGH SCHOOL,Louisiana,United States
6717,1,0,1,0,1,,2025-11-22 20:38:30,0,0,47359A,Flying Eagles,Northeast Career & Technical Academy High School,Nevada,United States
6718,1,0,1,0,1,,2025-11-23 10:53:46,0,0,34810A,Sentar Robotic,Basınköy Mev Koleji,Türkiye,Türkiye
6719,1,0,1,0,1,,2025-11-29 11:27:38,0,0,7975A,Autobots,St Olaves Grammar School,United Kingdom,United Kingdom
6720,1,0,1,0,1,,2025-12-06 02:34:33,0,0,2337B,NERDvana,Grand Blanc Community High School,Michigan,United States
6721,1,0,1,0,1,,2025-12-06 15:50:56,0,0,46013B,Team-B,ANDERSON HIGH SCHOOL,Indiana - Region 1 - North,United States
6722,1,0,1,0,1,,2025-12-06 16:17:48,0,0,84874A,TLH Robotics,TLH Robotics,South Carolina,United States
6723,1,0,1,0,1,,2025-12-06 18:20:16,0,0,33172Z,Doral Robotics,Doral Academy Charter High School,Florida - South,United States
6724,1,0,1,0,1,,2025-12-06 19:22:24,0,0,2894C,Scrap Metal,Toledo Technology Academy High School,Ohio,United States
6725,1,0,1,0,1,,2025-12-06 20:36:54,0,0,64064K,Cyber/Scorpions K,Gulf Islands Secondary School,Vancouver Island (BC),Canada
6726,1,0,1,0,1,,2025-12-09 19:15:22,0,0,5298A,AlphaBot,The Bishop Strachan School,Ontario,Canada
6727,1,0,1,0,1,,2025-12-11 15:49:32,0,0,54300A,Williamson Team 1,LILLIE B WILLIAMSON HIGH SCHOOL,Alabama,United States
6728,1,0,1,0,1,,2025-12-12 23:16:32,0,0,46642C,North C,NORTH HIGH SCHOOL,Ohio,United States
6729,1,0,1,0,1,,2025-12-13 16:01:40,0,0,90997H,Ritenour Robo-Hounds,RITENOUR SR. HIGH,Missouri,United States
6730,1,0,1,0,1,,2025-12-13 16:56:13,0,0,32636D,Oxford High School Team D,OXFORD HIGH SCHOOL,Mississippi,United States
6731,1,0,1,0,1,,2025-12-13 17:03:15,0,0,383C,Clankers,LOWNDES HIGH SCHOOL,Georgia,United States
6732,1,0,1,0,1,,2025-12-13 17:19:34,0,0,8514B,Cougar Battalion,BRYAN ADAMS HIGH SCHOOL,Texas - Region 2,United States
6733,1,0,1,0,1,,2025-12-13 17:39:36,0,0,66875A,Robo Pirates JROTC,POTEET HIGH SCHOOL,Texas - Region 2,United States
6734,1,0,1,0,1,,2025-12-13 18:03:17,0,0,79536M,The Resurrection of Robo-Jesus,MERKEL HIGH SCHOOL,Texas - Region 5,United States
6735,1,0,1,0,1,,2025-12-13 18:15:08,0,0,1302B,Palo Verde Titans,PALO VERDE HIGH MAGNET SCHOOL,Arizona,United States
6736,1,0,1,0,1,,2025-12-13 18:46:44,0,0,162Z,RamTech,NEW CANAAN HIGH SCHOOL,Connecticut,United States
6737,1,0,1,0,1,,2025-12-13 23:53:20,0,0,27180X,Mechromancers,Hawaii Science and Technology Museum,Hawaii,United States
6738,1,0,1,0,1,,2025-12-18 17:58:54,0,0,96799A,Sharks,samoana high school jrotc,American Samoa,American Samoa
6739,1,0,1,0,1,,2025-12-20 16:42:13,0,0,14805B,The KAANE Democracy,LIBERTY HIGH SCHOOL,Ohio,United States
6740,1,0,1,0,1,,2025-12-20 17:27:18,0,0,43440Z,Z^2,MARLBOROUGH HIGH,Massachusetts,United States
6741,1,0,1,0,1,,2025-12-20 19:50:24,0,0,57013K,The Tall Midgets,Canton Robotics,South Dakota,United States
6742,1,0,1,0,1,,2025-12-20 20:18:15,0,0,67679A,Garza Gears,Trinidad Garza Early College High School,Texas - Region 2,United States
6743,1,0,1,0,1,,2026-01-09 19:10:31,0,0,56210C,Husky C,NORTH HIGH SCHOOL,Oklahoma,United States
6744,1,0,1,0,1,,2026-01-09 23:28:44,0,0,7167F,Jaguarbots 5,ST JOSEPH ACADEMY,Ohio,United States
6745,1,0,1,0,1,,2026-01-10 18:30:36,0,0,33344A,Ainoway,Whitewater High School,Georgia,United States
6746,1,0,1,0,1,,2026-01-10 18:59:04,0,0,9717B,St. Catharine Comets,ST CATHARINE ACADEMY,New York-South,United States
6747,1,0,1,0,1,,2026-01-10 19:05:24,0,0,25099C,Heavyweight,HIGHLAND PREP WEST,Arizona,United States
6748,1,0,1,0,1,,2026-01-10 19:21:01,0,0,41638A,Speedotics,Speedotics,Illinois,United States
6749,1,0,1,0,1,,2026-01-13 10:16:36,0,0,27793C,CCS,Carrigaline Community School,Ireland,Ireland
6750,1,0,1,0,1,,2026-01-14 17:31:08,0,0,70649F,the Soy Beans,PROFESSIONAL ACADEMY MAGNET AT LOFTEN HIGH SCHOOL,Florida - North/Central,United States
6751,1,0,1,0,1,,2026-01-16 18:31:37,0,0,20601P,Time Lords,OAK HILL HIGH SCHOOL,Louisiana,United States
6752,1,0,1,0,1,,2026-01-16 18:42:09,0,0,20601R,Robotic Rams,OAK HILL HIGH SCHOOL,Louisiana,United States
6753,1,0,1,0,1,,2026-01-16 21:35:20,0,0,29292G,Tech Society,Peabody Magnet High School,Louisiana,United States
6754,1,0,1,0,1,,2026-01-17 18:34:43,0,0,3743H,SWEets,ERIE HIGH SCHOOL,Colorado,United States
6755,1,0,1,0,1,,2026-01-17 18:58:47,0,0,17973A,Big Reds 2,Chippewa Valley High School,Michigan,United States
6756,1,0,1,0,1,,2026-01-17 20:37:27,0,0,301Y,Why?,TAVARES HIGH SCHOOL,Florida - North/Central,United States
6757,1,0,1,0,1,,2026-01-18 18:46:17,0,0,56483A,Weehawken HS,WEEHAWKEN HIGH SCHOOL,New Jersey,United States
6758,1,0,1,0,1,,2026-01-19 10:47:39,0,0,63679A,TY Saint Eunans,Saint Eunans Collge,Ireland,Ireland
6759,1,0,1,0,1,,2026-01-24 18:30:19,0,0,36092A,WHS NERDS 3,WETUMPKA HIGH SCHOOL,Alabama,United States
6760,1,0,1,0,1,,2026-01-24 21:15:01,0,0,33472E,Young Spartans,Alchesay High School,Arizona,United States
6761,1,0,1,0,1,,2026-01-25 18:21:48,0,0,224X,Malibu Sharks,MALIBU HIGH,California - Region 4,United States
6762,1,0,1,0,1,,2026-01-27 11:10:20,0,0,32668C,Castletroy College,Castletroy Community College,Ireland,Ireland
6763,1,0,1,0,1,,2026-01-29 22:00:04,0,0,84443B,Wolffang,RICE LAKE HIGH,Wisconsin,United States
6764,1,0,1,0,1,,2026-01-30 18:29:15,0,0,49982A,CONALEP III Juarez 1,"CONALEP III, Juarez",Mexico,Mexico
6765,1,0,1,0,1,,2026-01-30 21:04:53,0,0,23811M,Sundogs,Grand Forks Central High School,North Dakota,United States
6766,1,0,1,0,1,,2026-01-31 18:18:27,0,0,603Y,THE THREE STOOGES,BELMONT HIGH SCHOOL,New Hampshire/Vermont,United States
6767,1,0,1,0,1,,2026-01-31 18:41:11,0,0,30591B,Team Macrina,De La Salle College,Ontario,Canada
6768,1,0,1,0,1,,2026-01-31 19:00:47,0,0,97301A,RED40,SALEM ACADEMY,Oregon,United States
6769,1,0,1,0,1,,2026-01-31 19:04:32,0,0,8188K,"JESA AfterShock, MEOW",Jack E Singley Academy,Texas - Region 2,United States
6770,1,0,1,0,1,,2026-01-31 19:45:47,0,0,60441F,Team F,LOCKPORT TOWNSHIP HIGH SCH EAST,Illinois,United States
6771,1,0,1,0,1,,2026-01-31 19:50:34,0,0,3724P,PCTI Bulldogs,PCTI STEM Academy,New Jersey,United States
6772,1,0,1,0,1,,2026-01-31 20:20:36,0,0,80020C,DaBotics,Danforth CTI,Ontario,Canada
6773,1,0,1,0,1,,2026-01-31 20:37:51,0,0,21224A,RoboHawks,VOLCANO VISTA HIGH,New Mexico,United States
6774,1,0,1,0,1,,2026-01-31 21:03:15,0,0,27042T,Cardinals,BETHLEHEM ACADEMY,Minnesota,United States
6775,1,0,1,0,1,,2026-02-01 19:00:07,0,0,1011T,Ten Ton Robotics,West Vancouver School District #45,British Columbia (BC),Canada
6776,1,0,1,0,1,,2026-02-05 20:51:54,0,0,39045C,TigerShark,MONOMOY REGIONAL HIGH SCHOOL,Massachusetts,United States
6777,1,0,1,0,1,,2026-02-06 19:32:36,0,0,69498S,HS V5RC A-Team,SUMTER CENTRAL HIGH SCHOOL,Alabama,United States
6778,1,0,1,0,1,,2026-02-07 13:50:54,0,0,60708E,The Happy Wheels,CTE Innovation Center - GCS,South Carolina,United States
6779,1,0,1,0,1,,2026-02-07 16:39:30,0,0,62326A,Team Utopia,Cleburne High School,Texas - Region 5,United States
6780,1,0,1,0,1,,2026-02-07 16:48:56,0,0,34113C,Erudite,FAIRVIEW  SCHOOL,Michigan,United States
6781,1,0,1,0,1,,2026-02-07 17:49:33,0,0,11167A,Living on a Prayer,Living on a Prayer,Indiana - Region 2 - Central,United States
6782,1,0,1,0,1,,2026-02-07 17:50:18,0,0,42957B,NYB,NORTH YARMOUTH ACADEMY,Maine,United States
6783,1,0,1,0,1,,2026-02-07 18:58:51,0,0,21941B,Beeville,A.C. Jones High School,Texas - Region 4,United States
6784,1,0,1,0,1,,2026-02-07 19:08:42,0,0,20163A,Ram Force 01,FELLOWSHIP CHRISTIAN ACADEMY,Massachusetts,United States
6785,1,0,1,0,1,,2026-02-07 19:12:11,0,0,32174C,Armor-Dillos,Conway Area Career Center,Arkansas,United States
6786,1,0,1,0,1,,2026-02-07 19:21:19,0,0,85556D,Lionotics,PSJA Collegiate High School,Texas - Region 6,United States
6787,1,0,1,0,1,,2026-02-07 19:32:37,0,0,8787X,STEM Robotics,Eastwood High School,Texas - Region 1,United States
6788,1,0,1,0,1,,2026-02-07 20:32:14,0,0,42075B,Vex Bolts,ACADEMIES OF LOUDOUN,Virginia,United States
6789,1,0,1,0,1,,2026-02-07 21:40:21,0,0,68007B,Titanium Badgers,BENNINGTON SECONDARY SCHOOL,Nebraska,United States
6790,1,0,1,0,1,,2026-02-08 15:47:50,0,0,84899G,Tortoise,Radley College,United Kingdom,United Kingdom
6791,1,0,1,0,1,,2026-02-10 23:44:35,0,0,62016C,we'll think of it later,LEGACY CHRISTIAN ACADEMY,Ohio,United States
6792,1,0,1,0,1,,2026-02-11 00:26:47,0,0,97174B,Adeptus Mechanicus,CLEAR FORK HIGH SCHOOL,Ohio,United States
6793,1,0,1,0,1,,2026-02-12 00:37:39,0,0,54907B,CTRL+ALT+DEL,BONANZA JUNIOR/SENIOR HIGH SCHOOL,Oregon,United States
6794,1,0,1,0,1,,2026-02-13 14:36:45,0,0,7410A,ATHS - Donut Steel," Arsenal Technical High School",Indiana - Region 2 - Central,United States
6795,1,0,1,0,1,,2026-02-14 15:17:22,0,0,52410A,United A,United Local High School,Ohio,United States
6796,1,0,1,0,1,,2026-02-14 16:45:01,0,0,2866A,OMHS Robotics,OWINGS MILLS HIGH,Maryland,United States
6797,1,0,1,0,1,,2026-02-14 16:45:43,0,0,17227X,Robotic Thinkers,Career Institute North,Texas - Region 2,United States
6798,1,0,1,0,1,,2026-02-14 17:22:46,0,0,91111B,The Secret Snake Club,Muncie Central High School,Indiana - Region 1 - North,United States
6799,1,0,1,0,1,,2026-02-14 17:31:08,0,0,89823A,Thunderbolt,CRANSTON HIGH SCHOOL EAST,Rhode Island,United States
6800,1,0,1,0,1,,2026-02-14 18:11:02,0,0,526E,Gearheads E,Menasha High School,Wisconsin,United States
6801,1,0,1,0,1,,2026-02-14 18:24:12,0,0,68114D,The Warrior's Way,WESTSIDE HIGH SCHOOL,Nebraska,United States
6802,1,0,1,0,1,,2026-02-14 18:53:02,0,0,8188M,"JESA AfterShock,  8188M",Jack E Singley Academy,Texas - Region 2,United States
6803,1,0,1,0,1,,2026-02-14 21:01:35,0,0,50463Z,Cyanic Cougars,Clarksville Academy,Tennessee,United States
6804,1,0,1,0,1,,2026-02-15 17:03:33,0,0,9458A,10 more minutes,MASSAPEQUA HIGH SCHOOL,New York-South,United States
6805,1,0,1,0,1,,2026-02-15 17:19:42,0,0,10504B,Byram Hills,BYRAM HILLS HIGH SCHOOL,New York-South,United States
6806,1,0,1,0,1,,2026-02-15 19:12:02,0,0,3236D,Tri-Force D,TRI-COUNTY REGIONAL VOCATIONAL TECHNICAL,Massachusetts,United States
6807,1,0,1,0,1,,2026-02-15 19:13:59,0,0,8178A,St. Joe's Prep,ST JOSEPH'S PREPARATORY SCHOOL,Pennsylvania - East,United States
6808,1,0,1,0,1,,2026-02-16 14:26:28,0,0,14805E,CLAP'D,LIBERTY HIGH SCHOOL,Ohio,United States
6809,1,0,1,0,1,,2026-02-21 12:22:06,0,0,74471B,Bilim Start V5,Bilim Start,Kazakhstan,Kazakhstan
6810,1,0,1,0,1,,2026-02-21 16:24:06,0,0,57660W,Iron Maidens,SPRING VALLEY HIGH SCHOOL,West Virginia,United States
6811,1,0,1,0,1,,2026-02-21 17:02:23,0,0,66086W,Lizard Wizards,Basehor-linwood High School,Kansas,United States
6812,1,0,1,0,1,,2026-02-21 17:02:56,0,0,10330A,Steel Team Six,Western Reserve Local Schools,Ohio,United States
6813,1,0,1,0,1,,2026-02-21 18:17:13,0,0,53932A,Cannon Crew,FALL RIVER School Distirict,Wisconsin,United States
6814,1,0,1,0,1,,2026-02-21 18:55:38,0,0,8890D,IronRAMS D,DICKINSON (JOHN) HIGH SCHOOL,Delmarva,United States
6815,1,0,1,0,1,,2026-02-21 18:56:55,0,0,46013C,Team-C,ANDERSON HIGH SCHOOL,Indiana - Region 1 - North,United States
6816,1,0,1,0,1,,2026-02-21 20:25:17,0,0,8034A,Loading...,"FIRE National Society of Black Engineers Jr. ",Maryland,United States
6817,1,0,1,0,1,,2026-02-21 20:33:06,0,0,53426A,East Chicago Central Cardinals,EAST CHICAGO CENTRAL HIGH SCHOOL,Indiana - Region 1 - North,United States
6818,1,0,1,0,1,,2026-02-21 21:17:50,0,0,2993M,Moosen,INTECH COLLEGIATE ACADEMY,Utah,United States
6819,1,0,1,0,1,,2026-02-22 00:00:17,0,0,78611Z,Valkyries of RGHS,Rotorua Girls High School,New Zealand,New Zealand
6820,1,0,1,0,1,,2026-02-22 00:32:24,0,0,32430A,Alisal Robotics Team 1,Alisal High School,California - Region 2,United States
6821,1,0,1,0,1,,2026-02-28 19:09:47,0,0,11031A,The Knights,Providence Academy,Tennessee,United States
6822,1,0,1,0,1,,2026-02-28 19:42:08,0,0,37458B,Generals Robotics,WASHINGTON LIBERTY HIGH,Virginia,United States
6823,1,0,1,0,1,,2026-03-01 12:05:02,0,0,52521C,NeuraVex,Vedruna Vall,Spain,Spain
6824,1,0,1,0,1,,2026-03-07 22:25:29,0,0,53815A,FHS Long Haired Nerds,FOOTHILL HIGH,California - Region 1,United States